loading app network_structure.py
Matplotlib created a temporary config/cache directory at /tmp/matplotlib-e3ovvhd7 because the default path (/home/terry/.config/matplotlib) is not a writable directory; it is highly recommended to set the MPLCONFIGDIR environment variable to a writable directory, in particular to speed up the import of Matplotlib and to better support multiprocessing.
Generating new fontManager, this may take some time...
Failed to extract font properties from /usr/share/fonts/truetype/noto/NotoColorEmoji.ttf: In FT2Font: Can not load face.  Unknown file format.
loading app network_monitor.py
loading app network_delay.py
loading app network_shortest_path.py
loading app arp_handler.py
loading app ryu.controller.ofp_handler
instantiating app None of Switches
creating context switches
instantiating app network_structure.py of NetworkStructure
instantiating app network_monitor.py of NetworkMonitor
instantiating app network_delay.py of NetworkDelay
instantiating app network_shortest_path.py of NetworkShortestPath
instantiating app arp_handler.py of ArpHandler
instantiating app ryu.controller.ofp_handler of OFPHandler
discovery---> AccessPoint: 1 connected
discovery---> AccessPoint: 2 connected
discovery---> AccessPoint: 3 connected
monitor---->register datapath: 1000000000000002
monitor---->register datapath: 1000000000000001
monitor---->register datapath: 1000000000000003
==================================== link detector ====================================

----------------------------
src    dst :    delay
1 <---> 2 : 8.180379867553711
1 <---> 3 : 9.499311447143555
2 <---> 1 : 6.809711456298828
2 <---> 3 : 7.414817810058594
3 <---> 1 : 9.24062728881836
3 <---> 2 : 7.262468338012695
discovery--->==================================== discovery ====================================
discovery---> cls: [(1, 2), (1, 3), (2, 3)]
discovery--->=============================================================================
datapath         port     rx-pkts  rx-bytes rx-error tx-pkts  tx-bytes tx-error
---------------- -------- -------- -------- -------- -------- -------- --------
0000000000000002        1        0        0        0        5      390        0
0000000000000002        2       23     2967        0       24     3027        0
0000000000000002        3       24     3027        0       23     2967        0
datapath         in-port  eth-dst           out-port packets  bytes
---------------- -------- ----------------- -------- -------- --------
datapath         port     rx-pkts  rx-bytes rx-error tx-pkts  tx-bytes tx-error
---------------- -------- -------- -------- -------- -------- -------- --------
0000000000000003        1        0        0        0        5      390        0
0000000000000003        2       24     3027        0       23     2967        0
0000000000000003        3       23     2967        0       24     3027        0
datapath         in-port  eth-dst           out-port packets  bytes
---------------- -------- ----------------- -------- -------- --------
datapath         port     rx-pkts  rx-bytes rx-error tx-pkts  tx-bytes tx-error
---------------- -------- -------- -------- -------- -------- -------- --------
0000000000000001        1        0        0        0        5      390        0
0000000000000001        2       24     3027        0       23     2967        0
0000000000000001        3       23     2967        0       24     3027        0
datapath         in-port  eth-dst           out-port packets  bytes
---------------- -------- ----------------- -------- -------- --------
==================================== link detector ====================================

----------------------------
src    dst :    delay
1 <---> 2 : 8.200407028198242
1 <---> 3 : 8.957386016845703
2 <---> 1 : 6.806373596191406
2 <---> 3 : 6.340503692626953
3 <---> 1 : 9.170055389404297
3 <---> 2 : 7.584095001220703
==================================== link detector ====================================

----------------------------
src    dst :    delay
1 <---> 2 : 8.141040802001953
1 <---> 3 : 8.716821670532227
2 <---> 1 : 7.143259048461914
2 <---> 3 : 6.688594818115234
3 <---> 1 : 10.101318359375
3 <---> 2 : 6.8302154541015625
discovery--->==================================== discovery ====================================
discovery---> cls: [(1, 2), (1, 3), (2, 3)]
discovery--->=============================================================================
datapath         port     rx-pkts  rx-bytes rx-error tx-pkts  tx-bytes tx-error
---------------- -------- -------- -------- -------- -------- -------- --------
0000000000000002        1        0        0        0       11      858        0
0000000000000002        2       30     3530        0       31     3590        0
0000000000000002        3       30     3530        0       30     3530        0
datapath         in-port  eth-dst           out-port packets  bytes
---------------- -------- ----------------- -------- -------- --------
datapath         port     rx-pkts  rx-bytes rx-error tx-pkts  tx-bytes tx-error
---------------- -------- -------- -------- -------- -------- -------- --------
0000000000000001        1        0        0        0       11      858        0
0000000000000001        2       31     3590        0       30     3530        0
0000000000000001        3       30     3530        0       30     3530        0
datapath         in-port  eth-dst           out-port packets  bytes
---------------- -------- ----------------- -------- -------- --------
datapath         port     rx-pkts  rx-bytes rx-error tx-pkts  tx-bytes tx-error
---------------- -------- -------- -------- -------- -------- -------- --------
0000000000000003        1        0        0        0       11      858        0
0000000000000003        2       30     3530        0       30     3530        0
0000000000000003        3       30     3530        0       30     3530        0
datapath         in-port  eth-dst           out-port packets  bytes
---------------- -------- ----------------- -------- -------- --------
==================================== link detector ====================================

----------------------------
src    dst :    delay
1 <---> 2 : 6.474733352661133
1 <---> 3 : 10.136842727661133
2 <---> 1 : 6.776094436645508
2 <---> 3 : 8.112430572509766
3 <---> 1 : 8.752584457397461
3 <---> 2 : 7.144927978515625
discovery--->==================================== discovery ====================================
discovery---> cls: [(1, 2), (1, 3), (2, 3)]
discovery--->=============================================================================
datapath         port     rx-pkts  rx-bytes rx-error tx-pkts  tx-bytes tx-error
---------------- -------- -------- -------- -------- -------- -------- --------
0000000000000002        1        0        0        0       16     1248        0
0000000000000002        2       37     4103        0       38     4163        0
0000000000000002        3       37     3960        0       37     4103        0
datapath         in-port  eth-dst           out-port packets  bytes
---------------- -------- ----------------- -------- -------- --------
datapath         port     rx-pkts  rx-bytes rx-error tx-pkts  tx-bytes tx-error
---------------- -------- -------- -------- -------- -------- -------- --------
0000000000000001        1        0        0        0       16     1248        0
0000000000000001        2       38     4163        0       37     4103        0
0000000000000001        3       37     4103        0       37     3960        0
datapath         in-port  eth-dst           out-port packets  bytes
---------------- -------- ----------------- -------- -------- --------
datapath         port     rx-pkts  rx-bytes rx-error tx-pkts  tx-bytes tx-error
---------------- -------- -------- -------- -------- -------- -------- --------
0000000000000003        1        0        0        0       16     1248        0
0000000000000003        2       37     3960        0       37     4103        0
0000000000000003        3       37     4103        0       37     3960        0
datapath         in-port  eth-dst           out-port packets  bytes
---------------- -------- ----------------- -------- -------- --------
==================================== link detector ====================================

----------------------------
src    dst :    delay
1 <---> 2 : 6.730556488037109
1 <---> 3 : 8.466482162475586
2 <---> 1 : 7.702112197875977
2 <---> 3 : 8.349180221557617
3 <---> 1 : 9.635210037231445
3 <---> 2 : 7.843255996704102
shortest=====>[PATH] [192.168.0.2 <----> 192.168.0.1]: [2, 1]
==================================== link detector ====================================

----------------------------
src    dst :    delay
1 <---> 2 : 7.079839706420898
1 <---> 3 : 8.652210235595703
2 <---> 1 : 8.036613464355469
2 <---> 3 : 8.095026016235352
3 <---> 1 : 9.198188781738281
3 <---> 2 : 7.359027862548828
datapath         port     rx-pkts  rx-bytes rx-error tx-pkts  tx-bytes tx-error
---------------- -------- -------- -------- -------- -------- -------- --------
0000000000000002        1     1196  1792093        0      667    55856        0
0000000000000002        2      688    47023        0     1238  1793588        0
0000000000000002        3       46     4625        0       44     4505        0
datapath         in-port  eth-dst           out-port packets  bytes
---------------- -------- ----------------- -------- -------- --------
0000000000000002        1       192.168.0.1        2     1158  1737473
0000000000000002        2       192.168.0.2        1      624    41204
discovery--->==================================== discovery ====================================
discovery---> cls: [(1, 2), (1, 3), (2, 3)]
discovery--->=============================================================================
datapath         port     rx-pkts  rx-bytes rx-error tx-pkts  tx-bytes tx-error
---------------- -------- -------- -------- -------- -------- -------- --------
0000000000000001        1      644    42500        0     1212  1806145        0
0000000000000001        2     1239  1795102        0      688    47023        0
0000000000000001        3       44     4505        0       45     4565        0
datapath         in-port  eth-dst           out-port packets  bytes
---------------- -------- ----------------- -------- -------- --------
0000000000000001        1       192.168.0.2        2      625    41270
0000000000000001        2       192.168.0.1        1     1156  1733005
datapath         port     rx-pkts  rx-bytes rx-error tx-pkts  tx-bytes tx-error
---------------- -------- -------- -------- -------- -------- -------- --------
0000000000000003        1        0        0        0       23     1776        0
0000000000000003        2       45     4565        0       44     4505        0
0000000000000003        3       44     4505        0       46     4625        0
datapath         in-port  eth-dst           out-port packets  bytes
---------------- -------- ----------------- -------- -------- --------
==================================== link detector ====================================

----------------------------
src    dst :    delay
1 <---> 2 : 6.432294845581055
1 <---> 3 : 10.090827941894531
2 <---> 1 : 7.413148880004883
2 <---> 3 : 6.455898284912109
3 <---> 1 : 8.567333221435547
3 <---> 2 : 7.370471954345703
datapath         port     rx-pkts  rx-bytes rx-error tx-pkts  tx-bytes tx-error
---------------- -------- -------- -------- -------- -------- -------- --------
0000000000000001        1     2766   182552        0     5333  8112247        0
0000000000000001        2     5355  8019456        0     2814   187303        0
0000000000000001        3       49     4805        0       50     4865        0
datapath         in-port  eth-dst           out-port packets  bytes
---------------- -------- ----------------- -------- -------- --------
0000000000000001        1       192.168.0.2        2     2747   181322
0000000000000001        2       192.168.0.1        1     5271  7963115
datapath         port     rx-pkts  rx-bytes rx-error tx-pkts  tx-bytes tx-error
---------------- -------- -------- -------- -------- -------- -------- --------
0000000000000002        1     5312  8023717        0     2794   234494        0
0000000000000002        2     2814   187303        0     5355  8019456        0
0000000000000002        3       51     4925        0       49     4805        0
datapath         in-port  eth-dst           out-port packets  bytes
---------------- -------- ----------------- -------- -------- --------
0000000000000002        1       192.168.0.1        2     5271  7964555
0000000000000002        2       192.168.0.2        1     2747   181322
datapath         port     rx-pkts  rx-bytes rx-error tx-pkts  tx-bytes tx-error
---------------- -------- -------- -------- -------- -------- -------- --------
0000000000000003        1        0        0        0       28     2166        0
0000000000000003        2       50     4865        0       49     4805        0
0000000000000003        3       49     4805        0       51     4925        0
datapath         in-port  eth-dst           out-port packets  bytes
---------------- -------- ----------------- -------- -------- --------
discovery--->==================================== discovery ====================================
discovery---> cls: [(1, 2), (1, 3), (2, 3)]
discovery--->=============================================================================
==================================== link detector ====================================

----------------------------
src    dst :    delay
1 <---> 2 : 7.275819778442383
1 <---> 3 : 10.185003280639648
2 <---> 1 : 7.009744644165039
2 <---> 3 : 7.070064544677734
3 <---> 1 : 9.187936782836914
3 <---> 2 : 7.032632827758789
==================================== link detector ====================================

----------------------------
src    dst :    delay
1 <---> 2 : 6.735086441040039
1 <---> 3 : 9.038686752319336
2 <---> 1 : 7.480621337890625
2 <---> 3 : 6.2732696533203125
3 <---> 1 : 9.356975555419922
3 <---> 2 : 7.23576545715332
datapath         port     rx-pkts  rx-bytes rx-error tx-pkts  tx-bytes tx-error
---------------- -------- -------- -------- -------- -------- -------- --------
0000000000000001        1     4908   323924        0     9447 14406171        0
0000000000000001        2     9475 14246968        0     4964   329177        0
0000000000000001        3       55     5165        0       57     5295        0
datapath         in-port  eth-dst           out-port packets  bytes
---------------- -------- ----------------- -------- -------- --------
0000000000000001        1       192.168.0.2        2     4894   323024
0000000000000001        2       192.168.0.1        1     9385 14191711
datapath         port     rx-pkts  rx-bytes rx-error tx-pkts  tx-bytes tx-error
---------------- -------- -------- -------- -------- -------- -------- --------
0000000000000002        1     9419 14241715        0     4944   415058        0
0000000000000002        2     4964   329177        0     9475 14246968        0
0000000000000002        3       57     5285        0       56     5235        0
datapath         in-port  eth-dst           out-port packets  bytes
---------------- -------- ----------------- -------- -------- --------
0000000000000002        1       192.168.0.1        2     9390 14200721
0000000000000002        2       192.168.0.2        1     4891   322826
datapath         port     rx-pkts  rx-bytes rx-error tx-pkts  tx-bytes tx-error
---------------- -------- -------- -------- -------- -------- -------- --------
0000000000000003        1        0        0        0       34     2634        0
0000000000000003        2       57     5295        0       55     5165        0
0000000000000003        3       56     5235        0       57     5285        0
datapath         in-port  eth-dst           out-port packets  bytes
---------------- -------- ----------------- -------- -------- --------
discovery--->==================================== discovery ====================================
discovery---> cls: [(1, 2), (1, 3), (2, 3)]
discovery--->=============================================================================
==================================== link detector ====================================

----------------------------
src    dst :    delay
1 <---> 2 : 8.251428604125977
1 <---> 3 : 9.618759155273438
2 <---> 1 : 6.472349166870117
2 <---> 3 : 6.966829299926758
3 <---> 1 : 9.071588516235352
3 <---> 2 : 11.272907257080078
==================================== link detector ====================================

----------------------------
src    dst :    delay
1 <---> 2 : 8.008241653442383
1 <---> 3 : 9.705066680908203
2 <---> 1 : 7.116794586181641
2 <---> 3 : 7.386445999145508
3 <---> 1 : 9.761571884155273
3 <---> 2 : 7.321834564208984
datapath         port     rx-pkts  rx-bytes rx-error tx-pkts  tx-bytes tx-error
---------------- -------- -------- -------- -------- -------- -------- --------
0000000000000002        1    13535 20473339        0     7113   597224        0
0000000000000002        2     7137   472696        0    13592 20471525        0
0000000000000002        3       64     5858        0       63     5798        0
datapath         in-port  eth-dst           out-port packets  bytes
---------------- -------- ----------------- -------- -------- --------
0000000000000002        1       192.168.0.1        2    13500 20423261
0000000000000002        2       192.168.0.2        1     7058   465848
datapath         port     rx-pkts  rx-bytes rx-error tx-pkts  tx-bytes tx-error
---------------- -------- -------- -------- -------- -------- -------- --------
0000000000000001        1     7074   466880        0    13565 20706223        0
0000000000000001        2    13593 20473039        0     7137   472696        0
0000000000000001        3       62     5738        0       63     5798        0
datapath         in-port  eth-dst           out-port packets  bytes
---------------- -------- ----------------- -------- -------- --------
0000000000000001        1       192.168.0.2        2     7059   465914
0000000000000001        2       192.168.0.1        1    13501 20423335
datapath         port     rx-pkts  rx-bytes rx-error tx-pkts  tx-bytes tx-error
---------------- -------- -------- -------- -------- -------- -------- --------
0000000000000003        1        0        0        0       39     3024        0
0000000000000003        2       63     5798        0       62     5738        0
0000000000000003        3       63     5798        0       64     5858        0
datapath         in-port  eth-dst           out-port packets  bytes
---------------- -------- ----------------- -------- -------- --------
discovery--->==================================== discovery ====================================
discovery---> cls: [(1, 2), (1, 3), (2, 3)]
discovery--->=============================================================================
==================================== link detector ====================================

----------------------------
src    dst :    delay
1 <---> 2 : 7.037162780761719
1 <---> 3 : 10.131597518920898
2 <---> 1 : 6.310224533081055
2 <---> 3 : 6.312131881713867
3 <---> 1 : 10.2996826171875
3 <---> 2 : 9.170770645141602
datapath         port     rx-pkts  rx-bytes rx-error tx-pkts  tx-bytes tx-error
---------------- -------- -------- -------- -------- -------- -------- --------
0000000000000002        1    17648 26700421        0     9280   779216        0
0000000000000002        2     9301   615490        0    17710 26697453        0
0000000000000002        3       70     6218        0       68     6098        0
datapath         in-port  eth-dst           out-port packets  bytes
---------------- -------- ----------------- -------- -------- --------
0000000000000002        1       192.168.0.1        2    17619 26659427
0000000000000002        2       192.168.0.2        1     9219   608474
datapath         port     rx-pkts  rx-bytes rx-error tx-pkts  tx-bytes tx-error
---------------- -------- -------- -------- -------- -------- -------- --------
0000000000000001        1     9236   609572        0    17686 27012325        0
0000000000000001        2    17710 26697453        0     9301   615490        0
0000000000000001        3       68     6098        0       69     6158        0
datapath         in-port  eth-dst           out-port packets  bytes
---------------- -------- ----------------- -------- -------- --------
0000000000000001        1       192.168.0.2        2     9222   608672
0000000000000001        2       192.168.0.1        1    17614 26650417
datapath         port     rx-pkts  rx-bytes rx-error tx-pkts  tx-bytes tx-error
---------------- -------- -------- -------- -------- -------- -------- --------
0000000000000003        1        0        0        0       45     3492        0
0000000000000003        2       69     6158        0       68     6098        0
0000000000000003        3       68     6098        0       70     6218        0
datapath         in-port  eth-dst           out-port packets  bytes
---------------- -------- ----------------- -------- -------- --------
discovery--->==================================== discovery ====================================
discovery---> cls: [(1, 2), (1, 3), (2, 3)]
discovery--->=============================================================================
==================================== link detector ====================================

----------------------------
src    dst :    delay
1 <---> 2 : 8.17418098449707
1 <---> 3 : 10.130167007446289
2 <---> 1 : 8.065223693847656
2 <---> 3 : 7.854461669921875
3 <---> 1 : 9.790182113647461
3 <---> 2 : 8.087873458862305
==================================== link detector ====================================

----------------------------
src    dst :    delay
1 <---> 2 : 8.698701858520508
1 <---> 3 : 8.65030288696289
2 <---> 1 : 8.181571960449219
2 <---> 3 : 7.44175910949707
3 <---> 1 : 8.272171020507812
3 <---> 2 : 8.41975212097168
datapath         port     rx-pkts  rx-bytes rx-error tx-pkts  tx-bytes tx-error
---------------- -------- -------- -------- -------- -------- -------- --------
0000000000000002        1    21761 32927503        0    11446   961124        0
0000000000000002        2    11467   758410        0    21828 32924835        0
0000000000000002        3       75     6518        0       74     6458        0
datapath         in-port  eth-dst           out-port packets  bytes
---------------- -------- ----------------- -------- -------- --------
0000000000000002        1       192.168.0.1        2    21387 32364179
0000000000000002        2       192.168.0.2        1    11206   739616
datapath         port     rx-pkts  rx-bytes rx-error tx-pkts  tx-bytes tx-error
---------------- -------- -------- -------- -------- -------- -------- --------
0000000000000003        1        0        0        0       50     3882        0
0000000000000003        2       74     6458        0       74     6458        0
0000000000000003        3       74     6458        0       75     6518        0
datapath         in-port  eth-dst           out-port packets  bytes
---------------- -------- ----------------- -------- -------- --------
datapath         port     rx-pkts  rx-bytes rx-error tx-pkts  tx-bytes tx-error
---------------- -------- -------- -------- -------- -------- -------- --------
0000000000000001        1    11396   752132        0    21805 33313909        0
0000000000000001        2    21828 32924835        0    11467   758410        0
0000000000000001        3       74     6458        0       74     6458        0
datapath         in-port  eth-dst           out-port packets  bytes
---------------- -------- ----------------- -------- -------- --------
0000000000000001        1       192.168.0.2        2    11209   739814
0000000000000001        2       192.168.0.1        1    21382 32355169
discovery--->==================================== discovery ====================================
discovery---> cls: [(1, 2), (1, 3), (2, 3)]
discovery--->=============================================================================
==================================== link detector ====================================

----------------------------
src    dst :    delay
1 <---> 2 : 7.984399795532227
1 <---> 3 : 8.666276931762695
2 <---> 1 : 8.429765701293945
2 <---> 3 : 7.784128189086914
3 <---> 1 : 9.793281555175781
3 <---> 2 : 7.746696472167969
datapath         port     rx-pkts  rx-bytes rx-error tx-pkts  tx-bytes tx-error
---------------- -------- -------- -------- -------- -------- -------- --------
0000000000000002        1    25872 39150110        0    13665  1146471        0
0000000000000002        2    13688   903923        0    25945 39147802        0
0000000000000002        3       81     6878        0       79     6758        0
datapath         in-port  eth-dst           out-port packets  bytes
---------------- -------- ----------------- -------- -------- --------
0000000000000002        1       192.168.0.1        2    25500 38591261
0000000000000002        2       192.168.0.2        1    13375   882770
datapath         port     rx-pkts  rx-bytes rx-error tx-pkts  tx-bytes tx-error
---------------- -------- -------- -------- -------- -------- -------- --------
0000000000000003        1        0        0        0       56     4350        0
0000000000000003        2       80     6818        0       79     6758        0
0000000000000003        3       79     6758        0       81     6878        0
datapath         in-port  eth-dst           out-port packets  bytes
---------------- -------- ----------------- -------- -------- --------
datapath         port     rx-pkts  rx-bytes rx-error tx-pkts  tx-bytes tx-error
---------------- -------- -------- -------- -------- -------- -------- --------
0000000000000001        1    13612   897309        0    25921 39610904        0
0000000000000001        2    25945 39147802        0    13688   903923        0
0000000000000001        3       79     6758        0       80     6818        0
datapath         in-port  eth-dst           out-port packets  bytes
---------------- -------- ----------------- -------- -------- --------
0000000000000001        1       192.168.0.2        2    13378   882968
0000000000000001        2       192.168.0.1        1    25495 38582251
discovery--->==================================== discovery ====================================
discovery---> cls: [(1, 2), (1, 3), (2, 3)]
discovery--->=============================================================================
==================================== link detector ====================================

----------------------------
src    dst :    delay
1 <---> 2 : 6.287336349487305
1 <---> 3 : 8.272886276245117
2 <---> 1 : 6.242036819458008
2 <---> 3 : 6.291627883911133
3 <---> 1 : 9.366273880004883
3 <---> 2 : 6.255149841308594
==================================== link detector ====================================

----------------------------
src    dst :    delay
1 <---> 2 : 7.489204406738281
1 <---> 3 : 8.835077285766602
2 <---> 1 : 7.614612579345703
2 <---> 3 : 8.160829544067383
3 <---> 1 : 9.23919677734375
3 <---> 2 : 6.151676177978516
datapath         port     rx-pkts  rx-bytes rx-error tx-pkts  tx-bytes tx-error
---------------- -------- -------- -------- -------- -------- -------- --------
0000000000000002        1    26969 40795268        0    14777  1226883        0
0000000000000002        2    14798   964211        0    27054 40802414        0
0000000000000002        3       86     7178        0       85     7118        0
datapath         in-port  eth-dst           out-port packets  bytes
---------------- -------- ----------------- -------- -------- --------
0000000000000002        1       192.168.0.1        2    26967 40795152
0000000000000002        2       192.168.0.2        1    14712   957033
datapath         port     rx-pkts  rx-bytes rx-error tx-pkts  tx-bytes tx-error
---------------- -------- -------- -------- -------- -------- -------- --------
0000000000000003        1        0        0        0       62     4818        0
0000000000000003        2       85     7118        0       85     7118        0
0000000000000003        3       85     7118        0       86     7178        0
datapath         in-port  eth-dst           out-port packets  bytes
---------------- -------- ----------------- -------- -------- --------
datapath         port     rx-pkts  rx-bytes rx-error tx-pkts  tx-bytes tx-error
---------------- -------- -------- -------- -------- -------- -------- --------
0000000000000001        1    14713   957075        0    27030 41285468        0
0000000000000001        2    27054 40802414        0    14798   964211        0
0000000000000001        3       85     7118        0       85     7118        0
datapath         in-port  eth-dst           out-port packets  bytes
---------------- -------- ----------------- -------- -------- --------
0000000000000001        1       192.168.0.2        2    14712   957033
0000000000000001        2       192.168.0.1        1    26968 40795226
discovery--->==================================== discovery ====================================
discovery---> cls: [(1, 2), (1, 3), (2, 3)]
discovery--->=============================================================================
==================================== link detector ====================================

----------------------------
src    dst :    delay
1 <---> 2 : 6.362676620483398
1 <---> 3 : 10.040044784545898
2 <---> 1 : 6.272554397583008
2 <---> 3 : 6.408214569091797
3 <---> 1 : 8.777141571044922
3 <---> 2 : 6.264448165893555
==================================== link detector ====================================

----------------------------
src    dst :    delay
1 <---> 2 : 8.113622665405273
1 <---> 3 : 9.562969207763672
2 <---> 1 : 6.905555725097656
2 <---> 3 : 8.06117057800293
3 <---> 1 : 9.883403778076172
3 <---> 2 : 7.558345794677734
datapath         port     rx-pkts  rx-bytes rx-error tx-pkts  tx-bytes tx-error
---------------- -------- -------- -------- -------- -------- -------- --------
0000000000000002        1    26969 40795268        0    14782  1227273        0
0000000000000002        2    14803   964511        0    27060 40802774        0
0000000000000002        3       92     7538        0       90     7418        0
datapath         in-port  eth-dst           out-port packets  bytes
---------------- -------- ----------------- -------- -------- --------
0000000000000002        1       192.168.0.1        2    26967 40795152
0000000000000002        2       192.168.0.2        1    14712   957033
datapath         port     rx-pkts  rx-bytes rx-error tx-pkts  tx-bytes tx-error
---------------- -------- -------- -------- -------- -------- -------- --------
0000000000000003        1        0        0        0       67     5208        0
0000000000000003        2       91     7478        0       90     7418        0
0000000000000003        3       90     7418        0       92     7538        0
datapath         in-port  eth-dst           out-port packets  bytes
---------------- -------- ----------------- -------- -------- --------
datapath         port     rx-pkts  rx-bytes rx-error tx-pkts  tx-bytes tx-error
---------------- -------- -------- -------- -------- -------- -------- --------
0000000000000001        1    14713   957075        0    27035 41285858        0
0000000000000001        2    27060 40802774        0    14803   964511        0
0000000000000001        3       90     7418        0       91     7478        0
datapath         in-port  eth-dst           out-port packets  bytes
---------------- -------- ----------------- -------- -------- --------
0000000000000001        1       192.168.0.2        2    14712   957033
0000000000000001        2       192.168.0.1        1    26968 40795226
discovery--->==================================== discovery ====================================
discovery---> cls: [(1, 2), (1, 3), (2, 3)]
discovery--->=============================================================================
==================================== link detector ====================================

----------------------------
src    dst :    delay
1 <---> 2 : 8.187532424926758
1 <---> 3 : 9.084224700927734
2 <---> 1 : 7.127523422241211
2 <---> 3 : 8.13603401184082
3 <---> 1 : 9.216547012329102
3 <---> 2 : 8.108377456665039
datapath         port     rx-pkts  rx-bytes rx-error tx-pkts  tx-bytes tx-error
---------------- -------- -------- -------- -------- -------- -------- --------
0000000000000002        1    26969 40795268        0    14788  1227741        0
0000000000000002        2    14811   965144        0    27067 40803337        0
0000000000000002        3       99     8101        0       98     8051        0
datapath         in-port  eth-dst           out-port packets  bytes
---------------- -------- ----------------- -------- -------- --------
0000000000000002        1       192.168.0.1        2    26967 40795152
0000000000000002        2       192.168.0.2        1    14712   957033
datapath         port     rx-pkts  rx-bytes rx-error tx-pkts  tx-bytes tx-error
---------------- -------- -------- -------- -------- -------- -------- --------
0000000000000001        1    14713   957075        0    27041 41286326        0
0000000000000001        2    27067 40803337        0    14811   965144        0
0000000000000001        3       97     7981        0       98     8051        0
datapath         in-port  eth-dst           out-port packets  bytes
---------------- -------- ----------------- -------- -------- --------
0000000000000001        1       192.168.0.2        2    14712   957033
0000000000000001        2       192.168.0.1        1    26968 40795226
datapath         port     rx-pkts  rx-bytes rx-error tx-pkts  tx-bytes tx-error
---------------- -------- -------- -------- -------- -------- -------- --------
0000000000000003        1        0        0        0       73     5676        0
0000000000000003        2       98     8051        0       97     7981        0
0000000000000003        3       98     8051        0       99     8101        0
datapath         in-port  eth-dst           out-port packets  bytes
---------------- -------- ----------------- -------- -------- --------
discovery--->==================================== discovery ====================================
discovery---> cls: [(1, 2), (1, 3), (2, 3)]
discovery--->=============================================================================
==================================== link detector ====================================

----------------------------
src    dst :    delay
1 <---> 2 : 6.232023239135742
1 <---> 3 : 10.08749008178711
2 <---> 1 : 7.189273834228516
2 <---> 3 : 6.375551223754883
3 <---> 1 : 10.110855102539062
3 <---> 2 : 8.135557174682617
==================================== link detector ====================================

----------------------------
src    dst :    delay
1 <---> 2 : 8.043527603149414
1 <---> 3 : 9.307384490966797
2 <---> 1 : 7.875680923461914
2 <---> 3 : 7.136106491088867
3 <---> 1 : 10.037660598754883
3 <---> 2 : 8.082866668701172
datapath         port     rx-pkts  rx-bytes rx-error tx-pkts  tx-bytes tx-error
---------------- -------- -------- -------- -------- -------- -------- --------
0000000000000002        1    26969 40795268        0    14793  1228131        0
0000000000000002        2    14816   965444        0    27072 40803637        0
0000000000000002        3      105     8471        0      103     8351        0
datapath         in-port  eth-dst           out-port packets  bytes
---------------- -------- ----------------- -------- -------- --------
0000000000000002        1       192.168.0.1        2    26967 40795152
0000000000000002        2       192.168.0.2        1    14712   957033
datapath         port     rx-pkts  rx-bytes rx-error tx-pkts  tx-bytes tx-error
---------------- -------- -------- -------- -------- -------- -------- --------
0000000000000003        1        0        0        0       78     6066        0
0000000000000003        2      104     8411        0      103     8351        0
0000000000000003        3      103     8351        0      105     8471        0
datapath         in-port  eth-dst           out-port packets  bytes
---------------- -------- ----------------- -------- -------- --------
datapath         port     rx-pkts  rx-bytes rx-error tx-pkts  tx-bytes tx-error
---------------- -------- -------- -------- -------- -------- -------- --------
0000000000000001        1    14713   957075        0    27046 41286716        0
0000000000000001        2    27072 40803637        0    14816   965444        0
0000000000000001        3      103     8351        0      104     8411        0
datapath         in-port  eth-dst           out-port packets  bytes
---------------- -------- ----------------- -------- -------- --------
0000000000000001        1       192.168.0.2        2    14712   957033
0000000000000001        2       192.168.0.1        1    26968 40795226
discovery--->==================================== discovery ====================================
discovery---> cls: [(1, 2), (1, 3), (2, 3)]
discovery--->=============================================================================
==================================== link detector ====================================

----------------------------
src    dst :    delay
1 <---> 2 : 7.221698760986328
1 <---> 3 : 9.843826293945312
2 <---> 1 : 8.020162582397461
2 <---> 3 : 8.00633430480957
3 <---> 1 : 10.033369064331055
3 <---> 2 : 7.04646110534668
datapath         port     rx-pkts  rx-bytes rx-error tx-pkts  tx-bytes tx-error
---------------- -------- -------- -------- -------- -------- -------- --------
0000000000000002        1    26969 40795268        0    14799  1228599        0
0000000000000002        2    14822   965804        0    27078 40803997        0
0000000000000002        3      111     8831        0      109     8711        0
datapath         in-port  eth-dst           out-port packets  bytes
---------------- -------- ----------------- -------- -------- --------
0000000000000002        1       192.168.0.1        2    26967 40795152
0000000000000002        2       192.168.0.2        1    14712   957033
datapath         port     rx-pkts  rx-bytes rx-error tx-pkts  tx-bytes tx-error
---------------- -------- -------- -------- -------- -------- -------- --------
0000000000000003        1        0        0        0       84     6534        0
0000000000000003        2      110     8771        0      109     8711        0
0000000000000003        3      109     8711        0      111     8831        0
datapath         in-port  eth-dst           out-port packets  bytes
---------------- -------- ----------------- -------- -------- --------
datapath         port     rx-pkts  rx-bytes rx-error tx-pkts  tx-bytes tx-error
---------------- -------- -------- -------- -------- -------- -------- --------
0000000000000001        1    14713   957075        0    27052 41287184        0
0000000000000001        2    27078 40803997        0    14822   965804        0
0000000000000001        3      109     8711        0      110     8771        0
datapath         in-port  eth-dst           out-port packets  bytes
---------------- -------- ----------------- -------- -------- --------
0000000000000001        1       192.168.0.2        2    14712   957033
0000000000000001        2       192.168.0.1        1    26968 40795226
discovery--->==================================== discovery ====================================
discovery---> cls: [(1, 2), (1, 3), (2, 3)]
discovery--->=============================================================================
==================================== link detector ====================================

----------------------------
src    dst :    delay
1 <---> 2 : 8.189678192138672
1 <---> 3 : 10.113239288330078
2 <---> 1 : 8.197546005249023
2 <---> 3 : 8.07809829711914
3 <---> 1 : 9.449481964111328
3 <---> 2 : 6.252288818359375
==================================== link detector ====================================

----------------------------
src    dst :    delay
1 <---> 2 : 7.299900054931641
1 <---> 3 : 9.07135009765625
2 <---> 1 : 8.073806762695312
2 <---> 3 : 8.068084716796875
3 <---> 1 : 9.968996047973633
3 <---> 2 : 8.04591178894043
datapath         port     rx-pkts  rx-bytes rx-error tx-pkts  tx-bytes tx-error
---------------- -------- -------- -------- -------- -------- -------- --------
0000000000000001        1    14713   957075        0    27058 41287652        0
0000000000000001        2    27083 40804297        0    14828   966164        0
0000000000000001        3      114     9011        0      115     9071        0
datapath         in-port  eth-dst           out-port packets  bytes
---------------- -------- ----------------- -------- -------- --------
0000000000000001        1       192.168.0.2        2    14712   957033
0000000000000001        2       192.168.0.1        1    26968 40795226
datapath         port     rx-pkts  rx-bytes rx-error tx-pkts  tx-bytes tx-error
---------------- -------- -------- -------- -------- -------- -------- --------
0000000000000002        1    26969 40795268        0    14804  1228989        0
0000000000000002        2    14828   966164        0    27083 40804297        0
0000000000000002        3      116     9131        0      114     9011        0
datapath         in-port  eth-dst           out-port packets  bytes
---------------- -------- ----------------- -------- -------- --------
0000000000000002        1       192.168.0.1        2    26967 40795152
0000000000000002        2       192.168.0.2        1    14712   957033
datapath         port     rx-pkts  rx-bytes rx-error tx-pkts  tx-bytes tx-error
---------------- -------- -------- -------- -------- -------- -------- --------
0000000000000003        1        0        0        0       89     6924        0
0000000000000003        2      115     9071        0      114     9011        0
0000000000000003        3      114     9011        0      116     9131        0
datapath         in-port  eth-dst           out-port packets  bytes
---------------- -------- ----------------- -------- -------- --------
discovery--->==================================== discovery ====================================
discovery---> cls: [(1, 2), (1, 3), (2, 3)]
discovery--->=============================================================================
==================================== link detector ====================================

----------------------------
src    dst :    delay
1 <---> 2 : 7.234811782836914
1 <---> 3 : 10.103940963745117
2 <---> 1 : 7.478475570678711
2 <---> 3 : 8.006811141967773
3 <---> 1 : 9.931325912475586
3 <---> 2 : 6.683826446533203
datapath         port     rx-pkts  rx-bytes rx-error tx-pkts  tx-bytes tx-error
---------------- -------- -------- -------- -------- -------- -------- --------
0000000000000002        1    26969 40795268        0    14810  1229457        0
0000000000000002        2    14833   966464        0    27089 40804657        0
0000000000000002        3      122     9491        0      120     9371        0
datapath         in-port  eth-dst           out-port packets  bytes
---------------- -------- ----------------- -------- -------- --------
0000000000000002        1       192.168.0.1        2    26967 40795152
0000000000000002        2       192.168.0.2        1    14712   957033
datapath         port     rx-pkts  rx-bytes rx-error tx-pkts  tx-bytes tx-error
---------------- -------- -------- -------- -------- -------- -------- --------
0000000000000003        1        0        0        0       95     7392        0
0000000000000003        2      121     9431        0      120     9371        0
0000000000000003        3      120     9371        0      122     9491        0
datapath         in-port  eth-dst           out-port packets  bytes
---------------- -------- ----------------- -------- -------- --------
datapath         port     rx-pkts  rx-bytes rx-error tx-pkts  tx-bytes tx-error
---------------- -------- -------- -------- -------- -------- -------- --------
0000000000000001        1    14713   957075        0    27063 41288042        0
0000000000000001        2    27089 40804657        0    14833   966464        0
0000000000000001        3      120     9371        0      121     9431        0
datapath         in-port  eth-dst           out-port packets  bytes
---------------- -------- ----------------- -------- -------- --------
0000000000000001        1       192.168.0.2        2    14712   957033
0000000000000001        2       192.168.0.1        1    26968 40795226
discovery--->==================================== discovery ====================================
discovery---> cls: [(1, 2), (1, 3), (2, 3)]
discovery--->=============================================================================
==================================== link detector ====================================

----------------------------
src    dst :    delay
1 <---> 2 : 6.713390350341797
1 <---> 3 : 10.065555572509766
2 <---> 1 : 7.179975509643555
2 <---> 3 : 7.36689567565918
3 <---> 1 : 10.042667388916016
3 <---> 2 : 8.13913345336914
==================================== link detector ====================================

----------------------------
src    dst :    delay
1 <---> 2 : 7.483720779418945
1 <---> 3 : 9.339094161987305
2 <---> 1 : 7.714986801147461
2 <---> 3 : 8.034944534301758
3 <---> 1 : 8.833885192871094
3 <---> 2 : 7.707118988037109
datapath         port     rx-pkts  rx-bytes rx-error tx-pkts  tx-bytes tx-error
---------------- -------- -------- -------- -------- -------- -------- --------
0000000000000001        1    14713   957075        0    27069 41288510        0
0000000000000001        2    27094 40804957        0    14839   966824        0
0000000000000001        3      125     9671        0      126     9731        0
datapath         in-port  eth-dst           out-port packets  bytes
---------------- -------- ----------------- -------- -------- --------
0000000000000001        1       192.168.0.2        2    14712   957033
0000000000000001        2       192.168.0.1        1    26968 40795226
datapath         port     rx-pkts  rx-bytes rx-error tx-pkts  tx-bytes tx-error
---------------- -------- -------- -------- -------- -------- -------- --------
0000000000000003        1        0        0        0      100     7782        0
0000000000000003        2      126     9731        0      125     9671        0
0000000000000003        3      126     9731        0      127     9791        0
datapath         in-port  eth-dst           out-port packets  bytes
---------------- -------- ----------------- -------- -------- --------
datapath         port     rx-pkts  rx-bytes rx-error tx-pkts  tx-bytes tx-error
---------------- -------- -------- -------- -------- -------- -------- --------
0000000000000002        1    26969 40795268        0    14816  1229925        0
0000000000000002        2    14839   966824        0    27094 40804957        0
0000000000000002        3      127     9791        0      126     9731        0
datapath         in-port  eth-dst           out-port packets  bytes
---------------- -------- ----------------- -------- -------- --------
0000000000000002        1       192.168.0.1        2    26967 40795152
0000000000000002        2       192.168.0.2        1    14712   957033
discovery--->==================================== discovery ====================================
discovery---> cls: [(1, 2), (1, 3), (2, 3)]
discovery--->=============================================================================
==================================== link detector ====================================

----------------------------
src    dst :    delay
1 <---> 2 : 7.49516487121582
1 <---> 3 : 8.350372314453125
2 <---> 1 : 7.178544998168945
2 <---> 3 : 6.450414657592773
3 <---> 1 : 10.130643844604492
3 <---> 2 : 7.27081298828125
==================================== link detector ====================================

----------------------------
src    dst :    delay
1 <---> 2 : 8.163213729858398
1 <---> 3 : 9.075164794921875
2 <---> 1 : 7.5664520263671875
2 <---> 3 : 6.83283805847168
3 <---> 1 : 9.961366653442383
3 <---> 2 : 7.575511932373047
datapath         port     rx-pkts  rx-bytes rx-error tx-pkts  tx-bytes tx-error
---------------- -------- -------- -------- -------- -------- -------- --------
0000000000000002        1    26969 40795268        0    14821  1230315        0
0000000000000002        2    14844   967124        0    27100 40805317        0
0000000000000002        3      133    10151        0      131    10031        0
datapath         in-port  eth-dst           out-port packets  bytes
---------------- -------- ----------------- -------- -------- --------
0000000000000002        1       192.168.0.1        2    26967 40795152
0000000000000002        2       192.168.0.2        1    14712   957033
datapath         port     rx-pkts  rx-bytes rx-error tx-pkts  tx-bytes tx-error
---------------- -------- -------- -------- -------- -------- -------- --------
0000000000000001        1    14713   957075        0    27074 41288900        0
0000000000000001        2    27100 40805317        0    14844   967124        0
0000000000000001        3      131    10031        0      132    10091        0
datapath         in-port  eth-dst           out-port packets  bytes
---------------- -------- ----------------- -------- -------- --------
0000000000000001        1       192.168.0.2        2    14712   957033
0000000000000001        2       192.168.0.1        1    26968 40795226
datapath         port     rx-pkts  rx-bytes rx-error tx-pkts  tx-bytes tx-error
---------------- -------- -------- -------- -------- -------- -------- --------
0000000000000003        1        0        0        0      106     8250        0
0000000000000003        2      132    10091        0      131    10031        0
0000000000000003        3      131    10031        0      133    10151        0
datapath         in-port  eth-dst           out-port packets  bytes
---------------- -------- ----------------- -------- -------- --------
discovery--->==================================== discovery ====================================
discovery---> cls: [(1, 2), (1, 3), (2, 3)]
discovery--->=============================================================================
==================================== link detector ====================================

----------------------------
src    dst :    delay
1 <---> 2 : 8.220911026000977
1 <---> 3 : 9.216070175170898
2 <---> 1 : 6.894826889038086
2 <---> 3 : 7.27391242980957
3 <---> 1 : 10.068178176879883
3 <---> 2 : 7.1010589599609375
datapath         port     rx-pkts  rx-bytes rx-error tx-pkts  tx-bytes tx-error
---------------- -------- -------- -------- -------- -------- -------- --------
0000000000000001        1    14713   957075        0    27080 41289368        0
0000000000000001        2    27105 40805617        0    14850   967484        0
0000000000000001        3      137    10391        0      137    10391        0
datapath         in-port  eth-dst           out-port packets  bytes
---------------- -------- ----------------- -------- -------- --------
0000000000000001        1       192.168.0.2        2    14712   957033
0000000000000001        2       192.168.0.1        1    26968 40795226
datapath         port     rx-pkts  rx-bytes rx-error tx-pkts  tx-bytes tx-error
---------------- -------- -------- -------- -------- -------- -------- --------
0000000000000002        1    26969 40795268        0    14827  1230783        0
0000000000000002        2    14850   967484        0    27105 40805617        0
0000000000000002        3      138    10451        0      137    10391        0
datapath         in-port  eth-dst           out-port packets  bytes
---------------- -------- ----------------- -------- -------- --------
0000000000000002        1       192.168.0.1        2    26967 40795152
0000000000000002        2       192.168.0.2        1    14712   957033
datapath         port     rx-pkts  rx-bytes rx-error tx-pkts  tx-bytes tx-error
---------------- -------- -------- -------- -------- -------- -------- --------
0000000000000003        1        0        0        0      112     8718        0
0000000000000003        2      137    10391        0      137    10391        0
0000000000000003        3      137    10391        0      138    10451        0
datapath         in-port  eth-dst           out-port packets  bytes
---------------- -------- ----------------- -------- -------- --------
discovery--->==================================== discovery ====================================
discovery---> cls: [(1, 2), (1, 3), (2, 3)]
discovery--->=============================================================================
==================================== link detector ====================================

----------------------------
src    dst :    delay
1 <---> 2 : 7.2174072265625
1 <---> 3 : 8.911371231079102
2 <---> 1 : 6.783962249755859
2 <---> 3 : 8.114099502563477
3 <---> 1 : 9.973764419555664
3 <---> 2 : 8.08095932006836
==================================== link detector ====================================

----------------------------
src    dst :    delay
1 <---> 2 : 6.668806076049805
1 <---> 3 : 9.134292602539062
2 <---> 1 : 8.109569549560547
2 <---> 3 : 8.343696594238281
3 <---> 1 : 8.624553680419922
3 <---> 2 : 8.133649826049805
datapath         port     rx-pkts  rx-bytes rx-error tx-pkts  tx-bytes tx-error
---------------- -------- -------- -------- -------- -------- -------- --------
0000000000000002        1    26969 40795268        0    14832  1231173        0
0000000000000002        2    14855   967784        0    27111 40805977        0
0000000000000002        3      144    10811        0      142    10691        0
datapath         in-port  eth-dst           out-port packets  bytes
---------------- -------- ----------------- -------- -------- --------
0000000000000002        1       192.168.0.1        2    26967 40795152
0000000000000002        2       192.168.0.2        1    14712   957033
datapath         port     rx-pkts  rx-bytes rx-error tx-pkts  tx-bytes tx-error
---------------- -------- -------- -------- -------- -------- -------- --------
0000000000000003        1        0        0        0      117     9108        0
0000000000000003        2      143    10751        0      142    10691        0
0000000000000003        3      142    10691        0      144    10811        0
datapath         in-port  eth-dst           out-port packets  bytes
---------------- -------- ----------------- -------- -------- --------
datapath         port     rx-pkts  rx-bytes rx-error tx-pkts  tx-bytes tx-error
---------------- -------- -------- -------- -------- -------- -------- --------
0000000000000001        1    14713   957075        0    27085 41289758        0
0000000000000001        2    27111 40805977        0    14855   967784        0
0000000000000001        3      142    10691        0      143    10751        0
datapath         in-port  eth-dst           out-port packets  bytes
---------------- -------- ----------------- -------- -------- --------
0000000000000001        1       192.168.0.2        2    14712   957033
0000000000000001        2       192.168.0.1        1    26968 40795226
discovery--->==================================== discovery ====================================
discovery---> cls: [(1, 2), (1, 3), (2, 3)]
discovery--->=============================================================================
==================================== link detector ====================================

----------------------------
src    dst :    delay
1 <---> 2 : 8.127927780151367
1 <---> 3 : 8.892297744750977
2 <---> 1 : 7.9193115234375
2 <---> 3 : 6.649494171142578
3 <---> 1 : 9.768962860107422
3 <---> 2 : 6.726503372192383
datapath         port     rx-pkts  rx-bytes rx-error tx-pkts  tx-bytes tx-error
---------------- -------- -------- -------- -------- -------- -------- --------
0000000000000002        1    26969 40795268        0    14838  1231641        0
0000000000000002        2    14861   968144        0    27118 40806407        0
0000000000000002        3      150    11171        0      148    11051        0
datapath         in-port  eth-dst           out-port packets  bytes
---------------- -------- ----------------- -------- -------- --------
0000000000000002        1       192.168.0.1        2    26967 40795152
0000000000000002        2       192.168.0.2        1    14712   957033
datapath         port     rx-pkts  rx-bytes rx-error tx-pkts  tx-bytes tx-error
---------------- -------- -------- -------- -------- -------- -------- --------
0000000000000003        1        0        0        0      123     9576        0
0000000000000003        2      148    11051        0      148    11051        0
0000000000000003        3      148    11051        0      150    11171        0
datapath         in-port  eth-dst           out-port packets  bytes
---------------- -------- ----------------- -------- -------- --------
datapath         port     rx-pkts  rx-bytes rx-error tx-pkts  tx-bytes tx-error
---------------- -------- -------- -------- -------- -------- -------- --------
0000000000000001        1    14713   957075        0    27091 41290226        0
0000000000000001        2    27118 40806407        0    14861   968144        0
0000000000000001        3      148    11051        0      148    11051        0
datapath         in-port  eth-dst           out-port packets  bytes
---------------- -------- ----------------- -------- -------- --------
0000000000000001        1       192.168.0.2        2    14712   957033
0000000000000001        2       192.168.0.1        1    26968 40795226
discovery--->==================================== discovery ====================================
discovery---> cls: [(1, 2), (1, 3), (2, 3)]
discovery--->=============================================================================
==================================== link detector ====================================

----------------------------
src    dst :    delay
1 <---> 2 : 7.414340972900391
1 <---> 3 : 9.394407272338867
2 <---> 1 : 7.324934005737305
2 <---> 3 : 7.586956024169922
3 <---> 1 : 8.924722671508789
3 <---> 2 : 7.364988327026367
==================================== link detector ====================================

----------------------------
src    dst :    delay
1 <---> 2 : 7.807016372680664
1 <---> 3 : 9.880542755126953
2 <---> 1 : 8.04758071899414
2 <---> 3 : 6.970882415771484
3 <---> 1 : 8.686542510986328
3 <---> 2 : 8.394956588745117
datapath         port     rx-pkts  rx-bytes rx-error tx-pkts  tx-bytes tx-error
---------------- -------- -------- -------- -------- -------- -------- --------
0000000000000002        1    26969 40795268        0    14843  1232031        0
0000000000000002        2    14866   968444        0    27123 40806707        0
0000000000000002        3      155    11471        0      153    11351        0
datapath         in-port  eth-dst           out-port packets  bytes
---------------- -------- ----------------- -------- -------- --------
0000000000000002        1       192.168.0.1        2    26967 40795152
0000000000000002        2       192.168.0.2        1    14712   957033
datapath         port     rx-pkts  rx-bytes rx-error tx-pkts  tx-bytes tx-error
---------------- -------- -------- -------- -------- -------- -------- --------
0000000000000003        1        0        0        0      128     9966        0
0000000000000003        2      154    11411        0      153    11351        0
0000000000000003        3      153    11351        0      155    11471        0
datapath         in-port  eth-dst           out-port packets  bytes
---------------- -------- ----------------- -------- -------- --------
datapath         port     rx-pkts  rx-bytes rx-error tx-pkts  tx-bytes tx-error
---------------- -------- -------- -------- -------- -------- -------- --------
0000000000000001        1    14713   957075        0    27096 41290616        0
0000000000000001        2    27123 40806707        0    14866   968444        0
0000000000000001        3      153    11351        0      154    11411        0
datapath         in-port  eth-dst           out-port packets  bytes
---------------- -------- ----------------- -------- -------- --------
0000000000000001        1       192.168.0.2        2    14712   957033
0000000000000001        2       192.168.0.1        1    26968 40795226
discovery--->==================================== discovery ====================================
discovery---> cls: [(1, 2), (1, 3), (2, 3)]
discovery--->=============================================================================
==================================== link detector ====================================

----------------------------
src    dst :    delay
1 <---> 2 : 8.182287216186523
1 <---> 3 : 8.703470230102539
2 <---> 1 : 8.000373840332031
2 <---> 3 : 8.044958114624023
3 <---> 1 : 8.661270141601562
3 <---> 2 : 8.211851119995117
==================================== link detector ====================================

----------------------------
src    dst :    delay
1 <---> 2 : 6.868124008178711
1 <---> 3 : 10.11800765991211
2 <---> 1 : 6.514310836791992
2 <---> 3 : 7.54237174987793
3 <---> 1 : 10.017871856689453
3 <---> 2 : 8.149385452270508
datapath         port     rx-pkts  rx-bytes rx-error tx-pkts  tx-bytes tx-error
---------------- -------- -------- -------- -------- -------- -------- --------
0000000000000002        1    26969 40795268        0    14849  1232499        0
0000000000000002        2    14872   968804        0    27129 40807067        0
0000000000000002        3      161    11831        0      159    11711        0
datapath         in-port  eth-dst           out-port packets  bytes
---------------- -------- ----------------- -------- -------- --------
0000000000000002        1       192.168.0.1        2    26967 40795152
0000000000000002        2       192.168.0.2        1    14712   957033
datapath         port     rx-pkts  rx-bytes rx-error tx-pkts  tx-bytes tx-error
---------------- -------- -------- -------- -------- -------- -------- --------
0000000000000003        1        0        0        0      134    10434        0
0000000000000003        2      160    11771        0      159    11711        0
0000000000000003        3      159    11711        0      161    11831        0
datapath         in-port  eth-dst           out-port packets  bytes
---------------- -------- ----------------- -------- -------- --------
datapath         port     rx-pkts  rx-bytes rx-error tx-pkts  tx-bytes tx-error
---------------- -------- -------- -------- -------- -------- -------- --------
0000000000000001        1    14713   957075        0    27102 41291084        0
0000000000000001        2    27129 40807067        0    14872   968804        0
0000000000000001        3      159    11711        0      160    11771        0
datapath         in-port  eth-dst           out-port packets  bytes
---------------- -------- ----------------- -------- -------- --------
0000000000000001        1       192.168.0.2        2    14712   957033
0000000000000001        2       192.168.0.1        1    26968 40795226
discovery--->==================================== discovery ====================================
discovery---> cls: [(1, 2), (1, 3), (2, 3)]
discovery--->=============================================================================
==================================== link detector ====================================

----------------------------
src    dst :    delay
1 <---> 2 : 7.180452346801758
1 <---> 3 : 10.094165802001953
2 <---> 1 : 7.936716079711914
2 <---> 3 : 8.02755355834961
3 <---> 1 : 8.697271347045898
3 <---> 2 : 6.720066070556641
datapath         port     rx-pkts  rx-bytes rx-error tx-pkts  tx-bytes tx-error
---------------- -------- -------- -------- -------- -------- -------- --------
0000000000000002        1    26969 40795268        0    14854  1232889        0
0000000000000002        2    14878   969164        0    27134 40807367        0
0000000000000002        3      166    12131        0      164    12011        0
datapath         in-port  eth-dst           out-port packets  bytes
---------------- -------- ----------------- -------- -------- --------
0000000000000002        1       192.168.0.1        2    26967 40795152
0000000000000002        2       192.168.0.2        1    14712   957033
datapath         port     rx-pkts  rx-bytes rx-error tx-pkts  tx-bytes tx-error
---------------- -------- -------- -------- -------- -------- -------- --------
0000000000000003        1        0        0        0      139    10824        0
0000000000000003        2      166    12141        0      164    12011        0
0000000000000003        3      164    12011        0      166    12131        0
datapath         in-port  eth-dst           out-port packets  bytes
---------------- -------- ----------------- -------- -------- --------
datapath         port     rx-pkts  rx-bytes rx-error tx-pkts  tx-bytes tx-error
---------------- -------- -------- -------- -------- -------- -------- --------
0000000000000001        1    14713   957075        0    27108 41291552        0
0000000000000001        2    27134 40807367        0    14878   969164        0
0000000000000001        3      164    12011        0      166    12141        0
datapath         in-port  eth-dst           out-port packets  bytes
---------------- -------- ----------------- -------- -------- --------
0000000000000001        1       192.168.0.2        2    14712   957033
0000000000000001        2       192.168.0.1        1    26968 40795226
discovery--->==================================== discovery ====================================
discovery---> cls: [(1, 2), (1, 3), (2, 3)]
discovery--->=============================================================================
==================================== link detector ====================================

----------------------------
src    dst :    delay
1 <---> 2 : 7.302761077880859
1 <---> 3 : 8.643150329589844
2 <---> 1 : 7.896184921264648
2 <---> 3 : 7.9517364501953125
3 <---> 1 : 9.18126106262207
3 <---> 2 : 8.106708526611328
==================================== link detector ====================================

----------------------------
src    dst :    delay
1 <---> 2 : 8.12077522277832
1 <---> 3 : 10.111331939697266
2 <---> 1 : 7.341146469116211
2 <---> 3 : 7.416963577270508
3 <---> 1 : 8.880615234375
3 <---> 2 : 8.103370666503906
datapath         port     rx-pkts  rx-bytes rx-error tx-pkts  tx-bytes tx-error
---------------- -------- -------- -------- -------- -------- -------- --------
0000000000000002        1    26969 40795268        0    14860  1233357        0
0000000000000002        2    14884   969667        0    27141 40807930        0
0000000000000002        3      173    12694        0      172    12644        0
datapath         in-port  eth-dst           out-port packets  bytes
---------------- -------- ----------------- -------- -------- --------
0000000000000002        1       192.168.0.1        2    26967 40795152
0000000000000002        2       192.168.0.2        1    14712   957033
datapath         port     rx-pkts  rx-bytes rx-error tx-pkts  tx-bytes tx-error
---------------- -------- -------- -------- -------- -------- -------- --------
0000000000000001        1    14713   957075        0    27113 41291942        0
0000000000000001        2    27141 40807930        0    14884   969667        0
0000000000000001        3      171    12574        0      173    12704        0
datapath         in-port  eth-dst           out-port packets  bytes
---------------- -------- ----------------- -------- -------- --------
0000000000000001        1       192.168.0.2        2    14712   957033
0000000000000001        2       192.168.0.1        1    26968 40795226
datapath         port     rx-pkts  rx-bytes rx-error tx-pkts  tx-bytes tx-error
---------------- -------- -------- -------- -------- -------- -------- --------
0000000000000003        1        0        0        0      145    11292        0
0000000000000003        2      173    12704        0      171    12574        0
0000000000000003        3      172    12644        0      173    12694        0
datapath         in-port  eth-dst           out-port packets  bytes
---------------- -------- ----------------- -------- -------- --------
discovery--->==================================== discovery ====================================
discovery---> cls: [(1, 2), (1, 3), (2, 3)]
discovery--->=============================================================================
==================================== link detector ====================================

----------------------------
src    dst :    delay
1 <---> 2 : 8.06879997253418
1 <---> 3 : 10.18071174621582
2 <---> 1 : 6.857395172119141
2 <---> 3 : 7.515430450439453
3 <---> 1 : 8.748531341552734
3 <---> 2 : 6.725549697875977
datapath         port     rx-pkts  rx-bytes rx-error tx-pkts  tx-bytes tx-error
---------------- -------- -------- -------- -------- -------- -------- --------
0000000000000002        1    26969 40795268        0    14866  1233825        0
0000000000000002        2    14891   970097        0    27146 40808230        0
0000000000000002        3      178    12994        0      178    13004        0
datapath         in-port  eth-dst           out-port packets  bytes
---------------- -------- ----------------- -------- -------- --------
0000000000000002        1       192.168.0.1        2    26967 40795152
0000000000000002        2       192.168.0.2        1    14712   957033
datapath         port     rx-pkts  rx-bytes rx-error tx-pkts  tx-bytes tx-error
---------------- -------- -------- -------- -------- -------- -------- --------
0000000000000001        1    14713   957075        0    27119 41292410        0
0000000000000001        2    27146 40808230        0    14891   970097        0
0000000000000001        3      176    12874        0      178    13004        0
datapath         in-port  eth-dst           out-port packets  bytes
---------------- -------- ----------------- -------- -------- --------
0000000000000001        1       192.168.0.2        2    14712   957033
0000000000000001        2       192.168.0.1        1    26968 40795226
datapath         port     rx-pkts  rx-bytes rx-error tx-pkts  tx-bytes tx-error
---------------- -------- -------- -------- -------- -------- -------- --------
0000000000000003        1        0        0        0      150    11682        0
0000000000000003        2      178    13004        0      176    12874        0
0000000000000003        3      178    13004        0      178    12994        0
datapath         in-port  eth-dst           out-port packets  bytes
---------------- -------- ----------------- -------- -------- --------
discovery--->==================================== discovery ====================================
discovery---> cls: [(1, 2), (1, 3), (2, 3)]
discovery--->=============================================================================
==================================== link detector ====================================

----------------------------
src    dst :    delay
1 <---> 2 : 8.176326751708984
1 <---> 3 : 8.676767349243164
2 <---> 1 : 6.835460662841797
2 <---> 3 : 8.230209350585938
3 <---> 1 : 10.120630264282227
3 <---> 2 : 8.156776428222656
==================================== link detector ====================================

----------------------------
src    dst :    delay
1 <---> 2 : 7.808685302734375
1 <---> 3 : 8.768558502197266
2 <---> 1 : 7.59577751159668
2 <---> 3 : 7.246971130371094
3 <---> 1 : 10.085105895996094
3 <---> 2 : 8.10551643371582
datapath         port     rx-pkts  rx-bytes rx-error tx-pkts  tx-bytes tx-error
---------------- -------- -------- -------- -------- -------- -------- --------
0000000000000002        1    26969 40795268        0    14871  1234215        0
0000000000000002        2    14896   970397        0    27152 40808590        0
0000000000000002        3      184    13354        0      183    13304        0
datapath         in-port  eth-dst           out-port packets  bytes
---------------- -------- ----------------- -------- -------- --------
0000000000000002        1       192.168.0.1        2    26967 40795152
0000000000000002        2       192.168.0.2        1    14712   957033
datapath         port     rx-pkts  rx-bytes rx-error tx-pkts  tx-bytes tx-error
---------------- -------- -------- -------- -------- -------- -------- --------
0000000000000003        1        0        0        0      156    12150        0
0000000000000003        2      184    13364        0      182    13234        0
0000000000000003        3      183    13304        0      184    13354        0
datapath         in-port  eth-dst           out-port packets  bytes
---------------- -------- ----------------- -------- -------- --------
datapath         port     rx-pkts  rx-bytes rx-error tx-pkts  tx-bytes tx-error
---------------- -------- -------- -------- -------- -------- -------- --------
0000000000000001        1    14713   957075        0    27124 41292800        0
0000000000000001        2    27152 40808590        0    14896   970397        0
0000000000000001        3      182    13234        0      184    13364        0
datapath         in-port  eth-dst           out-port packets  bytes
---------------- -------- ----------------- -------- -------- --------
0000000000000001        1       192.168.0.2        2    14712   957033
0000000000000001        2       192.168.0.1        1    26968 40795226
discovery--->==================================== discovery ====================================
discovery---> cls: [(1, 2), (1, 3), (2, 3)]
discovery--->=============================================================================
==================================== link detector ====================================

----------------------------
src    dst :    delay
1 <---> 2 : 7.375240325927734
1 <---> 3 : 9.085655212402344
2 <---> 1 : 6.350040435791016
2 <---> 3 : 8.115053176879883
3 <---> 1 : 9.164094924926758
3 <---> 2 : 7.683277130126953
datapath         port     rx-pkts  rx-bytes rx-error tx-pkts  tx-bytes tx-error
---------------- -------- -------- -------- -------- -------- -------- --------
0000000000000002        1    26969 40795268        0    14877  1234683        0
0000000000000002        2    14902   970757        0    27157 40808890        0
0000000000000002        3      190    13724        0      189    13664        0
datapath         in-port  eth-dst           out-port packets  bytes
---------------- -------- ----------------- -------- -------- --------
0000000000000002        1       192.168.0.1        2    26967 40795152
0000000000000002        2       192.168.0.2        1    14712   957033
datapath         port     rx-pkts  rx-bytes rx-error tx-pkts  tx-bytes tx-error
---------------- -------- -------- -------- -------- -------- -------- --------
0000000000000001        1    14713   957075        0    27130 41293268        0
0000000000000001        2    27157 40808890        0    14902   970757        0
0000000000000001        3      189    13664        0      189    13664        0
datapath         in-port  eth-dst           out-port packets  bytes
---------------- -------- ----------------- -------- -------- --------
0000000000000001        1       192.168.0.2        2    14712   957033
0000000000000001        2       192.168.0.1        1    26968 40795226
datapath         port     rx-pkts  rx-bytes rx-error tx-pkts  tx-bytes tx-error
---------------- -------- -------- -------- -------- -------- -------- --------
0000000000000003        1        0        0        0      161    12540        0
0000000000000003        2      189    13664        0      189    13664        0
0000000000000003        3      189    13664        0      190    13724        0
datapath         in-port  eth-dst           out-port packets  bytes
---------------- -------- ----------------- -------- -------- --------
discovery--->==================================== discovery ====================================
discovery---> cls: [(1, 2), (1, 3), (2, 3)]
discovery--->=============================================================================
==================================== link detector ====================================

----------------------------
src    dst :    delay
1 <---> 2 : 8.024930953979492
1 <---> 3 : 9.99307632446289
2 <---> 1 : 7.920503616333008
2 <---> 3 : 8.005619049072266
3 <---> 1 : 10.122537612915039
3 <---> 2 : 7.588863372802734
==================================== link detector ====================================

----------------------------
src    dst :    delay
1 <---> 2 : 7.999658584594727
1 <---> 3 : 10.038137435913086
2 <---> 1 : 7.502555847167969
2 <---> 3 : 7.190227508544922
3 <---> 1 : 9.516239166259766
3 <---> 2 : 8.100271224975586
datapath         port     rx-pkts  rx-bytes rx-error tx-pkts  tx-bytes tx-error
---------------- -------- -------- -------- -------- -------- -------- --------
0000000000000002        1    26969 40795268        0    14882  1235073        0
0000000000000002        2    14907   971057        0    27163 40809250        0
0000000000000002        3      196    14084        0      194    13964        0
datapath         in-port  eth-dst           out-port packets  bytes
---------------- -------- ----------------- -------- -------- --------
0000000000000002        1       192.168.0.1        2    26967 40795152
0000000000000002        2       192.168.0.2        1    14712   957033
datapath         port     rx-pkts  rx-bytes rx-error tx-pkts  tx-bytes tx-error
---------------- -------- -------- -------- -------- -------- -------- --------
0000000000000001        1    14713   957075        0    27135 41293658        0
0000000000000001        2    27163 40809250        0    14907   971057        0
0000000000000001        3      194    13964        0      195    14024        0
datapath         in-port  eth-dst           out-port packets  bytes
---------------- -------- ----------------- -------- -------- --------
0000000000000001        1       192.168.0.2        2    14712   957033
0000000000000001        2       192.168.0.1        1    26968 40795226
datapath         port     rx-pkts  rx-bytes rx-error tx-pkts  tx-bytes tx-error
---------------- -------- -------- -------- -------- -------- -------- --------
0000000000000003        1        0        0        0      167    13008        0
0000000000000003        2      195    14024        0      194    13964        0
0000000000000003        3      194    13964        0      196    14084        0
datapath         in-port  eth-dst           out-port packets  bytes
---------------- -------- ----------------- -------- -------- --------
discovery--->==================================== discovery ====================================
discovery---> cls: [(1, 2), (1, 3), (2, 3)]
discovery--->=============================================================================
==================================== link detector ====================================

----------------------------
src    dst :    delay
1 <---> 2 : 8.232355117797852
1 <---> 3 : 10.17618179321289
2 <---> 1 : 6.642818450927734
2 <---> 3 : 6.810903549194336
3 <---> 1 : 10.086774826049805
3 <---> 2 : 8.18181037902832
==================================== link detector ====================================

----------------------------
src    dst :    delay
1 <---> 2 : 7.441997528076172
1 <---> 3 : 10.126113891601562
2 <---> 1 : 6.876468658447266
2 <---> 3 : 6.680011749267578
3 <---> 1 : 10.179519653320312
3 <---> 2 : 6.936788558959961
datapath         port     rx-pkts  rx-bytes rx-error tx-pkts  tx-bytes tx-error
---------------- -------- -------- -------- -------- -------- -------- --------
0000000000000001        1    14713   957075        0    27141 41294126        0
0000000000000001        2    27169 40809610        0    14913   971417        0
0000000000000001        3      200    14324        0      200    14324        0
datapath         in-port  eth-dst           out-port packets  bytes
---------------- -------- ----------------- -------- -------- --------
0000000000000001        1       192.168.0.2        2    14712   957033
0000000000000001        2       192.168.0.1        1    26968 40795226
datapath         port     rx-pkts  rx-bytes rx-error tx-pkts  tx-bytes tx-error
---------------- -------- -------- -------- -------- -------- -------- --------
0000000000000003        1        0        0        0      173    13476        0
0000000000000003        2      200    14324        0      200    14324        0
0000000000000003        3      200    14324        0      201    14384        0
datapath         in-port  eth-dst           out-port packets  bytes
---------------- -------- ----------------- -------- -------- --------
datapath         port     rx-pkts  rx-bytes rx-error tx-pkts  tx-bytes tx-error
---------------- -------- -------- -------- -------- -------- -------- --------
0000000000000002        1    26969 40795268        0    14888  1235541        0
0000000000000002        2    14913   971417        0    27169 40809610        0
0000000000000002        3      201    14384        0      200    14324        0
datapath         in-port  eth-dst           out-port packets  bytes
---------------- -------- ----------------- -------- -------- --------
0000000000000002        1       192.168.0.1        2    26967 40795152
0000000000000002        2       192.168.0.2        1    14712   957033
discovery--->==================================== discovery ====================================
discovery---> cls: [(1, 2), (1, 3), (2, 3)]
discovery--->=============================================================================
==================================== link detector ====================================

----------------------------
src    dst :    delay
1 <---> 2 : 8.293390274047852
1 <---> 3 : 9.948492050170898
2 <---> 1 : 8.105278015136719
2 <---> 3 : 8.168220520019531
3 <---> 1 : 8.45956802368164
3 <---> 2 : 8.071422576904297
datapath         port     rx-pkts  rx-bytes rx-error tx-pkts  tx-bytes tx-error
---------------- -------- -------- -------- -------- -------- -------- --------
0000000000000002        1    26969 40795268        0    14893  1235931        0
0000000000000002        2    14918   971717        0    27174 40809910        0
0000000000000002        3      207    14744        0      205    14624        0
datapath         in-port  eth-dst           out-port packets  bytes
---------------- -------- ----------------- -------- -------- --------
0000000000000002        1       192.168.0.1        2    26967 40795152
0000000000000002        2       192.168.0.2        1    14712   957033
datapath         port     rx-pkts  rx-bytes rx-error tx-pkts  tx-bytes tx-error
---------------- -------- -------- -------- -------- -------- -------- --------
0000000000000001        1    14713   957075        0    27146 41294516        0
0000000000000001        2    27174 40809910        0    14918   971717        0
0000000000000001        3      205    14624        0      206    14684        0
datapath         in-port  eth-dst           out-port packets  bytes
---------------- -------- ----------------- -------- -------- --------
0000000000000001        1       192.168.0.2        2    14712   957033
0000000000000001        2       192.168.0.1        1    26968 40795226
datapath         port     rx-pkts  rx-bytes rx-error tx-pkts  tx-bytes tx-error
---------------- -------- -------- -------- -------- -------- -------- --------
0000000000000003        1        0        0        0      178    13866        0
0000000000000003        2      206    14684        0      205    14624        0
0000000000000003        3      205    14624        0      207    14744        0
datapath         in-port  eth-dst           out-port packets  bytes
---------------- -------- ----------------- -------- -------- --------
discovery--->==================================== discovery ====================================
discovery---> cls: [(1, 2), (1, 3), (2, 3)]
discovery--->=============================================================================
==================================== link detector ====================================

----------------------------
src    dst :    delay
1 <---> 2 : 7.319927215576172
1 <---> 3 : 10.009050369262695
2 <---> 1 : 8.034706115722656
2 <---> 3 : 8.08095932006836
3 <---> 1 : 10.139942169189453
3 <---> 2 : 8.188724517822266
==================================== link detector ====================================

----------------------------
src    dst :    delay
1 <---> 2 : 7.172822952270508
1 <---> 3 : 10.118722915649414
2 <---> 1 : 7.048368453979492
2 <---> 3 : 7.984638214111328
3 <---> 1 : 9.15670394897461
3 <---> 2 : 8.125782012939453
datapath         port     rx-pkts  rx-bytes rx-error tx-pkts  tx-bytes tx-error
---------------- -------- -------- -------- -------- -------- -------- --------
0000000000000002        1    26969 40795268        0    14899  1236399        0
0000000000000002        2    14924   972077        0    27180 40810270        0
0000000000000002        3      213    15104        0      211    14984        0
datapath         in-port  eth-dst           out-port packets  bytes
---------------- -------- ----------------- -------- -------- --------
0000000000000002        1       192.168.0.1        2    26967 40795152
0000000000000002        2       192.168.0.2        1    14712   957033
datapath         port     rx-pkts  rx-bytes rx-error tx-pkts  tx-bytes tx-error
---------------- -------- -------- -------- -------- -------- -------- --------
0000000000000003        1        0        0        0      184    14334        0
0000000000000003        2      212    15044        0      211    14984        0
0000000000000003        3      211    14984        0      213    15104        0
datapath         in-port  eth-dst           out-port packets  bytes
---------------- -------- ----------------- -------- -------- --------
datapath         port     rx-pkts  rx-bytes rx-error tx-pkts  tx-bytes tx-error
---------------- -------- -------- -------- -------- -------- -------- --------
0000000000000001        1    14713   957075        0    27152 41294984        0
0000000000000001        2    27180 40810270        0    14924   972077        0
0000000000000001        3      211    14984        0      212    15044        0
datapath         in-port  eth-dst           out-port packets  bytes
---------------- -------- ----------------- -------- -------- --------
0000000000000001        1       192.168.0.2        2    14712   957033
0000000000000001        2       192.168.0.1        1    26968 40795226
discovery--->==================================== discovery ====================================
discovery---> cls: [(1, 2), (1, 3), (2, 3)]
discovery--->=============================================================================
==================================== link detector ====================================

----------------------------
src    dst :    delay
1 <---> 2 : 7.144451141357422
1 <---> 3 : 9.204387664794922
2 <---> 1 : 8.112430572509766
2 <---> 3 : 7.880926132202148
3 <---> 1 : 9.808778762817383
3 <---> 2 : 8.14509391784668
datapath         port     rx-pkts  rx-bytes rx-error tx-pkts  tx-bytes tx-error
---------------- -------- -------- -------- -------- -------- -------- --------
0000000000000002        1    26969 40795268        0    14904  1236789        0
0000000000000002        2    14930   972437        0    27185 40810570        0
0000000000000002        3      218    15404        0      216    15284        0
datapath         in-port  eth-dst           out-port packets  bytes
---------------- -------- ----------------- -------- -------- --------
0000000000000002        1       192.168.0.1        2    26967 40795152
0000000000000002        2       192.168.0.2        1    14712   957033
datapath         port     rx-pkts  rx-bytes rx-error tx-pkts  tx-bytes tx-error
---------------- -------- -------- -------- -------- -------- -------- --------
0000000000000001        1    14713   957075        0    27157 41295374        0
0000000000000001        2    27185 40810570        0    14930   972437        0
0000000000000001        3      216    15284        0      217    15344        0
datapath         in-port  eth-dst           out-port packets  bytes
---------------- -------- ----------------- -------- -------- --------
0000000000000001        1       192.168.0.2        2    14712   957033
0000000000000001        2       192.168.0.1        1    26968 40795226
datapath         port     rx-pkts  rx-bytes rx-error tx-pkts  tx-bytes tx-error
---------------- -------- -------- -------- -------- -------- -------- --------
0000000000000003        1        0        0        0      189    14724        0
0000000000000003        2      217    15344        0      216    15284        0
0000000000000003        3      216    15284        0      218    15404        0
datapath         in-port  eth-dst           out-port packets  bytes
---------------- -------- ----------------- -------- -------- --------
discovery--->==================================== discovery ====================================
discovery---> cls: [(1, 2), (1, 3), (2, 3)]
discovery--->=============================================================================
==================================== link detector ====================================

----------------------------
src    dst :    delay
1 <---> 2 : 8.12983512878418
1 <---> 3 : 10.081052780151367
2 <---> 1 : 7.483005523681641
2 <---> 3 : 7.409334182739258
3 <---> 1 : 10.065793991088867
3 <---> 2 : 7.581233978271484
==================================== link detector ====================================

----------------------------
src    dst :    delay
1 <---> 2 : 8.083581924438477
1 <---> 3 : 9.094715118408203
2 <---> 1 : 8.001327514648438
2 <---> 3 : 8.016109466552734
3 <---> 1 : 9.307861328125
3 <---> 2 : 8.008003234863281
datapath         port     rx-pkts  rx-bytes rx-error tx-pkts  tx-bytes tx-error
---------------- -------- -------- -------- -------- -------- -------- --------
0000000000000002        1    26969 40795268        0    14910  1237257        0
0000000000000002        2    14935   972737        0    27191 40810930        0
0000000000000002        3      224    15764        0      222    15644        0
datapath         in-port  eth-dst           out-port packets  bytes
---------------- -------- ----------------- -------- -------- --------
0000000000000002        1       192.168.0.1        2    26967 40795152
0000000000000002        2       192.168.0.2        1    14712   957033
datapath         port     rx-pkts  rx-bytes rx-error tx-pkts  tx-bytes tx-error
---------------- -------- -------- -------- -------- -------- -------- --------
0000000000000003        1        0        0        0      195    15192        0
0000000000000003        2      223    15704        0      222    15644        0
0000000000000003        3      222    15644        0      224    15764        0
datapath         in-port  eth-dst           out-port packets  bytes
---------------- -------- ----------------- -------- -------- --------
datapath         port     rx-pkts  rx-bytes rx-error tx-pkts  tx-bytes tx-error
---------------- -------- -------- -------- -------- -------- -------- --------
0000000000000001        1    14713   957075        0    27163 41295842        0
0000000000000001        2    27191 40810930        0    14935   972737        0
0000000000000001        3      222    15644        0      223    15704        0
datapath         in-port  eth-dst           out-port packets  bytes
---------------- -------- ----------------- -------- -------- --------
0000000000000001        1       192.168.0.2        2    14712   957033
0000000000000001        2       192.168.0.1        1    26968 40795226
discovery--->==================================== discovery ====================================
discovery---> cls: [(1, 2), (1, 3), (2, 3)]
discovery--->=============================================================================
==================================== link detector ====================================

----------------------------
src    dst :    delay
1 <---> 2 : 6.670713424682617
1 <---> 3 : 10.04934310913086
2 <---> 1 : 7.998466491699219
2 <---> 3 : 7.163286209106445
3 <---> 1 : 9.93204116821289
3 <---> 2 : 8.072137832641602
==================================== link detector ====================================

----------------------------
src    dst :    delay
1 <---> 2 : 7.13038444519043
1 <---> 3 : 9.837865829467773
2 <---> 1 : 7.735729217529297
2 <---> 3 : 8.148908615112305
3 <---> 1 : 9.712457656860352
3 <---> 2 : 6.435871124267578
datapath         port     rx-pkts  rx-bytes rx-error tx-pkts  tx-bytes tx-error
---------------- -------- -------- -------- -------- -------- -------- --------
0000000000000002        1    26969 40795268        0    14915  1237647        0
0000000000000002        2    14941   973097        0    27196 40811230        0
0000000000000002        3      229    16064        0      228    16004        0
datapath         in-port  eth-dst           out-port packets  bytes
---------------- -------- ----------------- -------- -------- --------
0000000000000002        1       192.168.0.1        2    26967 40795152
0000000000000002        2       192.168.0.2        1    14712   957033
datapath         port     rx-pkts  rx-bytes rx-error tx-pkts  tx-bytes tx-error
---------------- -------- -------- -------- -------- -------- -------- --------
0000000000000003        1        0        0        0      200    15582        0
0000000000000003        2      228    16004        0      227    15944        0
0000000000000003        3      228    16004        0      229    16064        0
datapath         in-port  eth-dst           out-port packets  bytes
---------------- -------- ----------------- -------- -------- --------
datapath         port     rx-pkts  rx-bytes rx-error tx-pkts  tx-bytes tx-error
---------------- -------- -------- -------- -------- -------- -------- --------
0000000000000001        1    14713   957075        0    27169 41296310        0
0000000000000001        2    27196 40811230        0    14941   973097        0
0000000000000001        3      227    15944        0      228    16004        0
datapath         in-port  eth-dst           out-port packets  bytes
---------------- -------- ----------------- -------- -------- --------
0000000000000001        1       192.168.0.2        2    14712   957033
0000000000000001        2       192.168.0.1        1    26968 40795226
discovery--->==================================== discovery ====================================
discovery---> cls: [(1, 2), (1, 3), (2, 3)]
discovery--->=============================================================================
==================================== link detector ====================================

----------------------------
src    dst :    delay
1 <---> 2 : 7.164955139160156
1 <---> 3 : 10.200262069702148
2 <---> 1 : 8.641242980957031
2 <---> 3 : 6.504535675048828
3 <---> 1 : 9.140491485595703
3 <---> 2 : 8.235692977905273
datapath         port     rx-pkts  rx-bytes rx-error tx-pkts  tx-bytes tx-error
---------------- -------- -------- -------- -------- -------- -------- --------
0000000000000002        1    26969 40795268        0    14921  1238115        0
0000000000000002        2    14946   973397        0    27202 40811590        0
0000000000000002        3      235    16424        0      233    16304        0
datapath         in-port  eth-dst           out-port packets  bytes
---------------- -------- ----------------- -------- -------- --------
0000000000000002        1       192.168.0.1        2    26967 40795152
0000000000000002        2       192.168.0.2        1    14712   957033
datapath         port     rx-pkts  rx-bytes rx-error tx-pkts  tx-bytes tx-error
---------------- -------- -------- -------- -------- -------- -------- --------
0000000000000003        1        0        0        0      206    16050        0
0000000000000003        2      234    16364        0      233    16304        0
0000000000000003        3      233    16304        0      235    16424        0
datapath         in-port  eth-dst           out-port packets  bytes
---------------- -------- ----------------- -------- -------- --------
datapath         port     rx-pkts  rx-bytes rx-error tx-pkts  tx-bytes tx-error
---------------- -------- -------- -------- -------- -------- -------- --------
0000000000000001        1    14713   957075        0    27174 41296700        0
0000000000000001        2    27202 40811590        0    14946   973397        0
0000000000000001        3      233    16304        0      234    16364        0
datapath         in-port  eth-dst           out-port packets  bytes
---------------- -------- ----------------- -------- -------- --------
0000000000000001        1       192.168.0.2        2    14712   957033
0000000000000001        2       192.168.0.1        1    26968 40795226
discovery--->==================================== discovery ====================================
discovery---> cls: [(1, 2), (1, 3), (2, 3)]
discovery--->=============================================================================
==================================== link detector ====================================

----------------------------
src    dst :    delay
1 <---> 2 : 6.482839584350586
1 <---> 3 : 9.777307510375977
2 <---> 1 : 7.99870491027832
2 <---> 3 : 8.06117057800293
3 <---> 1 : 8.99195671081543
3 <---> 2 : 7.102727890014648
==================================== link detector ====================================

----------------------------
src    dst :    delay
1 <---> 2 : 7.103443145751953
1 <---> 3 : 9.238719940185547
2 <---> 1 : 8.259296417236328
2 <---> 3 : 7.88116455078125
3 <---> 1 : 9.857416152954102
3 <---> 2 : 7.184743881225586
datapath         port     rx-pkts  rx-bytes rx-error tx-pkts  tx-bytes tx-error
---------------- -------- -------- -------- -------- -------- -------- --------
0000000000000002        1    26969 40795268        0    14927  1238583        0
0000000000000002        2    14952   973757        0    27207 40811890        0
0000000000000002        3      240    16724        0      239    16664        0
datapath         in-port  eth-dst           out-port packets  bytes
---------------- -------- ----------------- -------- -------- --------
0000000000000002        1       192.168.0.1        2    26967 40795152
0000000000000002        2       192.168.0.2        1    14712   957033
datapath         port     rx-pkts  rx-bytes rx-error tx-pkts  tx-bytes tx-error
---------------- -------- -------- -------- -------- -------- -------- --------
0000000000000003        1        0        0        0      211    16440        0
0000000000000003        2      239    16664        0      239    16664        0
0000000000000003        3      239    16664        0      240    16724        0
datapath         in-port  eth-dst           out-port packets  bytes
---------------- -------- ----------------- -------- -------- --------
datapath         port     rx-pkts  rx-bytes rx-error tx-pkts  tx-bytes tx-error
---------------- -------- -------- -------- -------- -------- -------- --------
0000000000000001        1    14713   957075        0    27180 41297168        0
0000000000000001        2    27207 40811890        0    14952   973757        0
0000000000000001        3      239    16664        0      239    16664        0
datapath         in-port  eth-dst           out-port packets  bytes
---------------- -------- ----------------- -------- -------- --------
0000000000000001        1       192.168.0.2        2    14712   957033
0000000000000001        2       192.168.0.1        1    26968 40795226
discovery--->==================================== discovery ====================================
discovery---> cls: [(1, 2), (1, 3), (2, 3)]
discovery--->=============================================================================
==================================== link detector ====================================

----------------------------
src    dst :    delay
1 <---> 2 : 8.606195449829102
1 <---> 3 : 8.684396743774414
2 <---> 1 : 8.042097091674805
2 <---> 3 : 7.806062698364258
3 <---> 1 : 8.595466613769531
3 <---> 2 : 8.09168815612793
datapath         port     rx-pkts  rx-bytes rx-error tx-pkts  tx-bytes tx-error
---------------- -------- -------- -------- -------- -------- -------- --------
0000000000000002        1    26969 40795268        0    14932  1238973        0
0000000000000002        2    14957   974057        0    27213 40812250        0
0000000000000002        3      246    17084        0      244    16964        0
datapath         in-port  eth-dst           out-port packets  bytes
---------------- -------- ----------------- -------- -------- --------
0000000000000002        1       192.168.0.1        2    26967 40795152
0000000000000002        2       192.168.0.2        1    14712   957033
datapath         port     rx-pkts  rx-bytes rx-error tx-pkts  tx-bytes tx-error
---------------- -------- -------- -------- -------- -------- -------- --------
0000000000000003        1        0        0        0      217    16908        0
0000000000000003        2      245    17024        0      244    16964        0
0000000000000003        3      244    16964        0      246    17084        0
datapath         in-port  eth-dst           out-port packets  bytes
---------------- -------- ----------------- -------- -------- --------
datapath         port     rx-pkts  rx-bytes rx-error tx-pkts  tx-bytes tx-error
---------------- -------- -------- -------- -------- -------- -------- --------
0000000000000001        1    14713   957075        0    27185 41297558        0
0000000000000001        2    27213 40812250        0    14957   974057        0
0000000000000001        3      244    16964        0      245    17024        0
datapath         in-port  eth-dst           out-port packets  bytes
---------------- -------- ----------------- -------- -------- --------
0000000000000001        1       192.168.0.2        2    14712   957033
0000000000000001        2       192.168.0.1        1    26968 40795226
discovery--->==================================== discovery ====================================
discovery---> cls: [(1, 2), (1, 3), (2, 3)]
discovery--->=============================================================================
==================================== link detector ====================================

----------------------------
src    dst :    delay
1 <---> 2 : 7.494688034057617
1 <---> 3 : 9.591341018676758
2 <---> 1 : 8.071184158325195
2 <---> 3 : 8.332014083862305
3 <---> 1 : 8.747100830078125
3 <---> 2 : 6.8721771240234375
==================================== link detector ====================================

----------------------------
src    dst :    delay
1 <---> 2 : 7.961034774780273
1 <---> 3 : 10.097265243530273
2 <---> 1 : 8.055686950683594
2 <---> 3 : 8.05354118347168
3 <---> 1 : 9.108304977416992
3 <---> 2 : 8.209466934204102
datapath         port     rx-pkts  rx-bytes rx-error tx-pkts  tx-bytes tx-error
---------------- -------- -------- -------- -------- -------- -------- --------
0000000000000003        1        0        0        0      223    17376        0
0000000000000003        2      250    17324        0      250    17324        0
0000000000000003        3      250    17324        0      251    17384        0
datapath         in-port  eth-dst           out-port packets  bytes
---------------- -------- ----------------- -------- -------- --------
datapath         port     rx-pkts  rx-bytes rx-error tx-pkts  tx-bytes tx-error
---------------- -------- -------- -------- -------- -------- -------- --------
0000000000000002        1    26969 40795268        0    14938  1239441        0
0000000000000002        2    14963   974417        0    27219 40812610        0
0000000000000002        3      251    17384        0      250    17324        0
datapath         in-port  eth-dst           out-port packets  bytes
---------------- -------- ----------------- -------- -------- --------
0000000000000002        1       192.168.0.1        2    26967 40795152
0000000000000002        2       192.168.0.2        1    14712   957033
datapath         port     rx-pkts  rx-bytes rx-error tx-pkts  tx-bytes tx-error
---------------- -------- -------- -------- -------- -------- -------- --------
0000000000000001        1    14713   957075        0    27191 41298026        0
0000000000000001        2    27219 40812610        0    14963   974417        0
0000000000000001        3      250    17324        0      250    17324        0
datapath         in-port  eth-dst           out-port packets  bytes
---------------- -------- ----------------- -------- -------- --------
0000000000000001        1       192.168.0.2        2    14712   957033
0000000000000001        2       192.168.0.1        1    26968 40795226
discovery--->==================================== discovery ====================================
discovery---> cls: [(1, 2), (1, 3), (2, 3)]
discovery--->=============================================================================
==================================== link detector ====================================

----------------------------
src    dst :    delay
1 <---> 2 : 7.015466690063477
1 <---> 3 : 9.424686431884766
2 <---> 1 : 7.903575897216797
2 <---> 3 : 7.148504257202148
3 <---> 1 : 9.696722030639648
3 <---> 2 : 7.546424865722656
datapath         port     rx-pkts  rx-bytes rx-error tx-pkts  tx-bytes tx-error
---------------- -------- -------- -------- -------- -------- -------- --------
0000000000000002        1    26969 40795268        0    14943  1239831        0
0000000000000002        2    14968   974717        0    27224 40812910        0
0000000000000002        3      257    17744        0      255    17624        0
datapath         in-port  eth-dst           out-port packets  bytes
---------------- -------- ----------------- -------- -------- --------
0000000000000002        1       192.168.0.1        2    26967 40795152
0000000000000002        2       192.168.0.2        1    14712   957033
datapath         port     rx-pkts  rx-bytes rx-error tx-pkts  tx-bytes tx-error
---------------- -------- -------- -------- -------- -------- -------- --------
0000000000000003        1        0        0        0      228    17766        0
0000000000000003        2      256    17684        0      255    17624        0
0000000000000003        3      255    17624        0      257    17744        0
datapath         in-port  eth-dst           out-port packets  bytes
---------------- -------- ----------------- -------- -------- --------
datapath         port     rx-pkts  rx-bytes rx-error tx-pkts  tx-bytes tx-error
---------------- -------- -------- -------- -------- -------- -------- --------
0000000000000001        1    14713   957075        0    27196 41298416        0
0000000000000001        2    27224 40812910        0    14968   974717        0
0000000000000001        3      255    17624        0      256    17684        0
datapath         in-port  eth-dst           out-port packets  bytes
---------------- -------- ----------------- -------- -------- --------
0000000000000001        1       192.168.0.2        2    14712   957033
0000000000000001        2       192.168.0.1        1    26968 40795226
==================================== link detector ====================================

----------------------------
src    dst :    delay
1 <---> 2 : 13.781309127807617
1 <---> 3 : 9.75799560546875
2 <---> 1 : 7.641792297363281
2 <---> 3 : 7.217168807983398
3 <---> 1 : 9.331703186035156
3 <---> 2 : 7.753133773803711
discovery--->==================================== discovery ====================================
discovery---> cls: [(1, 2), (1, 3), (2, 3)]
discovery--->=============================================================================
==================================== link detector ====================================

----------------------------
src    dst :    delay
1 <---> 2 : 7.086515426635742
1 <---> 3 : 10.001182556152344
2 <---> 1 : 8.092641830444336
2 <---> 3 : 8.170127868652344
3 <---> 1 : 10.036945343017578
3 <---> 2 : 8.299827575683594
datapath         port     rx-pkts  rx-bytes rx-error tx-pkts  tx-bytes tx-error
---------------- -------- -------- -------- -------- -------- -------- --------
0000000000000002        1    26969 40795268        0    14949  1240299        0
0000000000000002        2    14974   975077        0    27230 40813270        0
0000000000000002        3      263    18104        0      261    17984        0
datapath         in-port  eth-dst           out-port packets  bytes
---------------- -------- ----------------- -------- -------- --------
0000000000000002        1       192.168.0.1        2    26967 40795152
0000000000000002        2       192.168.0.2        1    14712   957033
datapath         port     rx-pkts  rx-bytes rx-error tx-pkts  tx-bytes tx-error
---------------- -------- -------- -------- -------- -------- -------- --------
0000000000000003        1        0        0        0      234    18234        0
0000000000000003        2      261    17984        0      261    17984        0
0000000000000003        3      261    17984        0      263    18104        0
datapath         in-port  eth-dst           out-port packets  bytes
---------------- -------- ----------------- -------- -------- --------
datapath         port     rx-pkts  rx-bytes rx-error tx-pkts  tx-bytes tx-error
---------------- -------- -------- -------- -------- -------- -------- --------
0000000000000001        1    14713   957075        0    27202 41298884        0
0000000000000001        2    27230 40813270        0    14974   975077        0
0000000000000001        3      261    17984        0      261    17984        0
datapath         in-port  eth-dst           out-port packets  bytes
---------------- -------- ----------------- -------- -------- --------
0000000000000001        1       192.168.0.2        2    14712   957033
0000000000000001        2       192.168.0.1        1    26968 40795226
discovery--->==================================== discovery ====================================
discovery---> cls: [(1, 2), (1, 3), (2, 3)]
discovery--->=============================================================================
==================================== link detector ====================================

----------------------------
src    dst :    delay
1 <---> 2 : 8.126974105834961
1 <---> 3 : 9.7198486328125
2 <---> 1 : 7.287025451660156
2 <---> 3 : 8.291244506835938
3 <---> 1 : 9.978294372558594
3 <---> 2 : 7.441997528076172
==================================== link detector ====================================

----------------------------
src    dst :    delay
1 <---> 2 : 7.191896438598633
1 <---> 3 : 10.122537612915039
2 <---> 1 : 8.037567138671875
2 <---> 3 : 7.240533828735352
3 <---> 1 : 10.080814361572266
3 <---> 2 : 8.114337921142578
datapath         port     rx-pkts  rx-bytes rx-error tx-pkts  tx-bytes tx-error
---------------- -------- -------- -------- -------- -------- -------- --------
0000000000000002        1    26969 40795268        0    14954  1240689        0
0000000000000002        2    14980   975437        0    27235 40813570        0
0000000000000002        3      268    18404        0      266    18284        0
datapath         in-port  eth-dst           out-port packets  bytes
---------------- -------- ----------------- -------- -------- --------
0000000000000002        1       192.168.0.1        2    26967 40795152
0000000000000002        2       192.168.0.2        1    14712   957033
datapath         port     rx-pkts  rx-bytes rx-error tx-pkts  tx-bytes tx-error
---------------- -------- -------- -------- -------- -------- -------- --------
0000000000000003        1        0        0        0      239    18624        0
0000000000000003        2      267    18344        0      266    18284        0
0000000000000003        3      266    18284        0      268    18404        0
datapath         in-port  eth-dst           out-port packets  bytes
---------------- -------- ----------------- -------- -------- --------
datapath         port     rx-pkts  rx-bytes rx-error tx-pkts  tx-bytes tx-error
---------------- -------- -------- -------- -------- -------- -------- --------
0000000000000001        1    14713   957075        0    27207 41299274        0
0000000000000001        2    27235 40813570        0    14980   975437        0
0000000000000001        3      266    18284        0      267    18344        0
datapath         in-port  eth-dst           out-port packets  bytes
---------------- -------- ----------------- -------- -------- --------
0000000000000001        1       192.168.0.2        2    14712   957033
0000000000000001        2       192.168.0.1        1    26968 40795226
discovery--->==================================== discovery ====================================
discovery---> cls: [(1, 2), (1, 3), (2, 3)]
discovery--->=============================================================================
==================================== link detector ====================================

----------------------------
src    dst :    delay
1 <---> 2 : 7.47990608215332
1 <---> 3 : 11.957406997680664
2 <---> 1 : 8.097410202026367
2 <---> 3 : 7.326364517211914
3 <---> 1 : 8.126258850097656
3 <---> 2 : 8.130311965942383
datapath         port     rx-pkts  rx-bytes rx-error tx-pkts  tx-bytes tx-error
---------------- -------- -------- -------- -------- -------- -------- --------
0000000000000002        1    26969 40795268        0    14960  1241157        0
0000000000000002        2    14985   975737        0    27241 40813930        0
0000000000000002        3      274    18764        0      272    18644        0
datapath         in-port  eth-dst           out-port packets  bytes
---------------- -------- ----------------- -------- -------- --------
0000000000000002        1       192.168.0.1        2    26967 40795152
0000000000000002        2       192.168.0.2        1    14712   957033
datapath         port     rx-pkts  rx-bytes rx-error tx-pkts  tx-bytes tx-error
---------------- -------- -------- -------- -------- -------- -------- --------
0000000000000003        1        0        0        0      245    19092        0
0000000000000003        2      273    18704        0      272    18644        0
0000000000000003        3      272    18644        0      274    18764        0
datapath         in-port  eth-dst           out-port packets  bytes
---------------- -------- ----------------- -------- -------- --------
datapath         port     rx-pkts  rx-bytes rx-error tx-pkts  tx-bytes tx-error
---------------- -------- -------- -------- -------- -------- -------- --------
0000000000000001        1    14713   957075        0    27213 41299742        0
0000000000000001        2    27241 40813930        0    14985   975737        0
0000000000000001        3      272    18644        0      273    18704        0
datapath         in-port  eth-dst           out-port packets  bytes
---------------- -------- ----------------- -------- -------- --------
0000000000000001        1       192.168.0.2        2    14712   957033
0000000000000001        2       192.168.0.1        1    26968 40795226
discovery--->==================================== discovery ====================================
discovery---> cls: [(1, 2), (1, 3), (2, 3)]
discovery--->=============================================================================
==================================== link detector ====================================

----------------------------
src    dst :    delay
1 <---> 2 : 6.686925888061523
1 <---> 3 : 10.210990905761719
2 <---> 1 : 8.018970489501953
2 <---> 3 : 8.12530517578125
3 <---> 1 : 9.998321533203125
3 <---> 2 : 8.097171783447266
==================================== link detector ====================================

----------------------------
src    dst :    delay
1 <---> 2 : 7.127523422241211
1 <---> 3 : 9.781360626220703
2 <---> 1 : 6.8531036376953125
2 <---> 3 : 8.039474487304688
3 <---> 1 : 10.293006896972656
3 <---> 2 : 6.657600402832031
datapath         port     rx-pkts  rx-bytes rx-error tx-pkts  tx-bytes tx-error
---------------- -------- -------- -------- -------- -------- -------- --------
0000000000000002        1    26969 40795268        0    14965  1241547        0
0000000000000002        2    14991   976097        0    27247 40814300        0
0000000000000002        3      279    19064        0      277    18944        0
datapath         in-port  eth-dst           out-port packets  bytes
---------------- -------- ----------------- -------- -------- --------
0000000000000002        1       192.168.0.1        2    26967 40795152
0000000000000002        2       192.168.0.2        1    14712   957033
datapath         port     rx-pkts  rx-bytes rx-error tx-pkts  tx-bytes tx-error
---------------- -------- -------- -------- -------- -------- -------- --------
0000000000000001        1    14713   957075        0    27219 41300210        0
0000000000000001        2    27247 40814300        0    14991   976097        0
0000000000000001        3      277    18944        0      278    19004        0
datapath         in-port  eth-dst           out-port packets  bytes
---------------- -------- ----------------- -------- -------- --------
0000000000000001        1       192.168.0.2        2    14712   957033
0000000000000001        2       192.168.0.1        1    26968 40795226
datapath         port     rx-pkts  rx-bytes rx-error tx-pkts  tx-bytes tx-error
---------------- -------- -------- -------- -------- -------- -------- --------
0000000000000003        1        0        0        0      250    19482        0
0000000000000003        2      278    19004        0      277    18944        0
0000000000000003        3      277    18944        0      279    19064        0
datapath         in-port  eth-dst           out-port packets  bytes
---------------- -------- ----------------- -------- -------- --------
discovery--->==================================== discovery ====================================
discovery---> cls: [(1, 2), (1, 3), (2, 3)]
discovery--->=============================================================================
==================================== link detector ====================================

----------------------------
src    dst :    delay
1 <---> 2 : 8.132219314575195
1 <---> 3 : 9.548425674438477
2 <---> 1 : 7.463216781616211
2 <---> 3 : 7.75456428527832
3 <---> 1 : 9.792089462280273
3 <---> 2 : 8.345603942871094
datapath         port     rx-pkts  rx-bytes rx-error tx-pkts  tx-bytes tx-error
---------------- -------- -------- -------- -------- -------- -------- --------
0000000000000002        1    26969 40795268        0    14971  1242015        0
0000000000000002        2    14996   976397        0    27253 40814660        0
0000000000000002        3      285    19424        0      283    19304        0
datapath         in-port  eth-dst           out-port packets  bytes
---------------- -------- ----------------- -------- -------- --------
0000000000000002        1       192.168.0.1        2    26967 40795152
0000000000000002        2       192.168.0.2        1    14712   957033
datapath         port     rx-pkts  rx-bytes rx-error tx-pkts  tx-bytes tx-error
---------------- -------- -------- -------- -------- -------- -------- --------
0000000000000003        1        0        0        0      256    19950        0
0000000000000003        2      284    19364        0      283    19304        0
0000000000000003        3      283    19304        0      285    19424        0
datapath         in-port  eth-dst           out-port packets  bytes
---------------- -------- ----------------- -------- -------- --------
datapath         port     rx-pkts  rx-bytes rx-error tx-pkts  tx-bytes tx-error
---------------- -------- -------- -------- -------- -------- -------- --------
0000000000000001        1    14713   957075        0    27224 41300600        0
0000000000000001        2    27253 40814660        0    14996   976397        0
0000000000000001        3      283    19304        0      284    19364        0
datapath         in-port  eth-dst           out-port packets  bytes
---------------- -------- ----------------- -------- -------- --------
0000000000000001        1       192.168.0.2        2    14712   957033
0000000000000001        2       192.168.0.1        1    26968 40795226
discovery--->==================================== discovery ====================================
discovery---> cls: [(1, 2), (1, 3), (2, 3)]
discovery--->=============================================================================
==================================== link detector ====================================

----------------------------
src    dst :    delay
1 <---> 2 : 8.138656616210938
1 <---> 3 : 10.15162467956543
2 <---> 1 : 7.6751708984375
2 <---> 3 : 7.3833465576171875
3 <---> 1 : 9.731054306030273
3 <---> 2 : 8.191585540771484
==================================== link detector ====================================

----------------------------
src    dst :    delay
1 <---> 2 : 7.29823112487793
1 <---> 3 : 10.091066360473633
2 <---> 1 : 7.344722747802734
2 <---> 3 : 7.4787139892578125
3 <---> 1 : 8.33439826965332
3 <---> 2 : 7.310628890991211
datapath         port     rx-pkts  rx-bytes rx-error tx-pkts  tx-bytes tx-error
---------------- -------- -------- -------- -------- -------- -------- --------
0000000000000002        1    26969 40795268        0    14977  1242483        0
0000000000000002        2    15002   976757        0    27258 40814960        0
0000000000000002        3      290    19724        0      289    19664        0
datapath         in-port  eth-dst           out-port packets  bytes
---------------- -------- ----------------- -------- -------- --------
0000000000000002        1       192.168.0.1        2    26967 40795152
0000000000000002        2       192.168.0.2        1    14712   957033
datapath         port     rx-pkts  rx-bytes rx-error tx-pkts  tx-bytes tx-error
---------------- -------- -------- -------- -------- -------- -------- --------
0000000000000001        1    14713   957075        0    27230 41301068        0
0000000000000001        2    27258 40814960        0    15002   976757        0
0000000000000001        3      288    19604        0      289    19664        0
datapath         in-port  eth-dst           out-port packets  bytes
---------------- -------- ----------------- -------- -------- --------
0000000000000001        1       192.168.0.2        2    14712   957033
0000000000000001        2       192.168.0.1        1    26968 40795226
datapath         port     rx-pkts  rx-bytes rx-error tx-pkts  tx-bytes tx-error
---------------- -------- -------- -------- -------- -------- -------- --------
0000000000000003        1        0        0        0      261    20340        0
0000000000000003        2      289    19664        0      288    19604        0
0000000000000003        3      289    19664        0      290    19724        0
datapath         in-port  eth-dst           out-port packets  bytes
---------------- -------- ----------------- -------- -------- --------
discovery--->==================================== discovery ====================================
discovery---> cls: [(1, 2), (1, 3), (2, 3)]
discovery--->=============================================================================
==================================== link detector ====================================

----------------------------
src    dst :    delay
1 <---> 2 : 7.164478302001953
1 <---> 3 : 8.414268493652344
2 <---> 1 : 6.399393081665039
2 <---> 3 : 8.06283950805664
3 <---> 1 : 8.809804916381836
3 <---> 2 : 6.582736968994141
==================================== link detector ====================================

----------------------------
src    dst :    delay
1 <---> 2 : 8.151054382324219
1 <---> 3 : 9.996414184570312
2 <---> 1 : 8.025884628295898
2 <---> 3 : 7.146596908569336
3 <---> 1 : 8.786916732788086
3 <---> 2 : 7.097721099853516
datapath         port     rx-pkts  rx-bytes rx-error tx-pkts  tx-bytes tx-error
---------------- -------- -------- -------- -------- -------- -------- --------
0000000000000002        1    26969 40795268        0    14982  1242873        0
0000000000000002        2    15007   977057        0    27264 40815320        0
0000000000000002        3      296    20084        0      294    19964        0
datapath         in-port  eth-dst           out-port packets  bytes
---------------- -------- ----------------- -------- -------- --------
0000000000000002        1       192.168.0.1        2    26967 40795152
0000000000000002        2       192.168.0.2        1    14712   957033
datapath         port     rx-pkts  rx-bytes rx-error tx-pkts  tx-bytes tx-error
---------------- -------- -------- -------- -------- -------- -------- --------
0000000000000003        1        0        0        0      267    20808        0
0000000000000003        2      295    20024        0      294    19964        0
0000000000000003        3      294    19964        0      296    20084        0
datapath         in-port  eth-dst           out-port packets  bytes
---------------- -------- ----------------- -------- -------- --------
datapath         port     rx-pkts  rx-bytes rx-error tx-pkts  tx-bytes tx-error
---------------- -------- -------- -------- -------- -------- -------- --------
0000000000000001        1    14713   957075        0    27235 41301458        0
0000000000000001        2    27264 40815320        0    15007   977057        0
0000000000000001        3      294    19964        0      295    20024        0
datapath         in-port  eth-dst           out-port packets  bytes
---------------- -------- ----------------- -------- -------- --------
0000000000000001        1       192.168.0.2        2    14712   957033
0000000000000001        2       192.168.0.1        1    26968 40795226
discovery--->==================================== discovery ====================================
discovery---> cls: [(1, 2), (1, 3), (2, 3)]
discovery--->=============================================================================
==================================== link detector ====================================

----------------------------
src    dst :    delay
1 <---> 2 : 8.268594741821289
1 <---> 3 : 10.472536087036133
2 <---> 1 : 8.09335708618164
2 <---> 3 : 8.00180435180664
3 <---> 1 : 8.706808090209961
3 <---> 2 : 8.164167404174805
datapath         port     rx-pkts  rx-bytes rx-error tx-pkts  tx-bytes tx-error
---------------- -------- -------- -------- -------- -------- -------- --------
0000000000000002        1    26969 40795268        0    14988  1243341        0
0000000000000002        2    15013   977417        0    27269 40815620        0
0000000000000002        3      301    20384        0      300    20324        0
datapath         in-port  eth-dst           out-port packets  bytes
---------------- -------- ----------------- -------- -------- --------
0000000000000002        1       192.168.0.1        2    26967 40795152
0000000000000002        2       192.168.0.2        1    14712   957033
datapath         port     rx-pkts  rx-bytes rx-error tx-pkts  tx-bytes tx-error
---------------- -------- -------- -------- -------- -------- -------- --------
0000000000000003        1        0        0        0      273    21276        0
0000000000000003        2      300    20324        0      300    20324        0
0000000000000003        3      300    20324        0      301    20384        0
datapath         in-port  eth-dst           out-port packets  bytes
---------------- -------- ----------------- -------- -------- --------
datapath         port     rx-pkts  rx-bytes rx-error tx-pkts  tx-bytes tx-error
---------------- -------- -------- -------- -------- -------- -------- --------
0000000000000001        1    14713   957075        0    27241 41301926        0
0000000000000001        2    27269 40815620        0    15013   977417        0
0000000000000001        3      300    20324        0      300    20324        0
datapath         in-port  eth-dst           out-port packets  bytes
---------------- -------- ----------------- -------- -------- --------
0000000000000001        1       192.168.0.2        2    14712   957033
0000000000000001        2       192.168.0.1        1    26968 40795226
discovery--->==================================== discovery ====================================
discovery---> cls: [(1, 2), (1, 3), (2, 3)]
discovery--->=============================================================================
==================================== link detector ====================================

----------------------------
src    dst :    delay
1 <---> 2 : 8.024215698242188
1 <---> 3 : 9.014368057250977
2 <---> 1 : 6.869792938232422
2 <---> 3 : 7.116079330444336
3 <---> 1 : 10.184288024902344
3 <---> 2 : 7.027864456176758
==================================== link detector ====================================

----------------------------
src    dst :    delay
1 <---> 2 : 7.144689559936523
1 <---> 3 : 10.14089584350586
2 <---> 1 : 6.675958633422852
2 <---> 3 : 7.3795318603515625
3 <---> 1 : 10.317802429199219
3 <---> 2 : 7.997989654541016
datapath         port     rx-pkts  rx-bytes rx-error tx-pkts  tx-bytes tx-error
---------------- -------- -------- -------- -------- -------- -------- --------
0000000000000002        1    26969 40795268        0    14993  1243731        0
0000000000000002        2    15018   977717        0    27275 40815980        0
0000000000000002        3      307    20744        0      305    20624        0
datapath         in-port  eth-dst           out-port packets  bytes
---------------- -------- ----------------- -------- -------- --------
0000000000000002        1       192.168.0.1        2    26967 40795152
0000000000000002        2       192.168.0.2        1    14712   957033
datapath         port     rx-pkts  rx-bytes rx-error tx-pkts  tx-bytes tx-error
---------------- -------- -------- -------- -------- -------- -------- --------
0000000000000001        1    14713   957075        0    27246 41302316        0
0000000000000001        2    27275 40815980        0    15018   977717        0
0000000000000001        3      305    20624        0      306    20684        0
datapath         in-port  eth-dst           out-port packets  bytes
---------------- -------- ----------------- -------- -------- --------
0000000000000001        1       192.168.0.2        2    14712   957033
0000000000000001        2       192.168.0.1        1    26968 40795226
datapath         port     rx-pkts  rx-bytes rx-error tx-pkts  tx-bytes tx-error
---------------- -------- -------- -------- -------- -------- -------- --------
0000000000000003        1        0        0        0      278    21666        0
0000000000000003        2      306    20684        0      305    20624        0
0000000000000003        3      305    20624        0      307    20744        0
datapath         in-port  eth-dst           out-port packets  bytes
---------------- -------- ----------------- -------- -------- --------
discovery--->==================================== discovery ====================================
discovery---> cls: [(1, 2), (1, 3), (2, 3)]
discovery--->=============================================================================
==================================== link detector ====================================

----------------------------
src    dst :    delay
1 <---> 2 : 8.046627044677734
1 <---> 3 : 8.923768997192383
2 <---> 1 : 7.2650909423828125
2 <---> 3 : 7.15327262878418
3 <---> 1 : 8.350133895874023
3 <---> 2 : 6.552457809448242
datapath         port     rx-pkts  rx-bytes rx-error tx-pkts  tx-bytes tx-error
---------------- -------- -------- -------- -------- -------- -------- --------
0000000000000002        1    26969 40795268        0    14999  1244199        0
0000000000000002        2    15025   978280        0    27282 40816543        0
0000000000000002        3      313    21104        0      312    21187        0
datapath         in-port  eth-dst           out-port packets  bytes
---------------- -------- ----------------- -------- -------- --------
0000000000000002        1       192.168.0.1        2    26967 40795152
0000000000000002        2       192.168.0.2        1    14712   957033
datapath         port     rx-pkts  rx-bytes rx-error tx-pkts  tx-bytes tx-error
---------------- -------- -------- -------- -------- -------- -------- --------
0000000000000003        1        0        0        0      284    22134        0
0000000000000003        2      312    21054        0      312    21187        0
0000000000000003        3      312    21187        0      313    21104        0
datapath         in-port  eth-dst           out-port packets  bytes
---------------- -------- ----------------- -------- -------- --------
datapath         port     rx-pkts  rx-bytes rx-error tx-pkts  tx-bytes tx-error
---------------- -------- -------- -------- -------- -------- -------- --------
0000000000000001        1    14713   957075        0    27252 41302784        0
0000000000000001        2    27282 40816543        0    15025   978280        0
0000000000000001        3      312    21187        0      312    21054        0
datapath         in-port  eth-dst           out-port packets  bytes
---------------- -------- ----------------- -------- -------- --------
0000000000000001        1       192.168.0.2        2    14712   957033
0000000000000001        2       192.168.0.1        1    26968 40795226
discovery--->==================================== discovery ====================================
discovery---> cls: [(1, 2), (1, 3), (2, 3)]
discovery--->=============================================================================
==================================== link detector ====================================

----------------------------
src    dst :    delay
1 <---> 2 : 6.776571273803711
1 <---> 3 : 9.425163269042969
2 <---> 1 : 8.127450942993164
2 <---> 3 : 7.18235969543457
3 <---> 1 : 9.161710739135742
3 <---> 2 : 6.66046142578125
==================================== link detector ====================================

----------------------------
src    dst :    delay
1 <---> 2 : 6.541967391967773
1 <---> 3 : 9.50932502746582
2 <---> 1 : 7.531404495239258
2 <---> 3 : 7.148027420043945
3 <---> 1 : 9.409427642822266
3 <---> 2 : 6.683826446533203
datapath         port     rx-pkts  rx-bytes rx-error tx-pkts  tx-bytes tx-error
---------------- -------- -------- -------- -------- -------- -------- --------
0000000000000002        1    26969 40795268        0    15004  1244589        0
0000000000000002        2    15030   978580        0    27287 40816843        0
0000000000000002        3      319    21607        0      317    21487        0
datapath         in-port  eth-dst           out-port packets  bytes
---------------- -------- ----------------- -------- -------- --------
0000000000000002        1       192.168.0.1        2    26967 40795152
0000000000000002        2       192.168.0.2        1    14712   957033
datapath         port     rx-pkts  rx-bytes rx-error tx-pkts  tx-bytes tx-error
---------------- -------- -------- -------- -------- -------- -------- --------
0000000000000001        1    14713   957075        0    27257 41303174        0
0000000000000001        2    27287 40816843        0    15030   978580        0
0000000000000001        3      317    21487        0      319    21617        0
datapath         in-port  eth-dst           out-port packets  bytes
---------------- -------- ----------------- -------- -------- --------
0000000000000001        1       192.168.0.2        2    14712   957033
0000000000000001        2       192.168.0.1        1    26968 40795226
datapath         port     rx-pkts  rx-bytes rx-error tx-pkts  tx-bytes tx-error
---------------- -------- -------- -------- -------- -------- -------- --------
0000000000000003        1        0        0        0      289    22524        0
0000000000000003        2      319    21617        0      317    21487        0
0000000000000003        3      317    21487        0      319    21607        0
datapath         in-port  eth-dst           out-port packets  bytes
---------------- -------- ----------------- -------- -------- --------
discovery--->==================================== discovery ====================================
discovery---> cls: [(1, 2), (1, 3), (2, 3)]
discovery--->=============================================================================
==================================== link detector ====================================

----------------------------
src    dst :    delay
1 <---> 2 : 8.158445358276367
1 <---> 3 : 9.403705596923828
2 <---> 1 : 7.782459259033203
2 <---> 3 : 6.756305694580078
3 <---> 1 : 10.383129119873047
3 <---> 2 : 6.253480911254883
==================================== link detector ====================================

----------------------------
src    dst :    delay
1 <---> 2 : 7.117271423339844
1 <---> 3 : 9.47427749633789
2 <---> 1 : 7.333278656005859
2 <---> 3 : 6.683111190795898
3 <---> 1 : 8.987188339233398
3 <---> 2 : 8.00323486328125
datapath         port     rx-pkts  rx-bytes rx-error tx-pkts  tx-bytes tx-error
---------------- -------- -------- -------- -------- -------- -------- --------
0000000000000001        1    14713   957075        0    27263 41303642        0
0000000000000001        2    27293 40817203        0    15036   978940        0
0000000000000001        3      323    21847        0      325    21977        0
datapath         in-port  eth-dst           out-port packets  bytes
---------------- -------- ----------------- -------- -------- --------
0000000000000001        1       192.168.0.2        2    14712   957033
0000000000000001        2       192.168.0.1        1    26968 40795226
datapath         port     rx-pkts  rx-bytes rx-error tx-pkts  tx-bytes tx-error
---------------- -------- -------- -------- -------- -------- -------- --------
0000000000000002        1    26969 40795268        0    15010  1245057        0
0000000000000002        2    15036   978940        0    27293 40817203        0
0000000000000002        3      325    21967        0      323    21847        0
datapath         in-port  eth-dst           out-port packets  bytes
---------------- -------- ----------------- -------- -------- --------
0000000000000002        1       192.168.0.1        2    26967 40795152
0000000000000002        2       192.168.0.2        1    14712   957033
datapath         port     rx-pkts  rx-bytes rx-error tx-pkts  tx-bytes tx-error
---------------- -------- -------- -------- -------- -------- -------- --------
0000000000000003        1        0        0        0      295    22992        0
0000000000000003        2      325    21977        0      323    21847        0
0000000000000003        3      323    21847        0      325    21967        0
datapath         in-port  eth-dst           out-port packets  bytes
---------------- -------- ----------------- -------- -------- --------
discovery--->==================================== discovery ====================================
discovery---> cls: [(1, 2), (1, 3), (2, 3)]
discovery--->=============================================================================
==================================== link detector ====================================

----------------------------
src    dst :    delay
1 <---> 2 : 7.931709289550781
1 <---> 3 : 8.74781608581543
2 <---> 1 : 7.227659225463867
2 <---> 3 : 8.083343505859375
3 <---> 1 : 8.60905647277832
3 <---> 2 : 7.103204727172852
datapath         port     rx-pkts  rx-bytes rx-error tx-pkts  tx-bytes tx-error
---------------- -------- -------- -------- -------- -------- -------- --------
0000000000000002        1    26969 40795268        0    15015  1245447        0
0000000000000002        2    15043   979370        0    27298 40817503        0
0000000000000002        3      330    22267        0      329    22217        0
datapath         in-port  eth-dst           out-port packets  bytes
---------------- -------- ----------------- -------- -------- --------
0000000000000002        1       192.168.0.1        2    26967 40795152
0000000000000002        2       192.168.0.2        1    14712   957033
datapath         port     rx-pkts  rx-bytes rx-error tx-pkts  tx-bytes tx-error
---------------- -------- -------- -------- -------- -------- -------- --------
0000000000000001        1    14713   957075        0    27269 41304110        0
0000000000000001        2    27298 40817503        0    15043   979370        0
0000000000000001        3      328    22147        0      330    22277        0
datapath         in-port  eth-dst           out-port packets  bytes
---------------- -------- ----------------- -------- -------- --------
0000000000000001        1       192.168.0.2        2    14712   957033
0000000000000001        2       192.168.0.1        1    26968 40795226
datapath         port     rx-pkts  rx-bytes rx-error tx-pkts  tx-bytes tx-error
---------------- -------- -------- -------- -------- -------- -------- --------
0000000000000003        1        0        0        0      300    23382        0
0000000000000003        2      330    22277        0      328    22147        0
0000000000000003        3      329    22217        0      330    22267        0
datapath         in-port  eth-dst           out-port packets  bytes
---------------- -------- ----------------- -------- -------- --------
discovery--->==================================== discovery ====================================
discovery---> cls: [(1, 2), (1, 3), (2, 3)]
discovery--->=============================================================================
==================================== link detector ====================================

----------------------------
src    dst :    delay
1 <---> 2 : 7.434844970703125
1 <---> 3 : 10.251998901367188
2 <---> 1 : 7.909536361694336
2 <---> 3 : 6.868600845336914
3 <---> 1 : 10.081768035888672
3 <---> 2 : 6.672859191894531
==================================== link detector ====================================

----------------------------
src    dst :    delay
1 <---> 2 : 7.903337478637695
1 <---> 3 : 8.630037307739258
2 <---> 1 : 6.947994232177734
2 <---> 3 : 8.135557174682617
3 <---> 1 : 9.035348892211914
3 <---> 2 : 8.121490478515625
datapath         port     rx-pkts  rx-bytes rx-error tx-pkts  tx-bytes tx-error
---------------- -------- -------- -------- -------- -------- -------- --------
0000000000000001        1    14713   957075        0    27274 41304500        0
0000000000000001        2    27304 40817863        0    15048   979670        0
0000000000000001        3      334    22507        0      336    22637        0
datapath         in-port  eth-dst           out-port packets  bytes
---------------- -------- ----------------- -------- -------- --------
0000000000000001        1       192.168.0.2        2    14712   957033
0000000000000001        2       192.168.0.1        1    26968 40795226
datapath         port     rx-pkts  rx-bytes rx-error tx-pkts  tx-bytes tx-error
---------------- -------- -------- -------- -------- -------- -------- --------
0000000000000002        1    26969 40795268        0    15021  1245915        0
0000000000000002        2    15048   979670        0    27304 40817863        0
0000000000000002        3      336    22627        0      335    22577        0
datapath         in-port  eth-dst           out-port packets  bytes
---------------- -------- ----------------- -------- -------- --------
0000000000000002        1       192.168.0.1        2    26967 40795152
0000000000000002        2       192.168.0.2        1    14712   957033
datapath         port     rx-pkts  rx-bytes rx-error tx-pkts  tx-bytes tx-error
---------------- -------- -------- -------- -------- -------- -------- --------
0000000000000003        1        0        0        0      306    23850        0
0000000000000003        2      336    22637        0      334    22507        0
0000000000000003        3      335    22577        0      336    22627        0
datapath         in-port  eth-dst           out-port packets  bytes
---------------- -------- ----------------- -------- -------- --------
discovery--->==================================== discovery ====================================
discovery---> cls: [(1, 2), (1, 3), (2, 3)]
discovery--->=============================================================================
==================================== link detector ====================================

----------------------------
src    dst :    delay
1 <---> 2 : 7.148027420043945
1 <---> 3 : 8.6669921875
2 <---> 1 : 8.23521614074707
2 <---> 3 : 6.690263748168945
3 <---> 1 : 10.079145431518555
3 <---> 2 : 8.135318756103516
datapath         port     rx-pkts  rx-bytes rx-error tx-pkts  tx-bytes tx-error
---------------- -------- -------- -------- -------- -------- -------- --------
0000000000000002        1    26969 40795268        0    15026  1246305        0
0000000000000002        2    15054   980030        0    27309 40818163        0
0000000000000002        3      341    22927        0      341    22937        0
datapath         in-port  eth-dst           out-port packets  bytes
---------------- -------- ----------------- -------- -------- --------
0000000000000002        1       192.168.0.1        2    26967 40795152
0000000000000002        2       192.168.0.2        1    14712   957033
datapath         port     rx-pkts  rx-bytes rx-error tx-pkts  tx-bytes tx-error
---------------- -------- -------- -------- -------- -------- -------- --------
0000000000000001        1    14713   957075        0    27280 41304968        0
0000000000000001        2    27309 40818163        0    15054   980030        0
0000000000000001        3      339    22807        0      341    22937        0
datapath         in-port  eth-dst           out-port packets  bytes
---------------- -------- ----------------- -------- -------- --------
0000000000000001        1       192.168.0.2        2    14712   957033
0000000000000001        2       192.168.0.1        1    26968 40795226
datapath         port     rx-pkts  rx-bytes rx-error tx-pkts  tx-bytes tx-error
---------------- -------- -------- -------- -------- -------- -------- --------
0000000000000003        1        0        0        0      311    24240        0
0000000000000003        2      341    22937        0      339    22807        0
0000000000000003        3      341    22937        0      341    22927        0
datapath         in-port  eth-dst           out-port packets  bytes
---------------- -------- ----------------- -------- -------- --------
discovery--->==================================== discovery ====================================
discovery---> cls: [(1, 2), (1, 3), (2, 3)]
discovery--->=============================================================================
==================================== link detector ====================================

----------------------------
src    dst :    delay
1 <---> 2 : 8.330583572387695
1 <---> 3 : 10.036468505859375
2 <---> 1 : 7.353305816650391
2 <---> 3 : 8.127212524414062
3 <---> 1 : 9.77778434753418
3 <---> 2 : 8.090972900390625
==================================== link detector ====================================

----------------------------
src    dst :    delay
1 <---> 2 : 6.945610046386719
1 <---> 3 : 9.204387664794922
2 <---> 1 : 7.250070571899414
2 <---> 3 : 7.889986038208008
3 <---> 1 : 9.17196273803711
3 <---> 2 : 7.293224334716797
datapath         port     rx-pkts  rx-bytes rx-error tx-pkts  tx-bytes tx-error
---------------- -------- -------- -------- -------- -------- -------- --------
0000000000000002        1    26969 40795268        0    15032  1246773        0
0000000000000002        2    15059   980330        0    27315 40818523        0
0000000000000002        3      347    23287        0      346    23237        0
datapath         in-port  eth-dst           out-port packets  bytes
---------------- -------- ----------------- -------- -------- --------
0000000000000002        1       192.168.0.1        2    26967 40795152
0000000000000002        2       192.168.0.2        1    14712   957033
datapath         port     rx-pkts  rx-bytes rx-error tx-pkts  tx-bytes tx-error
---------------- -------- -------- -------- -------- -------- -------- --------
0000000000000001        1    14713   957075        0    27285 41305358        0
0000000000000001        2    27315 40818523        0    15059   980330        0
0000000000000001        3      345    23167        0      347    23297        0
datapath         in-port  eth-dst           out-port packets  bytes
---------------- -------- ----------------- -------- -------- --------
0000000000000001        1       192.168.0.2        2    14712   957033
0000000000000001        2       192.168.0.1        1    26968 40795226
datapath         port     rx-pkts  rx-bytes rx-error tx-pkts  tx-bytes tx-error
---------------- -------- -------- -------- -------- -------- -------- --------
0000000000000003        1        0        0        0      317    24708        0
0000000000000003        2      347    23297        0      345    23167        0
0000000000000003        3      346    23237        0      347    23287        0
datapath         in-port  eth-dst           out-port packets  bytes
---------------- -------- ----------------- -------- -------- --------
discovery--->==================================== discovery ====================================
discovery---> cls: [(1, 2), (1, 3), (2, 3)]
discovery--->=============================================================================
==================================== link detector ====================================

----------------------------
src    dst :    delay
1 <---> 2 : 7.685184478759766
1 <---> 3 : 9.054183959960938
2 <---> 1 : 8.011102676391602
2 <---> 3 : 8.003711700439453
3 <---> 1 : 9.052038192749023
3 <---> 2 : 7.365703582763672
datapath         port     rx-pkts  rx-bytes rx-error tx-pkts  tx-bytes tx-error
---------------- -------- -------- -------- -------- -------- -------- --------
0000000000000001        1    14713   957075        0    27291 41305826        0
0000000000000001        2    27320 40818823        0    15065   980690        0
0000000000000001        3      352    23597        0      352    23597        0
datapath         in-port  eth-dst           out-port packets  bytes
---------------- -------- ----------------- -------- -------- --------
0000000000000001        1       192.168.0.2        2    14712   957033
0000000000000001        2       192.168.0.1        1    26968 40795226
datapath         port     rx-pkts  rx-bytes rx-error tx-pkts  tx-bytes tx-error
---------------- -------- -------- -------- -------- -------- -------- --------
0000000000000003        1        0        0        0      322    25098        0
0000000000000003        2      352    23597        0      352    23597        0
0000000000000003        3      352    23597        0      352    23587        0
datapath         in-port  eth-dst           out-port packets  bytes
---------------- -------- ----------------- -------- -------- --------
datapath         port     rx-pkts  rx-bytes rx-error tx-pkts  tx-bytes tx-error
---------------- -------- -------- -------- -------- -------- -------- --------
0000000000000002        1    26969 40795268        0    15038  1247241        0
0000000000000002        2    15065   980690        0    27320 40818823        0
0000000000000002        3      352    23587        0      352    23597        0
datapath         in-port  eth-dst           out-port packets  bytes
---------------- -------- ----------------- -------- -------- --------
0000000000000002        1       192.168.0.1        2    26967 40795152
0000000000000002        2       192.168.0.2        1    14712   957033
discovery--->==================================== discovery ====================================
discovery---> cls: [(1, 2), (1, 3), (2, 3)]
discovery--->=============================================================================
==================================== link detector ====================================

----------------------------
src    dst :    delay
1 <---> 2 : 8.254289627075195
1 <---> 3 : 9.987354278564453
2 <---> 1 : 8.020639419555664
2 <---> 3 : 7.833719253540039
3 <---> 1 : 8.396148681640625
3 <---> 2 : 8.097410202026367
==================================== link detector ====================================

----------------------------
src    dst :    delay
1 <---> 2 : 7.139444351196289
1 <---> 3 : 10.018587112426758
2 <---> 1 : 8.067846298217773
2 <---> 3 : 7.851123809814453
3 <---> 1 : 9.760141372680664
3 <---> 2 : 8.131265640258789
datapath         port     rx-pkts  rx-bytes rx-error tx-pkts  tx-bytes tx-error
---------------- -------- -------- -------- -------- -------- -------- --------
0000000000000002        1    26969 40795268        0    15043  1247631        0
0000000000000002        2    15070   980990        0    27326 40819183        0
0000000000000002        3      358    23947        0      357    23897        0
datapath         in-port  eth-dst           out-port packets  bytes
---------------- -------- ----------------- -------- -------- --------
0000000000000002        1       192.168.0.1        2    26967 40795152
0000000000000002        2       192.168.0.2        1    14712   957033
datapath         port     rx-pkts  rx-bytes rx-error tx-pkts  tx-bytes tx-error
---------------- -------- -------- -------- -------- -------- -------- --------
0000000000000003        1        0        0        0      328    25566        0
0000000000000003        2      358    23957        0      357    23897        0
0000000000000003        3      357    23897        0      358    23947        0
datapath         in-port  eth-dst           out-port packets  bytes
---------------- -------- ----------------- -------- -------- --------
datapath         port     rx-pkts  rx-bytes rx-error tx-pkts  tx-bytes tx-error
---------------- -------- -------- -------- -------- -------- -------- --------
0000000000000001        1    14713   957075        0    27296 41306216        0
0000000000000001        2    27326 40819183        0    15070   980990        0
0000000000000001        3      357    23897        0      358    23957        0
datapath         in-port  eth-dst           out-port packets  bytes
---------------- -------- ----------------- -------- -------- --------
0000000000000001        1       192.168.0.2        2    14712   957033
0000000000000001        2       192.168.0.1        1    26968 40795226
discovery--->==================================== discovery ====================================
discovery---> cls: [(1, 2), (1, 3), (2, 3)]
discovery--->=============================================================================
==================================== link detector ====================================

----------------------------
src    dst :    delay
1 <---> 2 : 7.175922393798828
1 <---> 3 : 8.602619171142578
2 <---> 1 : 8.019447326660156
2 <---> 3 : 7.021188735961914
3 <---> 1 : 10.088205337524414
3 <---> 2 : 7.96198844909668
==================================== link detector ====================================

----------------------------
src    dst :    delay
1 <---> 2 : 8.12530517578125
1 <---> 3 : 9.265422821044922
2 <---> 1 : 7.750511169433594
2 <---> 3 : 8.141040802001953
3 <---> 1 : 9.818553924560547
3 <---> 2 : 7.025241851806641
datapath         port     rx-pkts  rx-bytes rx-error tx-pkts  tx-bytes tx-error
---------------- -------- -------- -------- -------- -------- -------- --------
0000000000000002        1    26969 40795268        0    15049  1248099        0
0000000000000002        2    15076   981350        0    27332 40819543        0
0000000000000002        3      363    24247        0      363    24257        0
datapath         in-port  eth-dst           out-port packets  bytes
---------------- -------- ----------------- -------- -------- --------
0000000000000002        1       192.168.0.1        2    26967 40795152
0000000000000002        2       192.168.0.2        1    14712   957033
datapath         port     rx-pkts  rx-bytes rx-error tx-pkts  tx-bytes tx-error
---------------- -------- -------- -------- -------- -------- -------- --------
0000000000000003        1        0        0        0      334    26034        0
0000000000000003        2      363    24257        0      363    24257        0
0000000000000003        3      363    24257        0      363    24247        0
datapath         in-port  eth-dst           out-port packets  bytes
---------------- -------- ----------------- -------- -------- --------
datapath         port     rx-pkts  rx-bytes rx-error tx-pkts  tx-bytes tx-error
---------------- -------- -------- -------- -------- -------- -------- --------
0000000000000001        1    14713   957075        0    27302 41306684        0
0000000000000001        2    27332 40819543        0    15076   981350        0
0000000000000001        3      363    24257        0      363    24257        0
datapath         in-port  eth-dst           out-port packets  bytes
---------------- -------- ----------------- -------- -------- --------
0000000000000001        1       192.168.0.2        2    14712   957033
0000000000000001        2       192.168.0.1        1    26968 40795226
discovery--->==================================== discovery ====================================
discovery---> cls: [(1, 2), (1, 3), (2, 3)]
discovery--->=============================================================================
==================================== link detector ====================================

----------------------------
src    dst :    delay
1 <---> 2 : 8.385896682739258
1 <---> 3 : 9.915828704833984
2 <---> 1 : 7.109165191650391
2 <---> 3 : 6.983280181884766
3 <---> 1 : 10.118484497070312
3 <---> 2 : 7.765531539916992
datapath         port     rx-pkts  rx-bytes rx-error tx-pkts  tx-bytes tx-error
---------------- -------- -------- -------- -------- -------- -------- --------
0000000000000001        1    14713   957075        0    27307 41307074        0
0000000000000001        2    27337 40819843        0    15081   981650        0
0000000000000001        3      368    24557        0      369    24617        0
datapath         in-port  eth-dst           out-port packets  bytes
---------------- -------- ----------------- -------- -------- --------
0000000000000001        1       192.168.0.2        2    14712   957033
0000000000000001        2       192.168.0.1        1    26968 40795226
datapath         port     rx-pkts  rx-bytes rx-error tx-pkts  tx-bytes tx-error
---------------- -------- -------- -------- -------- -------- -------- --------
0000000000000003        1        0        0        0      339    26424        0
0000000000000003        2      369    24617        0      368    24557        0
0000000000000003        3      368    24557        0      370    24677        0
datapath         in-port  eth-dst           out-port packets  bytes
---------------- -------- ----------------- -------- -------- --------
datapath         port     rx-pkts  rx-bytes rx-error tx-pkts  tx-bytes tx-error
---------------- -------- -------- -------- -------- -------- -------- --------
0000000000000002        1    26969 40795268        0    15054  1248489        0
0000000000000002        2    15081   981650        0    27337 40819843        0
0000000000000002        3      370    24677        0      368    24557        0
datapath         in-port  eth-dst           out-port packets  bytes
---------------- -------- ----------------- -------- -------- --------
0000000000000002        1       192.168.0.1        2    26967 40795152
0000000000000002        2       192.168.0.2        1    14712   957033
discovery--->==================================== discovery ====================================
discovery---> cls: [(1, 2), (1, 3), (2, 3)]
discovery--->=============================================================================
==================================== link detector ====================================

----------------------------
src    dst :    delay
1 <---> 2 : 6.911516189575195
1 <---> 3 : 9.748697280883789
2 <---> 1 : 6.497621536254883
2 <---> 3 : 7.28297233581543
3 <---> 1 : 10.025739669799805
3 <---> 2 : 8.120298385620117
==================================== link detector ====================================

----------------------------
src    dst :    delay
1 <---> 2 : 7.713556289672852
1 <---> 3 : 9.974241256713867
2 <---> 1 : 8.260011672973633
2 <---> 3 : 8.213520050048828
3 <---> 1 : 8.84866714477539
3 <---> 2 : 7.127046585083008
---> OFPPortStatus received: reason=DELETE desc=OFPPort(port_no=2,hw_addr='0e:8f:95:fb:3a:b9',name=b'ap2-eth2',config=0,state=4,curr=2112,advertised=0,supported=0,peer=0,curr_speed=10000000,max_speed=0)
---> OFPPortStatus received: reason=DELETE desc=OFPPort(port_no=2,hw_addr='4e:5f:8b:b6:f1:4b',name=b'ap1-eth2',config=0,state=4,curr=2112,advertised=0,supported=0,peer=0,curr_speed=10000000,max_speed=0)
---> OFPPortStatus received: reason=DELETE desc=OFPPort(port_no=2,hw_addr='e2:b7:dc:6f:e5:3e',name=b'ap3-eth2',config=0,state=4,curr=2112,advertised=0,supported=0,peer=0,curr_speed=10000000,max_speed=0)
---> OFPPortStatus received: reason=DELETE desc=OFPPort(port_no=3,hw_addr='02:23:cf:95:c7:a2',name=b'ap1-eth3',config=0,state=4,curr=2112,advertised=0,supported=0,peer=0,curr_speed=10000000,max_speed=0)
---> OFPPortStatus received: reason=DELETE desc=OFPPort(port_no=3,hw_addr='92:23:85:00:aa:8d',name=b'ap3-eth3',config=0,state=4,curr=2112,advertised=0,supported=0,peer=0,curr_speed=10000000,max_speed=0)
---> OFPPortStatus received: reason=DELETE desc=OFPPort(port_no=3,hw_addr='d2:38:8c:b5:af:e7',name=b'ap2-eth3',config=0,state=4,curr=2112,advertised=0,supported=0,peer=0,curr_speed=10000000,max_speed=0)
discovery--->==================================== discovery ====================================
discovery---> cls: []
discovery--->=============================================================================
==================================== link detector ====================================

----------------------------
src    dst :    delay
1 <---> 2 : 7.713556289672852
1 <---> 3 : 9.974241256713867
2 <---> 1 : 8.260011672973633
2 <---> 3 : 6.181478500366211
3 <---> 1 : 8.84866714477539
3 <---> 2 : 7.127046585083008
discovery--->==================================== discovery ====================================
discovery---> cls: []
discovery--->=============================================================================
==================================== link detector ====================================

----------------------------
src    dst :    delay
1 <---> 2 : 7.713556289672852
1 <---> 3 : 9.974241256713867
2 <---> 1 : 8.260011672973633
2 <---> 3 : 6.181478500366211
3 <---> 1 : 8.84866714477539
3 <---> 2 : 7.127046585083008
==================================== link detector ====================================

----------------------------
src    dst :    delay
1 <---> 2 : 7.713556289672852
1 <---> 3 : 9.974241256713867
2 <---> 1 : 8.260011672973633
2 <---> 3 : 6.181478500366211
3 <---> 1 : 8.84866714477539
3 <---> 2 : 7.127046585083008
discovery--->==================================== discovery ====================================
discovery---> cls: []
discovery--->=============================================================================
==================================== link detector ====================================

----------------------------
src    dst :    delay
1 <---> 2 : 7.713556289672852
1 <---> 3 : 9.974241256713867
2 <---> 1 : 8.260011672973633
2 <---> 3 : 6.181478500366211
3 <---> 1 : 8.84866714477539
3 <---> 2 : 7.127046585083008
==================================== link detector ====================================

----------------------------
src    dst :    delay
1 <---> 2 : 7.713556289672852
1 <---> 3 : 9.974241256713867
2 <---> 1 : 8.260011672973633
2 <---> 3 : 6.181478500366211
3 <---> 1 : 8.84866714477539
3 <---> 2 : 7.127046585083008
discovery--->==================================== discovery ====================================
discovery---> cls: []
discovery--->=============================================================================
==================================== link detector ====================================

----------------------------
src    dst :    delay
1 <---> 2 : 7.713556289672852
1 <---> 3 : 9.974241256713867
2 <---> 1 : 8.260011672973633
2 <---> 3 : 6.181478500366211
3 <---> 1 : 8.84866714477539
3 <---> 2 : 7.127046585083008
discovery--->==================================== discovery ====================================
discovery---> cls: []
discovery--->=============================================================================
==================================== link detector ====================================

----------------------------
src    dst :    delay
1 <---> 2 : 7.713556289672852
1 <---> 3 : 9.974241256713867
2 <---> 1 : 8.260011672973633
2 <---> 3 : 6.181478500366211
3 <---> 1 : 8.84866714477539
3 <---> 2 : 7.127046585083008
==================================== link detector ====================================

----------------------------
src    dst :    delay
1 <---> 2 : 7.713556289672852
1 <---> 3 : 9.974241256713867
2 <---> 1 : 8.260011672973633
2 <---> 3 : 6.181478500366211
3 <---> 1 : 8.84866714477539
3 <---> 2 : 7.127046585083008
discovery--->==================================== discovery ====================================
discovery---> cls: []
discovery--->=============================================================================
==================================== link detector ====================================

----------------------------
src    dst :    delay
1 <---> 2 : 7.713556289672852
1 <---> 3 : 9.974241256713867
2 <---> 1 : 8.260011672973633
2 <---> 3 : 6.181478500366211
3 <---> 1 : 8.84866714477539
3 <---> 2 : 7.127046585083008
discovery--->==================================== discovery ====================================
discovery---> cls: []
discovery--->=============================================================================
==================================== link detector ====================================

----------------------------
src    dst :    delay
1 <---> 2 : 7.713556289672852
1 <---> 3 : 9.974241256713867
2 <---> 1 : 8.260011672973633
2 <---> 3 : 6.181478500366211
3 <---> 1 : 8.84866714477539
3 <---> 2 : 7.127046585083008
==================================== link detector ====================================

----------------------------
src    dst :    delay
1 <---> 2 : 7.713556289672852
1 <---> 3 : 9.974241256713867
2 <---> 1 : 8.260011672973633
2 <---> 3 : 6.181478500366211
3 <---> 1 : 8.84866714477539
3 <---> 2 : 7.127046585083008
discovery--->==================================== discovery ====================================
discovery---> cls: []
discovery--->=============================================================================
==================================== link detector ====================================

----------------------------
src    dst :    delay
1 <---> 2 : 7.713556289672852
1 <---> 3 : 9.974241256713867
2 <---> 1 : 8.260011672973633
2 <---> 3 : 6.181478500366211
3 <---> 1 : 8.84866714477539
3 <---> 2 : 7.127046585083008
discovery--->==================================== discovery ====================================
discovery---> cls: []
discovery--->=============================================================================
==================================== link detector ====================================

----------------------------
src    dst :    delay
1 <---> 2 : 7.713556289672852
1 <---> 3 : 9.974241256713867
2 <---> 1 : 8.260011672973633
2 <---> 3 : 6.181478500366211
3 <---> 1 : 8.84866714477539
3 <---> 2 : 7.127046585083008
==================================== link detector ====================================

----------------------------
src    dst :    delay
1 <---> 2 : 7.713556289672852
1 <---> 3 : 9.974241256713867
2 <---> 1 : 8.260011672973633
2 <---> 3 : 6.181478500366211
3 <---> 1 : 8.84866714477539
3 <---> 2 : 7.127046585083008
discovery--->==================================== discovery ====================================
discovery---> cls: []
discovery--->=============================================================================
==================================== link detector ====================================

----------------------------
src    dst :    delay
1 <---> 2 : 7.713556289672852
1 <---> 3 : 9.974241256713867
2 <---> 1 : 8.260011672973633
2 <---> 3 : 6.181478500366211
3 <---> 1 : 8.84866714477539
3 <---> 2 : 7.127046585083008
==================================== link detector ====================================

----------------------------
src    dst :    delay
1 <---> 2 : 7.713556289672852
1 <---> 3 : 9.974241256713867
2 <---> 1 : 8.260011672973633
2 <---> 3 : 6.181478500366211
3 <---> 1 : 8.84866714477539
3 <---> 2 : 7.127046585083008
discovery--->==================================== discovery ====================================
discovery---> cls: []
discovery--->=============================================================================
==================================== link detector ====================================

----------------------------
src    dst :    delay
1 <---> 2 : 7.713556289672852
1 <---> 3 : 9.974241256713867
2 <---> 1 : 8.260011672973633
2 <---> 3 : 6.181478500366211
3 <---> 1 : 8.84866714477539
3 <---> 2 : 7.127046585083008
discovery--->==================================== discovery ====================================
discovery---> cls: []
discovery--->=============================================================================
==================================== link detector ====================================

----------------------------
src    dst :    delay
1 <---> 2 : 7.713556289672852
1 <---> 3 : 9.974241256713867
2 <---> 1 : 8.260011672973633
2 <---> 3 : 6.181478500366211
3 <---> 1 : 8.84866714477539
3 <---> 2 : 7.127046585083008
==================================== link detector ====================================

----------------------------
src    dst :    delay
1 <---> 2 : 7.713556289672852
1 <---> 3 : 9.974241256713867
2 <---> 1 : 8.260011672973633
2 <---> 3 : 6.181478500366211
3 <---> 1 : 8.84866714477539
3 <---> 2 : 7.127046585083008
discovery--->==================================== discovery ====================================
discovery---> cls: []
discovery--->=============================================================================
==================================== link detector ====================================

----------------------------
src    dst :    delay
1 <---> 2 : 7.713556289672852
1 <---> 3 : 9.974241256713867
2 <---> 1 : 8.260011672973633
2 <---> 3 : 6.181478500366211
3 <---> 1 : 8.84866714477539
3 <---> 2 : 7.127046585083008
discovery--->==================================== discovery ====================================
discovery---> cls: []
discovery--->=============================================================================
==================================== link detector ====================================

----------------------------
src    dst :    delay
1 <---> 2 : 7.713556289672852
1 <---> 3 : 9.974241256713867
2 <---> 1 : 8.260011672973633
2 <---> 3 : 6.181478500366211
3 <---> 1 : 8.84866714477539
3 <---> 2 : 7.127046585083008
==================================== link detector ====================================

----------------------------
src    dst :    delay
1 <---> 2 : 7.713556289672852
1 <---> 3 : 9.974241256713867
2 <---> 1 : 8.260011672973633
2 <---> 3 : 6.181478500366211
3 <---> 1 : 8.84866714477539
3 <---> 2 : 7.127046585083008
discovery--->==================================== discovery ====================================
discovery---> cls: []
discovery--->=============================================================================
==================================== link detector ====================================

----------------------------
src    dst :    delay
1 <---> 2 : 7.713556289672852
1 <---> 3 : 9.974241256713867
2 <---> 1 : 8.260011672973633
2 <---> 3 : 6.181478500366211
3 <---> 1 : 8.84866714477539
3 <---> 2 : 7.127046585083008
==================================== link detector ====================================

----------------------------
src    dst :    delay
1 <---> 2 : 7.713556289672852
1 <---> 3 : 9.974241256713867
2 <---> 1 : 8.260011672973633
2 <---> 3 : 6.181478500366211
3 <---> 1 : 8.84866714477539
3 <---> 2 : 7.127046585083008
discovery--->==================================== discovery ====================================
discovery---> cls: []
discovery--->=============================================================================
==================================== link detector ====================================

----------------------------
src    dst :    delay
1 <---> 2 : 7.713556289672852
1 <---> 3 : 9.974241256713867
2 <---> 1 : 8.260011672973633
2 <---> 3 : 6.181478500366211
3 <---> 1 : 8.84866714477539
3 <---> 2 : 7.127046585083008
discovery--->==================================== discovery ====================================
discovery---> cls: []
discovery--->=============================================================================
==================================== link detector ====================================

----------------------------
src    dst :    delay
1 <---> 2 : 7.713556289672852
1 <---> 3 : 9.974241256713867
2 <---> 1 : 8.260011672973633
2 <---> 3 : 6.181478500366211
3 <---> 1 : 8.84866714477539
3 <---> 2 : 7.127046585083008
==================================== link detector ====================================

----------------------------
src    dst :    delay
1 <---> 2 : 7.713556289672852
1 <---> 3 : 9.974241256713867
2 <---> 1 : 8.260011672973633
2 <---> 3 : 6.181478500366211
3 <---> 1 : 8.84866714477539
3 <---> 2 : 7.127046585083008
discovery--->==================================== discovery ====================================
discovery---> cls: []
discovery--->=============================================================================
==================================== link detector ====================================

----------------------------
src    dst :    delay
1 <---> 2 : 7.713556289672852
1 <---> 3 : 9.974241256713867
2 <---> 1 : 8.260011672973633
2 <---> 3 : 6.181478500366211
3 <---> 1 : 8.84866714477539
3 <---> 2 : 7.127046585083008
discovery--->==================================== discovery ====================================
discovery---> cls: []
discovery--->=============================================================================
==================================== link detector ====================================

----------------------------
src    dst :    delay
1 <---> 2 : 7.713556289672852
1 <---> 3 : 9.974241256713867
2 <---> 1 : 8.260011672973633
2 <---> 3 : 6.181478500366211
3 <---> 1 : 8.84866714477539
3 <---> 2 : 7.127046585083008
==================================== link detector ====================================

----------------------------
src    dst :    delay
1 <---> 2 : 7.713556289672852
1 <---> 3 : 9.974241256713867
2 <---> 1 : 8.260011672973633
2 <---> 3 : 6.181478500366211
3 <---> 1 : 8.84866714477539
3 <---> 2 : 7.127046585083008
discovery--->==================================== discovery ====================================
discovery---> cls: []
discovery--->=============================================================================
==================================== link detector ====================================

----------------------------
src    dst :    delay
1 <---> 2 : 7.713556289672852
1 <---> 3 : 9.974241256713867
2 <---> 1 : 8.260011672973633
2 <---> 3 : 6.181478500366211
3 <---> 1 : 8.84866714477539
3 <---> 2 : 7.127046585083008
==================================== link detector ====================================

----------------------------
src    dst :    delay
1 <---> 2 : 7.713556289672852
1 <---> 3 : 9.974241256713867
2 <---> 1 : 8.260011672973633
2 <---> 3 : 6.181478500366211
3 <---> 1 : 8.84866714477539
3 <---> 2 : 7.127046585083008
discovery--->==================================== discovery ====================================
discovery---> cls: []
discovery--->=============================================================================
==================================== link detector ====================================

----------------------------
src    dst :    delay
1 <---> 2 : 7.713556289672852
1 <---> 3 : 9.974241256713867
2 <---> 1 : 8.260011672973633
2 <---> 3 : 6.181478500366211
3 <---> 1 : 8.84866714477539
3 <---> 2 : 7.127046585083008
discovery--->==================================== discovery ====================================
discovery---> cls: []
discovery--->=============================================================================
==================================== link detector ====================================

----------------------------
src    dst :    delay
1 <---> 2 : 7.713556289672852
1 <---> 3 : 9.974241256713867
2 <---> 1 : 8.260011672973633
2 <---> 3 : 6.181478500366211
3 <---> 1 : 8.84866714477539
3 <---> 2 : 7.127046585083008
==================================== link detector ====================================

----------------------------
src    dst :    delay
1 <---> 2 : 7.713556289672852
1 <---> 3 : 9.974241256713867
2 <---> 1 : 8.260011672973633
2 <---> 3 : 6.181478500366211
3 <---> 1 : 8.84866714477539
3 <---> 2 : 7.127046585083008
discovery--->==================================== discovery ====================================
discovery---> cls: []
discovery--->=============================================================================
==================================== link detector ====================================

----------------------------
src    dst :    delay
1 <---> 2 : 7.713556289672852
1 <---> 3 : 9.974241256713867
2 <---> 1 : 8.260011672973633
2 <---> 3 : 6.181478500366211
3 <---> 1 : 8.84866714477539
3 <---> 2 : 7.127046585083008
discovery--->==================================== discovery ====================================
discovery---> cls: []
discovery--->=============================================================================
==================================== link detector ====================================

----------------------------
src    dst :    delay
1 <---> 2 : 7.713556289672852
1 <---> 3 : 9.974241256713867
2 <---> 1 : 8.260011672973633
2 <---> 3 : 6.181478500366211
3 <---> 1 : 8.84866714477539
3 <---> 2 : 7.127046585083008
==================================== link detector ====================================

----------------------------
src    dst :    delay
1 <---> 2 : 7.713556289672852
1 <---> 3 : 9.974241256713867
2 <---> 1 : 8.260011672973633
2 <---> 3 : 6.181478500366211
3 <---> 1 : 8.84866714477539
3 <---> 2 : 7.127046585083008
discovery--->==================================== discovery ====================================
discovery---> cls: []
discovery--->=============================================================================
==================================== link detector ====================================

----------------------------
src    dst :    delay
1 <---> 2 : 7.713556289672852
1 <---> 3 : 9.974241256713867
2 <---> 1 : 8.260011672973633
2 <---> 3 : 6.181478500366211
3 <---> 1 : 8.84866714477539
3 <---> 2 : 7.127046585083008
discovery--->==================================== discovery ====================================
discovery---> cls: []
discovery--->=============================================================================
==================================== link detector ====================================

----------------------------
src    dst :    delay
1 <---> 2 : 7.713556289672852
1 <---> 3 : 9.974241256713867
2 <---> 1 : 8.260011672973633
2 <---> 3 : 6.181478500366211
3 <---> 1 : 8.84866714477539
3 <---> 2 : 7.127046585083008
==================================== link detector ====================================

----------------------------
src    dst :    delay
1 <---> 2 : 7.713556289672852
1 <---> 3 : 9.974241256713867
2 <---> 1 : 8.260011672973633
2 <---> 3 : 6.181478500366211
3 <---> 1 : 8.84866714477539
3 <---> 2 : 7.127046585083008
discovery--->==================================== discovery ====================================
discovery---> cls: []
discovery--->=============================================================================
==================================== link detector ====================================

----------------------------
src    dst :    delay
1 <---> 2 : 7.713556289672852
1 <---> 3 : 9.974241256713867
2 <---> 1 : 8.260011672973633
2 <---> 3 : 6.181478500366211
3 <---> 1 : 8.84866714477539
3 <---> 2 : 7.127046585083008
==================================== link detector ====================================

----------------------------
src    dst :    delay
1 <---> 2 : 7.713556289672852
1 <---> 3 : 9.974241256713867
2 <---> 1 : 8.260011672973633
2 <---> 3 : 6.181478500366211
3 <---> 1 : 8.84866714477539
3 <---> 2 : 7.127046585083008
discovery--->==================================== discovery ====================================
discovery---> cls: []
discovery--->=============================================================================
==================================== link detector ====================================

----------------------------
src    dst :    delay
1 <---> 2 : 7.713556289672852
1 <---> 3 : 9.974241256713867
2 <---> 1 : 8.260011672973633
2 <---> 3 : 6.181478500366211
3 <---> 1 : 8.84866714477539
3 <---> 2 : 7.127046585083008
discovery--->==================================== discovery ====================================
discovery---> cls: []
discovery--->=============================================================================
==================================== link detector ====================================

----------------------------
src    dst :    delay
1 <---> 2 : 7.713556289672852
1 <---> 3 : 9.974241256713867
2 <---> 1 : 8.260011672973633
2 <---> 3 : 6.181478500366211
3 <---> 1 : 8.84866714477539
3 <---> 2 : 7.127046585083008
==================================== link detector ====================================

----------------------------
src    dst :    delay
1 <---> 2 : 7.713556289672852
1 <---> 3 : 9.974241256713867
2 <---> 1 : 8.260011672973633
2 <---> 3 : 6.181478500366211
3 <---> 1 : 8.84866714477539
3 <---> 2 : 7.127046585083008
discovery--->==================================== discovery ====================================
discovery---> cls: []
discovery--->=============================================================================
==================================== link detector ====================================

----------------------------
src    dst :    delay
1 <---> 2 : 7.713556289672852
1 <---> 3 : 9.974241256713867
2 <---> 1 : 8.260011672973633
2 <---> 3 : 6.181478500366211
3 <---> 1 : 8.84866714477539
3 <---> 2 : 7.127046585083008
discovery--->==================================== discovery ====================================
discovery---> cls: []
discovery--->=============================================================================
==================================== link detector ====================================

----------------------------
src    dst :    delay
1 <---> 2 : 7.713556289672852
1 <---> 3 : 9.974241256713867
2 <---> 1 : 8.260011672973633
2 <---> 3 : 6.181478500366211
3 <---> 1 : 8.84866714477539
3 <---> 2 : 7.127046585083008
==================================== link detector ====================================

----------------------------
src    dst :    delay
1 <---> 2 : 7.713556289672852
1 <---> 3 : 9.974241256713867
2 <---> 1 : 8.260011672973633
2 <---> 3 : 6.181478500366211
3 <---> 1 : 8.84866714477539
3 <---> 2 : 7.127046585083008
discovery--->==================================== discovery ====================================
discovery---> cls: []
discovery--->=============================================================================
==================================== link detector ====================================

----------------------------
src    dst :    delay
1 <---> 2 : 7.713556289672852
1 <---> 3 : 9.974241256713867
2 <---> 1 : 8.260011672973633
2 <---> 3 : 6.181478500366211
3 <---> 1 : 8.84866714477539
3 <---> 2 : 7.127046585083008
==================================== link detector ====================================

----------------------------
src    dst :    delay
1 <---> 2 : 7.713556289672852
1 <---> 3 : 9.974241256713867
2 <---> 1 : 8.260011672973633
2 <---> 3 : 6.181478500366211
3 <---> 1 : 8.84866714477539
3 <---> 2 : 7.127046585083008
discovery--->==================================== discovery ====================================
discovery---> cls: []
discovery--->=============================================================================
==================================== link detector ====================================

----------------------------
src    dst :    delay
1 <---> 2 : 7.713556289672852
1 <---> 3 : 9.974241256713867
2 <---> 1 : 8.260011672973633
2 <---> 3 : 6.181478500366211
3 <---> 1 : 8.84866714477539
3 <---> 2 : 7.127046585083008
discovery--->==================================== discovery ====================================
discovery---> cls: []
discovery--->=============================================================================
==================================== link detector ====================================

----------------------------
src    dst :    delay
1 <---> 2 : 7.713556289672852
1 <---> 3 : 9.974241256713867
2 <---> 1 : 8.260011672973633
2 <---> 3 : 6.181478500366211
3 <---> 1 : 8.84866714477539
3 <---> 2 : 7.127046585083008
==================================== link detector ====================================

----------------------------
src    dst :    delay
1 <---> 2 : 7.713556289672852
1 <---> 3 : 9.974241256713867
2 <---> 1 : 8.260011672973633
2 <---> 3 : 6.181478500366211
3 <---> 1 : 8.84866714477539
3 <---> 2 : 7.127046585083008
discovery--->==================================== discovery ====================================
discovery---> cls: []
discovery--->=============================================================================
==================================== link detector ====================================

----------------------------
src    dst :    delay
1 <---> 2 : 7.713556289672852
1 <---> 3 : 9.974241256713867
2 <---> 1 : 8.260011672973633
2 <---> 3 : 6.181478500366211
3 <---> 1 : 8.84866714477539
3 <---> 2 : 7.127046585083008
discovery--->==================================== discovery ====================================
discovery---> cls: []
discovery--->=============================================================================
==================================== link detector ====================================

----------------------------
src    dst :    delay
1 <---> 2 : 7.713556289672852
1 <---> 3 : 9.974241256713867
2 <---> 1 : 8.260011672973633
2 <---> 3 : 6.181478500366211
3 <---> 1 : 8.84866714477539
3 <---> 2 : 7.127046585083008
==================================== link detector ====================================

----------------------------
src    dst :    delay
1 <---> 2 : 7.713556289672852
1 <---> 3 : 9.974241256713867
2 <---> 1 : 8.260011672973633
2 <---> 3 : 6.181478500366211
3 <---> 1 : 8.84866714477539
3 <---> 2 : 7.127046585083008
discovery--->==================================== discovery ====================================
discovery---> cls: []
discovery--->=============================================================================
==================================== link detector ====================================

----------------------------
src    dst :    delay
1 <---> 2 : 7.713556289672852
1 <---> 3 : 9.974241256713867
2 <---> 1 : 8.260011672973633
2 <---> 3 : 6.181478500366211
3 <---> 1 : 8.84866714477539
3 <---> 2 : 7.127046585083008
discovery--->==================================== discovery ====================================
discovery---> cls: []
discovery--->=============================================================================
==================================== link detector ====================================

----------------------------
src    dst :    delay
1 <---> 2 : 7.713556289672852
1 <---> 3 : 9.974241256713867
2 <---> 1 : 8.260011672973633
2 <---> 3 : 6.181478500366211
3 <---> 1 : 8.84866714477539
3 <---> 2 : 7.127046585083008
==================================== link detector ====================================

----------------------------
src    dst :    delay
1 <---> 2 : 7.713556289672852
1 <---> 3 : 9.974241256713867
2 <---> 1 : 8.260011672973633
2 <---> 3 : 6.181478500366211
3 <---> 1 : 8.84866714477539
3 <---> 2 : 7.127046585083008
discovery--->==================================== discovery ====================================
discovery---> cls: []
discovery--->=============================================================================
==================================== link detector ====================================

----------------------------
src    dst :    delay
1 <---> 2 : 7.713556289672852
1 <---> 3 : 9.974241256713867
2 <---> 1 : 8.260011672973633
2 <---> 3 : 6.181478500366211
3 <---> 1 : 8.84866714477539
3 <---> 2 : 7.127046585083008
==================================== link detector ====================================

----------------------------
src    dst :    delay
1 <---> 2 : 7.713556289672852
1 <---> 3 : 9.974241256713867
2 <---> 1 : 8.260011672973633
2 <---> 3 : 6.181478500366211
3 <---> 1 : 8.84866714477539
3 <---> 2 : 7.127046585083008
discovery--->==================================== discovery ====================================
discovery---> cls: []
discovery--->=============================================================================
==================================== link detector ====================================

----------------------------
src    dst :    delay
1 <---> 2 : 7.713556289672852
1 <---> 3 : 9.974241256713867
2 <---> 1 : 8.260011672973633
2 <---> 3 : 6.181478500366211
3 <---> 1 : 8.84866714477539
3 <---> 2 : 7.127046585083008
discovery--->==================================== discovery ====================================
discovery---> cls: []
discovery--->=============================================================================
==================================== link detector ====================================

----------------------------
src    dst :    delay
1 <---> 2 : 7.713556289672852
1 <---> 3 : 9.974241256713867
2 <---> 1 : 8.260011672973633
2 <---> 3 : 6.181478500366211
3 <---> 1 : 8.84866714477539
3 <---> 2 : 7.127046585083008
==================================== link detector ====================================

----------------------------
src    dst :    delay
1 <---> 2 : 7.713556289672852
1 <---> 3 : 9.974241256713867
2 <---> 1 : 8.260011672973633
2 <---> 3 : 6.181478500366211
3 <---> 1 : 8.84866714477539
3 <---> 2 : 7.127046585083008
discovery--->==================================== discovery ====================================
discovery---> cls: []
discovery--->=============================================================================
==================================== link detector ====================================

----------------------------
src    dst :    delay
1 <---> 2 : 7.713556289672852
1 <---> 3 : 9.974241256713867
2 <---> 1 : 8.260011672973633
2 <---> 3 : 6.181478500366211
3 <---> 1 : 8.84866714477539
3 <---> 2 : 7.127046585083008
discovery--->==================================== discovery ====================================
discovery---> cls: []
discovery--->=============================================================================
==================================== link detector ====================================

----------------------------
src    dst :    delay
1 <---> 2 : 7.713556289672852
1 <---> 3 : 9.974241256713867
2 <---> 1 : 8.260011672973633
2 <---> 3 : 6.181478500366211
3 <---> 1 : 8.84866714477539
3 <---> 2 : 7.127046585083008
==================================== link detector ====================================

----------------------------
src    dst :    delay
1 <---> 2 : 7.713556289672852
1 <---> 3 : 9.974241256713867
2 <---> 1 : 8.260011672973633
2 <---> 3 : 6.181478500366211
3 <---> 1 : 8.84866714477539
3 <---> 2 : 7.127046585083008
discovery--->==================================== discovery ====================================
discovery---> cls: []
discovery--->=============================================================================
==================================== link detector ====================================

----------------------------
src    dst :    delay
1 <---> 2 : 7.713556289672852
1 <---> 3 : 9.974241256713867
2 <---> 1 : 8.260011672973633
2 <---> 3 : 6.181478500366211
3 <---> 1 : 8.84866714477539
3 <---> 2 : 7.127046585083008
==================================== link detector ====================================

----------------------------
src    dst :    delay
1 <---> 2 : 7.713556289672852
1 <---> 3 : 9.974241256713867
2 <---> 1 : 8.260011672973633
2 <---> 3 : 6.181478500366211
3 <---> 1 : 8.84866714477539
3 <---> 2 : 7.127046585083008
discovery--->==================================== discovery ====================================
discovery---> cls: []
discovery--->=============================================================================
==================================== link detector ====================================

----------------------------
src    dst :    delay
1 <---> 2 : 7.713556289672852
1 <---> 3 : 9.974241256713867
2 <---> 1 : 8.260011672973633
2 <---> 3 : 6.181478500366211
3 <---> 1 : 8.84866714477539
3 <---> 2 : 7.127046585083008
discovery--->==================================== discovery ====================================
discovery---> cls: []
discovery--->=============================================================================
==================================== link detector ====================================

----------------------------
src    dst :    delay
1 <---> 2 : 7.713556289672852
1 <---> 3 : 9.974241256713867
2 <---> 1 : 8.260011672973633
2 <---> 3 : 6.181478500366211
3 <---> 1 : 8.84866714477539
3 <---> 2 : 7.127046585083008
==================================== link detector ====================================

----------------------------
src    dst :    delay
1 <---> 2 : 7.713556289672852
1 <---> 3 : 9.974241256713867
2 <---> 1 : 8.260011672973633
2 <---> 3 : 6.181478500366211
3 <---> 1 : 8.84866714477539
3 <---> 2 : 7.127046585083008
discovery--->==================================== discovery ====================================
discovery---> cls: []
discovery--->=============================================================================
==================================== link detector ====================================

----------------------------
src    dst :    delay
1 <---> 2 : 7.713556289672852
1 <---> 3 : 9.974241256713867
2 <---> 1 : 8.260011672973633
2 <---> 3 : 6.181478500366211
3 <---> 1 : 8.84866714477539
3 <---> 2 : 7.127046585083008
discovery--->==================================== discovery ====================================
discovery---> cls: []
discovery--->=============================================================================
==================================== link detector ====================================

----------------------------
src    dst :    delay
1 <---> 2 : 7.713556289672852
1 <---> 3 : 9.974241256713867
2 <---> 1 : 8.260011672973633
2 <---> 3 : 6.181478500366211
3 <---> 1 : 8.84866714477539
3 <---> 2 : 7.127046585083008
==================================== link detector ====================================

----------------------------
src    dst :    delay
1 <---> 2 : 7.713556289672852
1 <---> 3 : 9.974241256713867
2 <---> 1 : 8.260011672973633
2 <---> 3 : 6.181478500366211
3 <---> 1 : 8.84866714477539
3 <---> 2 : 7.127046585083008
discovery--->==================================== discovery ====================================
discovery---> cls: []
discovery--->=============================================================================
==================================== link detector ====================================

----------------------------
src    dst :    delay
1 <---> 2 : 7.713556289672852
1 <---> 3 : 9.974241256713867
2 <---> 1 : 8.260011672973633
2 <---> 3 : 6.181478500366211
3 <---> 1 : 8.84866714477539
3 <---> 2 : 7.127046585083008
==================================== link detector ====================================

----------------------------
src    dst :    delay
1 <---> 2 : 7.713556289672852
1 <---> 3 : 9.974241256713867
2 <---> 1 : 8.260011672973633
2 <---> 3 : 6.181478500366211
3 <---> 1 : 8.84866714477539
3 <---> 2 : 7.127046585083008
discovery--->==================================== discovery ====================================
discovery---> cls: []
discovery--->=============================================================================
==================================== link detector ====================================

----------------------------
src    dst :    delay
1 <---> 2 : 7.713556289672852
1 <---> 3 : 9.974241256713867
2 <---> 1 : 8.260011672973633
2 <---> 3 : 6.181478500366211
3 <---> 1 : 8.84866714477539
3 <---> 2 : 7.127046585083008
discovery--->==================================== discovery ====================================
discovery---> cls: []
discovery--->=============================================================================
==================================== link detector ====================================

----------------------------
src    dst :    delay
1 <---> 2 : 7.713556289672852
1 <---> 3 : 9.974241256713867
2 <---> 1 : 8.260011672973633
2 <---> 3 : 6.181478500366211
3 <---> 1 : 8.84866714477539
3 <---> 2 : 7.127046585083008
==================================== link detector ====================================

----------------------------
src    dst :    delay
1 <---> 2 : 7.713556289672852
1 <---> 3 : 9.974241256713867
2 <---> 1 : 8.260011672973633
2 <---> 3 : 6.181478500366211
3 <---> 1 : 8.84866714477539
3 <---> 2 : 7.127046585083008
discovery--->==================================== discovery ====================================
discovery---> cls: []
discovery--->=============================================================================
==================================== link detector ====================================

----------------------------
src    dst :    delay
1 <---> 2 : 7.713556289672852
1 <---> 3 : 9.974241256713867
2 <---> 1 : 8.260011672973633
2 <---> 3 : 6.181478500366211
3 <---> 1 : 8.84866714477539
3 <---> 2 : 7.127046585083008
discovery--->==================================== discovery ====================================
discovery---> cls: []
discovery--->=============================================================================
==================================== link detector ====================================

----------------------------
src    dst :    delay
1 <---> 2 : 7.713556289672852
1 <---> 3 : 9.974241256713867
2 <---> 1 : 8.260011672973633
2 <---> 3 : 6.181478500366211
3 <---> 1 : 8.84866714477539
3 <---> 2 : 7.127046585083008
==================================== link detector ====================================

----------------------------
src    dst :    delay
1 <---> 2 : 7.713556289672852
1 <---> 3 : 9.974241256713867
2 <---> 1 : 8.260011672973633
2 <---> 3 : 6.181478500366211
3 <---> 1 : 8.84866714477539
3 <---> 2 : 7.127046585083008
discovery--->==================================== discovery ====================================
discovery---> cls: []
discovery--->=============================================================================
==================================== link detector ====================================

----------------------------
src    dst :    delay
1 <---> 2 : 7.713556289672852
1 <---> 3 : 9.974241256713867
2 <---> 1 : 8.260011672973633
2 <---> 3 : 6.181478500366211
3 <---> 1 : 8.84866714477539
3 <---> 2 : 7.127046585083008
