loading app network_structure.py
Matplotlib created a temporary config/cache directory at /tmp/matplotlib-4hclyyft because the default path (/home/terry/.config/matplotlib) is not a writable directory; it is highly recommended to set the MPLCONFIGDIR environment variable to a writable directory, in particular to speed up the import of Matplotlib and to better support multiprocessing.
Generating new fontManager, this may take some time...
Failed to extract font properties from /usr/share/fonts/truetype/noto/NotoColorEmoji.ttf: In FT2Font: Can not load face.  Unknown file format.
loading app network_monitor.py
loading app network_delay.py
loading app network_shortest_path.py
loading app arp_handler.py
loading app ryu.controller.ofp_handler
instantiating app None of Switches
creating context switches
instantiating app network_structure.py of NetworkStructure
instantiating app network_monitor.py of NetworkMonitor
instantiating app network_delay.py of NetworkDelay
instantiating app network_shortest_path.py of NetworkShortestPath
instantiating app arp_handler.py of ArpHandler
instantiating app ryu.controller.ofp_handler of OFPHandler
discovery---> AccessPoint: 1 connected
discovery---> AccessPoint: 1 connected
discovery---> AccessPoint: 2 connected
discovery---> AccessPoint: 3 connected
discovery---> AccessPoint: 3 connected
discovery---> AccessPoint: 3 connected
monitor---->register datapath: 1000000000000002
monitor---->register datapath: 1000000000000001
monitor---->register datapath: 1000000000000006
monitor---->register datapath: 1000000000000004
monitor---->register datapath: 1000000000000005
monitor---->register datapath: 1000000000000003
==================================== link detector ====================================

----------------------------
src    dst :    delay
6 <---> 2 : 4.80961799621582
6 <---> 3 : 2.9282569885253906
1 <---> 2 : 4.447221755981445
1 <---> 5 : 3.1266212463378906
2 <---> 5 : 4.357814788818359
2 <---> 6 : 3.082752227783203
2 <---> 1 : 3.1256675720214844
2 <---> 3 : 3.242969512939453
5 <---> 4 : 3.088712692260742
5 <---> 2 : 2.5577545166015625
5 <---> 1 : 3.411531448364258
3 <---> 4 : 3.534555435180664
3 <---> 2 : 3.374814987182617
3 <---> 6 : 3.07464599609375
4 <---> 3 : 2.3746490478515625
4 <---> 5 : 4.17327880859375
discovery--->==================================== discovery ====================================
discovery---> cls: [(6, 2), (6, 3), (2, 1), (2, 5), (2, 3), (1, 5), (3, 4), (5, 4)]
discovery--->=============================================================================
datapath         port     rx-pkts  rx-bytes rx-error tx-pkts  tx-bytes tx-error
---------------- -------- -------- -------- -------- -------- -------- --------
0000000000000002        1        0        0        0        4      312        0
0000000000000002        2       35     4748        0       36     4808        0
0000000000000002        3       35     4748        0       35     4738        0
0000000000000002        4       36     4808        0       35     4748        0
0000000000000002        5       35     4748        0       36     4808        0
datapath         in-port  eth-dst           out-port packets  bytes
---------------- -------- ----------------- -------- -------- --------
datapath         port     rx-pkts  rx-bytes rx-error tx-pkts  tx-bytes tx-error
---------------- -------- -------- -------- -------- -------- -------- --------
0000000000000006        1        0        0        0        4      312        0
0000000000000006        2       36     4808        0       35     4748        0
0000000000000006        3       36     4808        0       35     4748        0
datapath         in-port  eth-dst           out-port packets  bytes
---------------- -------- ----------------- -------- -------- --------
datapath         port     rx-pkts  rx-bytes rx-error tx-pkts  tx-bytes tx-error
---------------- -------- -------- -------- -------- -------- -------- --------
0000000000000005        1        0        0        0        4      312        0
0000000000000005        2       35     4748        0       36     4808        0
0000000000000005        3       35     4748        0       36     4808        0
0000000000000005        4       36     4808        0       35     4748        0
datapath         in-port  eth-dst           out-port packets  bytes
---------------- -------- ----------------- -------- -------- --------
datapath         port     rx-pkts  rx-bytes rx-error tx-pkts  tx-bytes tx-error
---------------- -------- -------- -------- -------- -------- -------- --------
0000000000000003        1        0        0        0        4      312        0
0000000000000003        2       35     4738        0       35     4748        0
0000000000000003        3       36     4808        0       35     4748        0
0000000000000003        4       35     4748        0       36     4808        0
datapath         in-port  eth-dst           out-port packets  bytes
---------------- -------- ----------------- -------- -------- --------
datapath         port     rx-pkts  rx-bytes rx-error tx-pkts  tx-bytes tx-error
---------------- -------- -------- -------- -------- -------- -------- --------
0000000000000001        1        0        0        0        4      312        0
0000000000000001        2       36     4808        0       35     4748        0
0000000000000001        3       36     4808        0       35     4748        0
datapath         in-port  eth-dst           out-port packets  bytes
---------------- -------- ----------------- -------- -------- --------
datapath         port     rx-pkts  rx-bytes rx-error tx-pkts  tx-bytes tx-error
---------------- -------- -------- -------- -------- -------- -------- --------
0000000000000004        1        0        0        0        4      312        0
0000000000000004        2       35     4748        0       36     4808        0
0000000000000004        3       35     4748        0       36     4808        0
datapath         in-port  eth-dst           out-port packets  bytes
---------------- -------- ----------------- -------- -------- --------
==================================== link detector ====================================

----------------------------
src    dst :    delay
6 <---> 2 : 3.313779830932617
6 <---> 3 : 2.3953914642333984
1 <---> 2 : 2.8738975524902344
1 <---> 5 : 3.084421157836914
2 <---> 5 : 3.569364547729492
2 <---> 6 : 2.4008750915527344
2 <---> 1 : 3.6377906799316406
2 <---> 3 : 2.4139881134033203
5 <---> 4 : 2.999544143676758
5 <---> 2 : 5.035877227783203
5 <---> 1 : 3.9756298065185547
3 <---> 4 : 2.5053024291992188
3 <---> 2 : 4.317998886108398
3 <---> 6 : 3.5877227783203125
4 <---> 3 : 2.3806095123291016
4 <---> 5 : 2.9909610748291016
==================================== link detector ====================================

----------------------------
src    dst :    delay
6 <---> 2 : 2.4995803833007812
6 <---> 3 : 3.8063526153564453
1 <---> 2 : 2.8715133666992188
1 <---> 5 : 2.1512508392333984
2 <---> 5 : 4.911899566650391
2 <---> 6 : 2.9211044311523438
2 <---> 1 : 3.3652782440185547
2 <---> 3 : 3.423929214477539
5 <---> 4 : 3.9343833923339844
5 <---> 2 : 3.7186145782470703
5 <---> 1 : 3.7097930908203125
3 <---> 4 : 3.434419631958008
3 <---> 2 : 3.3011436462402344
3 <---> 6 : 3.3583641052246094
4 <---> 3 : 2.561807632446289
4 <---> 5 : 2.3517608642578125
discovery--->==================================== discovery ====================================
discovery---> cls: [(6, 2), (6, 3), (2, 1), (2, 5), (2, 3), (1, 5), (3, 4), (5, 4)]
discovery--->=============================================================================
hub: uncaught exception: Traceback (most recent call last):
  File "/usr/local/lib/python3.6/dist-packages/ryu/lib/hub.py", line 60, in _launch
    return func(*args, **kwargs)
  File "/home/terry/LJQ/Task/ryu/network_monitor.py", line 60, in scheduler
    self.create_bandwidth_graph()
  File "/home/terry/LJQ/Task/ryu/network_monitor.py", line 324, in create_bandwidth_graph
    capacity = self.network_structure.m_graph[src_dpid][dst_dpid]['bw']
  File "/home/terry/.local/lib/python3.6/site-packages/networkx/classes/cls.py", line 465, in __getitem__
    return self.adj[n]
  File "/home/terry/.local/lib/python3.6/site-packages/networkx/classes/coreviews.py", line 79, in __getitem__
    return AtlasView(self._atlas[name])
KeyError: 6

datapath         port     rx-pkts  rx-bytes rx-error tx-pkts  tx-bytes tx-error
---------------- -------- -------- -------- -------- -------- -------- --------
0000000000000001        1        0        0        0        9      702        0
0000000000000001        2       40     5048        0       40     5048        0
0000000000000001        3       40     5048        0       40     5048        0
datapath         in-port  eth-dst           out-port packets  bytes
---------------- -------- ----------------- -------- -------- --------
datapath         port     rx-pkts  rx-bytes rx-error tx-pkts  tx-bytes tx-error
---------------- -------- -------- -------- -------- -------- -------- --------
0000000000000005        1        0        0        0        8      624        0
0000000000000005        2       40     5048        0       40     5048        0
0000000000000005        3       40     5048        0       40     5048        0
0000000000000005        4       40     5048        0       39     4988        0
datapath         in-port  eth-dst           out-port packets  bytes
---------------- -------- ----------------- -------- -------- --------
datapath         port     rx-pkts  rx-bytes rx-error tx-pkts  tx-bytes tx-error
---------------- -------- -------- -------- -------- -------- -------- --------
0000000000000003        1        0        0        0        8      624        0
0000000000000003        2       39     4978        0       40     5048        0
0000000000000003        3       40     5048        0       40     5048        0
0000000000000003        4       40     5048        0       40     5048        0
datapath         in-port  eth-dst           out-port packets  bytes
---------------- -------- ----------------- -------- -------- --------
datapath         port     rx-pkts  rx-bytes rx-error tx-pkts  tx-bytes tx-error
---------------- -------- -------- -------- -------- -------- -------- --------
0000000000000004        1        0        0        0        8      624        0
0000000000000004        2       40     5048        0       40     5048        0
0000000000000004        3       39     4988        0       40     5048        0
datapath         in-port  eth-dst           out-port packets  bytes
---------------- -------- ----------------- -------- -------- --------
datapath         port     rx-pkts  rx-bytes rx-error tx-pkts  tx-bytes tx-error
---------------- -------- -------- -------- -------- -------- -------- --------
0000000000000006        1        0        0        0        9      702        0
0000000000000006        2       40     5048        0       40     5048        0
0000000000000006        3       40     5048        0       40     5048        0
datapath         in-port  eth-dst           out-port packets  bytes
---------------- -------- ----------------- -------- -------- --------
datapath         port     rx-pkts  rx-bytes rx-error tx-pkts  tx-bytes tx-error
---------------- -------- -------- -------- -------- -------- -------- --------
0000000000000002        1        0        0        0        9      702        0
0000000000000002        2       40     5048        0       40     5048        0
0000000000000002        3       40     5048        0       39     4978        0
0000000000000002        4       40     5048        0       40     5048        0
0000000000000002        5       40     5048        0       40     5048        0
datapath         in-port  eth-dst           out-port packets  bytes
---------------- -------- ----------------- -------- -------- --------
==================================== link detector ====================================

----------------------------
src    dst :    delay
6 <---> 2 : 3.6230087280273438
6 <---> 3 : 2.458810806274414
1 <---> 2 : 3.5331249237060547
1 <---> 5 : 3.611326217651367
2 <---> 5 : 3.156423568725586
2 <---> 6 : 2.9413700103759766
2 <---> 1 : 3.0095577239990234
2 <---> 3 : 2.38800048828125
5 <---> 4 : 2.9010772705078125
5 <---> 2 : 2.309083938598633
5 <---> 1 : 2.931356430053711
3 <---> 4 : 3.011465072631836
3 <---> 2 : 4.457235336303711
3 <---> 6 : 3.023862838745117
4 <---> 3 : 4.113674163818359
4 <---> 5 : 3.5047531127929688
discovery--->==================================== discovery ====================================
discovery---> cls: [(6, 2), (6, 3), (2, 1), (2, 5), (2, 3), (1, 5), (3, 4), (5, 4)]
discovery--->=============================================================================
==================================== link detector ====================================

----------------------------
src    dst :    delay
6 <---> 2 : 3.4852027893066406
6 <---> 3 : 3.353118896484375
1 <---> 2 : 3.293275833129883
1 <---> 5 : 2.3856163024902344
2 <---> 5 : 4.234075546264648
2 <---> 6 : 4.396677017211914
2 <---> 1 : 2.7303695678710938
2 <---> 3 : 3.5924911499023438
5 <---> 4 : 2.7322769165039062
5 <---> 2 : 2.452850341796875
5 <---> 1 : 3.831148147583008
3 <---> 4 : 2.3229122161865234
3 <---> 2 : 3.3483505249023438
3 <---> 6 : 2.2573471069335938
4 <---> 3 : 3.1654834747314453
4 <---> 5 : 2.5255680084228516
==================================== link detector ====================================

----------------------------
src    dst :    delay
6 <---> 2 : 2.4967193603515625
6 <---> 3 : 3.6013126373291016
1 <---> 2 : 3.0183792114257812
1 <---> 5 : 2.8934478759765625
2 <---> 5 : 3.1485557556152344
2 <---> 6 : 3.193378448486328
2 <---> 1 : 3.545045852661133
2 <---> 3 : 2.592325210571289
5 <---> 4 : 2.810239791870117
5 <---> 2 : 3.4270286560058594
5 <---> 1 : 2.5382041931152344
3 <---> 4 : 2.491474151611328
3 <---> 2 : 2.5463104248046875
3 <---> 6 : 2.7022361755371094
4 <---> 3 : 2.520322799682617
4 <---> 5 : 2.957582473754883
discovery--->==================================== discovery ====================================
discovery---> cls: [(6, 2), (6, 3), (2, 1), (2, 5), (2, 3), (1, 5), (3, 4), (5, 4)]
discovery--->=============================================================================
==================================== link detector ====================================

----------------------------
src    dst :    delay
6 <---> 2 : 4.068851470947266
6 <---> 3 : 2.66265869140625
1 <---> 2 : 2.6917457580566406
1 <---> 5 : 3.1082630157470703
2 <---> 5 : 2.9587745666503906
2 <---> 6 : 3.1006336212158203
2 <---> 1 : 2.6710033416748047
2 <---> 3 : 3.477334976196289
5 <---> 4 : 3.2682418823242188
5 <---> 2 : 2.5572776794433594
5 <---> 1 : 2.7501583099365234
3 <---> 4 : 2.8717517852783203
3 <---> 2 : 3.047943115234375
3 <---> 6 : 4.332542419433594
4 <---> 3 : 3.4682750701904297
4 <---> 5 : 4.33039665222168
discovery--->==================================== discovery ====================================
discovery---> cls: [(6, 2), (6, 3), (2, 1), (2, 5), (2, 3), (1, 5), (3, 4), (5, 4)]
discovery--->=============================================================================
==================================== link detector ====================================

----------------------------
src    dst :    delay
6 <---> 2 : 2.8977394104003906
6 <---> 3 : 3.046751022338867
1 <---> 2 : 3.509521484375
1 <---> 5 : 3.1142234802246094
2 <---> 5 : 3.3617019653320312
2 <---> 6 : 4.1675567626953125
2 <---> 1 : 2.836942672729492
2 <---> 3 : 3.379344940185547
5 <---> 4 : 4.1294097900390625
5 <---> 2 : 3.0863285064697266
5 <---> 1 : 2.7399063110351562
3 <---> 4 : 3.401517868041992
3 <---> 2 : 2.8786659240722656
3 <---> 6 : 2.6788711547851562
4 <---> 3 : 3.1931400299072266
4 <---> 5 : 2.999544143676758
==================================== link detector ====================================

----------------------------
src    dst :    delay
6 <---> 2 : 2.926349639892578
6 <---> 3 : 2.4671554565429688
1 <---> 2 : 2.712726593017578
1 <---> 5 : 2.777576446533203
2 <---> 5 : 3.8814544677734375
2 <---> 6 : 2.9430389404296875
2 <---> 1 : 3.092050552368164
2 <---> 3 : 3.3087730407714844
5 <---> 4 : 3.026723861694336
5 <---> 2 : 2.474069595336914
5 <---> 1 : 3.563404083251953
3 <---> 4 : 2.238035202026367
3 <---> 2 : 2.8333663940429688
3 <---> 6 : 3.489255905151367
4 <---> 3 : 3.7860870361328125
4 <---> 5 : 3.2510757446289062
discovery--->==================================== discovery ====================================
discovery---> cls: [(6, 2), (6, 3), (2, 1), (2, 5), (2, 3), (1, 5), (3, 4), (5, 4)]
discovery--->=============================================================================
==================================== link detector ====================================

----------------------------
src    dst :    delay
6 <---> 2 : 4.410982131958008
6 <---> 3 : 2.636432647705078
1 <---> 2 : 3.558635711669922
1 <---> 5 : 3.214120864868164
2 <---> 5 : 3.3299922943115234
2 <---> 6 : 2.538919448852539
2 <---> 1 : 4.268169403076172
2 <---> 3 : 3.6211013793945312
5 <---> 4 : 2.7108192443847656
5 <---> 2 : 2.423524856567383
5 <---> 1 : 3.7393569946289062
3 <---> 4 : 3.2129287719726562
3 <---> 2 : 2.9451847076416016
3 <---> 6 : 3.0863285064697266
4 <---> 3 : 3.538370132446289
4 <---> 5 : 2.388477325439453
discovery--->==================================== discovery ====================================
discovery---> cls: [(6, 2), (6, 3), (2, 1), (2, 5), (2, 3), (1, 5), (3, 4), (5, 4)]
discovery--->=============================================================================
==================================== link detector ====================================

----------------------------
src    dst :    delay
6 <---> 2 : 2.953767776489258
6 <---> 3 : 3.1778812408447266
1 <---> 2 : 3.0002593994140625
1 <---> 5 : 2.7523040771484375
2 <---> 5 : 3.423452377319336
2 <---> 6 : 2.672910690307617
2 <---> 1 : 2.969980239868164
2 <---> 3 : 2.124786376953125
5 <---> 4 : 3.9277076721191406
5 <---> 2 : 3.2873153686523438
5 <---> 1 : 2.605438232421875
3 <---> 4 : 3.025054931640625
3 <---> 2 : 2.732992172241211
3 <---> 6 : 2.6984214782714844
4 <---> 3 : 2.2945404052734375
4 <---> 5 : 3.2575130462646484
==================================== link detector ====================================

----------------------------
src    dst :    delay
6 <---> 2 : 2.8154850006103516
6 <---> 3 : 2.9382705688476562
1 <---> 2 : 2.9201507568359375
1 <---> 5 : 3.946065902709961
2 <---> 5 : 3.5805702209472656
2 <---> 6 : 3.0639171600341797
2 <---> 1 : 2.888917922973633
2 <---> 3 : 3.6346912384033203
5 <---> 4 : 2.563953399658203
5 <---> 2 : 3.203153610229492
5 <---> 1 : 2.9349327087402344
3 <---> 4 : 3.5657882690429688
3 <---> 2 : 3.7550926208496094
3 <---> 6 : 3.384828567504883
4 <---> 3 : 3.489971160888672
4 <---> 5 : 3.6940574645996094
discovery--->==================================== discovery ====================================
discovery---> cls: [(6, 2), (6, 3), (2, 1), (2, 5), (2, 3), (1, 5), (3, 4), (5, 4)]
discovery--->=============================================================================
==================================== link detector ====================================

----------------------------
src    dst :    delay
6 <---> 2 : 2.8510093688964844
6 <---> 3 : 2.223491668701172
1 <---> 2 : 2.4461746215820312
1 <---> 5 : 3.3614635467529297
2 <---> 5 : 2.5832653045654297
2 <---> 6 : 2.9706954956054688
2 <---> 1 : 3.0667781829833984
2 <---> 3 : 2.910614013671875
5 <---> 4 : 4.086494445800781
5 <---> 2 : 2.8569698333740234
5 <---> 1 : 2.1867752075195312
3 <---> 4 : 2.2614002227783203
3 <---> 2 : 2.3500919342041016
3 <---> 6 : 2.3641586303710938
4 <---> 3 : 3.288745880126953
4 <---> 5 : 3.131389617919922
discovery--->==================================== discovery ====================================
discovery---> cls: [(6, 2), (6, 3), (2, 1), (2, 5), (2, 3), (1, 5), (3, 4), (5, 4)]
discovery--->=============================================================================
==================================== link detector ====================================

----------------------------
src    dst :    delay
6 <---> 2 : 2.900838851928711
6 <---> 3 : 2.8963088989257812
1 <---> 2 : 3.157377243041992
1 <---> 5 : 2.6540756225585938
2 <---> 5 : 3.1805038452148438
2 <---> 6 : 3.171205520629883
2 <---> 1 : 2.943754196166992
2 <---> 3 : 3.493785858154297
5 <---> 4 : 3.092050552368164
5 <---> 2 : 3.0040740966796875
5 <---> 1 : 3.8149356842041016
3 <---> 4 : 2.211332321166992
3 <---> 2 : 2.818584442138672
3 <---> 6 : 3.1571388244628906
4 <---> 3 : 2.8526782989501953
4 <---> 5 : 2.946138381958008
==================================== link detector ====================================

----------------------------
src    dst :    delay
6 <---> 2 : 2.8128623962402344
6 <---> 3 : 2.6006698608398438
1 <---> 2 : 3.416299819946289
1 <---> 5 : 2.4917125701904297
2 <---> 5 : 3.624439239501953
2 <---> 6 : 2.963542938232422
2 <---> 1 : 3.509044647216797
2 <---> 3 : 2.555370330810547
5 <---> 4 : 3.141164779663086
5 <---> 2 : 3.026247024536133
5 <---> 1 : 3.3981800079345703
3 <---> 4 : 3.2346248626708984
3 <---> 2 : 3.0655860900878906
3 <---> 6 : 3.212451934814453
4 <---> 3 : 2.9647350311279297
4 <---> 5 : 2.8209686279296875
discovery--->==================================== discovery ====================================
discovery---> cls: [(6, 2), (6, 3), (2, 1), (2, 5), (2, 3), (1, 5), (3, 4), (5, 4)]
discovery--->=============================================================================
==================================== link detector ====================================

----------------------------
src    dst :    delay
6 <---> 2 : 2.974271774291992
6 <---> 3 : 3.150463104248047
1 <---> 2 : 3.125905990600586
1 <---> 5 : 2.389192581176758
2 <---> 5 : 3.1235218048095703
2 <---> 6 : 2.4471282958984375
2 <---> 1 : 2.747058868408203
2 <---> 3 : 3.100156784057617
5 <---> 4 : 3.8352012634277344
5 <---> 2 : 4.221200942993164
5 <---> 1 : 3.5066604614257812
3 <---> 4 : 2.279996871948242
3 <---> 2 : 2.9401779174804688
3 <---> 6 : 3.417491912841797
4 <---> 3 : 2.570629119873047
4 <---> 5 : 2.5267601013183594
discovery--->==================================== discovery ====================================
discovery---> cls: [(6, 2), (6, 3), (2, 1), (2, 5), (2, 3), (1, 5), (3, 4), (5, 4)]
discovery--->=============================================================================
==================================== link detector ====================================

----------------------------
src    dst :    delay
6 <---> 2 : 2.3665428161621094
6 <---> 3 : 3.7069320678710938
1 <---> 2 : 3.5190582275390625
1 <---> 5 : 3.345966339111328
2 <---> 5 : 2.967357635498047
2 <---> 6 : 2.9518604278564453
2 <---> 1 : 2.487659454345703
2 <---> 3 : 2.897500991821289
5 <---> 4 : 3.1175613403320312
5 <---> 2 : 3.442049026489258
5 <---> 1 : 2.975940704345703
3 <---> 4 : 3.2110214233398438
3 <---> 2 : 2.3527145385742188
3 <---> 6 : 3.8743019104003906
4 <---> 3 : 3.065347671508789
4 <---> 5 : 3.4165382385253906
==================================== link detector ====================================

----------------------------
src    dst :    delay
6 <---> 2 : 3.139495849609375
6 <---> 3 : 3.077983856201172
1 <---> 2 : 2.836942672729492
1 <---> 5 : 3.312349319458008
2 <---> 5 : 3.5886764526367188
2 <---> 6 : 2.978086471557617
2 <---> 1 : 3.3113956451416016
2 <---> 3 : 2.9714107513427734
5 <---> 4 : 3.584623336791992
5 <---> 2 : 2.459287643432617
5 <---> 1 : 2.247333526611328
3 <---> 4 : 3.438234329223633
3 <---> 2 : 2.601146697998047
3 <---> 6 : 4.212141036987305
4 <---> 3 : 2.9532909393310547
4 <---> 5 : 2.9451847076416016
discovery--->==================================== discovery ====================================
discovery---> cls: [(6, 2), (6, 3), (2, 1), (2, 5), (2, 3), (1, 5), (3, 4), (5, 4)]
discovery--->=============================================================================
==================================== link detector ====================================

----------------------------
src    dst :    delay
6 <---> 2 : 3.092050552368164
6 <---> 3 : 2.9032230377197266
1 <---> 2 : 3.1769275665283203
1 <---> 5 : 3.3206939697265625
2 <---> 5 : 3.2389163970947266
2 <---> 6 : 3.8595199584960938
2 <---> 1 : 3.603219985961914
2 <---> 3 : 3.706693649291992
5 <---> 4 : 2.5506019592285156
5 <---> 2 : 3.057241439819336
5 <---> 1 : 3.9424896240234375
3 <---> 4 : 3.4546852111816406
3 <---> 2 : 3.425121307373047
3 <---> 6 : 3.949880599975586
4 <---> 3 : 2.920866012573242
4 <---> 5 : 3.437042236328125
discovery--->==================================== discovery ====================================
discovery---> cls: [(6, 2), (6, 3), (2, 1), (2, 5), (2, 3), (1, 5), (3, 4), (5, 4)]
discovery--->=============================================================================
==================================== link detector ====================================

----------------------------
src    dst :    delay
6 <---> 2 : 4.086732864379883
6 <---> 3 : 3.0646324157714844
1 <---> 2 : 3.1676292419433594
1 <---> 5 : 3.957509994506836
2 <---> 5 : 3.4813880920410156
2 <---> 6 : 3.2172203063964844
2 <---> 1 : 2.371549606323242
2 <---> 3 : 3.4799575805664062
5 <---> 4 : 3.058195114135742
5 <---> 2 : 2.8111934661865234
5 <---> 1 : 2.6907920837402344
3 <---> 4 : 2.883434295654297
3 <---> 2 : 2.9511451721191406
3 <---> 6 : 2.1829605102539062
4 <---> 3 : 3.182649612426758
4 <---> 5 : 3.1173229217529297
==================================== link detector ====================================

----------------------------
src    dst :    delay
6 <---> 2 : 3.7136077880859375
6 <---> 3 : 3.795623779296875
1 <---> 2 : 4.09245491027832
1 <---> 5 : 2.7604103088378906
2 <---> 5 : 2.9578208923339844
2 <---> 6 : 2.9511451721191406
2 <---> 1 : 2.5475025177001953
2 <---> 3 : 3.501415252685547
5 <---> 4 : 3.2863616943359375
5 <---> 2 : 3.7407875061035156
5 <---> 1 : 2.927541732788086
3 <---> 4 : 2.8612613677978516
3 <---> 2 : 4.529237747192383
3 <---> 6 : 2.334117889404297
4 <---> 3 : 2.412557601928711
4 <---> 5 : 3.493070602416992
discovery--->==================================== discovery ====================================
discovery---> cls: [(6, 2), (6, 3), (2, 1), (2, 5), (2, 3), (1, 5), (3, 4), (5, 4)]
discovery--->=============================================================================
==================================== link detector ====================================

----------------------------
src    dst :    delay
6 <---> 2 : 2.7899742126464844
6 <---> 3 : 2.8564929962158203
1 <---> 2 : 3.3371448516845703
1 <---> 5 : 3.0918121337890625
2 <---> 5 : 2.9497146606445312
2 <---> 6 : 2.7360916137695312
2 <---> 1 : 2.750873565673828
2 <---> 3 : 3.841876983642578
5 <---> 4 : 2.902507781982422
5 <---> 2 : 3.2739639282226562
5 <---> 1 : 2.599000930786133
3 <---> 4 : 2.9795169830322266
3 <---> 2 : 3.3986568450927734
3 <---> 6 : 4.017114639282227
4 <---> 3 : 3.3566951751708984
4 <---> 5 : 3.537893295288086
discovery--->==================================== discovery ====================================
discovery---> cls: [(6, 2), (6, 3), (2, 1), (2, 5), (2, 3), (1, 5), (3, 4), (5, 4)]
discovery--->=============================================================================
==================================== link detector ====================================

----------------------------
src    dst :    delay
6 <---> 2 : 2.4797916412353516
6 <---> 3 : 4.654884338378906
1 <---> 2 : 3.0443668365478516
1 <---> 5 : 2.6383399963378906
2 <---> 5 : 3.0524730682373047
2 <---> 6 : 2.8302669525146484
2 <---> 1 : 3.6783218383789062
2 <---> 3 : 2.9528141021728516
5 <---> 4 : 3.8063526153564453
5 <---> 2 : 2.3810863494873047
5 <---> 1 : 2.8960704803466797
3 <---> 4 : 3.4966468811035156
3 <---> 2 : 3.3707618713378906
3 <---> 6 : 2.7060508728027344
4 <---> 3 : 2.9735565185546875
4 <---> 5 : 2.778291702270508
==================================== link detector ====================================

----------------------------
src    dst :    delay
6 <---> 2 : 3.16619873046875
6 <---> 3 : 3.7360191345214844
1 <---> 2 : 3.565549850463867
1 <---> 5 : 3.487110137939453
2 <---> 5 : 3.1278133392333984
2 <---> 6 : 2.673625946044922
2 <---> 1 : 2.4971961975097656
2 <---> 3 : 3.024578094482422
5 <---> 4 : 3.5696029663085938
5 <---> 2 : 3.3674240112304688
5 <---> 1 : 4.063129425048828
3 <---> 4 : 3.4682750701904297
3 <---> 2 : 3.186941146850586
3 <---> 6 : 4.377126693725586
4 <---> 3 : 2.905130386352539
4 <---> 5 : 3.138303756713867
discovery--->==================================== discovery ====================================
discovery---> cls: [(6, 2), (6, 3), (2, 1), (2, 5), (2, 3), (1, 5), (3, 4), (5, 4)]
discovery--->=============================================================================
==================================== link detector ====================================

----------------------------
src    dst :    delay
6 <---> 2 : 3.622770309448242
6 <---> 3 : 2.785921096801758
1 <---> 2 : 2.2242069244384766
1 <---> 5 : 3.1540393829345703
2 <---> 5 : 3.566265106201172
2 <---> 6 : 3.0164718627929688
2 <---> 1 : 3.186941146850586
2 <---> 3 : 3.0524730682373047
5 <---> 4 : 3.230571746826172
5 <---> 2 : 2.4330615997314453
5 <---> 1 : 5.270719528198242
3 <---> 4 : 2.8171539306640625
3 <---> 2 : 2.57110595703125
3 <---> 6 : 3.3960342407226562
4 <---> 3 : 3.166675567626953
4 <---> 5 : 3.4627914428710938
discovery--->==================================== discovery ====================================
discovery---> cls: [(6, 2), (6, 3), (2, 1), (2, 5), (2, 3), (1, 5), (3, 4), (5, 4)]
discovery--->=============================================================================
==================================== link detector ====================================

----------------------------
src    dst :    delay
6 <---> 2 : 2.906322479248047
6 <---> 3 : 4.111289978027344
1 <---> 2 : 3.724336624145508
1 <---> 5 : 3.637075424194336
2 <---> 5 : 2.951383590698242
2 <---> 6 : 4.0283203125
2 <---> 1 : 3.3888816833496094
2 <---> 3 : 3.640890121459961
5 <---> 4 : 3.2777786254882812
5 <---> 2 : 3.6971569061279297
5 <---> 1 : 2.576112747192383
3 <---> 4 : 3.104686737060547
3 <---> 2 : 3.234386444091797
3 <---> 6 : 2.707958221435547
4 <---> 3 : 2.640962600708008
4 <---> 5 : 2.674579620361328
==================================== link detector ====================================

----------------------------
src    dst :    delay
6 <---> 2 : 2.2079944610595703
6 <---> 3 : 2.402782440185547
1 <---> 2 : 2.820253372192383
1 <---> 5 : 2.614259719848633
2 <---> 5 : 2.902507781982422
2 <---> 6 : 3.959178924560547
2 <---> 1 : 3.114938735961914
2 <---> 3 : 3.374814987182617
5 <---> 4 : 3.39508056640625
5 <---> 2 : 3.3164024353027344
5 <---> 1 : 2.4864673614501953
3 <---> 4 : 3.8352012634277344
3 <---> 2 : 3.4742355346679688
3 <---> 6 : 2.8014183044433594
4 <---> 3 : 2.755403518676758
4 <---> 5 : 3.231048583984375
discovery--->==================================== discovery ====================================
discovery---> cls: [(6, 2), (6, 3), (2, 1), (2, 5), (2, 3), (1, 5), (3, 4), (5, 4)]
discovery--->=============================================================================
==================================== link detector ====================================

----------------------------
src    dst :    delay
6 <---> 2 : 3.245115280151367
6 <---> 3 : 3.304719924926758
1 <---> 2 : 3.089427947998047
1 <---> 5 : 2.7899742126464844
2 <---> 5 : 4.289865493774414
2 <---> 6 : 3.5490989685058594
2 <---> 1 : 3.5114288330078125
2 <---> 3 : 4.012346267700195
5 <---> 4 : 3.953695297241211
5 <---> 2 : 3.4940242767333984
5 <---> 1 : 4.288196563720703
3 <---> 4 : 2.3233890533447266
3 <---> 2 : 2.4895668029785156
3 <---> 6 : 2.355337142944336
4 <---> 3 : 3.5581588745117188
4 <---> 5 : 3.4885406494140625
discovery--->==================================== discovery ====================================
discovery---> cls: [(6, 2), (6, 3), (2, 1), (2, 5), (2, 3), (1, 5), (3, 4), (5, 4)]
discovery--->=============================================================================
==================================== link detector ====================================

----------------------------
src    dst :    delay
6 <---> 2 : 2.404451370239258
6 <---> 3 : 2.450704574584961
1 <---> 2 : 2.968311309814453
1 <---> 5 : 3.0062198638916016
2 <---> 5 : 2.8252601623535156
2 <---> 6 : 4.144430160522461
2 <---> 1 : 3.1147003173828125
2 <---> 3 : 2.353668212890625
5 <---> 4 : 3.1380653381347656
5 <---> 2 : 4.618406295776367
5 <---> 1 : 3.193378448486328
3 <---> 4 : 2.330303192138672
3 <---> 2 : 4.375219345092773
3 <---> 6 : 2.9430389404296875
4 <---> 3 : 3.0510425567626953
4 <---> 5 : 4.424095153808594
==================================== link detector ====================================

----------------------------
src    dst :    delay
6 <---> 2 : 3.2401084899902344
6 <---> 3 : 3.486156463623047
1 <---> 2 : 2.869129180908203
1 <---> 5 : 2.511739730834961
2 <---> 5 : 3.640890121459961
2 <---> 6 : 3.000974655151367
2 <---> 1 : 3.0372142791748047
2 <---> 3 : 3.0684471130371094
5 <---> 4 : 2.3436546325683594
5 <---> 2 : 2.8777122497558594
5 <---> 1 : 2.6814937591552734
3 <---> 4 : 2.8095245361328125
3 <---> 2 : 3.559112548828125
3 <---> 6 : 2.9251575469970703
4 <---> 3 : 2.979755401611328
4 <---> 5 : 2.9251575469970703
discovery--->==================================== discovery ====================================
discovery---> cls: [(6, 2), (6, 3), (2, 1), (2, 5), (2, 3), (1, 5), (3, 4), (5, 4)]
discovery--->=============================================================================
==================================== link detector ====================================

----------------------------
src    dst :    delay
6 <---> 2 : 3.4880638122558594
6 <---> 3 : 3.991842269897461
1 <---> 2 : 4.394769668579102
1 <---> 5 : 3.414630889892578
2 <---> 5 : 3.2050609588623047
2 <---> 6 : 3.3524036407470703
2 <---> 1 : 3.986358642578125
2 <---> 3 : 3.366708755493164
5 <---> 4 : 2.8100013732910156
5 <---> 2 : 2.971649169921875
5 <---> 1 : 3.214597702026367
3 <---> 4 : 3.056764602661133
3 <---> 2 : 2.4361610412597656
3 <---> 6 : 3.5533905029296875
4 <---> 3 : 3.6873817443847656
4 <---> 5 : 3.4232139587402344
discovery--->==================================== discovery ====================================
discovery---> cls: [(6, 2), (6, 3), (2, 1), (2, 5), (2, 3), (1, 5), (3, 4), (5, 4)]
discovery--->=============================================================================
==================================== link detector ====================================

----------------------------
src    dst :    delay
6 <---> 2 : 2.714395523071289
6 <---> 3 : 2.698183059692383
1 <---> 2 : 3.0927658081054688
1 <---> 5 : 2.2192001342773438
2 <---> 5 : 2.6586055755615234
2 <---> 6 : 2.3834705352783203
2 <---> 1 : 2.3190975189208984
2 <---> 3 : 4.723072052001953
5 <---> 4 : 3.5200119018554688
5 <---> 2 : 2.892017364501953
5 <---> 1 : 3.529071807861328
3 <---> 4 : 3.5076141357421875
3 <---> 2 : 3.3397674560546875
3 <---> 6 : 3.536224365234375
4 <---> 3 : 2.713918685913086
4 <---> 5 : 2.7484893798828125
==================================== link detector ====================================

----------------------------
src    dst :    delay
6 <---> 2 : 3.5016536712646484
6 <---> 3 : 3.228902816772461
1 <---> 2 : 3.5746097564697266
1 <---> 5 : 3.103017807006836
2 <---> 5 : 2.788066864013672
2 <---> 6 : 3.905057907104492
2 <---> 1 : 3.801107406616211
2 <---> 3 : 3.346681594848633
5 <---> 4 : 2.856016159057617
5 <---> 2 : 3.3380985260009766
5 <---> 1 : 2.6412010192871094
3 <---> 4 : 4.515647888183594
3 <---> 2 : 2.3767948150634766
3 <---> 6 : 4.139900207519531
4 <---> 3 : 3.162860870361328
4 <---> 5 : 2.988576889038086
discovery--->==================================== discovery ====================================
discovery---> cls: [(6, 2), (6, 3), (2, 1), (2, 5), (2, 3), (1, 5), (3, 4), (5, 4)]
discovery--->=============================================================================
==================================== link detector ====================================

----------------------------
src    dst :    delay
6 <---> 2 : 2.5582313537597656
6 <---> 3 : 2.599954605102539
1 <---> 2 : 3.8411617279052734
1 <---> 5 : 3.736257553100586
2 <---> 5 : 3.145933151245117
2 <---> 6 : 2.474069595336914
2 <---> 1 : 3.466367721557617
2 <---> 3 : 2.796173095703125
5 <---> 4 : 3.7717819213867188
5 <---> 2 : 3.450155258178711
5 <---> 1 : 3.337383270263672
3 <---> 4 : 2.462148666381836
3 <---> 2 : 5.00941276550293
3 <---> 6 : 3.4580230712890625
4 <---> 3 : 3.8039684295654297
4 <---> 5 : 3.6923885345458984
discovery--->==================================== discovery ====================================
discovery---> cls: [(6, 2), (6, 3), (2, 1), (2, 5), (2, 3), (1, 5), (3, 4), (5, 4)]
discovery--->=============================================================================
==================================== link detector ====================================

----------------------------
src    dst :    delay
6 <---> 2 : 2.6581287384033203
6 <---> 3 : 3.6935806274414062
1 <---> 2 : 3.753662109375
1 <---> 5 : 3.7021636962890625
2 <---> 5 : 3.2002925872802734
2 <---> 6 : 5.066633224487305
2 <---> 1 : 2.851247787475586
2 <---> 3 : 3.075122833251953
5 <---> 4 : 2.5606155395507812
5 <---> 2 : 4.394054412841797
5 <---> 1 : 4.174232482910156
3 <---> 4 : 3.568410873413086
3 <---> 2 : 3.5185813903808594
3 <---> 6 : 2.6319026947021484
4 <---> 3 : 2.566814422607422
4 <---> 5 : 2.599954605102539
==================================== link detector ====================================

----------------------------
src    dst :    delay
6 <---> 2 : 3.062725067138672
6 <---> 3 : 4.499197006225586
1 <---> 2 : 2.737283706665039
1 <---> 5 : 2.3326873779296875
2 <---> 5 : 3.6983489990234375
2 <---> 6 : 3.5402774810791016
2 <---> 1 : 3.257274627685547
2 <---> 3 : 2.5987625122070312
5 <---> 4 : 2.6197433471679688
5 <---> 2 : 3.0138492584228516
5 <---> 1 : 3.2448768615722656
3 <---> 4 : 2.424955368041992
3 <---> 2 : 3.082752227783203
3 <---> 6 : 3.2274723052978516
4 <---> 3 : 4.160404205322266
4 <---> 5 : 2.8104782104492188
discovery--->==================================== discovery ====================================
discovery---> cls: [(6, 2), (6, 3), (2, 1), (2, 5), (2, 3), (1, 5), (3, 4), (5, 4)]
discovery--->=============================================================================
==================================== link detector ====================================

----------------------------
src    dst :    delay
6 <---> 2 : 2.25067138671875
6 <---> 3 : 3.3943653106689453
1 <---> 2 : 3.3168792724609375
1 <---> 5 : 3.6475658416748047
2 <---> 5 : 2.5272369384765625
2 <---> 6 : 2.9075145721435547
2 <---> 1 : 2.7091503143310547
2 <---> 3 : 4.336118698120117
5 <---> 4 : 3.0066967010498047
5 <---> 2 : 2.657651901245117
5 <---> 1 : 3.7937164306640625
3 <---> 4 : 2.898693084716797
3 <---> 2 : 3.0264854431152344
3 <---> 6 : 3.3783912658691406
4 <---> 3 : 2.4759769439697266
4 <---> 5 : 2.3818016052246094
discovery--->==================================== discovery ====================================
discovery---> cls: [(6, 2), (6, 3), (2, 1), (2, 5), (2, 3), (1, 5), (3, 4), (5, 4)]
discovery--->=============================================================================
==================================== link detector ====================================

----------------------------
src    dst :    delay
6 <---> 2 : 2.7396678924560547
6 <---> 3 : 2.8142929077148438
1 <---> 2 : 2.779245376586914
1 <---> 5 : 3.1104087829589844
2 <---> 5 : 3.471851348876953
2 <---> 6 : 2.671957015991211
2 <---> 1 : 4.614591598510742
2 <---> 3 : 3.0219554901123047
5 <---> 4 : 3.41796875
5 <---> 2 : 2.5854110717773438
5 <---> 1 : 2.4552345275878906
3 <---> 4 : 3.846406936645508
3 <---> 2 : 2.4459362030029297
3 <---> 6 : 2.7494430541992188
4 <---> 3 : 2.9904842376708984
4 <---> 5 : 3.378629684448242
==================================== link detector ====================================

----------------------------
src    dst :    delay
6 <---> 2 : 3.370523452758789
6 <---> 3 : 4.286766052246094
1 <---> 2 : 3.235340118408203
1 <---> 5 : 3.023862838745117
2 <---> 5 : 3.342866897583008
2 <---> 6 : 2.2399425506591797
2 <---> 1 : 3.331899642944336
2 <---> 3 : 4.152059555053711
5 <---> 4 : 3.0663013458251953
5 <---> 2 : 4.054784774780273
5 <---> 1 : 2.931833267211914
3 <---> 4 : 2.943277359008789
3 <---> 2 : 3.036975860595703
3 <---> 6 : 4.58216667175293
4 <---> 3 : 2.676248550415039
4 <---> 5 : 4.024744033813477
discovery--->==================================== discovery ====================================
discovery---> cls: [(6, 2), (6, 3), (2, 1), (2, 5), (2, 3), (1, 5), (3, 4), (5, 4)]
discovery--->=============================================================================
==================================== link detector ====================================

----------------------------
src    dst :    delay
6 <---> 2 : 4.212141036987305
6 <---> 3 : 2.2406578063964844
1 <---> 2 : 3.5355091094970703
1 <---> 5 : 3.8874149322509766
2 <---> 5 : 3.3752918243408203
2 <---> 6 : 4.312276840209961
2 <---> 1 : 4.190683364868164
2 <---> 3 : 3.2215118408203125
5 <---> 4 : 3.861665725708008
5 <---> 2 : 2.312183380126953
5 <---> 1 : 2.872467041015625
3 <---> 4 : 3.3605098724365234
3 <---> 2 : 3.530263900756836
3 <---> 6 : 2.513408660888672
4 <---> 3 : 3.1571388244628906
4 <---> 5 : 3.9904117584228516
discovery--->==================================== discovery ====================================
discovery---> cls: [(6, 2), (6, 3), (2, 1), (2, 5), (2, 3), (1, 5), (3, 4), (5, 4)]
discovery--->=============================================================================
==================================== link detector ====================================

----------------------------
src    dst :    delay
6 <---> 2 : 3.2525062561035156
6 <---> 3 : 3.0531883239746094
1 <---> 2 : 2.548694610595703
1 <---> 5 : 2.3992061614990234
2 <---> 5 : 4.06956672668457
2 <---> 6 : 4.37164306640625
2 <---> 1 : 3.1414031982421875
2 <---> 3 : 2.870798110961914
5 <---> 4 : 2.7992725372314453
5 <---> 2 : 4.069328308105469
5 <---> 1 : 4.2705535888671875
3 <---> 4 : 2.5310516357421875
3 <---> 2 : 2.6154518127441406
3 <---> 6 : 2.535104751586914
4 <---> 3 : 3.3140182495117188
4 <---> 5 : 2.8290748596191406
==================================== link detector ====================================

----------------------------
src    dst :    delay
6 <---> 2 : 2.6450157165527344
6 <---> 3 : 3.046751022338867
1 <---> 2 : 3.077983856201172
1 <---> 5 : 2.962350845336914
2 <---> 5 : 2.9795169830322266
2 <---> 6 : 3.607034683227539
2 <---> 1 : 3.8094520568847656
2 <---> 3 : 2.7213096618652344
5 <---> 4 : 3.2536983489990234
5 <---> 2 : 3.0934810638427734
5 <---> 1 : 3.9055347442626953
3 <---> 4 : 2.923727035522461
3 <---> 2 : 3.8335323333740234
3 <---> 6 : 3.426790237426758
4 <---> 3 : 3.0655860900878906
4 <---> 5 : 3.013134002685547
discovery--->==================================== discovery ====================================
discovery---> cls: [(6, 2), (6, 3), (2, 1), (2, 5), (2, 3), (1, 5), (3, 4), (5, 4)]
discovery--->=============================================================================
==================================== link detector ====================================

----------------------------
src    dst :    delay
6 <---> 2 : 3.676891326904297
6 <---> 3 : 3.0755996704101562
1 <---> 2 : 4.084587097167969
1 <---> 5 : 2.841472625732422
2 <---> 5 : 4.082679748535156
2 <---> 6 : 2.9947757720947266
2 <---> 1 : 2.3658275604248047
2 <---> 3 : 3.1163692474365234
5 <---> 4 : 3.416776657104492
5 <---> 2 : 3.353118896484375
5 <---> 1 : 2.688884735107422
3 <---> 4 : 2.973318099975586
3 <---> 2 : 3.226041793823242
3 <---> 6 : 3.3528804779052734
4 <---> 3 : 3.0126571655273438
4 <---> 5 : 3.3140182495117188
discovery--->==================================== discovery ====================================
discovery---> cls: [(6, 2), (6, 3), (2, 1), (2, 5), (2, 3), (1, 5), (3, 4), (5, 4)]
discovery--->=============================================================================
==================================== link detector ====================================

----------------------------
src    dst :    delay
6 <---> 2 : 2.3851394653320312
6 <---> 3 : 2.433300018310547
1 <---> 2 : 2.737760543823242
1 <---> 5 : 3.168344497680664
2 <---> 5 : 2.7832984924316406
2 <---> 6 : 3.5941600799560547
2 <---> 1 : 3.776073455810547
2 <---> 3 : 2.1851062774658203
5 <---> 4 : 2.7933120727539062
5 <---> 2 : 3.377676010131836
5 <---> 1 : 3.333568572998047
3 <---> 4 : 2.9370784759521484
3 <---> 2 : 4.436254501342773
3 <---> 6 : 3.668546676635742
4 <---> 3 : 2.8963088989257812
4 <---> 5 : 4.58526611328125
==================================== link detector ====================================

----------------------------
src    dst :    delay
6 <---> 2 : 2.997875213623047
6 <---> 3 : 2.7344226837158203
1 <---> 2 : 2.683401107788086
1 <---> 5 : 3.630399703979492
2 <---> 5 : 3.5452842712402344
2 <---> 6 : 2.584218978881836
2 <---> 1 : 2.3238658905029297
2 <---> 3 : 3.1709671020507812
5 <---> 4 : 2.8998851776123047
5 <---> 2 : 2.3233890533447266
5 <---> 1 : 3.450155258178711
3 <---> 4 : 3.1058788299560547
3 <---> 2 : 2.634763717651367
3 <---> 6 : 2.733469009399414
4 <---> 3 : 2.8336048126220703
4 <---> 5 : 3.178834915161133
discovery--->==================================== discovery ====================================
discovery---> cls: [(6, 2), (6, 3), (2, 1), (2, 5), (2, 3), (1, 5), (3, 4), (5, 4)]
discovery--->=============================================================================
==================================== link detector ====================================

----------------------------
src    dst :    delay
6 <---> 2 : 3.5140514373779297
6 <---> 3 : 3.6487579345703125
1 <---> 2 : 3.457307815551758
1 <---> 5 : 3.2694339752197266
2 <---> 5 : 2.671957015991211
2 <---> 6 : 2.8460025787353516
2 <---> 1 : 2.539396286010742
2 <---> 3 : 3.34930419921875
5 <---> 4 : 2.9077529907226562
5 <---> 2 : 3.655672073364258
5 <---> 1 : 2.6259422302246094
3 <---> 4 : 3.786325454711914
3 <---> 2 : 3.711223602294922
3 <---> 6 : 2.2063255310058594
4 <---> 3 : 3.2587051391601562
4 <---> 5 : 3.502368927001953
discovery--->==================================== discovery ====================================
discovery---> cls: [(6, 2), (6, 3), (2, 1), (2, 5), (2, 3), (1, 5), (3, 4), (5, 4)]
discovery--->=============================================================================
==================================== link detector ====================================

----------------------------
src    dst :    delay
6 <---> 2 : 4.698038101196289
6 <---> 3 : 2.830028533935547
1 <---> 2 : 2.811908721923828
1 <---> 5 : 2.9745101928710938
2 <---> 5 : 2.736806869506836
2 <---> 6 : 3.718852996826172
2 <---> 1 : 3.0546188354492188
2 <---> 3 : 3.888368606567383
5 <---> 4 : 2.7039051055908203
5 <---> 2 : 2.724170684814453
5 <---> 1 : 2.8922557830810547
3 <---> 4 : 3.4809112548828125
3 <---> 2 : 3.496885299682617
3 <---> 6 : 2.8395652770996094
4 <---> 3 : 3.6165714263916016
4 <---> 5 : 2.9981136322021484
==================================== link detector ====================================

----------------------------
src    dst :    delay
6 <---> 2 : 3.1740665435791016
6 <---> 3 : 3.2548904418945312
1 <---> 2 : 2.668142318725586
1 <---> 5 : 2.569437026977539
2 <---> 5 : 2.9528141021728516
2 <---> 6 : 2.580881118774414
2 <---> 1 : 2.566814422607422
2 <---> 3 : 2.7446746826171875
5 <---> 4 : 2.4566650390625
5 <---> 2 : 3.330230712890625
5 <---> 1 : 2.651691436767578
3 <---> 4 : 3.0624866485595703
3 <---> 2 : 2.72369384765625
3 <---> 6 : 2.7790069580078125
4 <---> 3 : 2.9129981994628906
4 <---> 5 : 3.9725303649902344
discovery--->==================================== discovery ====================================
discovery---> cls: [(6, 2), (6, 3), (2, 1), (2, 5), (2, 3), (1, 5), (3, 4), (5, 4)]
discovery--->=============================================================================
==================================== link detector ====================================

----------------------------
src    dst :    delay
6 <---> 2 : 3.084421157836914
6 <---> 3 : 3.069639205932617
1 <---> 2 : 3.9675235748291016
1 <---> 5 : 4.189968109130859
2 <---> 5 : 2.5360584259033203
2 <---> 6 : 3.712892532348633
2 <---> 1 : 3.342866897583008
2 <---> 3 : 3.8003921508789062
5 <---> 4 : 2.873659133911133
5 <---> 2 : 3.231525421142578
5 <---> 1 : 3.0832290649414062
3 <---> 4 : 2.4013519287109375
3 <---> 2 : 2.399444580078125
3 <---> 6 : 2.785921096801758
4 <---> 3 : 3.154754638671875
4 <---> 5 : 4.031181335449219
discovery--->==================================== discovery ====================================
discovery---> cls: [(6, 2), (6, 3), (2, 1), (2, 5), (2, 3), (1, 5), (3, 4), (5, 4)]
discovery--->=============================================================================
==================================== link detector ====================================

----------------------------
src    dst :    delay
6 <---> 2 : 2.992391586303711
6 <---> 3 : 2.9065608978271484
1 <---> 2 : 2.151012420654297
1 <---> 5 : 2.9325485229492188
2 <---> 5 : 3.1943321228027344
2 <---> 6 : 2.7561187744140625
2 <---> 1 : 2.481222152709961
2 <---> 3 : 2.386808395385742
5 <---> 4 : 2.4993419647216797
5 <---> 2 : 3.3016204833984375
5 <---> 1 : 3.2138824462890625
3 <---> 4 : 4.162311553955078
3 <---> 2 : 3.598451614379883
3 <---> 6 : 3.3702850341796875
4 <---> 3 : 2.3522377014160156
4 <---> 5 : 3.4410953521728516
==================================== link detector ====================================

----------------------------
src    dst :    delay
6 <---> 2 : 3.191709518432617
6 <---> 3 : 3.113985061645508
1 <---> 2 : 3.538846969604492
1 <---> 5 : 3.1883716583251953
2 <---> 5 : 3.136873245239258
2 <---> 6 : 2.5937557220458984
2 <---> 1 : 2.663850784301758
2 <---> 3 : 2.6750564575195312
5 <---> 4 : 3.664731979370117
5 <---> 2 : 2.6466846466064453
5 <---> 1 : 2.9926300048828125
3 <---> 4 : 3.0269622802734375
3 <---> 2 : 2.547025680541992
3 <---> 6 : 2.7005672454833984
4 <---> 3 : 2.6819705963134766
4 <---> 5 : 2.6116371154785156
discovery--->==================================== discovery ====================================
discovery---> cls: [(6, 2), (6, 3), (2, 1), (2, 5), (2, 3), (1, 5), (3, 4), (5, 4)]
discovery--->=============================================================================
==================================== link detector ====================================

----------------------------
src    dst :    delay
6 <---> 2 : 3.8788318634033203
6 <---> 3 : 3.0317306518554688
1 <---> 2 : 2.338886260986328
1 <---> 5 : 4.029989242553711
2 <---> 5 : 4.164695739746094
2 <---> 6 : 2.8107166290283203
2 <---> 1 : 3.3288002014160156
2 <---> 3 : 2.7742385864257812
5 <---> 4 : 3.559112548828125
5 <---> 2 : 2.9582977294921875
5 <---> 1 : 3.0164718627929688
3 <---> 4 : 3.4313201904296875
3 <---> 2 : 2.9001235961914062
3 <---> 6 : 3.3316612243652344
4 <---> 3 : 4.335165023803711
4 <---> 5 : 3.3206939697265625
discovery--->==================================== discovery ====================================
discovery---> cls: [(6, 2), (6, 3), (2, 1), (2, 5), (2, 3), (1, 5), (3, 4), (5, 4)]
discovery--->=============================================================================
==================================== link detector ====================================

----------------------------
src    dst :    delay
6 <---> 2 : 4.325389862060547
6 <---> 3 : 4.400491714477539
1 <---> 2 : 4.479646682739258
1 <---> 5 : 2.973794937133789
2 <---> 5 : 4.929542541503906
2 <---> 6 : 3.860950469970703
2 <---> 1 : 3.8301944732666016
2 <---> 3 : 3.195047378540039
5 <---> 4 : 2.6254653930664062
5 <---> 2 : 3.5223960876464844
5 <---> 1 : 3.4995079040527344
3 <---> 4 : 2.832174301147461
3 <---> 2 : 4.090547561645508
3 <---> 6 : 2.8858184814453125
4 <---> 3 : 3.069639205932617
4 <---> 5 : 3.2918453216552734
==================================== link detector ====================================

----------------------------
src    dst :    delay
6 <---> 2 : 2.526998519897461
6 <---> 3 : 2.321481704711914
1 <---> 2 : 3.8042068481445312
1 <---> 5 : 3.622770309448242
2 <---> 5 : 3.309488296508789
2 <---> 6 : 2.4957656860351562
2 <---> 1 : 2.684354782104492
2 <---> 3 : 3.6242008209228516
5 <---> 4 : 3.5789012908935547
5 <---> 2 : 3.6334991455078125
5 <---> 1 : 2.818584442138672
3 <---> 4 : 2.4080276489257812
3 <---> 2 : 3.637075424194336
3 <---> 6 : 4.152059555053711
4 <---> 3 : 3.9968490600585938
4 <---> 5 : 3.805398941040039
discovery--->==================================== discovery ====================================
discovery---> cls: [(6, 2), (6, 3), (2, 1), (2, 5), (2, 3), (1, 5), (3, 4), (5, 4)]
discovery--->=============================================================================
==================================== link detector ====================================

----------------------------
src    dst :    delay
6 <---> 2 : 4.36711311340332
6 <---> 3 : 4.277229309082031
1 <---> 2 : 2.2988319396972656
1 <---> 5 : 2.252817153930664
2 <---> 5 : 2.226114273071289
2 <---> 6 : 4.505634307861328
2 <---> 1 : 2.6061534881591797
2 <---> 3 : 3.8471221923828125
5 <---> 4 : 2.771139144897461
5 <---> 2 : 2.6769638061523438
5 <---> 1 : 3.7186145782470703
3 <---> 4 : 3.4477710723876953
3 <---> 2 : 3.408193588256836
3 <---> 6 : 3.421306610107422
4 <---> 3 : 2.985715866088867
4 <---> 5 : 2.417325973510742
discovery--->==================================== discovery ====================================
discovery---> cls: [(6, 2), (6, 3), (2, 1), (2, 5), (2, 3), (1, 5), (3, 4), (5, 4)]
discovery--->=============================================================================
==================================== link detector ====================================

----------------------------
src    dst :    delay
6 <---> 2 : 2.5527477264404297
6 <---> 3 : 2.8455257415771484
1 <---> 2 : 2.161264419555664
1 <---> 5 : 2.222299575805664
2 <---> 5 : 2.537250518798828
2 <---> 6 : 2.6285648345947266
2 <---> 1 : 2.753734588623047
2 <---> 3 : 3.2958984375
5 <---> 4 : 4.406452178955078
5 <---> 2 : 3.0417442321777344
5 <---> 1 : 2.704620361328125
3 <---> 4 : 2.3975372314453125
3 <---> 2 : 2.6483535766601562
3 <---> 6 : 4.0302276611328125
4 <---> 3 : 2.525806427001953
4 <---> 5 : 3.007650375366211
==================================== link detector ====================================

----------------------------
src    dst :    delay
6 <---> 2 : 3.1538009643554688
6 <---> 3 : 2.779722213745117
1 <---> 2 : 2.440214157104492
1 <---> 5 : 3.175497055053711
2 <---> 5 : 4.523038864135742
2 <---> 6 : 2.468585968017578
2 <---> 1 : 3.0019283294677734
2 <---> 3 : 3.0312538146972656
5 <---> 4 : 2.5916099548339844
5 <---> 2 : 3.1599998474121094
5 <---> 1 : 4.25410270690918
3 <---> 4 : 3.412485122680664
3 <---> 2 : 4.633903503417969
3 <---> 6 : 3.8154125213623047
4 <---> 3 : 3.239154815673828
4 <---> 5 : 3.330230712890625
discovery--->==================================== discovery ====================================
discovery---> cls: [(6, 2), (6, 3), (2, 1), (2, 5), (2, 3), (1, 5), (3, 4), (5, 4)]
discovery--->=============================================================================
==================================== link detector ====================================

----------------------------
src    dst :    delay
6 <---> 2 : 2.6557445526123047
6 <---> 3 : 2.8581619262695312
1 <---> 2 : 3.273487091064453
1 <---> 5 : 3.1270980834960938
2 <---> 5 : 4.316806793212891
2 <---> 6 : 4.329204559326172
2 <---> 1 : 4.275321960449219
2 <---> 3 : 2.8829574584960938
5 <---> 4 : 3.1185150146484375
5 <---> 2 : 4.395961761474609
5 <---> 1 : 3.141641616821289
3 <---> 4 : 2.9828548431396484
3 <---> 2 : 3.604412078857422
3 <---> 6 : 2.4690628051757812
4 <---> 3 : 2.2323131561279297
4 <---> 5 : 3.936290740966797
discovery--->==================================== discovery ====================================
discovery---> cls: [(6, 2), (6, 3), (2, 1), (2, 5), (2, 3), (1, 5), (3, 4), (5, 4)]
discovery--->=============================================================================
==================================== link detector ====================================

----------------------------
src    dst :    delay
6 <---> 2 : 2.752542495727539
6 <---> 3 : 3.0410289764404297
1 <---> 2 : 3.1213760375976562
1 <---> 5 : 3.454446792602539
2 <---> 5 : 4.32896614074707
2 <---> 6 : 3.3044815063476562
2 <---> 1 : 2.354145050048828
2 <---> 3 : 3.421783447265625
5 <---> 4 : 4.324913024902344
5 <---> 2 : 3.3066272735595703
5 <---> 1 : 4.088401794433594
3 <---> 4 : 2.1164417266845703
3 <---> 2 : 4.012584686279297
3 <---> 6 : 2.7091503143310547
4 <---> 3 : 4.104375839233398
4 <---> 5 : 3.328561782836914
==================================== link detector ====================================

----------------------------
src    dst :    delay
6 <---> 2 : 3.026723861694336
6 <---> 3 : 3.9260387420654297
1 <---> 2 : 3.3991336822509766
1 <---> 5 : 4.23121452331543
2 <---> 5 : 2.795696258544922
2 <---> 6 : 2.900362014770508
2 <---> 1 : 2.9582977294921875
2 <---> 3 : 3.1113624572753906
5 <---> 4 : 3.277301788330078
5 <---> 2 : 2.7315616607666016
5 <---> 1 : 2.9091835021972656
3 <---> 4 : 3.326892852783203
3 <---> 2 : 3.7851333618164062
3 <---> 6 : 2.8924942016601562
4 <---> 3 : 2.888202667236328
4 <---> 5 : 2.5680065155029297
discovery--->==================================== discovery ====================================
discovery---> cls: [(6, 2), (6, 3), (2, 1), (2, 5), (2, 3), (1, 5), (3, 4), (5, 4)]
discovery--->=============================================================================
==================================== link detector ====================================

----------------------------
src    dst :    delay
6 <---> 2 : 3.4766197204589844
6 <---> 3 : 3.4155845642089844
1 <---> 2 : 3.343820571899414
1 <---> 5 : 3.7488937377929688
2 <---> 5 : 3.391265869140625
2 <---> 6 : 2.7954578399658203
2 <---> 1 : 3.3304691314697266
2 <---> 3 : 2.9561519622802734
5 <---> 4 : 2.8498172760009766
5 <---> 2 : 2.872943878173828
5 <---> 1 : 2.720355987548828
3 <---> 4 : 2.671480178833008
3 <---> 2 : 2.2411346435546875
3 <---> 6 : 4.44793701171875
4 <---> 3 : 4.042148590087891
4 <---> 5 : 4.449605941772461
==================================== link detector ====================================

----------------------------
src    dst :    delay
6 <---> 2 : 2.965211868286133
6 <---> 3 : 2.8696060180664062
1 <---> 2 : 3.716707229614258
1 <---> 5 : 3.4322738647460938
2 <---> 5 : 2.854585647583008
2 <---> 6 : 3.6573410034179688
2 <---> 1 : 2.537250518798828
2 <---> 3 : 3.598451614379883
5 <---> 4 : 2.2954940795898438
5 <---> 2 : 3.303050994873047
5 <---> 1 : 3.3512115478515625
3 <---> 4 : 2.8984546661376953
3 <---> 2 : 2.8700828552246094
3 <---> 6 : 3.4606456756591797
4 <---> 3 : 2.5482177734375
4 <---> 5 : 4.690885543823242
discovery--->==================================== discovery ====================================
discovery---> cls: [(6, 2), (6, 3), (2, 1), (2, 5), (2, 3), (1, 5), (3, 4), (5, 4)]
discovery--->=============================================================================
==================================== link detector ====================================

----------------------------
src    dst :    delay
6 <---> 2 : 2.7887821197509766
6 <---> 3 : 2.2430419921875
1 <---> 2 : 2.808809280395508
1 <---> 5 : 3.1316280364990234
2 <---> 5 : 3.433704376220703
2 <---> 6 : 3.0868053436279297
2 <---> 1 : 3.1239986419677734
2 <---> 3 : 3.134012222290039
5 <---> 4 : 3.7543773651123047
5 <---> 2 : 2.528667449951172
5 <---> 1 : 2.7391910552978516
3 <---> 4 : 3.696918487548828
3 <---> 2 : 2.933979034423828
3 <---> 6 : 2.8307437896728516
4 <---> 3 : 3.091096878051758
4 <---> 5 : 4.635334014892578
discovery--->==================================== discovery ====================================
discovery---> cls: [(6, 2), (6, 3), (2, 1), (2, 5), (2, 3), (1, 5), (3, 4), (5, 4)]
discovery--->=============================================================================
==================================== link detector ====================================

----------------------------
src    dst :    delay
6 <---> 2 : 3.4329891204833984
6 <---> 3 : 3.4880638122558594
1 <---> 2 : 3.4661293029785156
1 <---> 5 : 2.7692317962646484
2 <---> 5 : 3.537416458129883
2 <---> 6 : 2.5327205657958984
2 <---> 1 : 4.2400360107421875
2 <---> 3 : 2.8226375579833984
5 <---> 4 : 3.098011016845703
5 <---> 2 : 3.4918785095214844
5 <---> 1 : 3.3614635467529297
3 <---> 4 : 2.5691986083984375
3 <---> 2 : 3.366708755493164
3 <---> 6 : 3.426074981689453
4 <---> 3 : 2.47955322265625
4 <---> 5 : 2.7618408203125
==================================== link detector ====================================

----------------------------
src    dst :    delay
6 <---> 2 : 3.2074451446533203
6 <---> 3 : 2.2776126861572266
1 <---> 2 : 3.6873817443847656
1 <---> 5 : 2.7647018432617188
2 <---> 5 : 3.8137435913085938
2 <---> 6 : 3.023386001586914
2 <---> 1 : 2.9077529907226562
2 <---> 3 : 2.944469451904297
5 <---> 4 : 4.373788833618164
5 <---> 2 : 3.5593509674072266
5 <---> 1 : 3.6787986755371094
3 <---> 4 : 4.2858123779296875
3 <---> 2 : 3.0040740966796875
3 <---> 6 : 2.5634765625
4 <---> 3 : 2.879619598388672
4 <---> 5 : 3.5800933837890625
discovery--->==================================== discovery ====================================
discovery---> cls: [(6, 2), (6, 3), (2, 1), (2, 5), (2, 3), (1, 5), (3, 4), (5, 4)]
discovery--->=============================================================================
==================================== link detector ====================================

----------------------------
src    dst :    delay
6 <---> 2 : 2.4116039276123047
6 <---> 3 : 7.786273956298828
1 <---> 2 : 4.324436187744141
1 <---> 5 : 2.584695816040039
2 <---> 5 : 3.1282901763916016
2 <---> 6 : 3.196239471435547
2 <---> 1 : 3.2668113708496094
2 <---> 3 : 3.2389163970947266
5 <---> 4 : 3.4258365631103516
5 <---> 2 : 2.474546432495117
5 <---> 1 : 3.1032562255859375
3 <---> 4 : 2.9802322387695312
3 <---> 2 : 3.3054351806640625
3 <---> 6 : 3.0982494354248047
4 <---> 3 : 4.182577133178711
4 <---> 5 : 2.248525619506836
discovery--->==================================== discovery ====================================
discovery---> cls: [(6, 2), (6, 3), (2, 1), (2, 5), (2, 3), (1, 5), (3, 4), (5, 4)]
discovery--->=============================================================================
==================================== link detector ====================================

----------------------------
src    dst :    delay
6 <---> 2 : 2.8994083404541016
6 <---> 3 : 2.7761459350585938
1 <---> 2 : 3.2591819763183594
1 <---> 5 : 2.878904342651367
2 <---> 5 : 2.8312206268310547
2 <---> 6 : 3.208160400390625
2 <---> 1 : 3.5257339477539062
2 <---> 3 : 2.7146339416503906
5 <---> 4 : 2.550840377807617
5 <---> 2 : 3.039121627807617
5 <---> 1 : 3.263711929321289
3 <---> 4 : 3.5033226013183594
3 <---> 2 : 3.524303436279297
3 <---> 6 : 3.2105445861816406
4 <---> 3 : 3.441333770751953
4 <---> 5 : 2.883434295654297
==================================== link detector ====================================

----------------------------
src    dst :    delay
6 <---> 2 : 3.295421600341797
6 <---> 3 : 2.9566287994384766
1 <---> 2 : 2.909421920776367
1 <---> 5 : 4.862070083618164
2 <---> 5 : 3.7975311279296875
2 <---> 6 : 3.2243728637695312
2 <---> 1 : 2.5582313537597656
2 <---> 3 : 3.9315223693847656
5 <---> 4 : 3.0493736267089844
5 <---> 2 : 2.222299575805664
5 <---> 1 : 3.0896663665771484
3 <---> 4 : 3.5381317138671875
3 <---> 2 : 2.767801284790039
3 <---> 6 : 3.7183761596679688
4 <---> 3 : 4.1217803955078125
4 <---> 5 : 3.8046836853027344
discovery--->==================================== discovery ====================================
discovery---> cls: [(6, 2), (6, 3), (2, 1), (2, 5), (2, 3), (1, 5), (3, 4), (5, 4)]
discovery--->=============================================================================
==================================== link detector ====================================

----------------------------
src    dst :    delay
6 <---> 2 : 2.8314590454101562
6 <---> 3 : 3.6916732788085938
1 <---> 2 : 3.2494068145751953
1 <---> 5 : 2.9380321502685547
2 <---> 5 : 3.1769275665283203
2 <---> 6 : 3.0736923217773438
2 <---> 1 : 4.196405410766602
2 <---> 3 : 2.894878387451172
5 <---> 4 : 2.573251724243164
5 <---> 2 : 3.282785415649414
5 <---> 1 : 2.9866695404052734
3 <---> 4 : 3.0570030212402344
3 <---> 2 : 3.2079219818115234
3 <---> 6 : 3.9238929748535156
4 <---> 3 : 3.3304691314697266
4 <---> 5 : 3.221750259399414
discovery--->==================================== discovery ====================================
discovery---> cls: [(6, 2), (6, 3), (2, 1), (2, 5), (2, 3), (1, 5), (3, 4), (5, 4)]
discovery--->=============================================================================
==================================== link detector ====================================

----------------------------
src    dst :    delay
6 <---> 2 : 4.426002502441406
6 <---> 3 : 2.475261688232422
1 <---> 2 : 2.5167465209960938
1 <---> 5 : 2.524852752685547
2 <---> 5 : 3.0133724212646484
2 <---> 6 : 3.440380096435547
2 <---> 1 : 2.655029296875
2 <---> 3 : 3.5257339477539062
5 <---> 4 : 3.314971923828125
5 <---> 2 : 2.3682117462158203
5 <---> 1 : 3.160715103149414
3 <---> 4 : 3.089427947998047
3 <---> 2 : 2.346038818359375
3 <---> 6 : 3.419637680053711
4 <---> 3 : 3.204822540283203
4 <---> 5 : 3.2379627227783203
==================================== link detector ====================================

----------------------------
src    dst :    delay
6 <---> 2 : 3.1690597534179688
6 <---> 3 : 3.5696029663085938
1 <---> 2 : 2.2957324981689453
1 <---> 5 : 3.2405853271484375
2 <---> 5 : 3.1385421752929688
2 <---> 6 : 3.450155258178711
2 <---> 1 : 3.4208297729492188
2 <---> 3 : 3.240823745727539
5 <---> 4 : 3.2739639282226562
5 <---> 2 : 3.70025634765625
5 <---> 1 : 3.5810470581054688
3 <---> 4 : 5.035400390625
3 <---> 2 : 3.206968307495117
3 <---> 6 : 3.545999526977539
4 <---> 3 : 2.415180206298828
4 <---> 5 : 2.226591110229492
discovery--->==================================== discovery ====================================
discovery---> cls: [(6, 2), (6, 3), (2, 1), (2, 5), (2, 3), (1, 5), (3, 4), (5, 4)]
discovery--->=============================================================================
==================================== link detector ====================================

----------------------------
src    dst :    delay
6 <---> 2 : 4.361867904663086
6 <---> 3 : 2.8738975524902344
1 <---> 2 : 3.2014846801757812
1 <---> 5 : 4.202127456665039
2 <---> 5 : 2.9382705688476562
2 <---> 6 : 2.2504329681396484
2 <---> 1 : 3.3380985260009766
2 <---> 3 : 2.3107528686523438
5 <---> 4 : 3.190755844116211
5 <---> 2 : 2.6683807373046875
5 <---> 1 : 3.2165050506591797
3 <---> 4 : 4.420280456542969
3 <---> 2 : 2.895355224609375
3 <---> 6 : 3.338336944580078
4 <---> 3 : 5.401611328125
4 <---> 5 : 2.889871597290039
discovery--->==================================== discovery ====================================
discovery---> cls: [(6, 2), (6, 3), (2, 1), (2, 5), (2, 3), (1, 5), (3, 4), (5, 4)]
discovery--->=============================================================================
==================================== link detector ====================================

----------------------------
src    dst :    delay
6 <---> 2 : 3.0715465545654297
6 <---> 3 : 3.1251907348632812
1 <---> 2 : 3.5486221313476562
1 <---> 5 : 3.367900848388672
2 <---> 5 : 3.1490325927734375
2 <---> 6 : 5.385398864746094
2 <---> 1 : 3.1270980834960938
2 <---> 3 : 3.511667251586914
5 <---> 4 : 2.610445022583008
5 <---> 2 : 3.3457279205322266
5 <---> 1 : 4.485130310058594
3 <---> 4 : 2.649068832397461
3 <---> 2 : 2.496957778930664
3 <---> 6 : 2.275228500366211
4 <---> 3 : 3.000497817993164
4 <---> 5 : 2.752542495727539
==================================== link detector ====================================

----------------------------
src    dst :    delay
6 <---> 2 : 2.8562545776367188
6 <---> 3 : 2.7163028717041016
1 <---> 2 : 3.586292266845703
1 <---> 5 : 3.5660266876220703
2 <---> 5 : 2.2592544555664062
2 <---> 6 : 3.4563541412353516
2 <---> 1 : 3.556966781616211
2 <---> 3 : 2.9916763305664062
5 <---> 4 : 3.7088394165039062
5 <---> 2 : 3.3364295959472656
5 <---> 1 : 2.7747154235839844
3 <---> 4 : 2.5768280029296875
3 <---> 2 : 2.938985824584961
3 <---> 6 : 3.8733482360839844
4 <---> 3 : 3.1740665435791016
4 <---> 5 : 3.4530162811279297
discovery--->==================================== discovery ====================================
discovery---> cls: [(6, 2), (6, 3), (2, 1), (2, 5), (2, 3), (1, 5), (3, 4), (5, 4)]
discovery--->=============================================================================
==================================== link detector ====================================

----------------------------
src    dst :    delay
6 <---> 2 : 3.2739639282226562
6 <---> 3 : 3.1213760375976562
1 <---> 2 : 2.7790069580078125
1 <---> 5 : 4.320383071899414
2 <---> 5 : 3.5631656646728516
2 <---> 6 : 3.0329227447509766
2 <---> 1 : 2.3877620697021484
2 <---> 3 : 3.806591033935547
5 <---> 4 : 2.498626708984375
5 <---> 2 : 2.8629302978515625
5 <---> 1 : 2.953052520751953
3 <---> 4 : 3.248929977416992
3 <---> 2 : 3.2749176025390625
3 <---> 6 : 2.9909610748291016
4 <---> 3 : 4.813671112060547
4 <---> 5 : 3.596067428588867
discovery--->==================================== discovery ====================================
discovery---> cls: [(6, 2), (6, 3), (2, 1), (2, 5), (2, 3), (1, 5), (3, 4), (5, 4)]
discovery--->=============================================================================
==================================== link detector ====================================

----------------------------
src    dst :    delay
6 <---> 2 : 2.477884292602539
6 <---> 3 : 2.1605491638183594
1 <---> 2 : 2.9020309448242188
1 <---> 5 : 2.8138160705566406
2 <---> 5 : 3.3409595489501953
2 <---> 6 : 3.2126903533935547
2 <---> 1 : 3.795146942138672
2 <---> 3 : 2.912282943725586
5 <---> 4 : 4.540443420410156
5 <---> 2 : 2.646923065185547
5 <---> 1 : 2.866506576538086
3 <---> 4 : 2.9158592224121094
3 <---> 2 : 2.691507339477539
3 <---> 6 : 3.1585693359375
4 <---> 3 : 2.335071563720703
4 <---> 5 : 3.7584304809570312
==================================== link detector ====================================

----------------------------
src    dst :    delay
6 <---> 2 : 3.490924835205078
6 <---> 3 : 2.6967525482177734
1 <---> 2 : 3.850698471069336
1 <---> 5 : 4.511356353759766
2 <---> 5 : 3.3311843872070312
2 <---> 6 : 2.5691986083984375
2 <---> 1 : 3.1430721282958984
2 <---> 3 : 3.9103031158447266
5 <---> 4 : 2.7937889099121094
5 <---> 2 : 3.047943115234375
5 <---> 1 : 3.2966136932373047
3 <---> 4 : 3.5331249237060547
3 <---> 2 : 3.8976669311523438
3 <---> 6 : 3.2889842987060547
4 <---> 3 : 3.7696361541748047
4 <---> 5 : 3.0684471130371094
discovery--->==================================== discovery ====================================
discovery---> cls: [(6, 2), (6, 3), (2, 1), (2, 5), (2, 3), (1, 5), (3, 4), (5, 4)]
discovery--->=============================================================================
==================================== link detector ====================================

----------------------------
src    dst :    delay
6 <---> 2 : 2.6595592498779297
6 <---> 3 : 3.6439895629882812
1 <---> 2 : 3.223419189453125
1 <---> 5 : 3.5469532012939453
2 <---> 5 : 2.9146671295166016
2 <---> 6 : 3.0241012573242188
2 <---> 1 : 2.8772354125976562
2 <---> 3 : 2.9506683349609375
5 <---> 4 : 3.7724971771240234
5 <---> 2 : 3.817319869995117
5 <---> 1 : 3.379344940185547
3 <---> 4 : 3.5889148712158203
3 <---> 2 : 2.4251937866210938
3 <---> 6 : 2.4716854095458984
4 <---> 3 : 3.257274627685547
4 <---> 5 : 3.7026405334472656
discovery--->==================================== discovery ====================================
discovery---> cls: [(6, 2), (6, 3), (2, 1), (2, 5), (2, 3), (1, 5), (3, 4), (5, 4)]
discovery--->=============================================================================
==================================== link detector ====================================

----------------------------
src    dst :    delay
6 <---> 2 : 2.5174617767333984
6 <---> 3 : 3.2846927642822266
1 <---> 2 : 2.8574466705322266
1 <---> 5 : 2.7489662170410156
2 <---> 5 : 3.4193992614746094
2 <---> 6 : 2.659320831298828
2 <---> 1 : 2.833127975463867
2 <---> 3 : 3.171682357788086
5 <---> 4 : 3.8022994995117188
5 <---> 2 : 3.7844181060791016
5 <---> 1 : 4.460811614990234
3 <---> 4 : 2.95257568359375
3 <---> 2 : 3.298044204711914
3 <---> 6 : 2.6929378509521484
4 <---> 3 : 3.0438899993896484
4 <---> 5 : 3.0562877655029297
==================================== link detector ====================================

----------------------------
src    dst :    delay
6 <---> 2 : 4.474639892578125
6 <---> 3 : 3.225564956665039
1 <---> 2 : 4.361152648925781
1 <---> 5 : 2.435922622680664
2 <---> 5 : 2.726316452026367
2 <---> 6 : 4.357576370239258
2 <---> 1 : 2.7704238891601562
2 <---> 3 : 3.660440444946289
5 <---> 4 : 2.3157596588134766
5 <---> 2 : 3.19671630859375
5 <---> 1 : 2.6955604553222656
3 <---> 4 : 3.486156463623047
3 <---> 2 : 3.268003463745117
3 <---> 6 : 2.898693084716797
4 <---> 3 : 2.511739730834961
4 <---> 5 : 3.410816192626953
discovery--->==================================== discovery ====================================
discovery---> cls: [(6, 2), (6, 3), (2, 1), (2, 5), (2, 3), (1, 5), (3, 4), (5, 4)]
discovery--->=============================================================================
==================================== link detector ====================================

----------------------------
src    dst :    delay
6 <---> 2 : 2.619504928588867
6 <---> 3 : 2.693653106689453
1 <---> 2 : 4.122734069824219
1 <---> 5 : 3.6089420318603516
2 <---> 5 : 3.045797348022461
2 <---> 6 : 3.7314891815185547
2 <---> 1 : 3.881692886352539
2 <---> 3 : 2.9485225677490234
5 <---> 4 : 3.0672550201416016
5 <---> 2 : 2.536296844482422
5 <---> 1 : 2.4967193603515625
3 <---> 4 : 2.2156238555908203
3 <---> 2 : 2.335786819458008
3 <---> 6 : 3.1533241271972656
4 <---> 3 : 3.430604934692383
4 <---> 5 : 4.213094711303711
discovery--->==================================== discovery ====================================
discovery---> cls: [(6, 2), (6, 3), (2, 1), (2, 5), (2, 3), (1, 5), (3, 4), (5, 4)]
discovery--->=============================================================================
==================================== link detector ====================================

----------------------------
src    dst :    delay
6 <---> 2 : 3.2515525817871094
6 <---> 3 : 5.198240280151367
1 <---> 2 : 4.059791564941406
1 <---> 5 : 3.8940906524658203
2 <---> 5 : 3.5011768341064453
2 <---> 6 : 2.6268959045410156
2 <---> 1 : 2.594470977783203
2 <---> 3 : 2.2847652435302734
5 <---> 4 : 2.847909927368164
5 <---> 2 : 2.565622329711914
5 <---> 1 : 3.590822219848633
3 <---> 4 : 3.5016536712646484
3 <---> 2 : 3.011465072631836
3 <---> 6 : 3.0961036682128906
4 <---> 3 : 4.441738128662109
4 <---> 5 : 2.621889114379883
==================================== link detector ====================================

----------------------------
src    dst :    delay
6 <---> 2 : 2.9706954956054688
6 <---> 3 : 2.8929710388183594
1 <---> 2 : 3.4852027893066406
1 <---> 5 : 3.1523704528808594
2 <---> 5 : 3.350496292114258
2 <---> 6 : 3.3295154571533203
2 <---> 1 : 3.5963058471679688
2 <---> 3 : 3.5064220428466797
5 <---> 4 : 3.8073062896728516
5 <---> 2 : 2.9754638671875
5 <---> 1 : 2.766132354736328
3 <---> 4 : 3.366708755493164
3 <---> 2 : 2.5336742401123047
3 <---> 6 : 3.398895263671875
4 <---> 3 : 2.3260116577148438
4 <---> 5 : 3.4728050231933594
discovery--->==================================== discovery ====================================
discovery---> cls: [(6, 2), (6, 3), (2, 1), (2, 5), (2, 3), (1, 5), (3, 4), (5, 4)]
discovery--->=============================================================================
==================================== link detector ====================================

----------------------------
src    dst :    delay
6 <---> 2 : 3.335714340209961
6 <---> 3 : 3.4542083740234375
1 <---> 2 : 2.846956253051758
1 <---> 5 : 2.8579235076904297
2 <---> 5 : 3.6115646362304688
2 <---> 6 : 2.6884078979492188
2 <---> 1 : 3.117799758911133
2 <---> 3 : 4.008293151855469
5 <---> 4 : 2.8853416442871094
5 <---> 2 : 3.2591819763183594
5 <---> 1 : 2.7573108673095703
3 <---> 4 : 3.027200698852539
3 <---> 2 : 3.7882328033447266
3 <---> 6 : 3.0059814453125
4 <---> 3 : 3.386974334716797
4 <---> 5 : 3.1228065490722656
discovery--->==================================== discovery ====================================
discovery---> cls: [(6, 2), (6, 3), (2, 1), (2, 5), (2, 3), (1, 5), (3, 4), (5, 4)]
discovery--->=============================================================================
==================================== link detector ====================================

----------------------------
src    dst :    delay
6 <---> 2 : 2.9134750366210938
6 <---> 3 : 2.7899742126464844
1 <---> 2 : 3.162384033203125
1 <---> 5 : 3.520965576171875
2 <---> 5 : 2.8743743896484375
2 <---> 6 : 3.5333633422851562
2 <---> 1 : 3.34930419921875
2 <---> 3 : 3.022909164428711
5 <---> 4 : 2.542257308959961
5 <---> 2 : 3.0107498168945312
5 <---> 1 : 3.121614456176758
3 <---> 4 : 3.660917282104492
3 <---> 2 : 3.7984848022460938
3 <---> 6 : 3.3898353576660156
4 <---> 3 : 2.9006004333496094
4 <---> 5 : 3.0388832092285156
==================================== link detector ====================================

----------------------------
src    dst :    delay
6 <---> 2 : 2.3446083068847656
6 <---> 3 : 3.263235092163086
1 <---> 2 : 2.6700496673583984
1 <---> 5 : 2.707242965698242
2 <---> 5 : 3.5982131958007812
2 <---> 6 : 2.853870391845703
2 <---> 1 : 2.858877182006836
2 <---> 3 : 3.488302230834961
5 <---> 4 : 3.903627395629883
5 <---> 2 : 4.867315292358398
5 <---> 1 : 4.659175872802734
3 <---> 4 : 2.8960704803466797
3 <---> 2 : 2.810955047607422
3 <---> 6 : 3.4608840942382812
4 <---> 3 : 2.8076171875
4 <---> 5 : 2.26593017578125
discovery--->==================================== discovery ====================================
discovery---> cls: [(6, 2), (6, 3), (2, 1), (2, 5), (2, 3), (1, 5), (3, 4), (5, 4)]
discovery--->=============================================================================
==================================== link detector ====================================

----------------------------
src    dst :    delay
6 <---> 2 : 2.1600723266601562
6 <---> 3 : 2.4161338806152344
1 <---> 2 : 4.031658172607422
1 <---> 5 : 3.393411636352539
2 <---> 5 : 2.7310848236083984
2 <---> 6 : 2.277851104736328
2 <---> 1 : 2.196073532104492
2 <---> 3 : 3.301382064819336
5 <---> 4 : 2.5756359100341797
5 <---> 2 : 2.3865699768066406
5 <---> 1 : 3.274202346801758
3 <---> 4 : 13.389348983764648
3 <---> 2 : 2.8498172760009766
3 <---> 6 : 3.0641555786132812
4 <---> 3 : 4.349231719970703
4 <---> 5 : 2.7649402618408203
discovery--->==================================== discovery ====================================
discovery---> cls: [(6, 2), (6, 3), (2, 1), (2, 5), (2, 3), (1, 5), (3, 4), (5, 4)]
discovery--->=============================================================================
==================================== link detector ====================================

----------------------------
src    dst :    delay
6 <---> 2 : 2.72369384765625
6 <---> 3 : 2.4766921997070312
1 <---> 2 : 2.886056900024414
1 <---> 5 : 3.209829330444336
2 <---> 5 : 3.6652088165283203
2 <---> 6 : 3.5483837127685547
2 <---> 1 : 3.429412841796875
2 <---> 3 : 3.1812191009521484
5 <---> 4 : 3.8013458251953125
5 <---> 2 : 2.460479736328125
5 <---> 1 : 2.4766921997070312
3 <---> 4 : 2.947092056274414
3 <---> 2 : 2.946615219116211
3 <---> 6 : 2.666473388671875
4 <---> 3 : 4.445314407348633
4 <---> 5 : 3.60107421875
==================================== link detector ====================================

----------------------------
src    dst :    delay
6 <---> 2 : 2.679586410522461
6 <---> 3 : 3.943204879760742
1 <---> 2 : 3.3016204833984375
1 <---> 5 : 2.446413040161133
2 <---> 5 : 3.4737586975097656
2 <---> 6 : 3.3044815063476562
2 <---> 1 : 2.7360916137695312
2 <---> 3 : 3.3822059631347656
5 <---> 4 : 3.408193588256836
5 <---> 2 : 2.762317657470703
5 <---> 1 : 3.2973289489746094
3 <---> 4 : 3.5660266876220703
3 <---> 2 : 3.6897659301757812
3 <---> 6 : 3.2796859741210938
4 <---> 3 : 2.8312206268310547
4 <---> 5 : 2.730131149291992
discovery--->==================================== discovery ====================================
discovery---> cls: [(6, 2), (6, 3), (2, 1), (2, 5), (2, 3), (1, 5), (3, 4), (5, 4)]
discovery--->=============================================================================
==================================== link detector ====================================

----------------------------
src    dst :    delay
6 <---> 2 : 2.836942672729492
6 <---> 3 : 2.2819042205810547
1 <---> 2 : 3.6983489990234375
1 <---> 5 : 3.827810287475586
2 <---> 5 : 3.663301467895508
2 <---> 6 : 2.476215362548828
2 <---> 1 : 3.459453582763672
2 <---> 3 : 2.921581268310547
5 <---> 4 : 2.3636817932128906
5 <---> 2 : 3.4062862396240234
5 <---> 1 : 3.3037662506103516
3 <---> 4 : 3.021240234375
3 <---> 2 : 3.1080245971679688
3 <---> 6 : 2.480030059814453
4 <---> 3 : 3.4101009368896484
4 <---> 5 : 3.3812522888183594
discovery--->==================================== discovery ====================================
discovery---> cls: [(6, 2), (6, 3), (2, 1), (2, 5), (2, 3), (1, 5), (3, 4), (5, 4)]
discovery--->=============================================================================
==================================== link detector ====================================

----------------------------
src    dst :    delay
6 <---> 2 : 2.5565624237060547
6 <---> 3 : 4.120826721191406
1 <---> 2 : 2.9523372650146484
1 <---> 5 : 2.593517303466797
2 <---> 5 : 3.9017200469970703
2 <---> 6 : 3.0269622802734375
2 <---> 1 : 3.0889511108398438
2 <---> 3 : 3.8819313049316406
5 <---> 4 : 2.399921417236328
5 <---> 2 : 2.9768943786621094
5 <---> 1 : 3.04412841796875
3 <---> 4 : 2.593994140625
3 <---> 2 : 4.119634628295898
3 <---> 6 : 2.776622772216797
4 <---> 3 : 3.005504608154297
4 <---> 5 : 3.1998157501220703
==================================== link detector ====================================

----------------------------
src    dst :    delay
6 <---> 2 : 2.196073532104492
6 <---> 3 : 2.907991409301758
1 <---> 2 : 3.199338912963867
1 <---> 5 : 3.408193588256836
2 <---> 5 : 3.5140514373779297
2 <---> 6 : 3.564119338989258
2 <---> 1 : 2.9363632202148438
2 <---> 3 : 3.1015872955322266
5 <---> 4 : 2.810955047607422
5 <---> 2 : 3.1585693359375
5 <---> 1 : 2.9528141021728516
3 <---> 4 : 3.2083988189697266
3 <---> 2 : 3.629922866821289
3 <---> 6 : 2.9549598693847656
4 <---> 3 : 2.8684139251708984
4 <---> 5 : 3.0438899993896484
discovery--->==================================== discovery ====================================
discovery---> cls: [(6, 2), (6, 3), (2, 1), (2, 5), (2, 3), (1, 5), (3, 4), (5, 4)]
discovery--->=============================================================================
==================================== link detector ====================================

----------------------------
src    dst :    delay
6 <---> 2 : 3.7872791290283203
6 <---> 3 : 3.6780834197998047
1 <---> 2 : 2.397298812866211
1 <---> 5 : 3.188610076904297
2 <---> 5 : 2.5975704193115234
2 <---> 6 : 4.389524459838867
2 <---> 1 : 2.3910999298095703
2 <---> 3 : 2.763509750366211
5 <---> 4 : 2.3403167724609375
5 <---> 2 : 3.698587417602539
5 <---> 1 : 3.504514694213867
3 <---> 4 : 2.396106719970703
3 <---> 2 : 3.86810302734375
3 <---> 6 : 3.295421600341797
4 <---> 3 : 3.052234649658203
4 <---> 5 : 3.627777099609375
discovery--->==================================== discovery ====================================
discovery---> cls: [(6, 2), (6, 3), (2, 1), (2, 5), (2, 3), (1, 5), (3, 4), (5, 4)]
discovery--->=============================================================================
==================================== link detector ====================================

----------------------------
src    dst :    delay
6 <---> 2 : 2.416849136352539
6 <---> 3 : 3.0906200408935547
1 <---> 2 : 2.953767776489258
1 <---> 5 : 4.751443862915039
2 <---> 5 : 2.5017261505126953
2 <---> 6 : 2.7751922607421875
2 <---> 1 : 4.45103645324707
2 <---> 3 : 3.4837722778320312
5 <---> 4 : 2.3758411407470703
5 <---> 2 : 3.195524215698242
5 <---> 1 : 3.146648406982422
3 <---> 4 : 4.137992858886719
3 <---> 2 : 2.619028091430664
3 <---> 6 : 3.4384727478027344
4 <---> 3 : 3.080606460571289
4 <---> 5 : 3.1633377075195312
network_shorest_path: Exception occurred during handler processing. Backtrace from offending handler [_packet_in_handler] servicing event [EventOFPPacketIn] follows.
Traceback (most recent call last):
  File "/usr/local/lib/python3.6/dist-packages/ryu/base/app_manager.py", line 290, in _event_loop
    handler(ev)
  File "/home/terry/LJQ/Task/ryu/network_shortest_path.py", line 103, in _packet_in_handler
    self.calculate_shortest_paths(msg, eth_type, ipv4_pkt.src, ipv4_pkt.dst)
  File "/home/terry/LJQ/Task/ryu/network_shortest_path.py", line 119, in calculate_shortest_paths
    path = self.calculate_path(src_switch, dst_switch)
  File "/home/terry/LJQ/Task/ryu/network_shortest_path.py", line 163, in calculate_path
    self.network_structure.calculate_shortest_paths(src_dpid, dst_dpid, self.network_structure.calculate_weight)
  File "/home/terry/LJQ/Task/ryu/network_structure.py", line 235, in calculate_shortest_paths
    weight=weight, method=setting.METHOD)
  File "/home/terry/.local/lib/python3.6/site-packages/networkx/algorithms/shortest_paths/generic.py", line 162, in shortest_path
    paths = nx.dijkstra_path(G, source, target, weight)
  File "/home/terry/.local/lib/python3.6/site-packages/networkx/algorithms/shortest_paths/weighted.py", line 157, in dijkstra_path
    (length, path) = single_source_dijkstra(G, source, target=target, weight=weight)
  File "/home/terry/.local/lib/python3.6/site-packages/networkx/algorithms/shortest_paths/weighted.py", line 465, in single_source_dijkstra
    G, {source}, cutoff=cutoff, target=target, weight=weight
  File "/home/terry/.local/lib/python3.6/site-packages/networkx/algorithms/shortest_paths/weighted.py", line 723, in multi_source_dijkstra
    G, sources, weight, paths=paths, cutoff=cutoff, target=target
  File "/home/terry/.local/lib/python3.6/site-packages/networkx/algorithms/shortest_paths/weighted.py", line 831, in _dijkstra_multisource
    raise ValueError("Contradictory paths found:", "negative weights?")
ValueError: ('Contradictory paths found:', 'negative weights?')
==================================== link detector ====================================

----------------------------
src    dst :    delay
6 <---> 2 : 3.0574798583984375
6 <---> 3 : 2.2125244140625
1 <---> 2 : 3.182649612426758
1 <---> 5 : 3.9000511169433594
2 <---> 5 : 3.8878917694091797
2 <---> 6 : 2.2735595703125
2 <---> 1 : 2.8655529022216797
2 <---> 3 : 2.559185028076172
5 <---> 4 : 3.324747085571289
5 <---> 2 : 2.168416976928711
5 <---> 1 : 4.392147064208984
3 <---> 4 : 3.8497447967529297
3 <---> 2 : 2.8595924377441406
3 <---> 6 : 4.667758941650391
4 <---> 3 : 3.9055347442626953
4 <---> 5 : 3.927946090698242
discovery--->==================================== discovery ====================================
discovery---> cls: [(6, 2), (6, 3), (2, 1), (2, 5), (2, 3), (1, 5), (3, 4), (5, 4)]
discovery--->=============================================================================
==================================== link detector ====================================

----------------------------
src    dst :    delay
6 <---> 2 : 3.3779144287109375
6 <---> 3 : 3.2777786254882812
1 <---> 2 : 3.154754638671875
1 <---> 5 : 3.5660266876220703
2 <---> 5 : 3.3066272735595703
2 <---> 6 : 3.1757354736328125
2 <---> 1 : 2.5451183319091797
2 <---> 3 : 3.0601024627685547
5 <---> 4 : 3.439188003540039
5 <---> 2 : 3.2138824462890625
5 <---> 1 : 3.1402111053466797
3 <---> 4 : 2.6106834411621094
3 <---> 2 : 2.8791427612304688
3 <---> 6 : 2.7670860290527344
4 <---> 3 : 2.6159286499023438
4 <---> 5 : 2.9020309448242188
discovery--->==================================== discovery ====================================
discovery---> cls: [(6, 2), (6, 3), (2, 1), (2, 5), (2, 3), (1, 5), (3, 4), (5, 4)]
discovery--->=============================================================================
==================================== link detector ====================================

----------------------------
src    dst :    delay
6 <---> 2 : 3.5638809204101562
6 <---> 3 : 2.5513172149658203
1 <---> 2 : 2.9468536376953125
1 <---> 5 : 2.7501583099365234
2 <---> 5 : 3.1561851501464844
2 <---> 6 : 3.132343292236328
2 <---> 1 : 2.7763843536376953
2 <---> 3 : 3.235340118408203
5 <---> 4 : 2.7878284454345703
5 <---> 2 : 3.3979415893554688
5 <---> 1 : 3.4546852111816406
3 <---> 4 : 2.864837646484375
3 <---> 2 : 2.7375221252441406
3 <---> 6 : 3.9110183715820312
4 <---> 3 : 3.1898021697998047
4 <---> 5 : 3.1991004943847656
network_shorest_path: Exception occurred during handler processing. Backtrace from offending handler [_packet_in_handler] servicing event [EventOFPPacketIn] follows.
Traceback (most recent call last):
  File "/usr/local/lib/python3.6/dist-packages/ryu/base/app_manager.py", line 290, in _event_loop
    handler(ev)
  File "/home/terry/LJQ/Task/ryu/network_shortest_path.py", line 103, in _packet_in_handler
    self.calculate_shortest_paths(msg, eth_type, ipv4_pkt.src, ipv4_pkt.dst)
  File "/home/terry/LJQ/Task/ryu/network_shortest_path.py", line 119, in calculate_shortest_paths
    path = self.calculate_path(src_switch, dst_switch)
  File "/home/terry/LJQ/Task/ryu/network_shortest_path.py", line 163, in calculate_path
    self.network_structure.calculate_shortest_paths(src_dpid, dst_dpid, self.network_structure.calculate_weight)
  File "/home/terry/LJQ/Task/ryu/network_structure.py", line 235, in calculate_shortest_paths
    weight=weight, method=setting.METHOD)
  File "/home/terry/.local/lib/python3.6/site-packages/networkx/algorithms/shortest_paths/generic.py", line 162, in shortest_path
    paths = nx.dijkstra_path(G, source, target, weight)
  File "/home/terry/.local/lib/python3.6/site-packages/networkx/algorithms/shortest_paths/weighted.py", line 157, in dijkstra_path
    (length, path) = single_source_dijkstra(G, source, target=target, weight=weight)
  File "/home/terry/.local/lib/python3.6/site-packages/networkx/algorithms/shortest_paths/weighted.py", line 465, in single_source_dijkstra
    G, {source}, cutoff=cutoff, target=target, weight=weight
  File "/home/terry/.local/lib/python3.6/site-packages/networkx/algorithms/shortest_paths/weighted.py", line 723, in multi_source_dijkstra
    G, sources, weight, paths=paths, cutoff=cutoff, target=target
  File "/home/terry/.local/lib/python3.6/site-packages/networkx/algorithms/shortest_paths/weighted.py", line 831, in _dijkstra_multisource
    raise ValueError("Contradictory paths found:", "negative weights?")
ValueError: ('Contradictory paths found:', 'negative weights?')
==================================== link detector ====================================

----------------------------
src    dst :    delay
6 <---> 2 : 2.919435501098633
6 <---> 3 : 3.0400753021240234
1 <---> 2 : 2.9075145721435547
1 <---> 5 : 2.4063587188720703
2 <---> 5 : 3.1690597534179688
2 <---> 6 : 3.0379295349121094
2 <---> 1 : 3.1423568725585938
2 <---> 3 : 3.437042236328125
5 <---> 4 : 3.803253173828125
5 <---> 2 : 3.3164024353027344
5 <---> 1 : 3.216266632080078
3 <---> 4 : 2.6755332946777344
3 <---> 2 : 2.8035640716552734
3 <---> 6 : 3.728628158569336
4 <---> 3 : 3.164052963256836
4 <---> 5 : 3.152132034301758
discovery--->==================================== discovery ====================================
discovery---> cls: [(6, 2), (6, 3), (2, 1), (2, 5), (2, 3), (1, 5), (3, 4), (5, 4)]
discovery--->=============================================================================
==================================== link detector ====================================

----------------------------
src    dst :    delay
6 <---> 2 : 2.8603076934814453
6 <---> 3 : 2.9222965240478516
1 <---> 2 : 2.942323684692383
1 <---> 5 : 3.34930419921875
2 <---> 5 : 3.017902374267578
2 <---> 6 : 2.6803016662597656
2 <---> 1 : 3.099679946899414
2 <---> 3 : 2.9144287109375
5 <---> 4 : 3.5390853881835938
5 <---> 2 : 3.120899200439453
5 <---> 1 : 4.023551940917969
3 <---> 4 : 2.920866012573242
3 <---> 2 : 4.49824333190918
3 <---> 6 : 3.02886962890625
4 <---> 3 : 2.664327621459961
4 <---> 5 : 2.6857852935791016
discovery--->==================================== discovery ====================================
discovery---> cls: [(6, 2), (6, 3), (2, 1), (2, 5), (2, 3), (1, 5), (3, 4), (5, 4)]
discovery--->=============================================================================
==================================== link detector ====================================

----------------------------
src    dst :    delay
6 <---> 2 : 2.599477767944336
6 <---> 3 : 4.127264022827148
1 <---> 2 : 2.557516098022461
1 <---> 5 : 3.31878662109375
2 <---> 5 : 2.9561519622802734
2 <---> 6 : 3.097057342529297
2 <---> 1 : 2.7229785919189453
2 <---> 3 : 3.580331802368164
5 <---> 4 : 2.8314590454101562
5 <---> 2 : 3.4558773040771484
5 <---> 1 : 3.3042430877685547
3 <---> 4 : 3.3292770385742188
3 <---> 2 : 3.369569778442383
3 <---> 6 : 2.9344558715820312
4 <---> 3 : 3.381013870239258
4 <---> 5 : 2.2919178009033203
network_shorest_path: Exception occurred during handler processing. Backtrace from offending handler [_packet_in_handler] servicing event [EventOFPPacketIn] follows.
Traceback (most recent call last):
  File "/usr/local/lib/python3.6/dist-packages/ryu/base/app_manager.py", line 290, in _event_loop
    handler(ev)
  File "/home/terry/LJQ/Task/ryu/network_shortest_path.py", line 103, in _packet_in_handler
    self.calculate_shortest_paths(msg, eth_type, ipv4_pkt.src, ipv4_pkt.dst)
  File "/home/terry/LJQ/Task/ryu/network_shortest_path.py", line 119, in calculate_shortest_paths
    path = self.calculate_path(src_switch, dst_switch)
  File "/home/terry/LJQ/Task/ryu/network_shortest_path.py", line 163, in calculate_path
    self.network_structure.calculate_shortest_paths(src_dpid, dst_dpid, self.network_structure.calculate_weight)
  File "/home/terry/LJQ/Task/ryu/network_structure.py", line 235, in calculate_shortest_paths
    weight=weight, method=setting.METHOD)
  File "/home/terry/.local/lib/python3.6/site-packages/networkx/algorithms/shortest_paths/generic.py", line 162, in shortest_path
    paths = nx.dijkstra_path(G, source, target, weight)
  File "/home/terry/.local/lib/python3.6/site-packages/networkx/algorithms/shortest_paths/weighted.py", line 157, in dijkstra_path
    (length, path) = single_source_dijkstra(G, source, target=target, weight=weight)
  File "/home/terry/.local/lib/python3.6/site-packages/networkx/algorithms/shortest_paths/weighted.py", line 465, in single_source_dijkstra
    G, {source}, cutoff=cutoff, target=target, weight=weight
  File "/home/terry/.local/lib/python3.6/site-packages/networkx/algorithms/shortest_paths/weighted.py", line 723, in multi_source_dijkstra
    G, sources, weight, paths=paths, cutoff=cutoff, target=target
  File "/home/terry/.local/lib/python3.6/site-packages/networkx/algorithms/shortest_paths/weighted.py", line 831, in _dijkstra_multisource
    raise ValueError("Contradictory paths found:", "negative weights?")
ValueError: ('Contradictory paths found:', 'negative weights?')
==================================== link detector ====================================

----------------------------
src    dst :    delay
6 <---> 2 : 2.2902488708496094
6 <---> 3 : 3.2351016998291016
1 <---> 2 : 3.4525394439697266
1 <---> 5 : 3.2312870025634766
2 <---> 5 : 2.7818679809570312
2 <---> 6 : 3.809690475463867
2 <---> 1 : 5.007743835449219
2 <---> 3 : 2.5167465209960938
5 <---> 4 : 2.557516098022461
5 <---> 2 : 3.1964778900146484
5 <---> 1 : 2.162933349609375
3 <---> 4 : 2.381563186645508
3 <---> 2 : 4.526376724243164
3 <---> 6 : 2.531290054321289
4 <---> 3 : 2.954244613647461
4 <---> 5 : 3.487825393676758
discovery--->==================================== discovery ====================================
discovery---> cls: [(6, 2), (6, 3), (2, 1), (2, 5), (2, 3), (1, 5), (3, 4), (5, 4)]
discovery--->=============================================================================
==================================== link detector ====================================

----------------------------
src    dst :    delay
6 <---> 2 : 3.1402111053466797
6 <---> 3 : 2.426624298095703
1 <---> 2 : 3.8688182830810547
1 <---> 5 : 3.098011016845703
2 <---> 5 : 2.142667770385742
2 <---> 6 : 2.89154052734375
2 <---> 1 : 3.197908401489258
2 <---> 3 : 3.6454200744628906
5 <---> 4 : 3.0984878540039062
5 <---> 2 : 2.374410629272461
5 <---> 1 : 5.0487518310546875
3 <---> 4 : 3.7992000579833984
3 <---> 2 : 4.03904914855957
3 <---> 6 : 3.3445358276367188
4 <---> 3 : 3.9870738983154297
4 <---> 5 : 3.6907196044921875
discovery--->==================================== discovery ====================================
discovery---> cls: [(6, 2), (6, 3), (2, 1), (2, 5), (2, 3), (1, 5), (3, 4), (5, 4)]
discovery--->=============================================================================
==================================== link detector ====================================

----------------------------
src    dst :    delay
6 <---> 2 : 3.145933151245117
6 <---> 3 : 3.1249523162841797
1 <---> 2 : 3.096342086791992
1 <---> 5 : 2.7246475219726562
2 <---> 5 : 3.2720565795898438
2 <---> 6 : 4.418373107910156
2 <---> 1 : 3.125429153442383
2 <---> 3 : 2.4712085723876953
5 <---> 4 : 3.2072067260742188
5 <---> 2 : 3.3338069915771484
5 <---> 1 : 2.505779266357422
3 <---> 4 : 2.7599334716796875
3 <---> 2 : 2.524852752685547
3 <---> 6 : 2.4323463439941406
4 <---> 3 : 2.727985382080078
4 <---> 5 : 4.177570343017578
network_shorest_path: Exception occurred during handler processing. Backtrace from offending handler [_packet_in_handler] servicing event [EventOFPPacketIn] follows.
Traceback (most recent call last):
  File "/usr/local/lib/python3.6/dist-packages/ryu/base/app_manager.py", line 290, in _event_loop
    handler(ev)
  File "/home/terry/LJQ/Task/ryu/network_shortest_path.py", line 103, in _packet_in_handler
    self.calculate_shortest_paths(msg, eth_type, ipv4_pkt.src, ipv4_pkt.dst)
  File "/home/terry/LJQ/Task/ryu/network_shortest_path.py", line 119, in calculate_shortest_paths
    path = self.calculate_path(src_switch, dst_switch)
  File "/home/terry/LJQ/Task/ryu/network_shortest_path.py", line 163, in calculate_path
    self.network_structure.calculate_shortest_paths(src_dpid, dst_dpid, self.network_structure.calculate_weight)
  File "/home/terry/LJQ/Task/ryu/network_structure.py", line 235, in calculate_shortest_paths
    weight=weight, method=setting.METHOD)
  File "/home/terry/.local/lib/python3.6/site-packages/networkx/algorithms/shortest_paths/generic.py", line 162, in shortest_path
    paths = nx.dijkstra_path(G, source, target, weight)
  File "/home/terry/.local/lib/python3.6/site-packages/networkx/algorithms/shortest_paths/weighted.py", line 157, in dijkstra_path
    (length, path) = single_source_dijkstra(G, source, target=target, weight=weight)
  File "/home/terry/.local/lib/python3.6/site-packages/networkx/algorithms/shortest_paths/weighted.py", line 465, in single_source_dijkstra
    G, {source}, cutoff=cutoff, target=target, weight=weight
  File "/home/terry/.local/lib/python3.6/site-packages/networkx/algorithms/shortest_paths/weighted.py", line 723, in multi_source_dijkstra
    G, sources, weight, paths=paths, cutoff=cutoff, target=target
  File "/home/terry/.local/lib/python3.6/site-packages/networkx/algorithms/shortest_paths/weighted.py", line 831, in _dijkstra_multisource
    raise ValueError("Contradictory paths found:", "negative weights?")
ValueError: ('Contradictory paths found:', 'negative weights?')
==================================== link detector ====================================

----------------------------
src    dst :    delay
6 <---> 2 : 2.725839614868164
6 <---> 3 : 2.6946067810058594
1 <---> 2 : 3.753662109375
1 <---> 5 : 3.9975643157958984
2 <---> 5 : 2.777099609375
2 <---> 6 : 2.1822452545166016
2 <---> 1 : 2.6941299438476562
2 <---> 3 : 3.955841064453125
5 <---> 4 : 4.033327102661133
5 <---> 2 : 2.902507781982422
5 <---> 1 : 3.2515525817871094
3 <---> 4 : 2.4764537811279297
3 <---> 2 : 2.8111934661865234
3 <---> 6 : 2.9082298278808594
4 <---> 3 : 3.2362937927246094
4 <---> 5 : 2.4161338806152344
discovery--->==================================== discovery ====================================
discovery---> cls: [(6, 2), (6, 3), (2, 1), (2, 5), (2, 3), (1, 5), (3, 4), (5, 4)]
discovery--->=============================================================================
==================================== link detector ====================================

----------------------------
src    dst :    delay
6 <---> 2 : 4.139184951782227
6 <---> 3 : 4.047155380249023
1 <---> 2 : 3.9429664611816406
1 <---> 5 : 3.0717849731445312
2 <---> 5 : 3.6242008209228516
2 <---> 6 : 3.014802932739258
2 <---> 1 : 2.9268264770507812
2 <---> 3 : 2.2346973419189453
5 <---> 4 : 3.269195556640625
5 <---> 2 : 3.9758682250976562
5 <---> 1 : 2.774477005004883
3 <---> 4 : 3.420591354370117
3 <---> 2 : 3.0775070190429688
3 <---> 6 : 2.8672218322753906
4 <---> 3 : 2.6264190673828125
4 <---> 5 : 2.6688575744628906
discovery--->==================================== discovery ====================================
discovery---> cls: [(6, 2), (6, 3), (2, 1), (2, 5), (2, 3), (1, 5), (3, 4), (5, 4)]
discovery--->=============================================================================
==================================== link detector ====================================

----------------------------
src    dst :    delay
6 <---> 2 : 3.2656192779541016
6 <---> 3 : 2.966642379760742
1 <---> 2 : 4.924297332763672
1 <---> 5 : 2.339601516723633
2 <---> 5 : 2.9680728912353516
2 <---> 6 : 2.4199485778808594
2 <---> 1 : 4.073381423950195
2 <---> 3 : 2.9036998748779297
5 <---> 4 : 3.308534622192383
5 <---> 2 : 2.572298049926758
5 <---> 1 : 3.407001495361328
3 <---> 4 : 2.367258071899414
3 <---> 2 : 3.545999526977539
3 <---> 6 : 3.520965576171875
4 <---> 3 : 4.354715347290039
4 <---> 5 : 2.785921096801758
network_shorest_path: Exception occurred during handler processing. Backtrace from offending handler [_packet_in_handler] servicing event [EventOFPPacketIn] follows.
Traceback (most recent call last):
  File "/usr/local/lib/python3.6/dist-packages/ryu/base/app_manager.py", line 290, in _event_loop
    handler(ev)
  File "/home/terry/LJQ/Task/ryu/network_shortest_path.py", line 103, in _packet_in_handler
    self.calculate_shortest_paths(msg, eth_type, ipv4_pkt.src, ipv4_pkt.dst)
  File "/home/terry/LJQ/Task/ryu/network_shortest_path.py", line 119, in calculate_shortest_paths
    path = self.calculate_path(src_switch, dst_switch)
  File "/home/terry/LJQ/Task/ryu/network_shortest_path.py", line 163, in calculate_path
    self.network_structure.calculate_shortest_paths(src_dpid, dst_dpid, self.network_structure.calculate_weight)
  File "/home/terry/LJQ/Task/ryu/network_structure.py", line 235, in calculate_shortest_paths
    weight=weight, method=setting.METHOD)
  File "/home/terry/.local/lib/python3.6/site-packages/networkx/algorithms/shortest_paths/generic.py", line 162, in shortest_path
    paths = nx.dijkstra_path(G, source, target, weight)
  File "/home/terry/.local/lib/python3.6/site-packages/networkx/algorithms/shortest_paths/weighted.py", line 157, in dijkstra_path
    (length, path) = single_source_dijkstra(G, source, target=target, weight=weight)
  File "/home/terry/.local/lib/python3.6/site-packages/networkx/algorithms/shortest_paths/weighted.py", line 465, in single_source_dijkstra
    G, {source}, cutoff=cutoff, target=target, weight=weight
  File "/home/terry/.local/lib/python3.6/site-packages/networkx/algorithms/shortest_paths/weighted.py", line 723, in multi_source_dijkstra
    G, sources, weight, paths=paths, cutoff=cutoff, target=target
  File "/home/terry/.local/lib/python3.6/site-packages/networkx/algorithms/shortest_paths/weighted.py", line 831, in _dijkstra_multisource
    raise ValueError("Contradictory paths found:", "negative weights?")
ValueError: ('Contradictory paths found:', 'negative weights?')
==================================== link detector ====================================

----------------------------
src    dst :    delay
6 <---> 2 : 2.7518272399902344
6 <---> 3 : 2.7289390563964844
1 <---> 2 : 2.7408599853515625
1 <---> 5 : 3.6995410919189453
2 <---> 5 : 3.245830535888672
2 <---> 6 : 3.1926631927490234
2 <---> 1 : 2.346515655517578
2 <---> 3 : 3.373384475708008
5 <---> 4 : 2.4094581604003906
5 <---> 2 : 2.7468204498291016
5 <---> 1 : 3.1938552856445312
3 <---> 4 : 3.3829212188720703
3 <---> 2 : 3.6416053771972656
3 <---> 6 : 2.5832653045654297
4 <---> 3 : 3.187894821166992
4 <---> 5 : 3.2434463500976562
discovery--->==================================== discovery ====================================
discovery---> cls: [(6, 2), (6, 3), (2, 1), (2, 5), (2, 3), (1, 5), (3, 4), (5, 4)]
discovery--->=============================================================================
==================================== link detector ====================================

----------------------------
src    dst :    delay
6 <---> 2 : 3.9288997650146484
6 <---> 3 : 3.1299591064453125
1 <---> 2 : 2.295970916748047
1 <---> 5 : 2.960681915283203
2 <---> 5 : 4.397392272949219
2 <---> 6 : 2.9735565185546875
2 <---> 1 : 3.373861312866211
2 <---> 3 : 2.9861927032470703
5 <---> 4 : 2.6514530181884766
5 <---> 2 : 2.8994083404541016
5 <---> 1 : 2.4302005767822266
3 <---> 4 : 2.378225326538086
3 <---> 2 : 2.928018569946289
3 <---> 6 : 3.246784210205078
4 <---> 3 : 3.002643585205078
4 <---> 5 : 3.351926803588867
discovery--->==================================== discovery ====================================
discovery---> cls: [(6, 2), (6, 3), (2, 1), (2, 5), (2, 3), (1, 5), (3, 4), (5, 4)]
discovery--->=============================================================================
==================================== link detector ====================================

----------------------------
src    dst :    delay
6 <---> 2 : 2.7475357055664062
6 <---> 3 : 2.7823448181152344
1 <---> 2 : 3.825664520263672
1 <---> 5 : 3.6284923553466797
2 <---> 5 : 2.6519298553466797
2 <---> 6 : 3.7958621978759766
2 <---> 1 : 2.363443374633789
2 <---> 3 : 3.2923221588134766
5 <---> 4 : 2.685546875
5 <---> 2 : 2.9201507568359375
5 <---> 1 : 3.323793411254883
3 <---> 4 : 3.785371780395508
3 <---> 2 : 2.8276443481445312
3 <---> 6 : 2.66265869140625
4 <---> 3 : 2.7441978454589844
4 <---> 5 : 3.2224655151367188
network_shorest_path: Exception occurred during handler processing. Backtrace from offending handler [_packet_in_handler] servicing event [EventOFPPacketIn] follows.
Traceback (most recent call last):
  File "/usr/local/lib/python3.6/dist-packages/ryu/base/app_manager.py", line 290, in _event_loop
    handler(ev)
  File "/home/terry/LJQ/Task/ryu/network_shortest_path.py", line 103, in _packet_in_handler
    self.calculate_shortest_paths(msg, eth_type, ipv4_pkt.src, ipv4_pkt.dst)
  File "/home/terry/LJQ/Task/ryu/network_shortest_path.py", line 119, in calculate_shortest_paths
    path = self.calculate_path(src_switch, dst_switch)
  File "/home/terry/LJQ/Task/ryu/network_shortest_path.py", line 163, in calculate_path
    self.network_structure.calculate_shortest_paths(src_dpid, dst_dpid, self.network_structure.calculate_weight)
  File "/home/terry/LJQ/Task/ryu/network_structure.py", line 235, in calculate_shortest_paths
    weight=weight, method=setting.METHOD)
  File "/home/terry/.local/lib/python3.6/site-packages/networkx/algorithms/shortest_paths/generic.py", line 162, in shortest_path
    paths = nx.dijkstra_path(G, source, target, weight)
  File "/home/terry/.local/lib/python3.6/site-packages/networkx/algorithms/shortest_paths/weighted.py", line 157, in dijkstra_path
    (length, path) = single_source_dijkstra(G, source, target=target, weight=weight)
  File "/home/terry/.local/lib/python3.6/site-packages/networkx/algorithms/shortest_paths/weighted.py", line 465, in single_source_dijkstra
    G, {source}, cutoff=cutoff, target=target, weight=weight
  File "/home/terry/.local/lib/python3.6/site-packages/networkx/algorithms/shortest_paths/weighted.py", line 723, in multi_source_dijkstra
    G, sources, weight, paths=paths, cutoff=cutoff, target=target
  File "/home/terry/.local/lib/python3.6/site-packages/networkx/algorithms/shortest_paths/weighted.py", line 831, in _dijkstra_multisource
    raise ValueError("Contradictory paths found:", "negative weights?")
ValueError: ('Contradictory paths found:', 'negative weights?')
==================================== link detector ====================================

----------------------------
src    dst :    delay
6 <---> 2 : 3.075122833251953
6 <---> 3 : 2.662181854248047
1 <---> 2 : 2.2318363189697266
1 <---> 5 : 3.76129150390625
2 <---> 5 : 3.163576126098633
2 <---> 6 : 3.684520721435547
2 <---> 1 : 3.2210350036621094
2 <---> 3 : 4.192590713500977
5 <---> 4 : 3.480195999145508
5 <---> 2 : 3.4897327423095703
5 <---> 1 : 2.482175827026367
3 <---> 4 : 3.4537315368652344
3 <---> 2 : 2.3784637451171875
3 <---> 6 : 3.2155513763427734
4 <---> 3 : 3.982067108154297
4 <---> 5 : 3.7343502044677734
discovery--->==================================== discovery ====================================
discovery---> cls: [(6, 2), (6, 3), (2, 1), (2, 5), (2, 3), (1, 5), (3, 4), (5, 4)]
discovery--->=============================================================================
==================================== link detector ====================================

----------------------------
src    dst :    delay
6 <---> 2 : 2.8061866760253906
6 <---> 3 : 2.7828216552734375
1 <---> 2 : 3.4966468811035156
1 <---> 5 : 3.144979476928711
2 <---> 5 : 2.327442169189453
2 <---> 6 : 3.7720203399658203
2 <---> 1 : 3.026247024536133
2 <---> 3 : 2.689361572265625
5 <---> 4 : 2.496480941772461
5 <---> 2 : 2.9344558715820312
5 <---> 1 : 2.832651138305664
3 <---> 4 : 3.431081771850586
3 <---> 2 : 5.226850509643555
3 <---> 6 : 2.9125213623046875
4 <---> 3 : 2.5985240936279297
4 <---> 5 : 2.8951168060302734
discovery--->==================================== discovery ====================================
discovery---> cls: [(6, 2), (6, 3), (2, 1), (2, 5), (2, 3), (1, 5), (3, 4), (5, 4)]
discovery--->=============================================================================
==================================== link detector ====================================

----------------------------
src    dst :    delay
6 <---> 2 : 3.030538558959961
6 <---> 3 : 2.6624202728271484
1 <---> 2 : 3.191232681274414
1 <---> 5 : 3.477334976196289
2 <---> 5 : 3.5965442657470703
2 <---> 6 : 2.4907588958740234
2 <---> 1 : 3.115415573120117
2 <---> 3 : 2.62451171875
5 <---> 4 : 3.3559799194335938
5 <---> 2 : 2.5544166564941406
5 <---> 1 : 3.0820369720458984
3 <---> 4 : 3.2968521118164062
3 <---> 2 : 3.2622814178466797
3 <---> 6 : 3.063201904296875
4 <---> 3 : 3.312826156616211
4 <---> 5 : 2.6645660400390625
network_shorest_path: Exception occurred during handler processing. Backtrace from offending handler [_packet_in_handler] servicing event [EventOFPPacketIn] follows.
Traceback (most recent call last):
  File "/usr/local/lib/python3.6/dist-packages/ryu/base/app_manager.py", line 290, in _event_loop
    handler(ev)
  File "/home/terry/LJQ/Task/ryu/network_shortest_path.py", line 103, in _packet_in_handler
    self.calculate_shortest_paths(msg, eth_type, ipv4_pkt.src, ipv4_pkt.dst)
  File "/home/terry/LJQ/Task/ryu/network_shortest_path.py", line 119, in calculate_shortest_paths
    path = self.calculate_path(src_switch, dst_switch)
  File "/home/terry/LJQ/Task/ryu/network_shortest_path.py", line 163, in calculate_path
    self.network_structure.calculate_shortest_paths(src_dpid, dst_dpid, self.network_structure.calculate_weight)
  File "/home/terry/LJQ/Task/ryu/network_structure.py", line 235, in calculate_shortest_paths
    weight=weight, method=setting.METHOD)
  File "/home/terry/.local/lib/python3.6/site-packages/networkx/algorithms/shortest_paths/generic.py", line 162, in shortest_path
    paths = nx.dijkstra_path(G, source, target, weight)
  File "/home/terry/.local/lib/python3.6/site-packages/networkx/algorithms/shortest_paths/weighted.py", line 157, in dijkstra_path
    (length, path) = single_source_dijkstra(G, source, target=target, weight=weight)
  File "/home/terry/.local/lib/python3.6/site-packages/networkx/algorithms/shortest_paths/weighted.py", line 465, in single_source_dijkstra
    G, {source}, cutoff=cutoff, target=target, weight=weight
  File "/home/terry/.local/lib/python3.6/site-packages/networkx/algorithms/shortest_paths/weighted.py", line 723, in multi_source_dijkstra
    G, sources, weight, paths=paths, cutoff=cutoff, target=target
  File "/home/terry/.local/lib/python3.6/site-packages/networkx/algorithms/shortest_paths/weighted.py", line 831, in _dijkstra_multisource
    raise ValueError("Contradictory paths found:", "negative weights?")
ValueError: ('Contradictory paths found:', 'negative weights?')
==================================== link detector ====================================

----------------------------
src    dst :    delay
6 <---> 2 : 3.887653350830078
6 <---> 3 : 3.1845569610595703
1 <---> 2 : 3.2958984375
1 <---> 5 : 3.328084945678711
2 <---> 5 : 2.9900074005126953
2 <---> 6 : 3.458261489868164
2 <---> 1 : 2.5870800018310547
2 <---> 3 : 2.390623092651367
5 <---> 4 : 2.7353763580322266
5 <---> 2 : 3.221273422241211
5 <---> 1 : 3.3311843872070312
3 <---> 4 : 2.3071765899658203
3 <---> 2 : 4.503011703491211
3 <---> 6 : 2.58636474609375
4 <---> 3 : 2.830028533935547
4 <---> 5 : 2.8486251831054688
discovery--->==================================== discovery ====================================
discovery---> cls: [(6, 2), (6, 3), (2, 1), (2, 5), (2, 3), (1, 5), (3, 4), (5, 4)]
discovery--->=============================================================================
==================================== link detector ====================================

----------------------------
src    dst :    delay
6 <---> 2 : 2.644062042236328
6 <---> 3 : 2.9096603393554688
1 <---> 2 : 2.7167797088623047
1 <---> 5 : 4.223823547363281
2 <---> 5 : 2.489328384399414
2 <---> 6 : 3.095865249633789
2 <---> 1 : 2.4366378784179688
2 <---> 3 : 3.306865692138672
5 <---> 4 : 2.946615219116211
5 <---> 2 : 3.158092498779297
5 <---> 1 : 3.3392906188964844
3 <---> 4 : 4.5795440673828125
3 <---> 2 : 2.4650096893310547
3 <---> 6 : 3.799915313720703
4 <---> 3 : 3.1883716583251953
4 <---> 5 : 3.081083297729492
discovery--->==================================== discovery ====================================
discovery---> cls: [(6, 2), (6, 3), (2, 1), (2, 5), (2, 3), (1, 5), (3, 4), (5, 4)]
discovery--->=============================================================================
==================================== link detector ====================================

----------------------------
src    dst :    delay
6 <---> 2 : 3.758668899536133
6 <---> 3 : 3.423452377319336
1 <---> 2 : 2.7976036071777344
1 <---> 5 : 3.1440258026123047
2 <---> 5 : 3.618955612182617
2 <---> 6 : 3.0083656311035156
2 <---> 1 : 2.237081527709961
2 <---> 3 : 3.968477249145508
5 <---> 4 : 2.6764869689941406
5 <---> 2 : 3.0488967895507812
5 <---> 1 : 3.1337738037109375
3 <---> 4 : 3.047943115234375
3 <---> 2 : 2.4721622467041016
3 <---> 6 : 3.796815872192383
4 <---> 3 : 3.1173229217529297
4 <---> 5 : 3.0062198638916016
network_shorest_path: Exception occurred during handler processing. Backtrace from offending handler [_packet_in_handler] servicing event [EventOFPPacketIn] follows.
Traceback (most recent call last):
  File "/usr/local/lib/python3.6/dist-packages/ryu/base/app_manager.py", line 290, in _event_loop
    handler(ev)
  File "/home/terry/LJQ/Task/ryu/network_shortest_path.py", line 103, in _packet_in_handler
    self.calculate_shortest_paths(msg, eth_type, ipv4_pkt.src, ipv4_pkt.dst)
  File "/home/terry/LJQ/Task/ryu/network_shortest_path.py", line 119, in calculate_shortest_paths
    path = self.calculate_path(src_switch, dst_switch)
  File "/home/terry/LJQ/Task/ryu/network_shortest_path.py", line 163, in calculate_path
    self.network_structure.calculate_shortest_paths(src_dpid, dst_dpid, self.network_structure.calculate_weight)
  File "/home/terry/LJQ/Task/ryu/network_structure.py", line 235, in calculate_shortest_paths
    weight=weight, method=setting.METHOD)
  File "/home/terry/.local/lib/python3.6/site-packages/networkx/algorithms/shortest_paths/generic.py", line 162, in shortest_path
    paths = nx.dijkstra_path(G, source, target, weight)
  File "/home/terry/.local/lib/python3.6/site-packages/networkx/algorithms/shortest_paths/weighted.py", line 157, in dijkstra_path
    (length, path) = single_source_dijkstra(G, source, target=target, weight=weight)
  File "/home/terry/.local/lib/python3.6/site-packages/networkx/algorithms/shortest_paths/weighted.py", line 465, in single_source_dijkstra
    G, {source}, cutoff=cutoff, target=target, weight=weight
  File "/home/terry/.local/lib/python3.6/site-packages/networkx/algorithms/shortest_paths/weighted.py", line 723, in multi_source_dijkstra
    G, sources, weight, paths=paths, cutoff=cutoff, target=target
  File "/home/terry/.local/lib/python3.6/site-packages/networkx/algorithms/shortest_paths/weighted.py", line 831, in _dijkstra_multisource
    raise ValueError("Contradictory paths found:", "negative weights?")
ValueError: ('Contradictory paths found:', 'negative weights?')
==================================== link detector ====================================

----------------------------
src    dst :    delay
6 <---> 2 : 2.878427505493164
6 <---> 3 : 3.5190582275390625
1 <---> 2 : 2.8395652770996094
1 <---> 5 : 3.2854080200195312
2 <---> 5 : 2.5932788848876953
2 <---> 6 : 4.137754440307617
2 <---> 1 : 3.943920135498047
2 <---> 3 : 2.5615692138671875
5 <---> 4 : 2.7108192443847656
5 <---> 2 : 4.032373428344727
5 <---> 1 : 2.969980239868164
3 <---> 4 : 2.8073787689208984
3 <---> 2 : 3.1960010528564453
3 <---> 6 : 3.4432411193847656
4 <---> 3 : 2.8264522552490234
4 <---> 5 : 2.844095230102539
discovery--->==================================== discovery ====================================
discovery---> cls: [(6, 2), (6, 3), (2, 1), (2, 5), (2, 3), (1, 5), (3, 4), (5, 4)]
discovery--->=============================================================================
==================================== link detector ====================================

----------------------------
src    dst :    delay
6 <---> 2 : 3.5483837127685547
6 <---> 3 : 2.9115676879882812
1 <---> 2 : 2.7222633361816406
1 <---> 5 : 2.8629302978515625
2 <---> 5 : 4.229307174682617
2 <---> 6 : 2.3262500762939453
2 <---> 1 : 5.814790725708008
2 <---> 3 : 3.4198760986328125
5 <---> 4 : 3.5228729248046875
5 <---> 2 : 2.9449462890625
5 <---> 1 : 2.90679931640625
3 <---> 4 : 2.966165542602539
3 <---> 2 : 2.8777122497558594
3 <---> 6 : 2.917766571044922
4 <---> 3 : 3.349781036376953
4 <---> 5 : 3.861665725708008
discovery--->==================================== discovery ====================================
discovery---> cls: [(6, 2), (6, 3), (2, 1), (2, 5), (2, 3), (1, 5), (3, 4), (5, 4)]
discovery--->=============================================================================
==================================== link detector ====================================

----------------------------
src    dst :    delay
6 <---> 2 : 3.327608108520508
6 <---> 3 : 3.1080245971679688
1 <---> 2 : 4.268407821655273
1 <---> 5 : 3.4112930297851562
2 <---> 5 : 3.0601024627685547
2 <---> 6 : 3.163576126098633
2 <---> 1 : 3.047466278076172
2 <---> 3 : 4.590511322021484
5 <---> 4 : 3.1239986419677734
5 <---> 2 : 3.594636917114258
5 <---> 1 : 2.6662349700927734
3 <---> 4 : 2.7077198028564453
3 <---> 2 : 4.197597503662109
3 <---> 6 : 2.9382705688476562
4 <---> 3 : 3.406524658203125
4 <---> 5 : 3.3485889434814453
network_shorest_path: Exception occurred during handler processing. Backtrace from offending handler [_packet_in_handler] servicing event [EventOFPPacketIn] follows.
Traceback (most recent call last):
  File "/usr/local/lib/python3.6/dist-packages/ryu/base/app_manager.py", line 290, in _event_loop
    handler(ev)
  File "/home/terry/LJQ/Task/ryu/network_shortest_path.py", line 103, in _packet_in_handler
    self.calculate_shortest_paths(msg, eth_type, ipv4_pkt.src, ipv4_pkt.dst)
  File "/home/terry/LJQ/Task/ryu/network_shortest_path.py", line 119, in calculate_shortest_paths
    path = self.calculate_path(src_switch, dst_switch)
  File "/home/terry/LJQ/Task/ryu/network_shortest_path.py", line 163, in calculate_path
    self.network_structure.calculate_shortest_paths(src_dpid, dst_dpid, self.network_structure.calculate_weight)
  File "/home/terry/LJQ/Task/ryu/network_structure.py", line 235, in calculate_shortest_paths
    weight=weight, method=setting.METHOD)
  File "/home/terry/.local/lib/python3.6/site-packages/networkx/algorithms/shortest_paths/generic.py", line 162, in shortest_path
    paths = nx.dijkstra_path(G, source, target, weight)
  File "/home/terry/.local/lib/python3.6/site-packages/networkx/algorithms/shortest_paths/weighted.py", line 157, in dijkstra_path
    (length, path) = single_source_dijkstra(G, source, target=target, weight=weight)
  File "/home/terry/.local/lib/python3.6/site-packages/networkx/algorithms/shortest_paths/weighted.py", line 465, in single_source_dijkstra
    G, {source}, cutoff=cutoff, target=target, weight=weight
  File "/home/terry/.local/lib/python3.6/site-packages/networkx/algorithms/shortest_paths/weighted.py", line 723, in multi_source_dijkstra
    G, sources, weight, paths=paths, cutoff=cutoff, target=target
  File "/home/terry/.local/lib/python3.6/site-packages/networkx/algorithms/shortest_paths/weighted.py", line 831, in _dijkstra_multisource
    raise ValueError("Contradictory paths found:", "negative weights?")
ValueError: ('Contradictory paths found:', 'negative weights?')
==================================== link detector ====================================

----------------------------
src    dst :    delay
6 <---> 2 : 2.7954578399658203
6 <---> 3 : 2.4526119232177734
1 <---> 2 : 3.4363269805908203
1 <---> 5 : 3.6873817443847656
2 <---> 5 : 2.359628677368164
2 <---> 6 : 2.6023387908935547
2 <---> 1 : 2.602100372314453
2 <---> 3 : 2.541065216064453
5 <---> 4 : 3.374814987182617
5 <---> 2 : 2.7654170989990234
5 <---> 1 : 4.651308059692383
3 <---> 4 : 2.7093887329101562
3 <---> 2 : 3.476858139038086
3 <---> 6 : 2.622842788696289
4 <---> 3 : 5.002260208129883
4 <---> 5 : 3.733396530151367
discovery--->==================================== discovery ====================================
discovery---> cls: [(6, 2), (6, 3), (2, 1), (2, 5), (2, 3), (1, 5), (3, 4), (5, 4)]
discovery--->=============================================================================
==================================== link detector ====================================

----------------------------
src    dst :    delay
6 <---> 2 : 3.389596939086914
6 <---> 3 : 3.0765533447265625
1 <---> 2 : 3.3762454986572266
1 <---> 5 : 3.1511783599853516
2 <---> 5 : 3.2510757446289062
2 <---> 6 : 2.500295639038086
2 <---> 1 : 2.8929710388183594
2 <---> 3 : 2.7484893798828125
5 <---> 4 : 2.6280879974365234
5 <---> 2 : 3.1652450561523438
5 <---> 1 : 3.1774044036865234
3 <---> 4 : 2.2644996643066406
3 <---> 2 : 5.527257919311523
3 <---> 6 : 3.148317337036133
4 <---> 3 : 2.800464630126953
4 <---> 5 : 2.7527809143066406
discovery--->==================================== discovery ====================================
discovery---> cls: [(6, 2), (6, 3), (2, 1), (2, 5), (2, 3), (1, 5), (3, 4), (5, 4)]
discovery--->=============================================================================
==================================== link detector ====================================

----------------------------
src    dst :    delay
6 <---> 2 : 3.6690235137939453
6 <---> 3 : 3.6880970001220703
1 <---> 2 : 3.200531005859375
1 <---> 5 : 3.0508041381835938
2 <---> 5 : 2.355813980102539
2 <---> 6 : 3.192424774169922
2 <---> 1 : 3.1845569610595703
2 <---> 3 : 2.256631851196289
5 <---> 4 : 3.3011436462402344
5 <---> 2 : 3.6444664001464844
5 <---> 1 : 2.5162696838378906
3 <---> 4 : 3.70025634765625
3 <---> 2 : 2.7208328247070312
3 <---> 6 : 3.2689571380615234
4 <---> 3 : 2.335071563720703
4 <---> 5 : 3.5293102264404297
shortest=====>[PATH] [192.168.0.2 <----> 192.168.0.6]: [2, 6]
network_shorest_path: Exception occurred during handler processing. Backtrace from offending handler [_packet_in_handler] servicing event [EventOFPPacketIn] follows.
Traceback (most recent call last):
  File "/usr/local/lib/python3.6/dist-packages/ryu/base/app_manager.py", line 290, in _event_loop
    handler(ev)
  File "/home/terry/LJQ/Task/ryu/network_shortest_path.py", line 103, in _packet_in_handler
    self.calculate_shortest_paths(msg, eth_type, ipv4_pkt.src, ipv4_pkt.dst)
  File "/home/terry/LJQ/Task/ryu/network_shortest_path.py", line 119, in calculate_shortest_paths
    path = self.calculate_path(src_switch, dst_switch)
  File "/home/terry/LJQ/Task/ryu/network_shortest_path.py", line 163, in calculate_path
    self.network_structure.calculate_shortest_paths(src_dpid, dst_dpid, self.network_structure.calculate_weight)
  File "/home/terry/LJQ/Task/ryu/network_structure.py", line 235, in calculate_shortest_paths
    weight=weight, method=setting.METHOD)
  File "/home/terry/.local/lib/python3.6/site-packages/networkx/algorithms/shortest_paths/generic.py", line 162, in shortest_path
    paths = nx.dijkstra_path(G, source, target, weight)
  File "/home/terry/.local/lib/python3.6/site-packages/networkx/algorithms/shortest_paths/weighted.py", line 157, in dijkstra_path
    (length, path) = single_source_dijkstra(G, source, target=target, weight=weight)
  File "/home/terry/.local/lib/python3.6/site-packages/networkx/algorithms/shortest_paths/weighted.py", line 465, in single_source_dijkstra
    G, {source}, cutoff=cutoff, target=target, weight=weight
  File "/home/terry/.local/lib/python3.6/site-packages/networkx/algorithms/shortest_paths/weighted.py", line 723, in multi_source_dijkstra
    G, sources, weight, paths=paths, cutoff=cutoff, target=target
  File "/home/terry/.local/lib/python3.6/site-packages/networkx/algorithms/shortest_paths/weighted.py", line 831, in _dijkstra_multisource
    raise ValueError("Contradictory paths found:", "negative weights?")
ValueError: ('Contradictory paths found:', 'negative weights?')
==================================== link detector ====================================

----------------------------
src    dst :    delay
6 <---> 2 : 2.9485225677490234
6 <---> 3 : 2.9320716857910156
1 <---> 2 : 2.680063247680664
1 <---> 5 : 2.6798248291015625
2 <---> 5 : 2.610921859741211
2 <---> 6 : 3.701448440551758
2 <---> 1 : 3.127574920654297
2 <---> 3 : 3.563404083251953
5 <---> 4 : 3.118753433227539
5 <---> 2 : 3.4215450286865234
5 <---> 1 : 2.935647964477539
3 <---> 4 : 2.8564929962158203
3 <---> 2 : 2.854585647583008
3 <---> 6 : 2.974271774291992
4 <---> 3 : 3.480672836303711
4 <---> 5 : 3.7920475006103516
discovery--->==================================== discovery ====================================
discovery---> cls: [(6, 2), (6, 3), (2, 1), (2, 5), (2, 3), (1, 5), (3, 4), (5, 4)]
discovery--->=============================================================================
==================================== link detector ====================================

----------------------------
src    dst :    delay
6 <---> 2 : 3.381967544555664
6 <---> 3 : 2.7871131896972656
1 <---> 2 : 4.339933395385742
1 <---> 5 : 2.9664039611816406
2 <---> 5 : 2.5987625122070312
2 <---> 6 : 3.233194351196289
2 <---> 1 : 2.8803348541259766
2 <---> 3 : 3.3707618713378906
5 <---> 4 : 2.2356510162353516
5 <---> 2 : 2.9358863830566406
5 <---> 1 : 2.7077198028564453
3 <---> 4 : 2.3622512817382812
3 <---> 2 : 2.310514450073242
3 <---> 6 : 2.6895999908447266
4 <---> 3 : 2.753019332885742
4 <---> 5 : 2.9654502868652344
==================================== link detector ====================================

----------------------------
src    dst :    delay
6 <---> 2 : 2.7074813842773438
6 <---> 3 : 2.3293495178222656
1 <---> 2 : 3.398895263671875
1 <---> 5 : 3.500223159790039
2 <---> 5 : 3.826618194580078
2 <---> 6 : 2.4938583374023438
2 <---> 1 : 4.155874252319336
2 <---> 3 : 2.6504993438720703
5 <---> 4 : 2.748250961303711
5 <---> 2 : 3.7517547607421875
5 <---> 1 : 3.439664840698242
3 <---> 4 : 2.8481483459472656
3 <---> 2 : 2.840280532836914
3 <---> 6 : 3.6399364471435547
4 <---> 3 : 4.001140594482422
4 <---> 5 : 4.166841506958008
discovery--->==================================== discovery ====================================
discovery---> cls: [(6, 2), (6, 3), (2, 1), (2, 5), (2, 3), (1, 5), (3, 4), (5, 4)]
discovery--->=============================================================================
network_shorest_path: Exception occurred during handler processing. Backtrace from offending handler [_packet_in_handler] servicing event [EventOFPPacketIn] follows.
Traceback (most recent call last):
  File "/usr/local/lib/python3.6/dist-packages/ryu/base/app_manager.py", line 290, in _event_loop
    handler(ev)
  File "/home/terry/LJQ/Task/ryu/network_shortest_path.py", line 103, in _packet_in_handler
    self.calculate_shortest_paths(msg, eth_type, ipv4_pkt.src, ipv4_pkt.dst)
  File "/home/terry/LJQ/Task/ryu/network_shortest_path.py", line 119, in calculate_shortest_paths
    path = self.calculate_path(src_switch, dst_switch)
  File "/home/terry/LJQ/Task/ryu/network_shortest_path.py", line 163, in calculate_path
    self.network_structure.calculate_shortest_paths(src_dpid, dst_dpid, self.network_structure.calculate_weight)
  File "/home/terry/LJQ/Task/ryu/network_structure.py", line 235, in calculate_shortest_paths
    weight=weight, method=setting.METHOD)
  File "/home/terry/.local/lib/python3.6/site-packages/networkx/algorithms/shortest_paths/generic.py", line 162, in shortest_path
    paths = nx.dijkstra_path(G, source, target, weight)
  File "/home/terry/.local/lib/python3.6/site-packages/networkx/algorithms/shortest_paths/weighted.py", line 157, in dijkstra_path
    (length, path) = single_source_dijkstra(G, source, target=target, weight=weight)
  File "/home/terry/.local/lib/python3.6/site-packages/networkx/algorithms/shortest_paths/weighted.py", line 465, in single_source_dijkstra
    G, {source}, cutoff=cutoff, target=target, weight=weight
  File "/home/terry/.local/lib/python3.6/site-packages/networkx/algorithms/shortest_paths/weighted.py", line 723, in multi_source_dijkstra
    G, sources, weight, paths=paths, cutoff=cutoff, target=target
  File "/home/terry/.local/lib/python3.6/site-packages/networkx/algorithms/shortest_paths/weighted.py", line 831, in _dijkstra_multisource
    raise ValueError("Contradictory paths found:", "negative weights?")
ValueError: ('Contradictory paths found:', 'negative weights?')
==================================== link detector ====================================

----------------------------
src    dst :    delay
6 <---> 2 : 2.5110244750976562
6 <---> 3 : 2.3415088653564453
1 <---> 2 : 2.252817153930664
1 <---> 5 : 2.1653175354003906
2 <---> 5 : 2.2912025451660156
2 <---> 6 : 2.3152828216552734
2 <---> 1 : 2.603292465209961
2 <---> 3 : 2.351045608520508
5 <---> 4 : 2.982616424560547
5 <---> 2 : 2.5801658630371094
5 <---> 1 : 2.4459362030029297
3 <---> 4 : 2.170085906982422
3 <---> 2 : 2.2437572479248047
3 <---> 6 : 2.542257308959961
4 <---> 3 : 2.2461414337158203
4 <---> 5 : 2.288818359375
discovery--->==================================== discovery ====================================
discovery---> cls: [(6, 2), (6, 3), (2, 1), (2, 5), (2, 3), (1, 5), (3, 4), (5, 4)]
discovery--->=============================================================================
==================================== link detector ====================================

----------------------------
src    dst :    delay
6 <---> 2 : 2.255678176879883
6 <---> 3 : 2.184629440307617
1 <---> 2 : 2.383708953857422
1 <---> 5 : 3.4105777740478516
2 <---> 5 : 2.4216175079345703
2 <---> 6 : 2.327442169189453
2 <---> 1 : 2.417325973510742
2 <---> 3 : 2.497434616088867
5 <---> 4 : 2.727031707763672
5 <---> 2 : 3.2911300659179688
5 <---> 1 : 3.000974655151367
3 <---> 4 : 2.663850784301758
3 <---> 2 : 2.7251243591308594
3 <---> 6 : 2.4747848510742188
4 <---> 3 : 2.635955810546875
4 <---> 5 : 2.512216567993164
==================================== link detector ====================================

----------------------------
src    dst :    delay
6 <---> 2 : 3.381013870239258
6 <---> 3 : 2.7709007263183594
1 <---> 2 : 2.2363662719726562
1 <---> 5 : 2.162933349609375
2 <---> 5 : 2.3353099822998047
2 <---> 6 : 2.930164337158203
2 <---> 1 : 2.5751590728759766
2 <---> 3 : 3.3936500549316406
5 <---> 4 : 2.931356430053711
5 <---> 2 : 2.1681785583496094
5 <---> 1 : 3.838777542114258
3 <---> 4 : 4.047870635986328
3 <---> 2 : 3.400087356567383
3 <---> 6 : 2.7418136596679688
4 <---> 3 : 3.328561782836914
4 <---> 5 : 4.1561126708984375
discovery--->==================================== discovery ====================================
discovery---> cls: [(6, 2), (6, 3), (2, 1), (2, 5), (2, 3), (1, 5), (3, 4), (5, 4)]
discovery--->=============================================================================
shortest=====>[PATH] [192.168.0.3 <----> 192.168.0.4]: [3, 4]
network_shorest_path: Exception occurred during handler processing. Backtrace from offending handler [_packet_in_handler] servicing event [EventOFPPacketIn] follows.
Traceback (most recent call last):
  File "/usr/local/lib/python3.6/dist-packages/ryu/base/app_manager.py", line 290, in _event_loop
    handler(ev)
  File "/home/terry/LJQ/Task/ryu/network_shortest_path.py", line 103, in _packet_in_handler
    self.calculate_shortest_paths(msg, eth_type, ipv4_pkt.src, ipv4_pkt.dst)
  File "/home/terry/LJQ/Task/ryu/network_shortest_path.py", line 119, in calculate_shortest_paths
    path = self.calculate_path(src_switch, dst_switch)
  File "/home/terry/LJQ/Task/ryu/network_shortest_path.py", line 163, in calculate_path
    self.network_structure.calculate_shortest_paths(src_dpid, dst_dpid, self.network_structure.calculate_weight)
  File "/home/terry/LJQ/Task/ryu/network_structure.py", line 235, in calculate_shortest_paths
    weight=weight, method=setting.METHOD)
  File "/home/terry/.local/lib/python3.6/site-packages/networkx/algorithms/shortest_paths/generic.py", line 162, in shortest_path
    paths = nx.dijkstra_path(G, source, target, weight)
  File "/home/terry/.local/lib/python3.6/site-packages/networkx/algorithms/shortest_paths/weighted.py", line 157, in dijkstra_path
    (length, path) = single_source_dijkstra(G, source, target=target, weight=weight)
  File "/home/terry/.local/lib/python3.6/site-packages/networkx/algorithms/shortest_paths/weighted.py", line 465, in single_source_dijkstra
    G, {source}, cutoff=cutoff, target=target, weight=weight
  File "/home/terry/.local/lib/python3.6/site-packages/networkx/algorithms/shortest_paths/weighted.py", line 723, in multi_source_dijkstra
    G, sources, weight, paths=paths, cutoff=cutoff, target=target
  File "/home/terry/.local/lib/python3.6/site-packages/networkx/algorithms/shortest_paths/weighted.py", line 831, in _dijkstra_multisource
    raise ValueError("Contradictory paths found:", "negative weights?")
ValueError: ('Contradictory paths found:', 'negative weights?')
==================================== link detector ====================================

----------------------------
src    dst :    delay
6 <---> 2 : 2.2296905517578125
6 <---> 3 : 2.198457717895508
1 <---> 2 : 3.0851364135742188
1 <---> 5 : 4.55927848815918
2 <---> 5 : 2.7022361755371094
2 <---> 6 : 9.936809539794922
2 <---> 1 : 2.9718875885009766
2 <---> 3 : 2.122163772583008
5 <---> 4 : 3.0570030212402344
5 <---> 2 : 2.544403076171875
5 <---> 1 : 2.6772022247314453
3 <---> 4 : 2.640247344970703
3 <---> 2 : 3.3941268920898438
3 <---> 6 : 2.6214122772216797
4 <---> 3 : 2.141714096069336
4 <---> 5 : 2.2132396697998047
discovery--->==================================== discovery ====================================
discovery---> cls: [(6, 2), (6, 3), (2, 1), (2, 5), (2, 3), (1, 5), (3, 4), (5, 4)]
discovery--->=============================================================================
==================================== link detector ====================================

----------------------------
src    dst :    delay
6 <---> 2 : 2.6521682739257812
6 <---> 3 : 2.1293163299560547
1 <---> 2 : 2.748727798461914
1 <---> 5 : 2.8264522552490234
2 <---> 5 : 3.1633377075195312
2 <---> 6 : 2.8374195098876953
2 <---> 1 : 2.9387474060058594
2 <---> 3 : 2.9518604278564453
5 <---> 4 : 2.2542476654052734
5 <---> 2 : 3.858327865600586
5 <---> 1 : 3.2508373260498047
3 <---> 4 : 2.4917125701904297
3 <---> 2 : 3.482341766357422
3 <---> 6 : 2.8715133666992188
4 <---> 3 : 2.8047561645507812
4 <---> 5 : 3.44085693359375
==================================== link detector ====================================

----------------------------
src    dst :    delay
6 <---> 2 : 2.3779869079589844
6 <---> 3 : 2.494335174560547
1 <---> 2 : 2.3889541625976562
1 <---> 5 : 2.396106719970703
2 <---> 5 : 2.4318695068359375
2 <---> 6 : 3.0710697174072266
2 <---> 1 : 2.5441646575927734
2 <---> 3 : 2.839803695678711
5 <---> 4 : 2.5424957275390625
5 <---> 2 : 2.9370784759521484
5 <---> 1 : 2.767324447631836
3 <---> 4 : 2.6159286499023438
3 <---> 2 : 2.7282238006591797
3 <---> 6 : 2.627849578857422
4 <---> 3 : 2.5832653045654297
4 <---> 5 : 2.244710922241211
discovery--->==================================== discovery ====================================
discovery---> cls: [(6, 2), (6, 3), (2, 1), (2, 5), (2, 3), (1, 5), (3, 4), (5, 4)]
discovery--->=============================================================================
network_shorest_path: Exception occurred during handler processing. Backtrace from offending handler [_packet_in_handler] servicing event [EventOFPPacketIn] follows.
Traceback (most recent call last):
  File "/usr/local/lib/python3.6/dist-packages/ryu/base/app_manager.py", line 290, in _event_loop
    handler(ev)
  File "/home/terry/LJQ/Task/ryu/network_shortest_path.py", line 103, in _packet_in_handler
    self.calculate_shortest_paths(msg, eth_type, ipv4_pkt.src, ipv4_pkt.dst)
  File "/home/terry/LJQ/Task/ryu/network_shortest_path.py", line 119, in calculate_shortest_paths
    path = self.calculate_path(src_switch, dst_switch)
  File "/home/terry/LJQ/Task/ryu/network_shortest_path.py", line 163, in calculate_path
    self.network_structure.calculate_shortest_paths(src_dpid, dst_dpid, self.network_structure.calculate_weight)
  File "/home/terry/LJQ/Task/ryu/network_structure.py", line 235, in calculate_shortest_paths
    weight=weight, method=setting.METHOD)
  File "/home/terry/.local/lib/python3.6/site-packages/networkx/algorithms/shortest_paths/generic.py", line 162, in shortest_path
    paths = nx.dijkstra_path(G, source, target, weight)
  File "/home/terry/.local/lib/python3.6/site-packages/networkx/algorithms/shortest_paths/weighted.py", line 157, in dijkstra_path
    (length, path) = single_source_dijkstra(G, source, target=target, weight=weight)
  File "/home/terry/.local/lib/python3.6/site-packages/networkx/algorithms/shortest_paths/weighted.py", line 465, in single_source_dijkstra
    G, {source}, cutoff=cutoff, target=target, weight=weight
  File "/home/terry/.local/lib/python3.6/site-packages/networkx/algorithms/shortest_paths/weighted.py", line 723, in multi_source_dijkstra
    G, sources, weight, paths=paths, cutoff=cutoff, target=target
  File "/home/terry/.local/lib/python3.6/site-packages/networkx/algorithms/shortest_paths/weighted.py", line 831, in _dijkstra_multisource
    raise ValueError("Contradictory paths found:", "negative weights?")
ValueError: ('Contradictory paths found:', 'negative weights?')
==================================== link detector ====================================

----------------------------
src    dst :    delay
6 <---> 2 : 2.6314258575439453
6 <---> 3 : 3.355264663696289
1 <---> 2 : 2.989053726196289
1 <---> 5 : 2.6264190673828125
2 <---> 5 : 3.1087398529052734
2 <---> 6 : 3.2699108123779297
2 <---> 1 : 3.5021305084228516
2 <---> 3 : 2.8939247131347656
5 <---> 4 : 3.209352493286133
5 <---> 2 : 3.087759017944336
5 <---> 1 : 3.4580230712890625
3 <---> 4 : 3.406047821044922
3 <---> 2 : 3.1735897064208984
3 <---> 6 : 3.8144588470458984
4 <---> 3 : 3.680706024169922
4 <---> 5 : 3.345489501953125
discovery--->==================================== discovery ====================================
discovery---> cls: [(6, 2), (6, 3), (2, 1), (2, 5), (2, 3), (1, 5), (3, 4), (5, 4)]
discovery--->=============================================================================
==================================== link detector ====================================

----------------------------
src    dst :    delay
6 <---> 2 : 3.3185482025146484
6 <---> 3 : 2.8009414672851562
1 <---> 2 : 3.7250518798828125
1 <---> 5 : 3.3881664276123047
2 <---> 5 : 2.599954605102539
2 <---> 6 : 2.9289722442626953
2 <---> 1 : 2.996683120727539
2 <---> 3 : 2.979755401611328
5 <---> 4 : 3.0057430267333984
5 <---> 2 : 3.2358169555664062
5 <---> 1 : 2.8481483459472656
3 <---> 4 : 4.26793098449707
3 <---> 2 : 3.7670135498046875
3 <---> 6 : 2.7425289154052734
4 <---> 3 : 3.3266544342041016
4 <---> 5 : 3.1249523162841797
==================================== link detector ====================================

----------------------------
src    dst :    delay
6 <---> 2 : 2.750396728515625
6 <---> 3 : 2.749919891357422
1 <---> 2 : 2.644062042236328
1 <---> 5 : 3.8361549377441406
2 <---> 5 : 2.996683120727539
2 <---> 6 : 3.1790733337402344
2 <---> 1 : 2.90679931640625
2 <---> 3 : 2.9366016387939453
5 <---> 4 : 4.822254180908203
5 <---> 2 : 3.4961700439453125
5 <---> 1 : 2.6509761810302734
3 <---> 4 : 3.092527389526367
3 <---> 2 : 2.5177001953125
3 <---> 6 : 3.396272659301758
4 <---> 3 : 3.765106201171875
4 <---> 5 : 3.6573410034179688
discovery--->==================================== discovery ====================================
discovery---> cls: [(6, 2), (6, 3), (2, 1), (2, 5), (2, 3), (1, 5), (3, 4), (5, 4)]
discovery--->=============================================================================
network_shorest_path: Exception occurred during handler processing. Backtrace from offending handler [_packet_in_handler] servicing event [EventOFPPacketIn] follows.
Traceback (most recent call last):
  File "/usr/local/lib/python3.6/dist-packages/ryu/base/app_manager.py", line 290, in _event_loop
    handler(ev)
  File "/home/terry/LJQ/Task/ryu/network_shortest_path.py", line 103, in _packet_in_handler
    self.calculate_shortest_paths(msg, eth_type, ipv4_pkt.src, ipv4_pkt.dst)
  File "/home/terry/LJQ/Task/ryu/network_shortest_path.py", line 119, in calculate_shortest_paths
    path = self.calculate_path(src_switch, dst_switch)
  File "/home/terry/LJQ/Task/ryu/network_shortest_path.py", line 163, in calculate_path
    self.network_structure.calculate_shortest_paths(src_dpid, dst_dpid, self.network_structure.calculate_weight)
  File "/home/terry/LJQ/Task/ryu/network_structure.py", line 235, in calculate_shortest_paths
    weight=weight, method=setting.METHOD)
  File "/home/terry/.local/lib/python3.6/site-packages/networkx/algorithms/shortest_paths/generic.py", line 162, in shortest_path
    paths = nx.dijkstra_path(G, source, target, weight)
  File "/home/terry/.local/lib/python3.6/site-packages/networkx/algorithms/shortest_paths/weighted.py", line 157, in dijkstra_path
    (length, path) = single_source_dijkstra(G, source, target=target, weight=weight)
  File "/home/terry/.local/lib/python3.6/site-packages/networkx/algorithms/shortest_paths/weighted.py", line 465, in single_source_dijkstra
    G, {source}, cutoff=cutoff, target=target, weight=weight
  File "/home/terry/.local/lib/python3.6/site-packages/networkx/algorithms/shortest_paths/weighted.py", line 723, in multi_source_dijkstra
    G, sources, weight, paths=paths, cutoff=cutoff, target=target
  File "/home/terry/.local/lib/python3.6/site-packages/networkx/algorithms/shortest_paths/weighted.py", line 831, in _dijkstra_multisource
    raise ValueError("Contradictory paths found:", "negative weights?")
ValueError: ('Contradictory paths found:', 'negative weights?')
==================================== link detector ====================================

----------------------------
src    dst :    delay
6 <---> 2 : 2.996206283569336
6 <---> 3 : 3.0472278594970703
1 <---> 2 : 2.8214454650878906
1 <---> 5 : 2.785205841064453
2 <---> 5 : 2.9048919677734375
2 <---> 6 : 3.6230087280273438
2 <---> 1 : 2.9540061950683594
2 <---> 3 : 2.8421878814697266
5 <---> 4 : 3.261566162109375
5 <---> 2 : 2.7649402618408203
5 <---> 1 : 3.041505813598633
3 <---> 4 : 3.15093994140625
3 <---> 2 : 2.816438674926758
3 <---> 6 : 2.977132797241211
4 <---> 3 : 2.7217864990234375
4 <---> 5 : 3.4215450286865234
discovery--->==================================== discovery ====================================
discovery---> cls: [(6, 2), (6, 3), (2, 1), (2, 5), (2, 3), (1, 5), (3, 4), (5, 4)]
discovery--->=============================================================================
==================================== link detector ====================================

----------------------------
src    dst :    delay
6 <---> 2 : 2.7811527252197266
6 <---> 3 : 2.3827552795410156
1 <---> 2 : 3.082275390625
1 <---> 5 : 4.172801971435547
2 <---> 5 : 4.375219345092773
2 <---> 6 : 2.86102294921875
2 <---> 1 : 3.6590099334716797
2 <---> 3 : 2.5169849395751953
5 <---> 4 : 4.231452941894531
5 <---> 2 : 3.761768341064453
5 <---> 1 : 2.989053726196289
3 <---> 4 : 3.7779808044433594
3 <---> 2 : 2.3081302642822266
3 <---> 6 : 2.4814605712890625
4 <---> 3 : 2.888202667236328
4 <---> 5 : 3.5843849182128906
==================================== link detector ====================================

----------------------------
src    dst :    delay
6 <---> 2 : 3.643512725830078
6 <---> 3 : 3.507852554321289
1 <---> 2 : 3.304004669189453
1 <---> 5 : 2.6199817657470703
2 <---> 5 : 3.5085678100585938
2 <---> 6 : 2.8769969940185547
2 <---> 1 : 3.3004283905029297
2 <---> 3 : 2.6459693908691406
5 <---> 4 : 3.2422542572021484
5 <---> 2 : 2.98309326171875
5 <---> 1 : 3.704547882080078
3 <---> 4 : 2.995014190673828
3 <---> 2 : 2.613544464111328
3 <---> 6 : 3.0515193939208984
4 <---> 3 : 3.132343292236328
4 <---> 5 : 2.534151077270508
discovery--->==================================== discovery ====================================
discovery---> cls: [(6, 2), (6, 3), (2, 1), (2, 5), (2, 3), (1, 5), (3, 4), (5, 4)]
discovery--->=============================================================================
network_shorest_path: Exception occurred during handler processing. Backtrace from offending handler [_packet_in_handler] servicing event [EventOFPPacketIn] follows.
Traceback (most recent call last):
  File "/usr/local/lib/python3.6/dist-packages/ryu/base/app_manager.py", line 290, in _event_loop
    handler(ev)
  File "/home/terry/LJQ/Task/ryu/network_shortest_path.py", line 103, in _packet_in_handler
    self.calculate_shortest_paths(msg, eth_type, ipv4_pkt.src, ipv4_pkt.dst)
  File "/home/terry/LJQ/Task/ryu/network_shortest_path.py", line 119, in calculate_shortest_paths
    path = self.calculate_path(src_switch, dst_switch)
  File "/home/terry/LJQ/Task/ryu/network_shortest_path.py", line 163, in calculate_path
    self.network_structure.calculate_shortest_paths(src_dpid, dst_dpid, self.network_structure.calculate_weight)
  File "/home/terry/LJQ/Task/ryu/network_structure.py", line 235, in calculate_shortest_paths
    weight=weight, method=setting.METHOD)
  File "/home/terry/.local/lib/python3.6/site-packages/networkx/algorithms/shortest_paths/generic.py", line 162, in shortest_path
    paths = nx.dijkstra_path(G, source, target, weight)
  File "/home/terry/.local/lib/python3.6/site-packages/networkx/algorithms/shortest_paths/weighted.py", line 157, in dijkstra_path
    (length, path) = single_source_dijkstra(G, source, target=target, weight=weight)
  File "/home/terry/.local/lib/python3.6/site-packages/networkx/algorithms/shortest_paths/weighted.py", line 465, in single_source_dijkstra
    G, {source}, cutoff=cutoff, target=target, weight=weight
  File "/home/terry/.local/lib/python3.6/site-packages/networkx/algorithms/shortest_paths/weighted.py", line 723, in multi_source_dijkstra
    G, sources, weight, paths=paths, cutoff=cutoff, target=target
  File "/home/terry/.local/lib/python3.6/site-packages/networkx/algorithms/shortest_paths/weighted.py", line 831, in _dijkstra_multisource
    raise ValueError("Contradictory paths found:", "negative weights?")
ValueError: ('Contradictory paths found:', 'negative weights?')
==================================== link detector ====================================

----------------------------
src    dst :    delay
6 <---> 2 : 3.133058547973633
6 <---> 3 : 2.5010108947753906
1 <---> 2 : 2.526521682739258
1 <---> 5 : 2.4061203002929688
2 <---> 5 : 2.978086471557617
2 <---> 6 : 3.1473636627197266
2 <---> 1 : 4.4384002685546875
2 <---> 3 : 2.5610923767089844
5 <---> 4 : 2.653360366821289
5 <---> 2 : 2.5763511657714844
5 <---> 1 : 3.798961639404297
3 <---> 4 : 3.020048141479492
3 <---> 2 : 3.4275054931640625
3 <---> 6 : 3.213167190551758
4 <---> 3 : 3.737926483154297
4 <---> 5 : 2.4013519287109375
discovery--->==================================== discovery ====================================
discovery---> cls: [(6, 2), (6, 3), (2, 1), (2, 5), (2, 3), (1, 5), (3, 4), (5, 4)]
discovery--->=============================================================================
==================================== link detector ====================================

----------------------------
src    dst :    delay
6 <---> 2 : 2.5937557220458984
6 <---> 3 : 3.764629364013672
1 <---> 2 : 2.3174285888671875
1 <---> 5 : 4.510641098022461
2 <---> 5 : 2.9649734497070312
2 <---> 6 : 3.668069839477539
2 <---> 1 : 2.702474594116211
2 <---> 3 : 4.018545150756836
5 <---> 4 : 2.7925968170166016
5 <---> 2 : 3.1294822692871094
5 <---> 1 : 2.5207996368408203
3 <---> 4 : 2.3813247680664062
3 <---> 2 : 2.3131370544433594
3 <---> 6 : 2.5606155395507812
4 <---> 3 : 2.7565956115722656
4 <---> 5 : 2.5632381439208984
==================================== link detector ====================================

----------------------------
src    dst :    delay
6 <---> 2 : 2.8493404388427734
6 <---> 3 : 3.135204315185547
1 <---> 2 : 2.375364303588867
1 <---> 5 : 2.1834373474121094
2 <---> 5 : 2.4306774139404297
2 <---> 6 : 2.365589141845703
2 <---> 1 : 2.5742053985595703
2 <---> 3 : 2.3834705352783203
5 <---> 4 : 2.2683143615722656
5 <---> 2 : 2.8982162475585938
5 <---> 1 : 2.7043819427490234
3 <---> 4 : 2.5200843811035156
3 <---> 2 : 2.320528030395508
3 <---> 6 : 3.263711929321289
4 <---> 3 : 3.0286312103271484
4 <---> 5 : 3.2606124877929688
discovery--->==================================== discovery ====================================
discovery---> cls: [(6, 2), (6, 3), (2, 1), (2, 5), (2, 3), (1, 5), (3, 4), (5, 4)]
discovery--->=============================================================================
network_shorest_path: Exception occurred during handler processing. Backtrace from offending handler [_packet_in_handler] servicing event [EventOFPPacketIn] follows.
Traceback (most recent call last):
  File "/usr/local/lib/python3.6/dist-packages/ryu/base/app_manager.py", line 290, in _event_loop
    handler(ev)
  File "/home/terry/LJQ/Task/ryu/network_shortest_path.py", line 103, in _packet_in_handler
    self.calculate_shortest_paths(msg, eth_type, ipv4_pkt.src, ipv4_pkt.dst)
  File "/home/terry/LJQ/Task/ryu/network_shortest_path.py", line 119, in calculate_shortest_paths
    path = self.calculate_path(src_switch, dst_switch)
  File "/home/terry/LJQ/Task/ryu/network_shortest_path.py", line 163, in calculate_path
    self.network_structure.calculate_shortest_paths(src_dpid, dst_dpid, self.network_structure.calculate_weight)
  File "/home/terry/LJQ/Task/ryu/network_structure.py", line 235, in calculate_shortest_paths
    weight=weight, method=setting.METHOD)
  File "/home/terry/.local/lib/python3.6/site-packages/networkx/algorithms/shortest_paths/generic.py", line 162, in shortest_path
    paths = nx.dijkstra_path(G, source, target, weight)
  File "/home/terry/.local/lib/python3.6/site-packages/networkx/algorithms/shortest_paths/weighted.py", line 157, in dijkstra_path
    (length, path) = single_source_dijkstra(G, source, target=target, weight=weight)
  File "/home/terry/.local/lib/python3.6/site-packages/networkx/algorithms/shortest_paths/weighted.py", line 465, in single_source_dijkstra
    G, {source}, cutoff=cutoff, target=target, weight=weight
  File "/home/terry/.local/lib/python3.6/site-packages/networkx/algorithms/shortest_paths/weighted.py", line 723, in multi_source_dijkstra
    G, sources, weight, paths=paths, cutoff=cutoff, target=target
  File "/home/terry/.local/lib/python3.6/site-packages/networkx/algorithms/shortest_paths/weighted.py", line 831, in _dijkstra_multisource
    raise ValueError("Contradictory paths found:", "negative weights?")
ValueError: ('Contradictory paths found:', 'negative weights?')
==================================== link detector ====================================

----------------------------
src    dst :    delay
6 <---> 2 : 2.926349639892578
6 <---> 3 : 2.6988983154296875
1 <---> 2 : 2.2211074829101562
1 <---> 5 : 2.7723312377929688
2 <---> 5 : 4.244565963745117
2 <---> 6 : 2.6941299438476562
2 <---> 1 : 3.3631324768066406
2 <---> 3 : 3.4499168395996094
5 <---> 4 : 2.607107162475586
5 <---> 2 : 2.5725364685058594
5 <---> 1 : 2.9158592224121094
3 <---> 4 : 2.2552013397216797
3 <---> 2 : 2.9463768005371094
3 <---> 6 : 3.208637237548828
4 <---> 3 : 3.314971923828125
4 <---> 5 : 2.5849342346191406
discovery--->==================================== discovery ====================================
discovery---> cls: [(6, 2), (6, 3), (2, 1), (2, 5), (2, 3), (1, 5), (3, 4), (5, 4)]
discovery--->=============================================================================
==================================== link detector ====================================

----------------------------
src    dst :    delay
6 <---> 2 : 3.7381649017333984
6 <---> 3 : 3.410816192626953
1 <---> 2 : 3.2052993774414062
1 <---> 5 : 3.132343292236328
2 <---> 5 : 3.314495086669922
2 <---> 6 : 4.348993301391602
2 <---> 1 : 2.5985240936279297
2 <---> 3 : 3.3423900604248047
5 <---> 4 : 3.118753433227539
5 <---> 2 : 2.6595592498779297
5 <---> 1 : 3.3469200134277344
3 <---> 4 : 2.9327869415283203
3 <---> 2 : 3.1137466430664062
3 <---> 6 : 2.248048782348633
4 <---> 3 : 3.082275390625
4 <---> 5 : 2.2666454315185547
==================================== link detector ====================================

----------------------------
src    dst :    delay
6 <---> 2 : 2.7022361755371094
6 <---> 3 : 3.5042762756347656
1 <---> 2 : 4.045248031616211
1 <---> 5 : 3.8194656372070312
2 <---> 5 : 3.0562877655029297
2 <---> 6 : 3.124713897705078
2 <---> 1 : 2.8221607208251953
2 <---> 3 : 2.7534961700439453
5 <---> 4 : 3.590106964111328
5 <---> 2 : 3.6232471466064453
5 <---> 1 : 3.2799243927001953
3 <---> 4 : 2.513408660888672
3 <---> 2 : 3.0698776245117188
3 <---> 6 : 3.4694671630859375
4 <---> 3 : 3.6840438842773438
4 <---> 5 : 3.5042762756347656
discovery--->==================================== discovery ====================================
discovery---> cls: [(6, 2), (6, 3), (2, 1), (2, 5), (2, 3), (1, 5), (3, 4), (5, 4)]
discovery--->=============================================================================
network_shorest_path: Exception occurred during handler processing. Backtrace from offending handler [_packet_in_handler] servicing event [EventOFPPacketIn] follows.
Traceback (most recent call last):
  File "/usr/local/lib/python3.6/dist-packages/ryu/base/app_manager.py", line 290, in _event_loop
    handler(ev)
  File "/home/terry/LJQ/Task/ryu/network_shortest_path.py", line 103, in _packet_in_handler
    self.calculate_shortest_paths(msg, eth_type, ipv4_pkt.src, ipv4_pkt.dst)
  File "/home/terry/LJQ/Task/ryu/network_shortest_path.py", line 119, in calculate_shortest_paths
    path = self.calculate_path(src_switch, dst_switch)
  File "/home/terry/LJQ/Task/ryu/network_shortest_path.py", line 163, in calculate_path
    self.network_structure.calculate_shortest_paths(src_dpid, dst_dpid, self.network_structure.calculate_weight)
  File "/home/terry/LJQ/Task/ryu/network_structure.py", line 235, in calculate_shortest_paths
    weight=weight, method=setting.METHOD)
  File "/home/terry/.local/lib/python3.6/site-packages/networkx/algorithms/shortest_paths/generic.py", line 162, in shortest_path
    paths = nx.dijkstra_path(G, source, target, weight)
  File "/home/terry/.local/lib/python3.6/site-packages/networkx/algorithms/shortest_paths/weighted.py", line 157, in dijkstra_path
    (length, path) = single_source_dijkstra(G, source, target=target, weight=weight)
  File "/home/terry/.local/lib/python3.6/site-packages/networkx/algorithms/shortest_paths/weighted.py", line 465, in single_source_dijkstra
    G, {source}, cutoff=cutoff, target=target, weight=weight
  File "/home/terry/.local/lib/python3.6/site-packages/networkx/algorithms/shortest_paths/weighted.py", line 723, in multi_source_dijkstra
    G, sources, weight, paths=paths, cutoff=cutoff, target=target
  File "/home/terry/.local/lib/python3.6/site-packages/networkx/algorithms/shortest_paths/weighted.py", line 831, in _dijkstra_multisource
    raise ValueError("Contradictory paths found:", "negative weights?")
ValueError: ('Contradictory paths found:', 'negative weights?')
==================================== link detector ====================================

----------------------------
src    dst :    delay
6 <---> 2 : 2.4755001068115234
6 <---> 3 : 2.518177032470703
1 <---> 2 : 2.5877952575683594
1 <---> 5 : 2.7840137481689453
2 <---> 5 : 3.2308101654052734
2 <---> 6 : 2.935171127319336
2 <---> 1 : 2.3407936096191406
2 <---> 3 : 3.1118392944335938
5 <---> 4 : 2.8314590454101562
5 <---> 2 : 2.5343894958496094
5 <---> 1 : 3.4661293029785156
3 <---> 4 : 3.21197509765625
3 <---> 2 : 3.5316944122314453
3 <---> 6 : 2.3605823516845703
4 <---> 3 : 2.2644996643066406
4 <---> 5 : 2.3756027221679688
discovery--->==================================== discovery ====================================
discovery---> cls: [(6, 2), (6, 3), (2, 1), (2, 5), (2, 3), (1, 5), (3, 4), (5, 4)]
discovery--->=============================================================================
==================================== link detector ====================================

----------------------------
src    dst :    delay
6 <---> 2 : 3.3724308013916016
6 <---> 3 : 3.015279769897461
1 <---> 2 : 3.3228397369384766
1 <---> 5 : 3.4477710723876953
2 <---> 5 : 2.394437789916992
2 <---> 6 : 2.492189407348633
2 <---> 1 : 3.6361217498779297
2 <---> 3 : 2.6199817657470703
5 <---> 4 : 4.356861114501953
5 <---> 2 : 3.012418746948242
5 <---> 1 : 2.6569366455078125
3 <---> 4 : 3.1137466430664062
3 <---> 2 : 2.9523372650146484
3 <---> 6 : 3.125905990600586
4 <---> 3 : 3.6592483520507812
4 <---> 5 : 3.189563751220703
==================================== link detector ====================================

----------------------------
src    dst :    delay
6 <---> 2 : 3.7992000579833984
6 <---> 3 : 2.4476051330566406
1 <---> 2 : 2.4962425231933594
1 <---> 5 : 2.749919891357422
2 <---> 5 : 3.018617630004883
2 <---> 6 : 4.085302352905273
2 <---> 1 : 2.6683807373046875
2 <---> 3 : 3.300905227661133
5 <---> 4 : 2.652883529663086
5 <---> 2 : 2.244710922241211
5 <---> 1 : 3.231048583984375
3 <---> 4 : 3.412008285522461
3 <---> 2 : 4.072666168212891
3 <---> 6 : 2.487659454345703
4 <---> 3 : 3.077983856201172
4 <---> 5 : 3.129243850708008
discovery--->==================================== discovery ====================================
discovery---> cls: [(6, 2), (6, 3), (2, 1), (2, 5), (2, 3), (1, 5), (3, 4), (5, 4)]
discovery--->=============================================================================
shortest=====>[PATH] [192.168.0.5 <----> 192.168.0.1]: [5, 1]
network_shorest_path: Exception occurred during handler processing. Backtrace from offending handler [_packet_in_handler] servicing event [EventOFPPacketIn] follows.
Traceback (most recent call last):
  File "/usr/local/lib/python3.6/dist-packages/ryu/base/app_manager.py", line 290, in _event_loop
    handler(ev)
  File "/home/terry/LJQ/Task/ryu/network_shortest_path.py", line 103, in _packet_in_handler
    self.calculate_shortest_paths(msg, eth_type, ipv4_pkt.src, ipv4_pkt.dst)
  File "/home/terry/LJQ/Task/ryu/network_shortest_path.py", line 119, in calculate_shortest_paths
    path = self.calculate_path(src_switch, dst_switch)
  File "/home/terry/LJQ/Task/ryu/network_shortest_path.py", line 163, in calculate_path
    self.network_structure.calculate_shortest_paths(src_dpid, dst_dpid, self.network_structure.calculate_weight)
  File "/home/terry/LJQ/Task/ryu/network_structure.py", line 235, in calculate_shortest_paths
    weight=weight, method=setting.METHOD)
  File "/home/terry/.local/lib/python3.6/site-packages/networkx/algorithms/shortest_paths/generic.py", line 162, in shortest_path
    paths = nx.dijkstra_path(G, source, target, weight)
  File "/home/terry/.local/lib/python3.6/site-packages/networkx/algorithms/shortest_paths/weighted.py", line 157, in dijkstra_path
    (length, path) = single_source_dijkstra(G, source, target=target, weight=weight)
  File "/home/terry/.local/lib/python3.6/site-packages/networkx/algorithms/shortest_paths/weighted.py", line 465, in single_source_dijkstra
    G, {source}, cutoff=cutoff, target=target, weight=weight
  File "/home/terry/.local/lib/python3.6/site-packages/networkx/algorithms/shortest_paths/weighted.py", line 723, in multi_source_dijkstra
    G, sources, weight, paths=paths, cutoff=cutoff, target=target
  File "/home/terry/.local/lib/python3.6/site-packages/networkx/algorithms/shortest_paths/weighted.py", line 831, in _dijkstra_multisource
    raise ValueError("Contradictory paths found:", "negative weights?")
ValueError: ('Contradictory paths found:', 'negative weights?')
==================================== link detector ====================================

----------------------------
src    dst :    delay
6 <---> 2 : 3.6487579345703125
6 <---> 3 : 2.746105194091797
1 <---> 2 : 2.9730796813964844
1 <---> 5 : 2.3980140686035156
2 <---> 5 : 2.619028091430664
2 <---> 6 : 3.3948421478271484
2 <---> 1 : 2.7894973754882812
2 <---> 3 : 3.4263134002685547
5 <---> 4 : 4.393100738525391
5 <---> 2 : 3.4227371215820312
5 <---> 1 : 2.6018619537353516
3 <---> 4 : 2.4840831756591797
3 <---> 2 : 3.246784210205078
3 <---> 6 : 4.101276397705078
4 <---> 3 : 2.7472972869873047
4 <---> 5 : 2.955913543701172
discovery--->==================================== discovery ====================================
discovery---> cls: [(6, 2), (6, 3), (2, 1), (2, 5), (2, 3), (1, 5), (3, 4), (5, 4)]
discovery--->=============================================================================
==================================== link detector ====================================

----------------------------
src    dst :    delay
6 <---> 2 : 3.543853759765625
6 <---> 3 : 2.3021697998046875
1 <---> 2 : 3.4787654876708984
1 <---> 5 : 3.5126209259033203
2 <---> 5 : 2.7856826782226562
2 <---> 6 : 3.1654834747314453
2 <---> 1 : 3.358125686645508
2 <---> 3 : 3.337383270263672
5 <---> 4 : 3.1354427337646484
5 <---> 2 : 3.7009716033935547
5 <---> 1 : 3.0481815338134766
3 <---> 4 : 2.988100051879883
3 <---> 2 : 3.296375274658203
3 <---> 6 : 2.969026565551758
4 <---> 3 : 3.2706260681152344
4 <---> 5 : 3.2777786254882812
==================================== link detector ====================================

----------------------------
src    dst :    delay
6 <---> 2 : 3.2825469970703125
6 <---> 3 : 3.3941268920898438
1 <---> 2 : 2.861499786376953
1 <---> 5 : 3.1778812408447266
2 <---> 5 : 3.6051273345947266
2 <---> 6 : 3.9975643157958984
2 <---> 1 : 3.175497055053711
2 <---> 3 : 2.864360809326172
5 <---> 4 : 2.3069381713867188
5 <---> 2 : 3.582000732421875
5 <---> 1 : 2.893209457397461
3 <---> 4 : 3.2758712768554688
3 <---> 2 : 3.3864974975585938
3 <---> 6 : 2.239704132080078
4 <---> 3 : 2.8183460235595703
4 <---> 5 : 3.0336380004882812
discovery--->==================================== discovery ====================================
discovery---> cls: [(6, 2), (6, 3), (2, 1), (2, 5), (2, 3), (1, 5), (3, 4), (5, 4)]
discovery--->=============================================================================
network_shorest_path: Exception occurred during handler processing. Backtrace from offending handler [_packet_in_handler] servicing event [EventOFPPacketIn] follows.
Traceback (most recent call last):
  File "/usr/local/lib/python3.6/dist-packages/ryu/base/app_manager.py", line 290, in _event_loop
    handler(ev)
  File "/home/terry/LJQ/Task/ryu/network_shortest_path.py", line 103, in _packet_in_handler
    self.calculate_shortest_paths(msg, eth_type, ipv4_pkt.src, ipv4_pkt.dst)
  File "/home/terry/LJQ/Task/ryu/network_shortest_path.py", line 119, in calculate_shortest_paths
    path = self.calculate_path(src_switch, dst_switch)
  File "/home/terry/LJQ/Task/ryu/network_shortest_path.py", line 163, in calculate_path
    self.network_structure.calculate_shortest_paths(src_dpid, dst_dpid, self.network_structure.calculate_weight)
  File "/home/terry/LJQ/Task/ryu/network_structure.py", line 235, in calculate_shortest_paths
    weight=weight, method=setting.METHOD)
  File "/home/terry/.local/lib/python3.6/site-packages/networkx/algorithms/shortest_paths/generic.py", line 162, in shortest_path
    paths = nx.dijkstra_path(G, source, target, weight)
  File "/home/terry/.local/lib/python3.6/site-packages/networkx/algorithms/shortest_paths/weighted.py", line 157, in dijkstra_path
    (length, path) = single_source_dijkstra(G, source, target=target, weight=weight)
  File "/home/terry/.local/lib/python3.6/site-packages/networkx/algorithms/shortest_paths/weighted.py", line 465, in single_source_dijkstra
    G, {source}, cutoff=cutoff, target=target, weight=weight
  File "/home/terry/.local/lib/python3.6/site-packages/networkx/algorithms/shortest_paths/weighted.py", line 723, in multi_source_dijkstra
    G, sources, weight, paths=paths, cutoff=cutoff, target=target
  File "/home/terry/.local/lib/python3.6/site-packages/networkx/algorithms/shortest_paths/weighted.py", line 831, in _dijkstra_multisource
    raise ValueError("Contradictory paths found:", "negative weights?")
ValueError: ('Contradictory paths found:', 'negative weights?')
==================================== link detector ====================================

----------------------------
src    dst :    delay
6 <---> 2 : 2.1963119506835938
6 <---> 3 : 6.8492889404296875
1 <---> 2 : 4.128217697143555
1 <---> 5 : 4.059314727783203
2 <---> 5 : 2.953767776489258
2 <---> 6 : 2.917766571044922
2 <---> 1 : 3.0982494354248047
2 <---> 3 : 3.628253936767578
5 <---> 4 : 3.773212432861328
5 <---> 2 : 2.8533935546875
5 <---> 1 : 3.530263900756836
3 <---> 4 : 2.532958984375
3 <---> 2 : 2.680540084838867
3 <---> 6 : 3.541707992553711
4 <---> 3 : 2.844572067260742
4 <---> 5 : 2.838611602783203
discovery--->==================================== discovery ====================================
discovery---> cls: [(6, 2), (6, 3), (2, 1), (2, 5), (2, 3), (1, 5), (3, 4), (5, 4)]
discovery--->=============================================================================
==================================== link detector ====================================

----------------------------
src    dst :    delay
6 <---> 2 : 3.557443618774414
6 <---> 3 : 3.0732154846191406
1 <---> 2 : 4.38380241394043
1 <---> 5 : 3.3447742462158203
2 <---> 5 : 2.2590160369873047
2 <---> 6 : 3.4241676330566406
2 <---> 1 : 2.5539398193359375
2 <---> 3 : 3.478527069091797
5 <---> 4 : 2.6841163635253906
5 <---> 2 : 2.9010772705078125
5 <---> 1 : 2.482891082763672
3 <---> 4 : 3.2274723052978516
3 <---> 2 : 3.1409263610839844
3 <---> 6 : 2.5739669799804688
4 <---> 3 : 2.866983413696289
4 <---> 5 : 2.8095245361328125
==================================== link detector ====================================

----------------------------
src    dst :    delay
6 <---> 2 : 3.352642059326172
6 <---> 3 : 2.724170684814453
1 <---> 2 : 3.4275054931640625
1 <---> 5 : 2.7704238891601562
2 <---> 5 : 3.10516357421875
2 <---> 6 : 2.4073123931884766
2 <---> 1 : 3.116607666015625
2 <---> 3 : 2.876758575439453
5 <---> 4 : 3.355741500854492
5 <---> 2 : 2.9387474060058594
5 <---> 1 : 2.4878978729248047
3 <---> 4 : 3.2351016998291016
3 <---> 2 : 2.959728240966797
3 <---> 6 : 2.7494430541992188
4 <---> 3 : 2.838611602783203
4 <---> 5 : 3.126382827758789
discovery--->==================================== discovery ====================================
discovery---> cls: [(6, 2), (6, 3), (2, 1), (2, 5), (2, 3), (1, 5), (3, 4), (5, 4)]
discovery--->=============================================================================
shortest=====>[PATH] [192.168.0.5 <----> 192.168.0.4]: [5, 4]
network_shorest_path: Exception occurred during handler processing. Backtrace from offending handler [_packet_in_handler] servicing event [EventOFPPacketIn] follows.
Traceback (most recent call last):
  File "/usr/local/lib/python3.6/dist-packages/ryu/base/app_manager.py", line 290, in _event_loop
    handler(ev)
  File "/home/terry/LJQ/Task/ryu/network_shortest_path.py", line 103, in _packet_in_handler
    self.calculate_shortest_paths(msg, eth_type, ipv4_pkt.src, ipv4_pkt.dst)
  File "/home/terry/LJQ/Task/ryu/network_shortest_path.py", line 119, in calculate_shortest_paths
    path = self.calculate_path(src_switch, dst_switch)
  File "/home/terry/LJQ/Task/ryu/network_shortest_path.py", line 163, in calculate_path
    self.network_structure.calculate_shortest_paths(src_dpid, dst_dpid, self.network_structure.calculate_weight)
  File "/home/terry/LJQ/Task/ryu/network_structure.py", line 235, in calculate_shortest_paths
    weight=weight, method=setting.METHOD)
  File "/home/terry/.local/lib/python3.6/site-packages/networkx/algorithms/shortest_paths/generic.py", line 162, in shortest_path
    paths = nx.dijkstra_path(G, source, target, weight)
  File "/home/terry/.local/lib/python3.6/site-packages/networkx/algorithms/shortest_paths/weighted.py", line 157, in dijkstra_path
    (length, path) = single_source_dijkstra(G, source, target=target, weight=weight)
  File "/home/terry/.local/lib/python3.6/site-packages/networkx/algorithms/shortest_paths/weighted.py", line 465, in single_source_dijkstra
    G, {source}, cutoff=cutoff, target=target, weight=weight
  File "/home/terry/.local/lib/python3.6/site-packages/networkx/algorithms/shortest_paths/weighted.py", line 723, in multi_source_dijkstra
    G, sources, weight, paths=paths, cutoff=cutoff, target=target
  File "/home/terry/.local/lib/python3.6/site-packages/networkx/algorithms/shortest_paths/weighted.py", line 831, in _dijkstra_multisource
    raise ValueError("Contradictory paths found:", "negative weights?")
ValueError: ('Contradictory paths found:', 'negative weights?')
==================================== link detector ====================================

----------------------------
src    dst :    delay
6 <---> 2 : 3.2625198364257812
6 <---> 3 : 2.5167465209960938
1 <---> 2 : 2.9408931732177734
1 <---> 5 : 2.889871597290039
2 <---> 5 : 2.923250198364258
2 <---> 6 : 2.7437210083007812
2 <---> 1 : 3.7839412689208984
2 <---> 3 : 4.82940673828125
5 <---> 4 : 3.284931182861328
5 <---> 2 : 3.2787322998046875
5 <---> 1 : 3.4089088439941406
3 <---> 4 : 2.907991409301758
3 <---> 2 : 2.8760433197021484
3 <---> 6 : 3.4210681915283203
4 <---> 3 : 3.377676010131836
4 <---> 5 : 3.0515193939208984
discovery--->==================================== discovery ====================================
discovery---> cls: [(6, 2), (6, 3), (2, 1), (2, 5), (2, 3), (1, 5), (3, 4), (5, 4)]
discovery--->=============================================================================
==================================== link detector ====================================

----------------------------
src    dst :    delay
6 <---> 2 : 3.2367706298828125
6 <---> 3 : 3.789186477661133
1 <---> 2 : 2.622842788696289
1 <---> 5 : 3.1588077545166016
2 <---> 5 : 3.374814987182617
2 <---> 6 : 3.969907760620117
2 <---> 1 : 4.679203033447266
2 <---> 3 : 2.5205612182617188
5 <---> 4 : 2.977609634399414
5 <---> 2 : 2.7976036071777344
5 <---> 1 : 3.4346580505371094
3 <---> 4 : 3.48663330078125
3 <---> 2 : 4.038333892822266
3 <---> 6 : 2.872943878173828
4 <---> 3 : 2.685546875
4 <---> 5 : 2.90679931640625
==================================== link detector ====================================

----------------------------
src    dst :    delay
6 <---> 2 : 3.704071044921875
6 <---> 3 : 3.444194793701172
1 <---> 2 : 3.045797348022461
1 <---> 5 : 2.7637481689453125
2 <---> 5 : 3.034830093383789
2 <---> 6 : 2.6874542236328125
2 <---> 1 : 2.5434494018554688
2 <---> 3 : 2.2842884063720703
5 <---> 4 : 3.3082962036132812
5 <---> 2 : 2.8367042541503906
5 <---> 1 : 3.2911300659179688
3 <---> 4 : 2.259969711303711
3 <---> 2 : 2.9108524322509766
3 <---> 6 : 3.870248794555664
4 <---> 3 : 2.602815628051758
4 <---> 5 : 3.621339797973633
discovery--->==================================== discovery ====================================
discovery---> cls: [(6, 2), (6, 3), (2, 1), (2, 5), (2, 3), (1, 5), (3, 4), (5, 4)]
discovery--->=============================================================================
network_shorest_path: Exception occurred during handler processing. Backtrace from offending handler [_packet_in_handler] servicing event [EventOFPPacketIn] follows.
Traceback (most recent call last):
  File "/usr/local/lib/python3.6/dist-packages/ryu/base/app_manager.py", line 290, in _event_loop
    handler(ev)
  File "/home/terry/LJQ/Task/ryu/network_shortest_path.py", line 103, in _packet_in_handler
    self.calculate_shortest_paths(msg, eth_type, ipv4_pkt.src, ipv4_pkt.dst)
  File "/home/terry/LJQ/Task/ryu/network_shortest_path.py", line 119, in calculate_shortest_paths
    path = self.calculate_path(src_switch, dst_switch)
  File "/home/terry/LJQ/Task/ryu/network_shortest_path.py", line 163, in calculate_path
    self.network_structure.calculate_shortest_paths(src_dpid, dst_dpid, self.network_structure.calculate_weight)
  File "/home/terry/LJQ/Task/ryu/network_structure.py", line 235, in calculate_shortest_paths
    weight=weight, method=setting.METHOD)
  File "/home/terry/.local/lib/python3.6/site-packages/networkx/algorithms/shortest_paths/generic.py", line 162, in shortest_path
    paths = nx.dijkstra_path(G, source, target, weight)
  File "/home/terry/.local/lib/python3.6/site-packages/networkx/algorithms/shortest_paths/weighted.py", line 157, in dijkstra_path
    (length, path) = single_source_dijkstra(G, source, target=target, weight=weight)
  File "/home/terry/.local/lib/python3.6/site-packages/networkx/algorithms/shortest_paths/weighted.py", line 465, in single_source_dijkstra
    G, {source}, cutoff=cutoff, target=target, weight=weight
  File "/home/terry/.local/lib/python3.6/site-packages/networkx/algorithms/shortest_paths/weighted.py", line 723, in multi_source_dijkstra
    G, sources, weight, paths=paths, cutoff=cutoff, target=target
  File "/home/terry/.local/lib/python3.6/site-packages/networkx/algorithms/shortest_paths/weighted.py", line 831, in _dijkstra_multisource
    raise ValueError("Contradictory paths found:", "negative weights?")
ValueError: ('Contradictory paths found:', 'negative weights?')
==================================== link detector ====================================

----------------------------
src    dst :    delay
6 <---> 2 : 2.6047229766845703
6 <---> 3 : 2.557516098022461
1 <---> 2 : 3.2601356506347656
1 <---> 5 : 3.336191177368164
2 <---> 5 : 3.4019947052001953
2 <---> 6 : 2.4318695068359375
2 <---> 1 : 2.4611949920654297
2 <---> 3 : 2.441883087158203
5 <---> 4 : 2.8307437896728516
5 <---> 2 : 2.901792526245117
5 <---> 1 : 3.554105758666992
3 <---> 4 : 2.198457717895508
3 <---> 2 : 2.709627151489258
3 <---> 6 : 3.292083740234375
4 <---> 3 : 2.8133392333984375
4 <---> 5 : 2.6068687438964844
discovery--->==================================== discovery ====================================
discovery---> cls: [(6, 2), (6, 3), (2, 1), (2, 5), (2, 3), (1, 5), (3, 4), (5, 4)]
discovery--->=============================================================================
==================================== link detector ====================================

----------------------------
src    dst :    delay
6 <---> 2 : 2.2742748260498047
6 <---> 3 : 2.671480178833008
1 <---> 2 : 3.8597583770751953
1 <---> 5 : 2.437114715576172
2 <---> 5 : 3.9899349212646484
2 <---> 6 : 2.757549285888672
2 <---> 1 : 2.8481483459472656
2 <---> 3 : 2.7725696563720703
5 <---> 4 : 3.3419132232666016
5 <---> 2 : 2.477884292602539
5 <---> 1 : 2.517223358154297
3 <---> 4 : 2.977609634399414
3 <---> 2 : 2.246379852294922
3 <---> 6 : 2.7341842651367188
4 <---> 3 : 2.831697463989258
4 <---> 5 : 2.577066421508789
==================================== link detector ====================================

----------------------------
src    dst :    delay
6 <---> 2 : 3.304004669189453
6 <---> 3 : 3.330230712890625
1 <---> 2 : 2.8913021087646484
1 <---> 5 : 2.6810169219970703
2 <---> 5 : 2.779245376586914
2 <---> 6 : 2.649545669555664
2 <---> 1 : 3.1888484954833984
2 <---> 3 : 2.8314590454101562
5 <---> 4 : 2.3818016052246094
5 <---> 2 : 3.266572952270508
5 <---> 1 : 3.2091140747070312
3 <---> 4 : 2.4182796478271484
3 <---> 2 : 2.493619918823242
3 <---> 6 : 4.696846008300781
4 <---> 3 : 3.6156177520751953
4 <---> 5 : 3.1998157501220703
discovery--->==================================== discovery ====================================
discovery---> cls: [(6, 2), (6, 3), (2, 1), (2, 5), (2, 3), (1, 5), (3, 4), (5, 4)]
discovery--->=============================================================================
shortest=====>[PATH] [192.168.0.6 <----> 192.168.0.3]: [6, 3]
network_shorest_path: Exception occurred during handler processing. Backtrace from offending handler [_packet_in_handler] servicing event [EventOFPPacketIn] follows.
Traceback (most recent call last):
  File "/usr/local/lib/python3.6/dist-packages/ryu/base/app_manager.py", line 290, in _event_loop
    handler(ev)
  File "/home/terry/LJQ/Task/ryu/network_shortest_path.py", line 103, in _packet_in_handler
    self.calculate_shortest_paths(msg, eth_type, ipv4_pkt.src, ipv4_pkt.dst)
  File "/home/terry/LJQ/Task/ryu/network_shortest_path.py", line 119, in calculate_shortest_paths
    path = self.calculate_path(src_switch, dst_switch)
  File "/home/terry/LJQ/Task/ryu/network_shortest_path.py", line 163, in calculate_path
    self.network_structure.calculate_shortest_paths(src_dpid, dst_dpid, self.network_structure.calculate_weight)
  File "/home/terry/LJQ/Task/ryu/network_structure.py", line 235, in calculate_shortest_paths
    weight=weight, method=setting.METHOD)
  File "/home/terry/.local/lib/python3.6/site-packages/networkx/algorithms/shortest_paths/generic.py", line 162, in shortest_path
    paths = nx.dijkstra_path(G, source, target, weight)
  File "/home/terry/.local/lib/python3.6/site-packages/networkx/algorithms/shortest_paths/weighted.py", line 157, in dijkstra_path
    (length, path) = single_source_dijkstra(G, source, target=target, weight=weight)
  File "/home/terry/.local/lib/python3.6/site-packages/networkx/algorithms/shortest_paths/weighted.py", line 465, in single_source_dijkstra
    G, {source}, cutoff=cutoff, target=target, weight=weight
  File "/home/terry/.local/lib/python3.6/site-packages/networkx/algorithms/shortest_paths/weighted.py", line 723, in multi_source_dijkstra
    G, sources, weight, paths=paths, cutoff=cutoff, target=target
  File "/home/terry/.local/lib/python3.6/site-packages/networkx/algorithms/shortest_paths/weighted.py", line 831, in _dijkstra_multisource
    raise ValueError("Contradictory paths found:", "negative weights?")
ValueError: ('Contradictory paths found:', 'negative weights?')
==================================== link detector ====================================

----------------------------
src    dst :    delay
6 <---> 2 : 4.014730453491211
6 <---> 3 : 3.406524658203125
1 <---> 2 : 3.0493736267089844
1 <---> 5 : 3.3512115478515625
2 <---> 5 : 2.7687549591064453
2 <---> 6 : 3.056049346923828
2 <---> 1 : 2.7914047241210938
2 <---> 3 : 2.610445022583008
5 <---> 4 : 4.441022872924805
5 <---> 2 : 3.1006336212158203
5 <---> 1 : 2.5734901428222656
3 <---> 4 : 4.211664199829102
3 <---> 2 : 2.3326873779296875
3 <---> 6 : 2.589702606201172
4 <---> 3 : 3.379344940185547
4 <---> 5 : 3.3757686614990234
discovery--->==================================== discovery ====================================
discovery---> cls: [(6, 2), (6, 3), (2, 1), (2, 5), (2, 3), (1, 5), (3, 4), (5, 4)]
discovery--->=============================================================================
==================================== link detector ====================================

----------------------------
src    dst :    delay
6 <---> 2 : 3.211498260498047
6 <---> 3 : 3.285646438598633
1 <---> 2 : 2.51007080078125
1 <---> 5 : 2.3806095123291016
2 <---> 5 : 3.043651580810547
2 <---> 6 : 2.9098987579345703
2 <---> 1 : 6.936788558959961
2 <---> 3 : 3.504037857055664
5 <---> 4 : 2.9828548431396484
5 <---> 2 : 3.2651424407958984
5 <---> 1 : 3.2663345336914062
3 <---> 4 : 3.3409595489501953
3 <---> 2 : 3.520488739013672
3 <---> 6 : 2.8171539306640625
4 <---> 3 : 3.441333770751953
4 <---> 5 : 3.163576126098633
==================================== link detector ====================================

----------------------------
src    dst :    delay
6 <---> 2 : 3.3617019653320312
6 <---> 3 : 2.613544464111328
1 <---> 2 : 3.376483917236328
1 <---> 5 : 4.244565963745117
2 <---> 5 : 2.297639846801758
2 <---> 6 : 2.3641586303710938
2 <---> 1 : 2.750873565673828
2 <---> 3 : 2.8543472290039062
5 <---> 4 : 2.439737319946289
5 <---> 2 : 2.9175281524658203
5 <---> 1 : 2.9096603393554688
3 <---> 4 : 2.653360366821289
3 <---> 2 : 2.4101734161376953
3 <---> 6 : 2.6743412017822266
4 <---> 3 : 3.3719539642333984
4 <---> 5 : 2.956390380859375
discovery--->==================================== discovery ====================================
discovery---> cls: [(6, 2), (6, 3), (2, 1), (2, 5), (2, 3), (1, 5), (3, 4), (5, 4)]
discovery--->=============================================================================
network_shorest_path: Exception occurred during handler processing. Backtrace from offending handler [_packet_in_handler] servicing event [EventOFPPacketIn] follows.
Traceback (most recent call last):
  File "/usr/local/lib/python3.6/dist-packages/ryu/base/app_manager.py", line 290, in _event_loop
    handler(ev)
  File "/home/terry/LJQ/Task/ryu/network_shortest_path.py", line 103, in _packet_in_handler
    self.calculate_shortest_paths(msg, eth_type, ipv4_pkt.src, ipv4_pkt.dst)
  File "/home/terry/LJQ/Task/ryu/network_shortest_path.py", line 119, in calculate_shortest_paths
    path = self.calculate_path(src_switch, dst_switch)
  File "/home/terry/LJQ/Task/ryu/network_shortest_path.py", line 163, in calculate_path
    self.network_structure.calculate_shortest_paths(src_dpid, dst_dpid, self.network_structure.calculate_weight)
  File "/home/terry/LJQ/Task/ryu/network_structure.py", line 235, in calculate_shortest_paths
    weight=weight, method=setting.METHOD)
  File "/home/terry/.local/lib/python3.6/site-packages/networkx/algorithms/shortest_paths/generic.py", line 162, in shortest_path
    paths = nx.dijkstra_path(G, source, target, weight)
  File "/home/terry/.local/lib/python3.6/site-packages/networkx/algorithms/shortest_paths/weighted.py", line 157, in dijkstra_path
    (length, path) = single_source_dijkstra(G, source, target=target, weight=weight)
  File "/home/terry/.local/lib/python3.6/site-packages/networkx/algorithms/shortest_paths/weighted.py", line 465, in single_source_dijkstra
    G, {source}, cutoff=cutoff, target=target, weight=weight
  File "/home/terry/.local/lib/python3.6/site-packages/networkx/algorithms/shortest_paths/weighted.py", line 723, in multi_source_dijkstra
    G, sources, weight, paths=paths, cutoff=cutoff, target=target
  File "/home/terry/.local/lib/python3.6/site-packages/networkx/algorithms/shortest_paths/weighted.py", line 831, in _dijkstra_multisource
    raise ValueError("Contradictory paths found:", "negative weights?")
ValueError: ('Contradictory paths found:', 'negative weights?')
==================================== link detector ====================================

----------------------------
src    dst :    delay
6 <---> 2 : 3.6008358001708984
6 <---> 3 : 4.878997802734375
1 <---> 2 : 7.772922515869141
1 <---> 5 : 2.7544498443603516
2 <---> 5 : 3.428220748901367
2 <---> 6 : 3.893136978149414
2 <---> 1 : 3.308534622192383
2 <---> 3 : 3.3991336822509766
5 <---> 4 : 3.3152103424072266
5 <---> 2 : 2.876758575439453
5 <---> 1 : 3.3805370330810547
3 <---> 4 : 3.052949905395508
3 <---> 2 : 4.314422607421875
3 <---> 6 : 2.588987350463867
4 <---> 3 : 2.9268264770507812
4 <---> 5 : 2.326488494873047
discovery--->==================================== discovery ====================================
discovery---> cls: [(6, 2), (6, 3), (2, 1), (2, 5), (2, 3), (1, 5), (3, 4), (5, 4)]
discovery--->=============================================================================
==================================== link detector ====================================

----------------------------
src    dst :    delay
6 <---> 2 : 2.7620792388916016
6 <---> 3 : 3.4880638122558594
1 <---> 2 : 3.9823055267333984
1 <---> 5 : 3.958463668823242
2 <---> 5 : 2.513408660888672
2 <---> 6 : 5.330085754394531
2 <---> 1 : 2.9599666595458984
2 <---> 3 : 4.433870315551758
5 <---> 4 : 3.3538341522216797
5 <---> 2 : 3.567218780517578
5 <---> 1 : 2.6276111602783203
3 <---> 4 : 4.399538040161133
3 <---> 2 : 2.9959678649902344
3 <---> 6 : 2.1314620971679688
4 <---> 3 : 3.5753250122070312
4 <---> 5 : 3.5431385040283203
==================================== link detector ====================================

----------------------------
src    dst :    delay
6 <---> 2 : 3.286123275756836
6 <---> 3 : 3.6270618438720703
1 <---> 2 : 2.7565956115722656
1 <---> 5 : 2.630949020385742
2 <---> 5 : 3.022909164428711
2 <---> 6 : 3.0977725982666016
2 <---> 1 : 3.128528594970703
2 <---> 3 : 3.2906532287597656
5 <---> 4 : 3.185272216796875
5 <---> 2 : 3.4089088439941406
5 <---> 1 : 3.1156539916992188
3 <---> 4 : 2.8595924377441406
3 <---> 2 : 2.7790069580078125
3 <---> 6 : 3.281831741333008
4 <---> 3 : 3.020048141479492
4 <---> 5 : 2.7604103088378906
discovery--->==================================== discovery ====================================
discovery---> cls: [(6, 2), (6, 3), (2, 1), (2, 5), (2, 3), (1, 5), (3, 4), (5, 4)]
discovery--->=============================================================================
==================================== link detector ====================================

----------------------------
src    dst :    delay
6 <---> 2 : 2.1636486053466797
6 <---> 3 : 3.9005279541015625
1 <---> 2 : 3.210306167602539
1 <---> 5 : 4.2705535888671875
2 <---> 5 : 2.9296875
2 <---> 6 : 2.516508102416992
2 <---> 1 : 2.1669864654541016
2 <---> 3 : 3.5352706909179688
5 <---> 4 : 3.032684326171875
5 <---> 2 : 3.351926803588867
5 <---> 1 : 4.091739654541016
3 <---> 4 : 4.4536590576171875
3 <---> 2 : 4.241943359375
3 <---> 6 : 2.2716522216796875
4 <---> 3 : 3.396272659301758
4 <---> 5 : 3.2205581665039062
discovery--->==================================== discovery ====================================
discovery---> cls: [(6, 2), (6, 3), (2, 1), (2, 5), (2, 3), (1, 5), (3, 4), (5, 4)]
discovery--->=============================================================================
==================================== link detector ====================================

----------------------------
src    dst :    delay
6 <---> 2 : 3.880739212036133
6 <---> 3 : 4.249095916748047
1 <---> 2 : 2.4077892303466797
1 <---> 5 : 2.7229785919189453
2 <---> 5 : 4.963397979736328
2 <---> 6 : 2.1877288818359375
2 <---> 1 : 2.5582313537597656
2 <---> 3 : 3.2622814178466797
5 <---> 4 : 2.6502609252929688
5 <---> 2 : 2.179861068725586
5 <---> 1 : 2.802133560180664
3 <---> 4 : 4.066228866577148
3 <---> 2 : 2.3572444915771484
3 <---> 6 : 2.934694290161133
4 <---> 3 : 3.2134056091308594
4 <---> 5 : 3.278493881225586
==================================== link detector ====================================

----------------------------
src    dst :    delay
6 <---> 2 : 2.879619598388672
6 <---> 3 : 4.20832633972168
1 <---> 2 : 3.3638477325439453
1 <---> 5 : 3.2279491424560547
2 <---> 5 : 3.647327423095703
2 <---> 6 : 3.537416458129883
2 <---> 1 : 3.1325817108154297
2 <---> 3 : 3.0214786529541016
5 <---> 4 : 2.885103225708008
5 <---> 2 : 2.4390220642089844
5 <---> 1 : 2.3894309997558594
3 <---> 4 : 2.715587615966797
3 <---> 2 : 3.3109188079833984
3 <---> 6 : 3.427267074584961
4 <---> 3 : 3.0057430267333984
4 <---> 5 : 2.1674633026123047
discovery--->==================================== discovery ====================================
discovery---> cls: [(6, 2), (6, 3), (2, 1), (2, 5), (2, 3), (1, 5), (3, 4), (5, 4)]
discovery--->=============================================================================
loading app network_structure.py
Matplotlib created a temporary config/cache directory at /tmp/matplotlib-l6pt69pm because the default path (/home/terry/.config/matplotlib) is not a writable directory; it is highly recommended to set the MPLCONFIGDIR environment variable to a writable directory, in particular to speed up the import of Matplotlib and to better support multiprocessing.
Generating new fontManager, this may take some time...
Failed to extract font properties from /usr/share/fonts/truetype/noto/NotoColorEmoji.ttf: In FT2Font: Can not load face.  Unknown file format.
loading app network_monitor.py
loading app ryu.topology.switches
loading app ryu.controller.ofp_handler
instantiating app network_structure.py of NetworkStructure
instantiating app network_monitor.py of NetworkMonitor
instantiating app ryu.topology.switches of Switches
instantiating app ryu.controller.ofp_handler of OFPHandler
discovery---> AccessPoint: 1 connected
discovery---> AccessPoint: 1 connected
discovery---> AccessPoint: 1 connected
discovery---> AccessPoint: 1 connected
discovery---> AccessPoint: 4 connected
discovery---> AccessPoint: 3 connected
monitor---->register datapath: 1000000000000005
monitor---->register datapath: 1000000000000004
monitor---->register datapath: 1000000000000001
monitor---->register datapath: 1000000000000006
monitor---->register datapath: 1000000000000003
monitor---->register datapath: 1000000000000002
