loading app network_structure.py
loading app network_monitor.py
loading app network_delay.py
loading app network_shortest_path.py
loading app arp_handler.py
loading app ryu.controller.ofp_handler
instantiating app None of Switches
creating context switches
instantiating app network_structure.py of NetworkStructure
instantiating app network_monitor.py of NetworkMonitor
instantiating app network_delay.py of NetworkDelay
instantiating app network_shortest_path.py of NetworkShortestPath
instantiating app arp_handler.py of ArpHandler
instantiating app ryu.controller.ofp_handler of OFPHandler
discovery---> switch: 4 connected
discovery---> switch: 1 connected
discovery---> switch: 3 connected
discovery---> switch: 5 connected
discovery---> switch: 2 connected
monitor---->register datapath: 0000000000000004
monitor---->register datapath: 0000000000000001
monitor---->register datapath: 0000000000000002
monitor---->register datapath: 0000000000000005
monitor---->register datapath: 0000000000000003
==================================== link detector ====================================

----------------------------
src    dst :    delay
4 <---> 5 : 3.702402114868164
4 <---> 1 : 3.542184829711914
1 <---> 4 : 3.560304641723633
1 <---> 3 : 3.5462379455566406
1 <---> 2 : 3.71551513671875
5 <---> 4 : 3.4437179565429688
5 <---> 3 : 3.6644935607910156
5 <---> 2 : 3.8139820098876953
3 <---> 5 : 4.069328308105469
3 <---> 1 : 3.638029098510742
2 <---> 5 : 3.6842823028564453
2 <---> 1 : 3.5996437072753906
discovery--->==================================== discovery ====================================
discovery---> cls: [(4, 5), (4, 1), (5, 3), (5, 2), (1, 3), (1, 2)]
discovery--->==============================
datapath         port     rx-pkts  rx-bytes rx-error tx-pkts  tx-bytes tx-error
---------------- -------- -------- -------- -------- -------- -------- --------
0000000000000001        1        6      360        0        5      300        0
0000000000000001        2        5      300        0        6      360        0
0000000000000001        3        5      300        0        6      360        0
0000000000000001        4        8      676        0        5      300        0
0000000000000001        5        8      676        0        5      300        0
0000000000000001        6        8      676        0        5      300        0
datapath         in-port  eth-dst           out-port packets  bytes
---------------- -------- ----------------- -------- -------- --------
datapath         port     rx-pkts  rx-bytes rx-error tx-pkts  tx-bytes tx-error
---------------- -------- -------- -------- -------- -------- -------- --------
0000000000000004        1        6      360        0        5      300        0
0000000000000004        2        6      360        0        5      300        0
datapath         in-port  eth-dst           out-port packets  bytes
---------------- -------- ----------------- -------- -------- --------
datapath         port     rx-pkts  rx-bytes rx-error tx-pkts  tx-bytes tx-error
---------------- -------- -------- -------- -------- -------- -------- --------
0000000000000003        1        6      360        0        5      300        0
0000000000000003        2        5      300        0        5      300        0
datapath         in-port  eth-dst           out-port packets  bytes
---------------- -------- ----------------- -------- -------- --------
datapath         port     rx-pkts  rx-bytes rx-error tx-pkts  tx-bytes tx-error
---------------- -------- -------- -------- -------- -------- -------- --------
0000000000000002        1        5      300        0        6      360        0
0000000000000002        2        5      300        0        6      360        0
datapath         in-port  eth-dst           out-port packets  bytes
---------------- -------- ----------------- -------- -------- --------
datapath         port     rx-pkts  rx-bytes rx-error tx-pkts  tx-bytes tx-error
---------------- -------- -------- -------- -------- -------- -------- --------
0000000000000005        1        6      360        0        5      300        0
0000000000000005        2        5      300        0        5      300        0
0000000000000005        3        5      300        0        6      360        0
0000000000000005        4        8      676        0        5      300        0
datapath         in-port  eth-dst           out-port packets  bytes
---------------- -------- ----------------- -------- -------- --------
==================================== link detector ====================================

----------------------------
src    dst :    delay
4 <---> 5 : 3.6001205444335938
4 <---> 1 : 3.6439895629882812
1 <---> 4 : 3.6513805389404297
1 <---> 3 : 3.630399703979492
1 <---> 2 : 3.673076629638672
5 <---> 4 : 3.602743148803711
5 <---> 3 : 3.4744739532470703
5 <---> 2 : 3.4818649291992188
3 <---> 5 : 3.6420822143554688
3 <---> 1 : 3.4856796264648438
2 <---> 5 : 3.5674571990966797
2 <---> 1 : 3.6711692810058594
==================================== link detector ====================================

----------------------------
src    dst :    delay
4 <---> 5 : 3.620624542236328
4 <---> 1 : 2.705097198486328
1 <---> 4 : 1.847982406616211
1 <---> 3 : 4.283905029296875
1 <---> 2 : 3.6072731018066406
5 <---> 4 : 4.380941390991211
5 <---> 3 : 3.8657188415527344
5 <---> 2 : 4.14729118347168
3 <---> 5 : 3.5676956176757812
3 <---> 1 : 3.957986831665039
2 <---> 5 : 4.134654998779297
2 <---> 1 : 4.490852355957031
discovery--->==================================== discovery ====================================
discovery---> cls: [(4, 5), (4, 1), (5, 3), (5, 2), (1, 3), (1, 2)]
discovery--->==============================
datapath         port     rx-pkts  rx-bytes rx-error tx-pkts  tx-bytes tx-error
---------------- -------- -------- -------- -------- -------- -------- --------
0000000000000004        1       11      660        0       11      660        0
0000000000000004        2       11      660        0       11      660        0
datapath         in-port  eth-dst           out-port packets  bytes
---------------- -------- ----------------- -------- -------- --------
datapath         port     rx-pkts  rx-bytes rx-error tx-pkts  tx-bytes tx-error
---------------- -------- -------- -------- -------- -------- -------- --------
0000000000000001        1       11      660        0       11      660        0
0000000000000001        2       10      600        0       11      660        0
0000000000000001        3       11      660        0       11      660        0
0000000000000001        4        8      676        0       11      660        0
0000000000000001        5        8      676        0       11      660        0
0000000000000001        6        8      676        0       11      660        0
datapath         in-port  eth-dst           out-port packets  bytes
---------------- -------- ----------------- -------- -------- --------
datapath         port     rx-pkts  rx-bytes rx-error tx-pkts  tx-bytes tx-error
---------------- -------- -------- -------- -------- -------- -------- --------
0000000000000005        1       11      660        0       10      600        0
0000000000000005        2       11      660        0       11      660        0
0000000000000005        3       11      660        0       11      660        0
0000000000000005        4        8      676        0       10      600        0
datapath         in-port  eth-dst           out-port packets  bytes
---------------- -------- ----------------- -------- -------- --------
datapath         port     rx-pkts  rx-bytes rx-error tx-pkts  tx-bytes tx-error
---------------- -------- -------- -------- -------- -------- -------- --------
0000000000000003        1       11      660        0       10      600        0
0000000000000003        2       11      660        0       11      660        0
datapath         in-port  eth-dst           out-port packets  bytes
---------------- -------- ----------------- -------- -------- --------
datapath         port     rx-pkts  rx-bytes rx-error tx-pkts  tx-bytes tx-error
---------------- -------- -------- -------- -------- -------- -------- --------
0000000000000002        1       11      660        0       11      660        0
0000000000000002        2       10      600        0       11      660        0
datapath         in-port  eth-dst           out-port packets  bytes
---------------- -------- ----------------- -------- -------- --------
==================================== link detector ====================================

----------------------------
src    dst :    delay
4 <---> 5 : 3.742218017578125
4 <---> 1 : 3.7467479705810547
1 <---> 4 : 3.4852027893066406
1 <---> 3 : 3.698110580444336
1 <---> 2 : 3.843069076538086
5 <---> 4 : 3.6618709564208984
5 <---> 3 : 3.777742385864258
5 <---> 2 : 3.690004348754883
3 <---> 5 : 4.170417785644531
3 <---> 1 : 3.858327865600586
2 <---> 5 : 3.7064552307128906
2 <---> 1 : 3.6237239837646484
discovery--->==================================== discovery ====================================
discovery---> cls: [(4, 5), (4, 1), (5, 3), (5, 2), (1, 3), (1, 2)]
discovery--->==============================
datapath         port     rx-pkts  rx-bytes rx-error tx-pkts  tx-bytes tx-error
---------------- -------- -------- -------- -------- -------- -------- --------
0000000000000004        1       17     1020        0       16      960        0
0000000000000004        2       17     1020        0       16      960        0
datapath         in-port  eth-dst           out-port packets  bytes
---------------- -------- ----------------- -------- -------- --------
datapath         port     rx-pkts  rx-bytes rx-error tx-pkts  tx-bytes tx-error
---------------- -------- -------- -------- -------- -------- -------- --------
0000000000000001        1       17     1020        0       16      960        0
0000000000000001        2       16      960        0       17     1020        0
0000000000000001        3       16      960        0       17     1020        0
0000000000000001        4        9      746        0       16      960        0
0000000000000001        5        9      746        0       16      960        0
0000000000000001        6        9      746        0       16      960        0
datapath         in-port  eth-dst           out-port packets  bytes
---------------- -------- ----------------- -------- -------- --------
datapath         port     rx-pkts  rx-bytes rx-error tx-pkts  tx-bytes tx-error
---------------- -------- -------- -------- -------- -------- -------- --------
0000000000000003        1       17     1020        0       16      960        0
0000000000000003        2       17     1020        0       16      960        0
datapath         in-port  eth-dst           out-port packets  bytes
---------------- -------- ----------------- -------- -------- --------
datapath         port     rx-pkts  rx-bytes rx-error tx-pkts  tx-bytes tx-error
---------------- -------- -------- -------- -------- -------- -------- --------
0000000000000005        1       17     1020        0       16      960        0
0000000000000005        2       16      960        0       17     1020        0
0000000000000005        3       16      960        0       17     1020        0
0000000000000005        4        9      746        0       16      960        0
datapath         in-port  eth-dst           out-port packets  bytes
---------------- -------- ----------------- -------- -------- --------
datapath         port     rx-pkts  rx-bytes rx-error tx-pkts  tx-bytes tx-error
---------------- -------- -------- -------- -------- -------- -------- --------
0000000000000002        1       16      960        0       17     1020        0
0000000000000002        2       16      960        0       17     1020        0
datapath         in-port  eth-dst           out-port packets  bytes
---------------- -------- ----------------- -------- -------- --------
==================================== link detector ====================================

----------------------------
src    dst :    delay
4 <---> 5 : 3.5719871520996094
4 <---> 1 : 3.547191619873047
1 <---> 4 : 3.8073062896728516
1 <---> 3 : 3.432035446166992
1 <---> 2 : 3.901243209838867
5 <---> 4 : 4.271030426025391
5 <---> 3 : 3.518819808959961
5 <---> 2 : 3.6406517028808594
3 <---> 5 : 3.567218780517578
3 <---> 1 : 3.6208629608154297
2 <---> 5 : 4.17780876159668
2 <---> 1 : 3.592252731323242
==================================== link detector ====================================

----------------------------
src    dst :    delay
4 <---> 5 : 3.537893295288086
4 <---> 1 : 3.5064220428466797
1 <---> 4 : 3.4797191619873047
1 <---> 3 : 3.4492015838623047
1 <---> 2 : 3.6611557006835938
5 <---> 4 : 3.5631656646728516
5 <---> 3 : 3.536224365234375
5 <---> 2 : 3.750324249267578
3 <---> 5 : 3.8111209869384766
3 <---> 1 : 3.5173892974853516
2 <---> 5 : 3.6046504974365234
2 <---> 1 : 3.5021305084228516
discovery--->==================================== discovery ====================================
discovery---> cls: [(4, 5), (4, 1), (5, 3), (5, 2), (1, 3), (1, 2)]
discovery--->==============================
datapath         port     rx-pkts  rx-bytes rx-error tx-pkts  tx-bytes tx-error
---------------- -------- -------- -------- -------- -------- -------- --------
0000000000000001        1       22     1320        0       22     1320        0
0000000000000001        2       22     1320        0       22     1320        0
0000000000000001        3       22     1320        0       22     1320        0
0000000000000001        4        9      746        0       22     1320        0
0000000000000001        5        9      746        0       22     1320        0
0000000000000001        6        9      746        0       22     1320        0
datapath         in-port  eth-dst           out-port packets  bytes
---------------- -------- ----------------- -------- -------- --------
datapath         port     rx-pkts  rx-bytes rx-error tx-pkts  tx-bytes tx-error
---------------- -------- -------- -------- -------- -------- -------- --------
0000000000000004        1       22     1320        0       22     1320        0
0000000000000004        2       22     1320        0       22     1320        0
datapath         in-port  eth-dst           out-port packets  bytes
---------------- -------- ----------------- -------- -------- --------
datapath         port     rx-pkts  rx-bytes rx-error tx-pkts  tx-bytes tx-error
---------------- -------- -------- -------- -------- -------- -------- --------
0000000000000005        1       22     1320        0       22     1320        0
0000000000000005        2       22     1320        0       22     1320        0
0000000000000005        3       22     1320        0       22     1320        0
0000000000000005        4        9      746        0       21     1260        0
datapath         in-port  eth-dst           out-port packets  bytes
---------------- -------- ----------------- -------- -------- --------
datapath         port     rx-pkts  rx-bytes rx-error tx-pkts  tx-bytes tx-error
---------------- -------- -------- -------- -------- -------- -------- --------
0000000000000003        1       22     1320        0       22     1320        0
0000000000000003        2       22     1320        0       22     1320        0
datapath         in-port  eth-dst           out-port packets  bytes
---------------- -------- ----------------- -------- -------- --------
datapath         port     rx-pkts  rx-bytes rx-error tx-pkts  tx-bytes tx-error
---------------- -------- -------- -------- -------- -------- -------- --------
0000000000000002        1       22     1320        0       22     1320        0
0000000000000002        2       22     1320        0       22     1320        0
datapath         in-port  eth-dst           out-port packets  bytes
---------------- -------- ----------------- -------- -------- --------
==================================== link detector ====================================

----------------------------
src    dst :    delay
4 <---> 5 : 3.736257553100586
4 <---> 1 : 3.4079551696777344
1 <---> 4 : 3.4494400024414062
1 <---> 3 : 3.982067108154297
1 <---> 2 : 3.4584999084472656
5 <---> 4 : 3.871917724609375
5 <---> 3 : 3.6919116973876953
5 <---> 2 : 3.5839080810546875
3 <---> 5 : 3.685474395751953
3 <---> 1 : 3.588438034057617
2 <---> 5 : 4.162788391113281
2 <---> 1 : 3.8039684295654297
discovery--->==================================== discovery ====================================
discovery---> cls: [(4, 5), (4, 1), (5, 3), (5, 2), (1, 3), (1, 2)]
discovery--->==============================
datapath         port     rx-pkts  rx-bytes rx-error tx-pkts  tx-bytes tx-error
---------------- -------- -------- -------- -------- -------- -------- --------
0000000000000004        1       28     1680        0       27     1620        0
0000000000000004        2       28     1680        0       28     1680        0
datapath         in-port  eth-dst           out-port packets  bytes
---------------- -------- ----------------- -------- -------- --------
datapath         port     rx-pkts  rx-bytes rx-error tx-pkts  tx-bytes tx-error
---------------- -------- -------- -------- -------- -------- -------- --------
0000000000000001        1       28     1680        0       27     1620        0
0000000000000001        2       27     1620        0       28     1680        0
0000000000000001        3       27     1620        0       28     1680        0
0000000000000001        4        9      746        0       27     1620        0
0000000000000001        5        9      746        0       27     1620        0
0000000000000001        6        9      746        0       27     1620        0
datapath         in-port  eth-dst           out-port packets  bytes
---------------- -------- ----------------- -------- -------- --------
datapath         port     rx-pkts  rx-bytes rx-error tx-pkts  tx-bytes tx-error
---------------- -------- -------- -------- -------- -------- -------- --------
0000000000000003        1       28     1680        0       27     1620        0
0000000000000003        2       28     1680        0       27     1620        0
datapath         in-port  eth-dst           out-port packets  bytes
---------------- -------- ----------------- -------- -------- --------
datapath         port     rx-pkts  rx-bytes rx-error tx-pkts  tx-bytes tx-error
---------------- -------- -------- -------- -------- -------- -------- --------
0000000000000002        1       27     1620        0       28     1680        0
0000000000000002        2       27     1620        0       28     1680        0
datapath         in-port  eth-dst           out-port packets  bytes
---------------- -------- ----------------- -------- -------- --------
datapath         port     rx-pkts  rx-bytes rx-error tx-pkts  tx-bytes tx-error
---------------- -------- -------- -------- -------- -------- -------- --------
0000000000000005        1       28     1680        0       27     1620        0
0000000000000005        2       27     1620        0       28     1680        0
0000000000000005        3       28     1680        0       28     1680        0
0000000000000005        4        9      746        0       27     1620        0
datapath         in-port  eth-dst           out-port packets  bytes
---------------- -------- ----------------- -------- -------- --------
==================================== link detector ====================================

----------------------------
src    dst :    delay
4 <---> 5 : 3.583192825317383
4 <---> 1 : 3.490924835205078
1 <---> 4 : 3.7698745727539062
1 <---> 3 : 3.864765167236328
1 <---> 2 : 3.6706924438476562
5 <---> 4 : 3.9255619049072266
5 <---> 3 : 3.8208961486816406
5 <---> 2 : 3.6725997924804688
3 <---> 5 : 4.101276397705078
3 <---> 1 : 3.7021636962890625
2 <---> 5 : 3.7496089935302734
2 <---> 1 : 3.7174224853515625
shortest=====>[PATH] [10.0.0.1 <----> 10.0.0.2]: [1]
shortest=====>[PATH] [10.0.0.1 <----> 10.0.0.3]: [1]
shortest=====>[PATH] [10.0.0.1 <----> 10.0.0.4]: [1, 3, 5]
shortest=====>[PATH] [10.0.0.2 <----> 10.0.0.3]: [1]
shortest=====>[PATH] [10.0.0.2 <----> 10.0.0.4]: [1, 3, 5]
shortest=====>[PATH] [10.0.0.3 <----> 10.0.0.4]: [1, 3, 5]
==================================== link detector ====================================

----------------------------
src    dst :    delay
4 <---> 5 : 3.458738327026367
4 <---> 1 : 6.963014602661133
1 <---> 4 : 3.568410873413086
1 <---> 3 : 3.7589073181152344
1 <---> 2 : 3.976583480834961
5 <---> 4 : 3.872394561767578
5 <---> 3 : 3.5898685455322266
5 <---> 2 : 3.720521926879883
3 <---> 5 : 3.6237239837646484
3 <---> 1 : 3.495454788208008
2 <---> 5 : 4.004955291748047
2 <---> 1 : 3.833770751953125
discovery--->==================================== discovery ====================================
discovery---> cls: [(4, 5), (4, 1), (5, 3), (5, 2), (1, 3), (1, 2)]
discovery--->==============================
datapath         port     rx-pkts  rx-bytes rx-error tx-pkts  tx-bytes tx-error
---------------- -------- -------- -------- -------- -------- -------- --------
0000000000000004        1       37     2166        0       39     2286        0
0000000000000004        2       39     2286        0       36     2106        0
datapath         in-port  eth-dst           out-port packets  bytes
---------------- -------- ----------------- -------- -------- --------
datapath         port     rx-pkts  rx-bytes rx-error tx-pkts  tx-bytes tx-error
---------------- -------- -------- -------- -------- -------- -------- --------
0000000000000001        1       39     2286        0       36     2106        0
0000000000000001        2       45     2874        0       42     2694        0
0000000000000001        3       39     2286        0       37     2166        0
0000000000000001        4       19     1530        0       54     3414        0
0000000000000001        5       19     1530        0       42     2730        0
0000000000000001        6       19     1530        0       43     2772        0
datapath         in-port  eth-dst           out-port packets  bytes
---------------- -------- ----------------- -------- -------- --------
0000000000000001        2          10.0.0.1        4        2      196
0000000000000001        2          10.0.0.2        5        2      196
0000000000000001        2          10.0.0.3        6        2      196
0000000000000001        4          10.0.0.2        5        1       98
0000000000000001        4          10.0.0.3        6        1       98
0000000000000001        4          10.0.0.4        2        1       98
0000000000000001        5          10.0.0.1        4        2      196
0000000000000001        5          10.0.0.3        6        1       98
0000000000000001        5          10.0.0.4        2        1       98
0000000000000001        6          10.0.0.1        4        2      196
0000000000000001        6          10.0.0.2        5        2      196
0000000000000001        6          10.0.0.4        2        1       98
datapath         port     rx-pkts  rx-bytes rx-error tx-pkts  tx-bytes tx-error
---------------- -------- -------- -------- -------- -------- -------- --------
0000000000000002        1       36     2106        0       39     2286        0
0000000000000002        2       36     2106        0       36     2106        0
datapath         in-port  eth-dst           out-port packets  bytes
---------------- -------- ----------------- -------- -------- --------
datapath         port     rx-pkts  rx-bytes rx-error tx-pkts  tx-bytes tx-error
---------------- -------- -------- -------- -------- -------- -------- --------
0000000000000003        1       42     2694        0       45     2874        0
0000000000000003        2       42     2694        0       42     2694        0
datapath         in-port  eth-dst           out-port packets  bytes
---------------- -------- ----------------- -------- -------- --------
0000000000000003        1          10.0.0.4        2        2      196
0000000000000003        1          10.0.0.4        2        2      196
0000000000000003        1          10.0.0.4        2        2      196
0000000000000003        2          10.0.0.1        1        2      196
0000000000000003        2          10.0.0.2        1        2      196
0000000000000003        2          10.0.0.3        1        2      196
datapath         port     rx-pkts  rx-bytes rx-error tx-pkts  tx-bytes tx-error
---------------- -------- -------- -------- -------- -------- -------- --------
0000000000000005        1       36     2106        0       36     2106        0
0000000000000005        2       42     2694        0       42     2694        0
0000000000000005        3       36     2106        0       39     2286        0
0000000000000005        4       19     1530        0       44     2814        0
datapath         in-port  eth-dst           out-port packets  bytes
---------------- -------- ----------------- -------- -------- --------
0000000000000005        2          10.0.0.4        4        2      196
0000000000000005        2          10.0.0.4        4        2      196
0000000000000005        2          10.0.0.4        4        2      196
0000000000000005        4          10.0.0.1        2        2      196
0000000000000005        4          10.0.0.2        2        2      196
0000000000000005        4          10.0.0.3        2        2      196
==================================== link detector ====================================

----------------------------
src    dst :    delay
4 <---> 5 : 4.0187835693359375
4 <---> 1 : 3.6771297454833984
1 <---> 4 : 3.665924072265625
1 <---> 3 : 3.5452842712402344
1 <---> 2 : 3.8504600524902344
5 <---> 4 : 3.6978721618652344
5 <---> 3 : 3.6110877990722656
5 <---> 2 : 3.534078598022461
3 <---> 5 : 3.4966468811035156
3 <---> 1 : 3.72314453125
2 <---> 5 : 3.736734390258789
2 <---> 1 : 3.66973876953125
discovery--->==================================== discovery ====================================
discovery---> cls: [(4, 5), (4, 1), (5, 3), (5, 2), (1, 3), (1, 2)]
discovery--->==============================
datapath         port     rx-pkts  rx-bytes rx-error tx-pkts  tx-bytes tx-error
---------------- -------- -------- -------- -------- -------- -------- --------
0000000000000001        1       45     2646        0       41     2406        0
0000000000000001        2       50     3174        0       48     3054        0
0000000000000001        3       45     2646        0       42     2466        0
0000000000000001        4       19     1530        0       59     3714        0
0000000000000001        5       20     1572        0       49     3150        0
0000000000000001        6       20     1572        0       49     3132        0
datapath         in-port  eth-dst           out-port packets  bytes
---------------- -------- ----------------- -------- -------- --------
0000000000000001        2          10.0.0.1        4        2      196
0000000000000001        2          10.0.0.2        5        2      196
0000000000000001        2          10.0.0.3        6        2      196
0000000000000001        4          10.0.0.2        5        1       98
0000000000000001        4          10.0.0.3        6        1       98
0000000000000001        4          10.0.0.4        2        1       98
0000000000000001        5          10.0.0.1        4        2      196
0000000000000001        5          10.0.0.3        6        1       98
0000000000000001        5          10.0.0.4        2        1       98
0000000000000001        6          10.0.0.1        4        2      196
0000000000000001        6          10.0.0.2        5        2      196
0000000000000001        6          10.0.0.4        2        1       98
datapath         port     rx-pkts  rx-bytes rx-error tx-pkts  tx-bytes tx-error
---------------- -------- -------- -------- -------- -------- -------- --------
0000000000000004        1       42     2466        0       45     2646        0
0000000000000004        2       45     2646        0       42     2466        0
datapath         in-port  eth-dst           out-port packets  bytes
---------------- -------- ----------------- -------- -------- --------
datapath         port     rx-pkts  rx-bytes rx-error tx-pkts  tx-bytes tx-error
---------------- -------- -------- -------- -------- -------- -------- --------
0000000000000002        1       41     2406        0       45     2646        0
0000000000000002        2       41     2406        0       42     2466        0
datapath         in-port  eth-dst           out-port packets  bytes
---------------- -------- ----------------- -------- -------- --------
datapath         port     rx-pkts  rx-bytes rx-error tx-pkts  tx-bytes tx-error
---------------- -------- -------- -------- -------- -------- -------- --------
0000000000000005        1       42     2466        0       41     2406        0
0000000000000005        2       47     2994        0       48     3054        0
0000000000000005        3       42     2466        0       45     2646        0
0000000000000005        4       20     1572        0       50     3174        0
datapath         in-port  eth-dst           out-port packets  bytes
---------------- -------- ----------------- -------- -------- --------
0000000000000005        2          10.0.0.4        4        2      196
0000000000000005        2          10.0.0.4        4        2      196
0000000000000005        2          10.0.0.4        4        2      196
0000000000000005        4          10.0.0.1        2        2      196
0000000000000005        4          10.0.0.2        2        2      196
0000000000000005        4          10.0.0.3        2        2      196
datapath         port     rx-pkts  rx-bytes rx-error tx-pkts  tx-bytes tx-error
---------------- -------- -------- -------- -------- -------- -------- --------
0000000000000003        1       48     3054        0       50     3174        0
0000000000000003        2       48     3054        0       47     2994        0
datapath         in-port  eth-dst           out-port packets  bytes
---------------- -------- ----------------- -------- -------- --------
0000000000000003        1          10.0.0.4        2        2      196
0000000000000003        1          10.0.0.4        2        2      196
0000000000000003        1          10.0.0.4        2        2      196
0000000000000003        2          10.0.0.1        1        2      196
0000000000000003        2          10.0.0.2        1        2      196
0000000000000003        2          10.0.0.3        1        2      196
==================================== link detector ====================================

----------------------------
src    dst :    delay
4 <---> 5 : 3.6470890045166016
4 <---> 1 : 3.9663314819335938
1 <---> 4 : 3.5834312438964844
1 <---> 3 : 3.6640167236328125
1 <---> 2 : 3.9141178131103516
5 <---> 4 : 3.6728382110595703
5 <---> 3 : 3.597736358642578
5 <---> 2 : 3.589153289794922
3 <---> 5 : 4.151105880737305
3 <---> 1 : 4.047632217407227
2 <---> 5 : 3.704071044921875
2 <---> 1 : 3.599882125854492
==================================== link detector ====================================

----------------------------
src    dst :    delay
4 <---> 5 : 3.676176071166992
4 <---> 1 : 3.597259521484375
1 <---> 4 : 3.5190582275390625
1 <---> 3 : 3.7267208099365234
1 <---> 2 : 3.5593509674072266
5 <---> 4 : 3.517627716064453
5 <---> 3 : 3.5898685455322266
5 <---> 2 : 3.7043094635009766
3 <---> 5 : 3.6592483520507812
3 <---> 1 : 3.6313533782958984
2 <---> 5 : 3.798961639404297
2 <---> 1 : 3.977060317993164
discovery--->==================================== discovery ====================================
discovery---> cls: [(4, 5), (4, 1), (5, 3), (5, 2), (1, 3), (1, 2)]
discovery--->==============================
datapath         port     rx-pkts  rx-bytes rx-error tx-pkts  tx-bytes tx-error
---------------- -------- -------- -------- -------- -------- -------- --------
0000000000000001        1       50     2946        0       47     2766        0
0000000000000001        2       56     3534        0       53     3354        0
0000000000000001        3       50     2946        0       48     2826        0
0000000000000001        4       19     1530        0       65     4074        0
0000000000000001        5       20     1572        0       54     3450        0
0000000000000001        6       20     1572        0       55     3492        0
datapath         in-port  eth-dst           out-port packets  bytes
---------------- -------- ----------------- -------- -------- --------
0000000000000001        2          10.0.0.1        4        2      196
0000000000000001        2          10.0.0.2        5        2      196
0000000000000001        2          10.0.0.3        6        2      196
0000000000000001        4          10.0.0.2        5        1       98
0000000000000001        4          10.0.0.3        6        1       98
0000000000000001        4          10.0.0.4        2        1       98
0000000000000001        5          10.0.0.1        4        2      196
0000000000000001        5          10.0.0.3        6        1       98
0000000000000001        5          10.0.0.4        2        1       98
0000000000000001        6          10.0.0.1        4        2      196
0000000000000001        6          10.0.0.2        5        2      196
0000000000000001        6          10.0.0.4        2        1       98
datapath         port     rx-pkts  rx-bytes rx-error tx-pkts  tx-bytes tx-error
---------------- -------- -------- -------- -------- -------- -------- --------
0000000000000004        1       48     2826        0       50     2946        0
0000000000000004        2       51     3006        0       47     2766        0
datapath         in-port  eth-dst           out-port packets  bytes
---------------- -------- ----------------- -------- -------- --------
datapath         port     rx-pkts  rx-bytes rx-error tx-pkts  tx-bytes tx-error
---------------- -------- -------- -------- -------- -------- -------- --------
0000000000000002        1       47     2766        0       50     2946        0
0000000000000002        2       47     2766        0       47     2766        0
datapath         in-port  eth-dst           out-port packets  bytes
---------------- -------- ----------------- -------- -------- --------
datapath         port     rx-pkts  rx-bytes rx-error tx-pkts  tx-bytes tx-error
---------------- -------- -------- -------- -------- -------- -------- --------
0000000000000005        1       47     2766        0       47     2766        0
0000000000000005        2       53     3354        0       53     3354        0
0000000000000005        3       47     2766        0       51     3006        0
0000000000000005        4       20     1572        0       56     3534        0
datapath         in-port  eth-dst           out-port packets  bytes
---------------- -------- ----------------- -------- -------- --------
0000000000000005        2          10.0.0.4        4        2      196
0000000000000005        2          10.0.0.4        4        2      196
0000000000000005        2          10.0.0.4        4        2      196
0000000000000005        4          10.0.0.1        2        2      196
0000000000000005        4          10.0.0.2        2        2      196
0000000000000005        4          10.0.0.3        2        2      196
datapath         port     rx-pkts  rx-bytes rx-error tx-pkts  tx-bytes tx-error
---------------- -------- -------- -------- -------- -------- -------- --------
0000000000000003        1       53     3354        0       56     3534        0
0000000000000003        2       53     3354        0       53     3354        0
datapath         in-port  eth-dst           out-port packets  bytes
---------------- -------- ----------------- -------- -------- --------
0000000000000003        1          10.0.0.4        2        2      196
0000000000000003        1          10.0.0.4        2        2      196
0000000000000003        1          10.0.0.4        2        2      196
0000000000000003        2          10.0.0.1        1        2      196
0000000000000003        2          10.0.0.2        1        2      196
0000000000000003        2          10.0.0.3        1        2      196
==================================== link detector ====================================

----------------------------
src    dst :    delay
4 <---> 5 : 1.8358230590820312
4 <---> 1 : 3.4949779510498047
1 <---> 4 : 2.377748489379883
1 <---> 3 : 3.509521484375
1 <---> 2 : 3.513813018798828
5 <---> 4 : 3.5505294799804688
5 <---> 3 : 3.713846206665039
5 <---> 2 : 4.553556442260742
3 <---> 5 : 4.141807556152344
3 <---> 1 : 4.041194915771484
2 <---> 5 : 3.618955612182617
2 <---> 1 : 3.5686492919921875
discovery--->==================================== discovery ====================================
discovery---> cls: [(4, 5), (4, 1), (5, 3), (5, 2), (1, 3), (1, 2)]
discovery--->==============================
datapath         port     rx-pkts  rx-bytes rx-error tx-pkts  tx-bytes tx-error
---------------- -------- -------- -------- -------- -------- -------- --------
0000000000000001        1       56     3306        0       53     3126        0
0000000000000001        2       61     3834        0       59     3714        0
0000000000000001        3       56     3306        0       53     3126        0
0000000000000001        4       19     1530        0       70     4374        0
0000000000000001        5       20     1572        0       60     3810        0
0000000000000001        6       20     1572        0       61     3852        0
datapath         in-port  eth-dst           out-port packets  bytes
---------------- -------- ----------------- -------- -------- --------
0000000000000001        2          10.0.0.1        4        2      196
0000000000000001        2          10.0.0.2        5        2      196
0000000000000001        2          10.0.0.3        6        2      196
0000000000000001        4          10.0.0.2        5        1       98
0000000000000001        4          10.0.0.3        6        1       98
0000000000000001        4          10.0.0.4        2        1       98
0000000000000001        5          10.0.0.1        4        2      196
0000000000000001        5          10.0.0.3        6        1       98
0000000000000001        5          10.0.0.4        2        1       98
0000000000000001        6          10.0.0.1        4        2      196
0000000000000001        6          10.0.0.2        5        2      196
0000000000000001        6          10.0.0.4        2        1       98
datapath         port     rx-pkts  rx-bytes rx-error tx-pkts  tx-bytes tx-error
---------------- -------- -------- -------- -------- -------- -------- --------
0000000000000004        1       53     3126        0       56     3306        0
0000000000000004        2       56     3306        0       53     3126        0
datapath         in-port  eth-dst           out-port packets  bytes
---------------- -------- ----------------- -------- -------- --------
datapath         port     rx-pkts  rx-bytes rx-error tx-pkts  tx-bytes tx-error
---------------- -------- -------- -------- -------- -------- -------- --------
0000000000000002        1       53     3126        0       56     3306        0
0000000000000002        2       52     3066        0       53     3126        0
datapath         in-port  eth-dst           out-port packets  bytes
---------------- -------- ----------------- -------- -------- --------
datapath         port     rx-pkts  rx-bytes rx-error tx-pkts  tx-bytes tx-error
---------------- -------- -------- -------- -------- -------- -------- --------
0000000000000005        1       53     3126        0       52     3066        0
0000000000000005        2       58     3654        0       59     3714        0
0000000000000005        3       53     3126        0       56     3306        0
0000000000000005        4       20     1572        0       61     3834        0
datapath         in-port  eth-dst           out-port packets  bytes
---------------- -------- ----------------- -------- -------- --------
0000000000000005        2          10.0.0.4        4        2      196
0000000000000005        2          10.0.0.4        4        2      196
0000000000000005        2          10.0.0.4        4        2      196
0000000000000005        4          10.0.0.1        2        2      196
0000000000000005        4          10.0.0.2        2        2      196
0000000000000005        4          10.0.0.3        2        2      196
datapath         port     rx-pkts  rx-bytes rx-error tx-pkts  tx-bytes tx-error
---------------- -------- -------- -------- -------- -------- -------- --------
0000000000000003        1       59     3714        0       61     3834        0
0000000000000003        2       59     3714        0       58     3654        0
datapath         in-port  eth-dst           out-port packets  bytes
---------------- -------- ----------------- -------- -------- --------
0000000000000003        1          10.0.0.4        2        2      196
0000000000000003        1          10.0.0.4        2        2      196
0000000000000003        1          10.0.0.4        2        2      196
0000000000000003        2          10.0.0.1        1        2      196
0000000000000003        2          10.0.0.2        1        2      196
0000000000000003        2          10.0.0.3        1        2      196
==================================== link detector ====================================

----------------------------
src    dst :    delay
4 <---> 5 : 3.521442413330078
4 <---> 1 : 3.9222240447998047
1 <---> 4 : 3.6115646362304688
1 <---> 3 : 4.015207290649414
1 <---> 2 : 3.6199092864990234
5 <---> 4 : 3.6873817443847656
5 <---> 3 : 3.8726329803466797
5 <---> 2 : 3.6351680755615234
3 <---> 5 : 4.421234130859375
3 <---> 1 : 3.6115646362304688
2 <---> 5 : 3.905057907104492
2 <---> 1 : 3.822803497314453
==================================== link detector ====================================

----------------------------
src    dst :    delay
4 <---> 5 : 3.60107421875
4 <---> 1 : 3.503561019897461
1 <---> 4 : 3.620147705078125
1 <---> 3 : 3.5409927368164062
1 <---> 2 : 3.630399703979492
5 <---> 4 : 3.5927295684814453
5 <---> 3 : 3.526926040649414
5 <---> 2 : 3.8442611694335938
3 <---> 5 : 3.962993621826172
3 <---> 1 : 3.6699771881103516
2 <---> 5 : 3.6644935607910156
2 <---> 1 : 3.5910606384277344
datapath         port     rx-pkts  rx-bytes rx-error tx-pkts  tx-bytes tx-error
---------------- -------- -------- -------- -------- -------- -------- --------
0000000000000001        1       62     3666        0       58     3426        0
0000000000000001        2       67     4194        0       64     4014        0
0000000000000001        3       61     3606        0       59     3486        0
0000000000000001        4       19     1530        0       76     4734        0
0000000000000001        5       20     1572        0       65     4110        0
0000000000000001        6       20     1572        0       66     4152        0
datapath         in-port  eth-dst           out-port packets  bytes
---------------- -------- ----------------- -------- -------- --------
0000000000000001        2          10.0.0.1        4        2      196
0000000000000001        2          10.0.0.2        5        2      196
0000000000000001        2          10.0.0.3        6        2      196
0000000000000001        4          10.0.0.2        5        1       98
0000000000000001        4          10.0.0.3        6        1       98
0000000000000001        4          10.0.0.4        2        1       98
0000000000000001        5          10.0.0.1        4        2      196
0000000000000001        5          10.0.0.3        6        1       98
0000000000000001        5          10.0.0.4        2        1       98
0000000000000001        6          10.0.0.1        4        2      196
0000000000000001        6          10.0.0.2        5        2      196
0000000000000001        6          10.0.0.4        2        1       98
datapath         port     rx-pkts  rx-bytes rx-error tx-pkts  tx-bytes tx-error
---------------- -------- -------- -------- -------- -------- -------- --------
0000000000000004        1       59     3486        0       61     3606        0
0000000000000004        2       62     3666        0       58     3426        0
datapath         in-port  eth-dst           out-port packets  bytes
---------------- -------- ----------------- -------- -------- --------
discovery--->==================================== discovery ====================================
discovery---> cls: [(4, 5), (4, 1), (5, 3), (5, 2), (1, 3), (1, 2)]
discovery--->==============================
datapath         port     rx-pkts  rx-bytes rx-error tx-pkts  tx-bytes tx-error
---------------- -------- -------- -------- -------- -------- -------- --------
0000000000000003        1       64     4014        0       67     4194        0
0000000000000003        2       64     4014        0       64     4014        0
datapath         in-port  eth-dst           out-port packets  bytes
---------------- -------- ----------------- -------- -------- --------
0000000000000003        1          10.0.0.4        2        2      196
0000000000000003        1          10.0.0.4        2        2      196
0000000000000003        1          10.0.0.4        2        2      196
0000000000000003        2          10.0.0.1        1        2      196
0000000000000003        2          10.0.0.2        1        2      196
0000000000000003        2          10.0.0.3        1        2      196
datapath         port     rx-pkts  rx-bytes rx-error tx-pkts  tx-bytes tx-error
---------------- -------- -------- -------- -------- -------- -------- --------
0000000000000005        1       59     3486        0       58     3426        0
0000000000000005        2       64     4014        0       64     4014        0
0000000000000005        3       58     3426        0       62     3666        0
0000000000000005        4       20     1572        0       67     4194        0
datapath         in-port  eth-dst           out-port packets  bytes
---------------- -------- ----------------- -------- -------- --------
0000000000000005        2          10.0.0.4        4        2      196
0000000000000005        2          10.0.0.4        4        2      196
0000000000000005        2          10.0.0.4        4        2      196
0000000000000005        4          10.0.0.1        2        2      196
0000000000000005        4          10.0.0.2        2        2      196
0000000000000005        4          10.0.0.3        2        2      196
datapath         port     rx-pkts  rx-bytes rx-error tx-pkts  tx-bytes tx-error
---------------- -------- -------- -------- -------- -------- -------- --------
0000000000000002        1       58     3426        0       62     3666        0
0000000000000002        2       58     3426        0       59     3486        0
datapath         in-port  eth-dst           out-port packets  bytes
---------------- -------- ----------------- -------- -------- --------
==================================== link detector ====================================

----------------------------
src    dst :    delay
4 <---> 5 : 3.504514694213867
4 <---> 1 : 3.633737564086914
1 <---> 4 : 3.7233829498291016
1 <---> 3 : 3.80706787109375
1 <---> 2 : 2.8045177459716797
5 <---> 4 : 3.6096572875976562
5 <---> 3 : 3.776073455810547
5 <---> 2 : 3.961801528930664
3 <---> 5 : 3.7033557891845703
3 <---> 1 : 3.8537979125976562
2 <---> 5 : 3.6911964416503906
2 <---> 1 : 4.08482551574707
datapath         port     rx-pkts  rx-bytes rx-error tx-pkts  tx-bytes tx-error
---------------- -------- -------- -------- -------- -------- -------- --------
0000000000000004        1       64     3786        0       67     3966        0
0000000000000004        2       67     3966        0       64     3786        0
datapath         in-port  eth-dst           out-port packets  bytes
---------------- -------- ----------------- -------- -------- --------
datapath         port     rx-pkts  rx-bytes rx-error tx-pkts  tx-bytes tx-error
---------------- -------- -------- -------- -------- -------- -------- --------
0000000000000001        1       67     3966        0       64     3786        0
0000000000000001        2       72     4494        0       70     4374        0
0000000000000001        3       67     3966        0       64     3786        0
0000000000000001        4       19     1530        0       82     5094        0
0000000000000001        5       20     1572        0       71     4470        0
0000000000000001        6       20     1572        0       72     4512        0
datapath         in-port  eth-dst           out-port packets  bytes
---------------- -------- ----------------- -------- -------- --------
0000000000000001        2          10.0.0.1        4        2      196
0000000000000001        2          10.0.0.2        5        2      196
0000000000000001        2          10.0.0.3        6        2      196
0000000000000001        4          10.0.0.2        5        1       98
0000000000000001        4          10.0.0.3        6        1       98
0000000000000001        4          10.0.0.4        2        1       98
0000000000000001        5          10.0.0.1        4        2      196
0000000000000001        5          10.0.0.3        6        1       98
0000000000000001        5          10.0.0.4        2        1       98
0000000000000001        6          10.0.0.1        4        2      196
0000000000000001        6          10.0.0.2        5        2      196
0000000000000001        6          10.0.0.4        2        1       98
datapath         port     rx-pkts  rx-bytes rx-error tx-pkts  tx-bytes tx-error
---------------- -------- -------- -------- -------- -------- -------- --------
0000000000000002        1       64     3786        0       67     3966        0
0000000000000002        2       63     3726        0       64     3786        0
datapath         in-port  eth-dst           out-port packets  bytes
---------------- -------- ----------------- -------- -------- --------
datapath         port     rx-pkts  rx-bytes rx-error tx-pkts  tx-bytes tx-error
---------------- -------- -------- -------- -------- -------- -------- --------
0000000000000005        1       64     3786        0       63     3726        0
0000000000000005        2       69     4314        0       70     4374        0
0000000000000005        3       64     3786        0       67     3966        0
0000000000000005        4       20     1572        0       72     4494        0
datapath         in-port  eth-dst           out-port packets  bytes
---------------- -------- ----------------- -------- -------- --------
0000000000000005        2          10.0.0.4        4        2      196
0000000000000005        2          10.0.0.4        4        2      196
0000000000000005        2          10.0.0.4        4        2      196
0000000000000005        4          10.0.0.1        2        2      196
0000000000000005        4          10.0.0.2        2        2      196
0000000000000005        4          10.0.0.3        2        2      196
datapath         port     rx-pkts  rx-bytes rx-error tx-pkts  tx-bytes tx-error
---------------- -------- -------- -------- -------- -------- -------- --------
0000000000000003        1       70     4374        0       72     4494        0
0000000000000003        2       70     4374        0       69     4314        0
datapath         in-port  eth-dst           out-port packets  bytes
---------------- -------- ----------------- -------- -------- --------
0000000000000003        1          10.0.0.4        2        2      196
0000000000000003        1          10.0.0.4        2        2      196
0000000000000003        1          10.0.0.4        2        2      196
0000000000000003        2          10.0.0.1        1        2      196
0000000000000003        2          10.0.0.2        1        2      196
0000000000000003        2          10.0.0.3        1        2      196
discovery--->==================================== discovery ====================================
discovery---> cls: [(4, 5), (4, 1), (5, 3), (5, 2), (1, 3), (1, 2)]
discovery--->==============================
==================================== link detector ====================================

----------------------------
src    dst :    delay
4 <---> 5 : 3.489255905151367
4 <---> 1 : 3.503561019897461
1 <---> 4 : 3.992319107055664
1 <---> 3 : 3.582477569580078
1 <---> 2 : 3.6516189575195312
5 <---> 4 : 3.8557052612304688
5 <---> 3 : 3.676891326904297
5 <---> 2 : 3.9017200469970703
3 <---> 5 : 3.2854080200195312
3 <---> 1 : 3.966093063354492
2 <---> 5 : 3.775358200073242
2 <---> 1 : 3.603696823120117
==================================== link detector ====================================

----------------------------
src    dst :    delay
4 <---> 5 : 3.679037094116211
4 <---> 1 : 3.589630126953125
1 <---> 4 : 3.9207935333251953
1 <---> 3 : 2.335071563720703
1 <---> 2 : 3.7212371826171875
5 <---> 4 : 3.5479068756103516
5 <---> 3 : 4.226446151733398
5 <---> 2 : 3.6025047302246094
3 <---> 5 : 3.612518310546875
3 <---> 1 : 3.5674571990966797
2 <---> 5 : 3.7293434143066406
2 <---> 1 : 4.394769668579102
datapath         port     rx-pkts  rx-bytes rx-error tx-pkts  tx-bytes tx-error
---------------- -------- -------- -------- -------- -------- -------- --------
0000000000000004        1       70     4146        0       72     4266        0
0000000000000004        2       73     4326        0       69     4086        0
datapath         in-port  eth-dst           out-port packets  bytes
---------------- -------- ----------------- -------- -------- --------
datapath         port     rx-pkts  rx-bytes rx-error tx-pkts  tx-bytes tx-error
---------------- -------- -------- -------- -------- -------- -------- --------
0000000000000001        1       73     4326        0       69     4086        0
0000000000000001        2       78     4854        0       76     4734        0
0000000000000001        3       72     4266        0       70     4146        0
0000000000000001        4       19     1530        0       87     5394        0
0000000000000001        5       20     1572        0       76     4770        0
0000000000000001        6       21     1642        0       77     4812        0
datapath         in-port  eth-dst           out-port packets  bytes
---------------- -------- ----------------- -------- -------- --------
0000000000000001        2          10.0.0.1        4        2      196
0000000000000001        2          10.0.0.2        5        2      196
0000000000000001        2          10.0.0.3        6        2      196
0000000000000001        4          10.0.0.2        5        1       98
0000000000000001        4          10.0.0.3        6        1       98
0000000000000001        4          10.0.0.4        2        1       98
0000000000000001        5          10.0.0.1        4        2      196
0000000000000001        5          10.0.0.3        6        1       98
0000000000000001        5          10.0.0.4        2        1       98
0000000000000001        6          10.0.0.1        4        2      196
0000000000000001        6          10.0.0.2        5        2      196
0000000000000001        6          10.0.0.4        2        1       98
discovery--->==================================== discovery ====================================
discovery---> cls: [(4, 5), (4, 1), (5, 3), (5, 2), (1, 3), (1, 2)]
discovery--->==============================
datapath         port     rx-pkts  rx-bytes rx-error tx-pkts  tx-bytes tx-error
---------------- -------- -------- -------- -------- -------- -------- --------
0000000000000003        1       76     4734        0       78     4854        0
0000000000000003        2       76     4734        0       75     4674        0
datapath         in-port  eth-dst           out-port packets  bytes
---------------- -------- ----------------- -------- -------- --------
0000000000000003        1          10.0.0.4        2        2      196
0000000000000003        1          10.0.0.4        2        2      196
0000000000000003        1          10.0.0.4        2        2      196
0000000000000003        2          10.0.0.1        1        2      196
0000000000000003        2          10.0.0.2        1        2      196
0000000000000003        2          10.0.0.3        1        2      196
datapath         port     rx-pkts  rx-bytes rx-error tx-pkts  tx-bytes tx-error
---------------- -------- -------- -------- -------- -------- -------- --------
0000000000000002        1       69     4086        0       73     4326        0
0000000000000002        2       69     4086        0       70     4146        0
datapath         in-port  eth-dst           out-port packets  bytes
---------------- -------- ----------------- -------- -------- --------
datapath         port     rx-pkts  rx-bytes rx-error tx-pkts  tx-bytes tx-error
---------------- -------- -------- -------- -------- -------- -------- --------
0000000000000005        1       70     4146        0       69     4086        0
0000000000000005        2       75     4674        0       76     4734        0
0000000000000005        3       69     4086        0       73     4326        0
0000000000000005        4       20     1572        0       78     4854        0
datapath         in-port  eth-dst           out-port packets  bytes
---------------- -------- ----------------- -------- -------- --------
0000000000000005        2          10.0.0.4        4        2      196
0000000000000005        2          10.0.0.4        4        2      196
0000000000000005        2          10.0.0.4        4        2      196
0000000000000005        4          10.0.0.1        2        2      196
0000000000000005        4          10.0.0.2        2        2      196
0000000000000005        4          10.0.0.3        2        2      196
==================================== link detector ====================================

----------------------------
src    dst :    delay
4 <---> 5 : 4.156589508056641
4 <---> 1 : 3.7686824798583984
1 <---> 4 : 4.71949577331543
1 <---> 3 : 3.6993026733398438
1 <---> 2 : 3.3767223358154297
5 <---> 4 : 3.7200450897216797
5 <---> 3 : 4.138946533203125
5 <---> 2 : 3.695249557495117
3 <---> 5 : 3.8826465606689453
3 <---> 1 : 3.5893917083740234
2 <---> 5 : 3.5495758056640625
2 <---> 1 : 3.5390853881835938
datapath         port     rx-pkts  rx-bytes rx-error tx-pkts  tx-bytes tx-error
---------------- -------- -------- -------- -------- -------- -------- --------
0000000000000001        1       78     4626        0       75     4446        0
0000000000000001        2       84     5214        0       81     5034        0
0000000000000001        3       78     4626        0       75     4446        0
0000000000000001        4       20     1600        0       93     5754        0
0000000000000001        5       20     1572        0       82     5130        0
0000000000000001        6       21     1642        0       83     5172        0
datapath         in-port  eth-dst           out-port packets  bytes
---------------- -------- ----------------- -------- -------- --------
0000000000000001        2          10.0.0.1        4        2      196
0000000000000001        2          10.0.0.2        5        2      196
0000000000000001        2          10.0.0.3        6        2      196
0000000000000001        4          10.0.0.2        5        1       98
0000000000000001        4          10.0.0.3        6        1       98
0000000000000001        4          10.0.0.4        2        1       98
0000000000000001        5          10.0.0.1        4        2      196
0000000000000001        5          10.0.0.3        6        1       98
0000000000000001        5          10.0.0.4        2        1       98
0000000000000001        6          10.0.0.1        4        2      196
0000000000000001        6          10.0.0.2        5        2      196
0000000000000001        6          10.0.0.4        2        1       98
datapath         port     rx-pkts  rx-bytes rx-error tx-pkts  tx-bytes tx-error
---------------- -------- -------- -------- -------- -------- -------- --------
0000000000000004        1       75     4446        0       78     4626        0
0000000000000004        2       78     4626        0       75     4446        0
datapath         in-port  eth-dst           out-port packets  bytes
---------------- -------- ----------------- -------- -------- --------
datapath         port     rx-pkts  rx-bytes rx-error tx-pkts  tx-bytes tx-error
---------------- -------- -------- -------- -------- -------- -------- --------
0000000000000005        1       75     4446        0       74     4386        0
0000000000000005        2       81     5034        0       81     5034        0
0000000000000005        3       75     4446        0       78     4626        0
0000000000000005        4       21     1642        0       83     5154        0
datapath         in-port  eth-dst           out-port packets  bytes
---------------- -------- ----------------- -------- -------- --------
0000000000000005        2          10.0.0.4        4        2      196
0000000000000005        2          10.0.0.4        4        2      196
0000000000000005        2          10.0.0.4        4        2      196
0000000000000005        4          10.0.0.1        2        2      196
0000000000000005        4          10.0.0.2        2        2      196
0000000000000005        4          10.0.0.3        2        2      196
datapath         port     rx-pkts  rx-bytes rx-error tx-pkts  tx-bytes tx-error
---------------- -------- -------- -------- -------- -------- -------- --------
0000000000000003        1       81     5034        0       84     5214        0
0000000000000003        2       81     5034        0       81     5034        0
datapath         in-port  eth-dst           out-port packets  bytes
---------------- -------- ----------------- -------- -------- --------
0000000000000003        1          10.0.0.4        2        2      196
0000000000000003        1          10.0.0.4        2        2      196
0000000000000003        1          10.0.0.4        2        2      196
0000000000000003        2          10.0.0.1        1        2      196
0000000000000003        2          10.0.0.2        1        2      196
0000000000000003        2          10.0.0.3        1        2      196
datapath         port     rx-pkts  rx-bytes rx-error tx-pkts  tx-bytes tx-error
---------------- -------- -------- -------- -------- -------- -------- --------
0000000000000002        1       75     4446        0       78     4626        0
0000000000000002        2       74     4386        0       75     4446        0
datapath         in-port  eth-dst           out-port packets  bytes
---------------- -------- ----------------- -------- -------- --------
discovery--->==================================== discovery ====================================
discovery---> cls: [(4, 5), (4, 1), (5, 3), (5, 2), (1, 3), (1, 2)]
discovery--->==============================
==================================== link detector ====================================

----------------------------
src    dst :    delay
4 <---> 5 : 3.6575794219970703
4 <---> 1 : 3.5076141357421875
1 <---> 4 : 3.9360523223876953
1 <---> 3 : 3.6270618438720703
1 <---> 2 : 1.9183158874511719
5 <---> 4 : 3.6058425903320312
5 <---> 3 : 3.6773681640625
5 <---> 2 : 4.13060188293457
3 <---> 5 : 3.6711692810058594
3 <---> 1 : 3.701448440551758
2 <---> 5 : 3.688812255859375
2 <---> 1 : 3.6344528198242188
==================================== link detector ====================================

----------------------------
src    dst :    delay
4 <---> 5 : 3.673076629638672
4 <---> 1 : 3.4570693969726562
1 <---> 4 : 3.7660598754882812
1 <---> 3 : 4.114627838134766
1 <---> 2 : 3.6165714263916016
5 <---> 4 : 3.7059783935546875
5 <---> 3 : 3.730297088623047
5 <---> 2 : 3.8886070251464844
3 <---> 5 : 4.059314727783203
3 <---> 1 : 3.497600555419922
2 <---> 5 : 3.596782684326172
2 <---> 1 : 3.6139488220214844
datapath         port     rx-pkts  rx-bytes rx-error tx-pkts  tx-bytes tx-error
---------------- -------- -------- -------- -------- -------- -------- --------
0000000000000004        1       81     4806        0       83     4926        0
0000000000000004        2       84     4986        0       80     4746        0
datapath         in-port  eth-dst           out-port packets  bytes
---------------- -------- ----------------- -------- -------- --------
datapath         port     rx-pkts  rx-bytes rx-error tx-pkts  tx-bytes tx-error
---------------- -------- -------- -------- -------- -------- -------- --------
0000000000000001        1       84     4986        0       80     4746        0
0000000000000001        2       89     5514        0       87     5394        0
0000000000000001        3       83     4926        0       81     4806        0
0000000000000001        4       20     1600        0       98     6054        0
0000000000000001        5       21     1642        0       87     5430        0
0000000000000001        6       21     1642        0       88     5472        0
datapath         in-port  eth-dst           out-port packets  bytes
---------------- -------- ----------------- -------- -------- --------
0000000000000001        2          10.0.0.1        4        2      196
0000000000000001        2          10.0.0.2        5        2      196
0000000000000001        2          10.0.0.3        6        2      196
0000000000000001        4          10.0.0.2        5        1       98
0000000000000001        4          10.0.0.3        6        1       98
0000000000000001        4          10.0.0.4        2        1       98
0000000000000001        5          10.0.0.1        4        2      196
0000000000000001        5          10.0.0.3        6        1       98
0000000000000001        5          10.0.0.4        2        1       98
0000000000000001        6          10.0.0.1        4        2      196
0000000000000001        6          10.0.0.2        5        2      196
0000000000000001        6          10.0.0.4        2        1       98
datapath         port     rx-pkts  rx-bytes rx-error tx-pkts  tx-bytes tx-error
---------------- -------- -------- -------- -------- -------- -------- --------
0000000000000005        1       81     4806        0       80     4746        0
0000000000000005        2       86     5334        0       87     5394        0
0000000000000005        3       80     4746        0       84     4986        0
0000000000000005        4       21     1642        0       89     5514        0
datapath         in-port  eth-dst           out-port packets  bytes
---------------- -------- ----------------- -------- -------- --------
0000000000000005        2          10.0.0.4        4        2      196
0000000000000005        2          10.0.0.4        4        2      196
0000000000000005        2          10.0.0.4        4        2      196
0000000000000005        4          10.0.0.1        2        2      196
0000000000000005        4          10.0.0.2        2        2      196
0000000000000005        4          10.0.0.3        2        2      196
datapath         port     rx-pkts  rx-bytes rx-error tx-pkts  tx-bytes tx-error
---------------- -------- -------- -------- -------- -------- -------- --------
0000000000000002        1       80     4746        0       84     4986        0
0000000000000002        2       80     4746        0       81     4806        0
datapath         in-port  eth-dst           out-port packets  bytes
---------------- -------- ----------------- -------- -------- --------
datapath         port     rx-pkts  rx-bytes rx-error tx-pkts  tx-bytes tx-error
---------------- -------- -------- -------- -------- -------- -------- --------
0000000000000003        1       87     5394        0       89     5514        0
0000000000000003        2       87     5394        0       86     5334        0
datapath         in-port  eth-dst           out-port packets  bytes
---------------- -------- ----------------- -------- -------- --------
0000000000000003        1          10.0.0.4        2        2      196
0000000000000003        1          10.0.0.4        2        2      196
0000000000000003        1          10.0.0.4        2        2      196
0000000000000003        2          10.0.0.1        1        2      196
0000000000000003        2          10.0.0.2        1        2      196
0000000000000003        2          10.0.0.3        1        2      196
discovery--->==================================== discovery ====================================
discovery---> cls: [(4, 5), (4, 1), (5, 3), (5, 2), (1, 3), (1, 2)]
discovery--->==============================
==================================== link detector ====================================

----------------------------
src    dst :    delay
4 <---> 5 : 3.5142898559570312
4 <---> 1 : 3.455638885498047
1 <---> 4 : 3.6094188690185547
1 <---> 3 : 3.961801528930664
1 <---> 2 : 2.048492431640625
5 <---> 4 : 3.542184829711914
5 <---> 3 : 3.4689903259277344
5 <---> 2 : 3.7622451782226562
3 <---> 5 : 3.774404525756836
3 <---> 1 : 3.869295120239258
2 <---> 5 : 3.7016868591308594
2 <---> 1 : 3.536224365234375
==================================== link detector ====================================

----------------------------
src    dst :    delay
4 <---> 5 : 4.010915756225586
4 <---> 1 : 4.053592681884766
1 <---> 4 : 3.6859512329101562
1 <---> 3 : 2.2132396697998047
1 <---> 2 : 2.2013187408447266
5 <---> 4 : 3.5517215728759766
5 <---> 3 : 2.3462772369384766
5 <---> 2 : 3.7717819213867188
3 <---> 5 : 2.257108688354492
3 <---> 1 : 2.1903514862060547
2 <---> 5 : 3.6268234252929688
2 <---> 1 : 3.5555362701416016
datapath         port     rx-pkts  rx-bytes rx-error tx-pkts  tx-bytes tx-error
---------------- -------- -------- -------- -------- -------- -------- --------
0000000000000004        1       86     5106        0       89     5286        0
0000000000000004        2       89     5286        0       86     5106        0
datapath         in-port  eth-dst           out-port packets  bytes
---------------- -------- ----------------- -------- -------- --------
datapath         port     rx-pkts  rx-bytes rx-error tx-pkts  tx-bytes tx-error
---------------- -------- -------- -------- -------- -------- -------- --------
0000000000000001        1       89     5286        0       86     5106        0
0000000000000001        2       95     5874        0       92     5694        0
0000000000000001        3       89     5286        0       86     5106        0
0000000000000001        4       20     1600        0      104     6414        0
0000000000000001        5       21     1642        0       93     5790        0
0000000000000001        6       21     1642        0       94     5832        0
datapath         in-port  eth-dst           out-port packets  bytes
---------------- -------- ----------------- -------- -------- --------
0000000000000001        2          10.0.0.1        4        2      196
0000000000000001        2          10.0.0.2        5        2      196
0000000000000001        2          10.0.0.3        6        2      196
0000000000000001        4          10.0.0.2        5        1       98
0000000000000001        4          10.0.0.3        6        1       98
0000000000000001        4          10.0.0.4        2        1       98
0000000000000001        5          10.0.0.1        4        2      196
0000000000000001        5          10.0.0.3        6        1       98
0000000000000001        5          10.0.0.4        2        1       98
0000000000000001        6          10.0.0.1        4        2      196
0000000000000001        6          10.0.0.2        5        2      196
0000000000000001        6          10.0.0.4        2        1       98
datapath         port     rx-pkts  rx-bytes rx-error tx-pkts  tx-bytes tx-error
---------------- -------- -------- -------- -------- -------- -------- --------
0000000000000003        1       92     5694        0       95     5874        0
0000000000000003        2       92     5694        0       92     5694        0
datapath         in-port  eth-dst           out-port packets  bytes
---------------- -------- ----------------- -------- -------- --------
0000000000000003        1          10.0.0.4        2        2      196
0000000000000003        1          10.0.0.4        2        2      196
0000000000000003        1          10.0.0.4        2        2      196
0000000000000003        2          10.0.0.1        1        2      196
0000000000000003        2          10.0.0.2        1        2      196
0000000000000003        2          10.0.0.3        1        2      196
datapath         port     rx-pkts  rx-bytes rx-error tx-pkts  tx-bytes tx-error
---------------- -------- -------- -------- -------- -------- -------- --------
0000000000000002        1       86     5106        0       89     5286        0
0000000000000002        2       86     5106        0       86     5106        0
datapath         in-port  eth-dst           out-port packets  bytes
---------------- -------- ----------------- -------- -------- --------
datapath         port     rx-pkts  rx-bytes rx-error tx-pkts  tx-bytes tx-error
---------------- -------- -------- -------- -------- -------- -------- --------
0000000000000005        1       86     5106        0       86     5106        0
0000000000000005        2       92     5694        0       92     5694        0
0000000000000005        3       86     5106        0       89     5286        0
0000000000000005        4       21     1642        0       95     5874        0
datapath         in-port  eth-dst           out-port packets  bytes
---------------- -------- ----------------- -------- -------- --------
0000000000000005        2          10.0.0.4        4        2      196
0000000000000005        2          10.0.0.4        4        2      196
0000000000000005        2          10.0.0.4        4        2      196
0000000000000005        4          10.0.0.1        2        2      196
0000000000000005        4          10.0.0.2        2        2      196
0000000000000005        4          10.0.0.3        2        2      196
discovery--->==================================== discovery ====================================
discovery---> cls: [(4, 5), (4, 1), (5, 3), (5, 2), (1, 3), (1, 2)]
discovery--->==============================
==================================== link detector ====================================

----------------------------
src    dst :    delay
4 <---> 5 : 3.8428306579589844
4 <---> 1 : 4.050731658935547
1 <---> 4 : 4.024267196655273
1 <---> 3 : 1.9330978393554688
1 <---> 2 : 4.014015197753906
5 <---> 4 : 4.160404205322266
5 <---> 3 : 2.101898193359375
5 <---> 2 : 4.269838333129883
3 <---> 5 : 2.445697784423828
3 <---> 1 : 4.1103363037109375
2 <---> 5 : 4.39906120300293
2 <---> 1 : 3.7162303924560547
datapath         port     rx-pkts  rx-bytes rx-error tx-pkts  tx-bytes tx-error
---------------- -------- -------- -------- -------- -------- -------- --------
0000000000000001        1       95     5646        0       91     5406        0
0000000000000001        2      100     6174        0       98     6054        0
0000000000000001        3       95     5646        0       92     5466        0
0000000000000001        4       20     1600        0      109     6714        0
0000000000000001        5       21     1642        0       98     6090        0
0000000000000001        6       21     1642        0       99     6132        0
datapath         in-port  eth-dst           out-port packets  bytes
---------------- -------- ----------------- -------- -------- --------
0000000000000001        2          10.0.0.1        4        2      196
0000000000000001        2          10.0.0.2        5        2      196
0000000000000001        2          10.0.0.3        6        2      196
0000000000000001        4          10.0.0.2        5        1       98
0000000000000001        4          10.0.0.3        6        1       98
0000000000000001        4          10.0.0.4        2        1       98
0000000000000001        5          10.0.0.1        4        2      196
0000000000000001        5          10.0.0.3        6        1       98
0000000000000001        5          10.0.0.4        2        1       98
0000000000000001        6          10.0.0.1        4        2      196
0000000000000001        6          10.0.0.2        5        2      196
0000000000000001        6          10.0.0.4        2        1       98
datapath         port     rx-pkts  rx-bytes rx-error tx-pkts  tx-bytes tx-error
---------------- -------- -------- -------- -------- -------- -------- --------
0000000000000004        1       92     5466        0       95     5646        0
0000000000000004        2       95     5646        0       92     5466        0
datapath         in-port  eth-dst           out-port packets  bytes
---------------- -------- ----------------- -------- -------- --------
datapath         port     rx-pkts  rx-bytes rx-error tx-pkts  tx-bytes tx-error
---------------- -------- -------- -------- -------- -------- -------- --------
0000000000000003        1       98     6054        0      100     6174        0
0000000000000003        2       98     6054        0       97     5994        0
datapath         in-port  eth-dst           out-port packets  bytes
---------------- -------- ----------------- -------- -------- --------
0000000000000003        1          10.0.0.4        2        2      196
0000000000000003        1          10.0.0.4        2        2      196
0000000000000003        1          10.0.0.4        2        2      196
0000000000000003        2          10.0.0.1        1        2      196
0000000000000003        2          10.0.0.2        1        2      196
0000000000000003        2          10.0.0.3        1        2      196
datapath         port     rx-pkts  rx-bytes rx-error tx-pkts  tx-bytes tx-error
---------------- -------- -------- -------- -------- -------- -------- --------
0000000000000005        1       92     5466        0       91     5406        0
0000000000000005        2       97     5994        0       98     6054        0
0000000000000005        3       92     5466        0       95     5646        0
0000000000000005        4       21     1642        0      100     6174        0
datapath         in-port  eth-dst           out-port packets  bytes
---------------- -------- ----------------- -------- -------- --------
0000000000000005        2          10.0.0.4        4        2      196
0000000000000005        2          10.0.0.4        4        2      196
0000000000000005        2          10.0.0.4        4        2      196
0000000000000005        4          10.0.0.1        2        2      196
0000000000000005        4          10.0.0.2        2        2      196
0000000000000005        4          10.0.0.3        2        2      196
datapath         port     rx-pkts  rx-bytes rx-error tx-pkts  tx-bytes tx-error
---------------- -------- -------- -------- -------- -------- -------- --------
0000000000000002        1       91     5406        0       95     5646        0
0000000000000002        2       91     5406        0       92     5466        0
datapath         in-port  eth-dst           out-port packets  bytes
---------------- -------- ----------------- -------- -------- --------
discovery--->==================================== discovery ====================================
discovery---> cls: [(4, 5), (4, 1), (5, 3), (5, 2), (1, 3), (1, 2)]
discovery--->==============================
==================================== link detector ====================================

----------------------------
src    dst :    delay
4 <---> 5 : 3.8542747497558594
4 <---> 1 : 3.737926483154297
1 <---> 4 : 2.346515655517578
1 <---> 3 : 3.923177719116211
1 <---> 2 : 3.9682388305664062
5 <---> 4 : 2.412080764770508
5 <---> 3 : 2.1581649780273438
5 <---> 2 : 1.7910003662109375
3 <---> 5 : 4.090547561645508
3 <---> 1 : 2.2361278533935547
2 <---> 5 : 3.7255287170410156
2 <---> 1 : 3.687620162963867
==================================== link detector ====================================

----------------------------
src    dst :    delay
4 <---> 5 : 3.8604736328125
4 <---> 1 : 3.6690235137939453
1 <---> 4 : 4.050254821777344
1 <---> 3 : 4.0225982666015625
1 <---> 2 : 2.7611255645751953
5 <---> 4 : 4.111766815185547
5 <---> 3 : 4.184961318969727
5 <---> 2 : 3.897428512573242
3 <---> 5 : 2.2847652435302734
3 <---> 1 : 3.83758544921875
2 <---> 5 : 4.131793975830078
2 <---> 1 : 4.078388214111328
datapath         port     rx-pkts  rx-bytes rx-error tx-pkts  tx-bytes tx-error
---------------- -------- -------- -------- -------- -------- -------- --------
0000000000000004        1       98     5826        0      100     5946        0
0000000000000004        2      101     6006        0       97     5766        0
datapath         in-port  eth-dst           out-port packets  bytes
---------------- -------- ----------------- -------- -------- --------
datapath         port     rx-pkts  rx-bytes rx-error tx-pkts  tx-bytes tx-error
---------------- -------- -------- -------- -------- -------- -------- --------
0000000000000002        1       97     5766        0      100     5946        0
0000000000000002        2       97     5766        0       97     5766        0
datapath         in-port  eth-dst           out-port packets  bytes
---------------- -------- ----------------- -------- -------- --------
datapath         port     rx-pkts  rx-bytes rx-error tx-pkts  tx-bytes tx-error
---------------- -------- -------- -------- -------- -------- -------- --------
0000000000000001        1      100     5946        0       97     5766        0
0000000000000001        2      106     6534        0      103     6354        0
0000000000000001        3      100     5946        0       98     5826        0
0000000000000001        4       20     1600        0      115     7074        0
0000000000000001        5       21     1642        0      104     6450        0
0000000000000001        6       21     1642        0      105     6492        0
datapath         in-port  eth-dst           out-port packets  bytes
---------------- -------- ----------------- -------- -------- --------
0000000000000001        2          10.0.0.1        4        2      196
0000000000000001        2          10.0.0.2        5        2      196
0000000000000001        2          10.0.0.3        6        2      196
0000000000000001        4          10.0.0.2        5        1       98
0000000000000001        4          10.0.0.3        6        1       98
0000000000000001        4          10.0.0.4        2        1       98
0000000000000001        5          10.0.0.1        4        2      196
0000000000000001        5          10.0.0.3        6        1       98
0000000000000001        5          10.0.0.4        2        1       98
0000000000000001        6          10.0.0.1        4        2      196
0000000000000001        6          10.0.0.2        5        2      196
0000000000000001        6          10.0.0.4        2        1       98
datapath         port     rx-pkts  rx-bytes rx-error tx-pkts  tx-bytes tx-error
---------------- -------- -------- -------- -------- -------- -------- --------
0000000000000003        1      103     6354        0      106     6534        0
0000000000000003        2      103     6354        0      103     6354        0
datapath         in-port  eth-dst           out-port packets  bytes
---------------- -------- ----------------- -------- -------- --------
0000000000000003        1          10.0.0.4        2        2      196
0000000000000003        1          10.0.0.4        2        2      196
0000000000000003        1          10.0.0.4        2        2      196
0000000000000003        2          10.0.0.1        1        2      196
0000000000000003        2          10.0.0.2        1        2      196
0000000000000003        2          10.0.0.3        1        2      196
datapath         port     rx-pkts  rx-bytes rx-error tx-pkts  tx-bytes tx-error
---------------- -------- -------- -------- -------- -------- -------- --------
0000000000000005        1       97     5766        0       97     5766        0
0000000000000005        2      103     6354        0      103     6354        0
0000000000000005        3       97     5766        0      101     6006        0
0000000000000005        4       21     1642        0      106     6534        0
datapath         in-port  eth-dst           out-port packets  bytes
---------------- -------- ----------------- -------- -------- --------
0000000000000005        2          10.0.0.4        4        2      196
0000000000000005        2          10.0.0.4        4        2      196
0000000000000005        2          10.0.0.4        4        2      196
0000000000000005        4          10.0.0.1        2        2      196
0000000000000005        4          10.0.0.2        2        2      196
0000000000000005        4          10.0.0.3        2        2      196
discovery--->==================================== discovery ====================================
discovery---> cls: [(4, 5), (4, 1), (5, 3), (5, 2), (1, 3), (1, 2)]
discovery--->==============================
==================================== link detector ====================================

----------------------------
src    dst :    delay
4 <---> 5 : 2.6769638061523438
4 <---> 1 : 1.8949508666992188
1 <---> 4 : 3.9386749267578125
1 <---> 3 : 3.9870738983154297
1 <---> 2 : 2.031087875366211
5 <---> 4 : 3.7734508514404297
5 <---> 3 : 3.9412975311279297
5 <---> 2 : 3.9556026458740234
3 <---> 5 : 1.9376277923583984
3 <---> 1 : 4.042625427246094
2 <---> 5 : 3.883838653564453
2 <---> 1 : 3.805875778198242
datapath         port     rx-pkts  rx-bytes rx-error tx-pkts  tx-bytes tx-error
---------------- -------- -------- -------- -------- -------- -------- --------
0000000000000004        1      103     6126        0      106     6306        0
0000000000000004        2      106     6306        0      103     6126        0
datapath         in-port  eth-dst           out-port packets  bytes
---------------- -------- ----------------- -------- -------- --------
datapath         port     rx-pkts  rx-bytes rx-error tx-pkts  tx-bytes tx-error
---------------- -------- -------- -------- -------- -------- -------- --------
0000000000000001        1      106     6306        0      103     6126        0
0000000000000001        2      111     6834        0      109     6714        0
0000000000000001        3      106     6306        0      103     6126        0
0000000000000001        4       20     1600        0      120     7374        0
0000000000000001        5       21     1642        0      110     6810        0
0000000000000001        6       21     1642        0      110     6792        0
datapath         in-port  eth-dst           out-port packets  bytes
---------------- -------- ----------------- -------- -------- --------
0000000000000001        2          10.0.0.1        4        2      196
0000000000000001        2          10.0.0.2        5        2      196
0000000000000001        2          10.0.0.3        6        2      196
0000000000000001        4          10.0.0.2        5        1       98
0000000000000001        4          10.0.0.3        6        1       98
0000000000000001        4          10.0.0.4        2        1       98
0000000000000001        5          10.0.0.1        4        2      196
0000000000000001        5          10.0.0.3        6        1       98
0000000000000001        5          10.0.0.4        2        1       98
0000000000000001        6          10.0.0.1        4        2      196
0000000000000001        6          10.0.0.2        5        2      196
0000000000000001        6          10.0.0.4        2        1       98
datapath         port     rx-pkts  rx-bytes rx-error tx-pkts  tx-bytes tx-error
---------------- -------- -------- -------- -------- -------- -------- --------
0000000000000002        1      103     6126        0      106     6306        0
0000000000000002        2      102     6066        0      103     6126        0
datapath         in-port  eth-dst           out-port packets  bytes
---------------- -------- ----------------- -------- -------- --------
datapath         port     rx-pkts  rx-bytes rx-error tx-pkts  tx-bytes tx-error
---------------- -------- -------- -------- -------- -------- -------- --------
0000000000000003        1      109     6714        0      111     6834        0
0000000000000003        2      109     6714        0      108     6654        0
datapath         in-port  eth-dst           out-port packets  bytes
---------------- -------- ----------------- -------- -------- --------
0000000000000003        1          10.0.0.4        2        2      196
0000000000000003        1          10.0.0.4        2        2      196
0000000000000003        1          10.0.0.4        2        2      196
0000000000000003        2          10.0.0.1        1        2      196
0000000000000003        2          10.0.0.2        1        2      196
0000000000000003        2          10.0.0.3        1        2      196
datapath         port     rx-pkts  rx-bytes rx-error tx-pkts  tx-bytes tx-error
---------------- -------- -------- -------- -------- -------- -------- --------
0000000000000005        1      103     6126        0      102     6066        0
0000000000000005        2      108     6654        0      109     6714        0
0000000000000005        3      103     6126        0      106     6306        0
0000000000000005        4       21     1642        0      111     6834        0
datapath         in-port  eth-dst           out-port packets  bytes
---------------- -------- ----------------- -------- -------- --------
0000000000000005        2          10.0.0.4        4        2      196
0000000000000005        2          10.0.0.4        4        2      196
0000000000000005        2          10.0.0.4        4        2      196
0000000000000005        4          10.0.0.1        2        2      196
0000000000000005        4          10.0.0.2        2        2      196
0000000000000005        4          10.0.0.3        2        2      196
discovery--->==================================== discovery ====================================
discovery---> cls: [(4, 5), (4, 1), (5, 3), (5, 2), (1, 3), (1, 2)]
discovery--->==============================
==================================== link detector ====================================

----------------------------
src    dst :    delay
4 <---> 5 : 4.103660583496094
4 <---> 1 : 3.8776397705078125
1 <---> 4 : 1.9490718841552734
1 <---> 3 : 1.9752979278564453
1 <---> 2 : 2.414703369140625
5 <---> 4 : 2.3887157440185547
5 <---> 3 : 2.6607513427734375
5 <---> 2 : 2.260446548461914
3 <---> 5 : 4.211664199829102
3 <---> 1 : 3.9017200469970703
2 <---> 5 : 3.9250850677490234
2 <---> 1 : 5.096197128295898
==================================== link detector ====================================

----------------------------
src    dst :    delay
4 <---> 5 : 3.6323070526123047
4 <---> 1 : 3.656148910522461
1 <---> 4 : 2.5382041931152344
1 <---> 3 : 3.587484359741211
1 <---> 2 : 3.6966800689697266
5 <---> 4 : 3.959178924560547
5 <---> 3 : 3.796100616455078
5 <---> 2 : 4.238367080688477
3 <---> 5 : 3.7086009979248047
3 <---> 1 : 4.372596740722656
2 <---> 5 : 4.022359848022461
2 <---> 1 : 4.347562789916992
datapath         port     rx-pkts  rx-bytes rx-error tx-pkts  tx-bytes tx-error
---------------- -------- -------- -------- -------- -------- -------- --------
0000000000000001        1      111     6606        0      108     6426        0
0000000000000001        2      117     7194        0      114     7014        0
0000000000000001        3      111     6606        0      109     6486        0
0000000000000001        4       20     1600        0      126     7734        0
0000000000000001        5       21     1642        0      115     7110        0
0000000000000001        6       21     1642        0      116     7152        0
datapath         in-port  eth-dst           out-port packets  bytes
---------------- -------- ----------------- -------- -------- --------
0000000000000001        2          10.0.0.1        4        2      196
0000000000000001        2          10.0.0.2        5        2      196
0000000000000001        2          10.0.0.3        6        2      196
0000000000000001        4          10.0.0.2        5        1       98
0000000000000001        4          10.0.0.3        6        1       98
0000000000000001        4          10.0.0.4        2        1       98
0000000000000001        5          10.0.0.1        4        2      196
0000000000000001        5          10.0.0.3        6        1       98
0000000000000001        5          10.0.0.4        2        1       98
0000000000000001        6          10.0.0.1        4        2      196
0000000000000001        6          10.0.0.2        5        2      196
0000000000000001        6          10.0.0.4        2        1       98
datapath         port     rx-pkts  rx-bytes rx-error tx-pkts  tx-bytes tx-error
---------------- -------- -------- -------- -------- -------- -------- --------
0000000000000003        1      114     7014        0      117     7194        0
0000000000000003        2      114     7014        0      114     7014        0
datapath         in-port  eth-dst           out-port packets  bytes
---------------- -------- ----------------- -------- -------- --------
0000000000000003        1          10.0.0.4        2        2      196
0000000000000003        1          10.0.0.4        2        2      196
0000000000000003        1          10.0.0.4        2        2      196
0000000000000003        2          10.0.0.1        1        2      196
0000000000000003        2          10.0.0.2        1        2      196
0000000000000003        2          10.0.0.3        1        2      196
datapath         port     rx-pkts  rx-bytes rx-error tx-pkts  tx-bytes tx-error
---------------- -------- -------- -------- -------- -------- -------- --------
0000000000000004        1      109     6486        0      111     6606        0
0000000000000004        2      112     6666        0      108     6426        0
datapath         in-port  eth-dst           out-port packets  bytes
---------------- -------- ----------------- -------- -------- --------
datapath         port     rx-pkts  rx-bytes rx-error tx-pkts  tx-bytes tx-error
---------------- -------- -------- -------- -------- -------- -------- --------
0000000000000002        1      108     6426        0      111     6606        0
0000000000000002        2      108     6426        0      109     6486        0
datapath         in-port  eth-dst           out-port packets  bytes
---------------- -------- ----------------- -------- -------- --------
datapath         port     rx-pkts  rx-bytes rx-error tx-pkts  tx-bytes tx-error
---------------- -------- -------- -------- -------- -------- -------- --------
0000000000000005        1      109     6486        0      108     6426        0
0000000000000005        2      114     7014        0      114     7014        0
0000000000000005        3      108     6426        0      112     6666        0
0000000000000005        4       21     1642        0      117     7194        0
datapath         in-port  eth-dst           out-port packets  bytes
---------------- -------- ----------------- -------- -------- --------
0000000000000005        2          10.0.0.4        4        2      196
0000000000000005        2          10.0.0.4        4        2      196
0000000000000005        2          10.0.0.4        4        2      196
0000000000000005        4          10.0.0.1        2        2      196
0000000000000005        4          10.0.0.2        2        2      196
0000000000000005        4          10.0.0.3        2        2      196
discovery--->==================================== discovery ====================================
discovery---> cls: [(4, 5), (4, 1), (5, 3), (5, 2), (1, 3), (1, 2)]
discovery--->==============================
==================================== link detector ====================================

----------------------------
src    dst :    delay
4 <---> 5 : 4.424333572387695
4 <---> 1 : 4.125356674194336
1 <---> 4 : 3.9315223693847656
1 <---> 3 : 2.6366710662841797
1 <---> 2 : 1.9826889038085938
5 <---> 4 : 4.239082336425781
5 <---> 3 : 2.052783966064453
5 <---> 2 : 3.1549930572509766
3 <---> 5 : 4.683017730712891
3 <---> 1 : 4.313230514526367
2 <---> 5 : 3.905057907104492
2 <---> 1 : 3.690958023071289
datapath         port     rx-pkts  rx-bytes rx-error tx-pkts  tx-bytes tx-error
---------------- -------- -------- -------- -------- -------- -------- --------
0000000000000001        1      117     6966        0      114     6786        0
0000000000000001        2      122     7494        0      120     7374        0
0000000000000001        3      117     6966        0      114     6786        0
0000000000000001        4       20     1600        0      132     8094        0
0000000000000001        5       21     1642        0      121     7470        0
0000000000000001        6       21     1642        0      122     7512        0
datapath         in-port  eth-dst           out-port packets  bytes
---------------- -------- ----------------- -------- -------- --------
0000000000000001        2          10.0.0.1        4        2      196
0000000000000001        2          10.0.0.2        5        2      196
0000000000000001        2          10.0.0.3        6        2      196
0000000000000001        4          10.0.0.2        5        1       98
0000000000000001        4          10.0.0.3        6        1       98
0000000000000001        4          10.0.0.4        2        1       98
0000000000000001        5          10.0.0.1        4        2      196
0000000000000001        5          10.0.0.3        6        1       98
0000000000000001        5          10.0.0.4        2        1       98
0000000000000001        6          10.0.0.1        4        2      196
0000000000000001        6          10.0.0.2        5        2      196
0000000000000001        6          10.0.0.4        2        1       98
datapath         port     rx-pkts  rx-bytes rx-error tx-pkts  tx-bytes tx-error
---------------- -------- -------- -------- -------- -------- -------- --------
0000000000000004        1      114     6786        0      117     6966        0
0000000000000004        2      117     6966        0      114     6786        0
datapath         in-port  eth-dst           out-port packets  bytes
---------------- -------- ----------------- -------- -------- --------
datapath         port     rx-pkts  rx-bytes rx-error tx-pkts  tx-bytes tx-error
---------------- -------- -------- -------- -------- -------- -------- --------
0000000000000002        1      114     6786        0      117     6966        0
0000000000000002        2      113     6726        0      114     6786        0
datapath         in-port  eth-dst           out-port packets  bytes
---------------- -------- ----------------- -------- -------- --------
datapath         port     rx-pkts  rx-bytes rx-error tx-pkts  tx-bytes tx-error
---------------- -------- -------- -------- -------- -------- -------- --------
0000000000000003        1      120     7374        0      122     7494        0
0000000000000003        2      120     7374        0      119     7314        0
datapath         in-port  eth-dst           out-port packets  bytes
---------------- -------- ----------------- -------- -------- --------
0000000000000003        1          10.0.0.4        2        2      196
0000000000000003        1          10.0.0.4        2        2      196
0000000000000003        1          10.0.0.4        2        2      196
0000000000000003        2          10.0.0.1        1        2      196
0000000000000003        2          10.0.0.2        1        2      196
0000000000000003        2          10.0.0.3        1        2      196
datapath         port     rx-pkts  rx-bytes rx-error tx-pkts  tx-bytes tx-error
---------------- -------- -------- -------- -------- -------- -------- --------
0000000000000005        1      114     6786        0      113     6726        0
0000000000000005        2      119     7314        0      120     7374        0
0000000000000005        3      114     6786        0      117     6966        0
0000000000000005        4       21     1642        0      122     7494        0
datapath         in-port  eth-dst           out-port packets  bytes
---------------- -------- ----------------- -------- -------- --------
0000000000000005        2          10.0.0.4        4        2      196
0000000000000005        2          10.0.0.4        4        2      196
0000000000000005        2          10.0.0.4        4        2      196
0000000000000005        4          10.0.0.1        2        2      196
0000000000000005        4          10.0.0.2        2        2      196
0000000000000005        4          10.0.0.3        2        2      196
discovery--->==================================== discovery ====================================
discovery---> cls: [(4, 5), (4, 1), (5, 3), (5, 2), (1, 3), (1, 2)]
discovery--->==============================
==================================== link detector ====================================

----------------------------
src    dst :    delay
4 <---> 5 : 3.5724639892578125
4 <---> 1 : 3.4742355346679688
1 <---> 4 : 3.2243728637695312
1 <---> 3 : 3.652334213256836
1 <---> 2 : 3.618001937866211
5 <---> 4 : 3.5190582275390625
5 <---> 3 : 3.5910606384277344
5 <---> 2 : 3.6003589630126953
3 <---> 5 : 1.9371509552001953
3 <---> 1 : 3.9794445037841797
2 <---> 5 : 3.566741943359375
2 <---> 1 : 3.5941600799560547
==================================== link detector ====================================

----------------------------
src    dst :    delay
4 <---> 5 : 4.623174667358398
4 <---> 1 : 1.8846988677978516
1 <---> 4 : 3.7631988525390625
1 <---> 3 : 3.6258697509765625
1 <---> 2 : 4.585504531860352
5 <---> 4 : 3.590106964111328
5 <---> 3 : 4.279136657714844
5 <---> 2 : 3.8454532623291016
3 <---> 5 : 2.689361572265625
3 <---> 1 : 1.9145011901855469
2 <---> 5 : 3.8576126098632812
2 <---> 1 : 3.6721229553222656
datapath         port     rx-pkts  rx-bytes rx-error tx-pkts  tx-bytes tx-error
---------------- -------- -------- -------- -------- -------- -------- --------
0000000000000001        1      123     7326        0      119     7086        0
0000000000000001        2      128     7854        0      126     7734        0
0000000000000001        3      122     7266        0      120     7146        0
0000000000000001        4       20     1600        0      137     8394        0
0000000000000001        5       21     1642        0      126     7770        0
0000000000000001        6       21     1642        0      127     7812        0
datapath         in-port  eth-dst           out-port packets  bytes
---------------- -------- ----------------- -------- -------- --------
0000000000000001        2          10.0.0.1        4        2      196
0000000000000001        2          10.0.0.2        5        2      196
0000000000000001        2          10.0.0.3        6        2      196
0000000000000001        4          10.0.0.2        5        1       98
0000000000000001        4          10.0.0.3        6        1       98
0000000000000001        4          10.0.0.4        2        1       98
0000000000000001        5          10.0.0.1        4        2      196
0000000000000001        5          10.0.0.3        6        1       98
0000000000000001        5          10.0.0.4        2        1       98
0000000000000001        6          10.0.0.1        4        2      196
0000000000000001        6          10.0.0.2        5        2      196
0000000000000001        6          10.0.0.4        2        1       98
datapath         port     rx-pkts  rx-bytes rx-error tx-pkts  tx-bytes tx-error
---------------- -------- -------- -------- -------- -------- -------- --------
0000000000000004        1      120     7146        0      122     7266        0
0000000000000004        2      123     7326        0      119     7086        0
datapath         in-port  eth-dst           out-port packets  bytes
---------------- -------- ----------------- -------- -------- --------
datapath         port     rx-pkts  rx-bytes rx-error tx-pkts  tx-bytes tx-error
---------------- -------- -------- -------- -------- -------- -------- --------
0000000000000005        1      120     7146        0      119     7086        0
0000000000000005        2      125     7674        0      125     7674        0
0000000000000005        3      119     7086        0      123     7326        0
0000000000000005        4       21     1642        0      128     7854        0
datapath         in-port  eth-dst           out-port packets  bytes
---------------- -------- ----------------- -------- -------- --------
0000000000000005        2          10.0.0.4        4        2      196
0000000000000005        2          10.0.0.4        4        2      196
0000000000000005        2          10.0.0.4        4        2      196
0000000000000005        4          10.0.0.1        2        2      196
0000000000000005        4          10.0.0.2        2        2      196
0000000000000005        4          10.0.0.3        2        2      196
datapath         port     rx-pkts  rx-bytes rx-error tx-pkts  tx-bytes tx-error
---------------- -------- -------- -------- -------- -------- -------- --------
0000000000000002        1      119     7086        0      123     7326        0
0000000000000002        2      119     7086        0      120     7146        0
datapath         in-port  eth-dst           out-port packets  bytes
---------------- -------- ----------------- -------- -------- --------
datapath         port     rx-pkts  rx-bytes rx-error tx-pkts  tx-bytes tx-error
---------------- -------- -------- -------- -------- -------- -------- --------
0000000000000003        1      126     7734        0      128     7854        0
0000000000000003        2      125     7674        0      125     7674        0
datapath         in-port  eth-dst           out-port packets  bytes
---------------- -------- ----------------- -------- -------- --------
0000000000000003        1          10.0.0.4        2        2      196
0000000000000003        1          10.0.0.4        2        2      196
0000000000000003        1          10.0.0.4        2        2      196
0000000000000003        2          10.0.0.1        1        2      196
0000000000000003        2          10.0.0.2        1        2      196
0000000000000003        2          10.0.0.3        1        2      196
discovery--->==================================== discovery ====================================
discovery---> cls: [(4, 5), (4, 1), (5, 3), (5, 2), (1, 3), (1, 2)]
discovery--->==============================
==================================== link detector ====================================

----------------------------
src    dst :    delay
4 <---> 5 : 4.087924957275391
4 <---> 1 : 3.984212875366211
1 <---> 4 : 4.013776779174805
1 <---> 3 : 3.911256790161133
1 <---> 2 : 3.953218460083008
5 <---> 4 : 3.8039684295654297
5 <---> 3 : 4.187107086181641
5 <---> 2 : 3.9103031158447266
3 <---> 5 : 3.8747787475585938
3 <---> 1 : 3.6776065826416016
2 <---> 5 : 4.2285919189453125
2 <---> 1 : 2.4547576904296875
datapath         port     rx-pkts  rx-bytes rx-error tx-pkts  tx-bytes tx-error
---------------- -------- -------- -------- -------- -------- -------- --------
0000000000000004        1      125     7446        0      128     7626        0
0000000000000004        2      128     7626        0      125     7446        0
datapath         in-port  eth-dst           out-port packets  bytes
---------------- -------- ----------------- -------- -------- --------
datapath         port     rx-pkts  rx-bytes rx-error tx-pkts  tx-bytes tx-error
---------------- -------- -------- -------- -------- -------- -------- --------
0000000000000005        1      125     7446        0      124     7386        0
0000000000000005        2      131     8034        0      131     8034        0
0000000000000005        3      125     7446        0      128     7626        0
0000000000000005        4       21     1642        0      133     8154        0
datapath         in-port  eth-dst           out-port packets  bytes
---------------- -------- ----------------- -------- -------- --------
0000000000000005        2          10.0.0.4        4        2      196
0000000000000005        2          10.0.0.4        4        2      196
0000000000000005        2          10.0.0.4        4        2      196
0000000000000005        4          10.0.0.1        2        2      196
0000000000000005        4          10.0.0.2        2        2      196
0000000000000005        4          10.0.0.3        2        2      196
datapath         port     rx-pkts  rx-bytes rx-error tx-pkts  tx-bytes tx-error
---------------- -------- -------- -------- -------- -------- -------- --------
0000000000000002        1      125     7446        0      128     7626        0
0000000000000002        2      124     7386        0      125     7446        0
datapath         in-port  eth-dst           out-port packets  bytes
---------------- -------- ----------------- -------- -------- --------
datapath         port     rx-pkts  rx-bytes rx-error tx-pkts  tx-bytes tx-error
---------------- -------- -------- -------- -------- -------- -------- --------
0000000000000003        1      131     8034        0      133     8154        0
0000000000000003        2      131     8034        0      131     8034        0
datapath         in-port  eth-dst           out-port packets  bytes
---------------- -------- ----------------- -------- -------- --------
0000000000000003        1          10.0.0.4        2        2      196
0000000000000003        1          10.0.0.4        2        2      196
0000000000000003        1          10.0.0.4        2        2      196
0000000000000003        2          10.0.0.1        1        2      196
0000000000000003        2          10.0.0.2        1        2      196
0000000000000003        2          10.0.0.3        1        2      196
datapath         port     rx-pkts  rx-bytes rx-error tx-pkts  tx-bytes tx-error
---------------- -------- -------- -------- -------- -------- -------- --------
0000000000000001        1      128     7626        0      125     7446        0
0000000000000001        2      133     8154        0      131     8034        0
0000000000000001        3      128     7626        0      125     7446        0
0000000000000001        4       20     1600        0      143     8754        0
0000000000000001        5       21     1642        0      132     8130        0
0000000000000001        6       21     1642        0      133     8172        0
datapath         in-port  eth-dst           out-port packets  bytes
---------------- -------- ----------------- -------- -------- --------
0000000000000001        2          10.0.0.1        4        2      196
0000000000000001        2          10.0.0.2        5        2      196
0000000000000001        2          10.0.0.3        6        2      196
0000000000000001        4          10.0.0.2        5        1       98
0000000000000001        4          10.0.0.3        6        1       98
0000000000000001        4          10.0.0.4        2        1       98
0000000000000001        5          10.0.0.1        4        2      196
0000000000000001        5          10.0.0.3        6        1       98
0000000000000001        5          10.0.0.4        2        1       98
0000000000000001        6          10.0.0.1        4        2      196
0000000000000001        6          10.0.0.2        5        2      196
0000000000000001        6          10.0.0.4        2        1       98
discovery--->==================================== discovery ====================================
discovery---> cls: [(4, 5), (4, 1), (5, 3), (5, 2), (1, 3), (1, 2)]
discovery--->==============================
==================================== link detector ====================================

----------------------------
src    dst :    delay
4 <---> 5 : 3.7119388580322266
4 <---> 1 : 1.9235610961914062
1 <---> 4 : 2.137422561645508
1 <---> 3 : 4.122734069824219
1 <---> 2 : 3.8328170776367188
5 <---> 4 : 3.6017894744873047
5 <---> 3 : 3.8378238677978516
5 <---> 2 : 2.726316452026367
3 <---> 5 : 4.665851593017578
3 <---> 1 : 3.1630992889404297
2 <---> 5 : 3.6232471466064453
2 <---> 1 : 3.986358642578125
==================================== link detector ====================================

----------------------------
src    dst :    delay
4 <---> 5 : 1.9025802612304688
4 <---> 1 : 4.61125373840332
1 <---> 4 : 3.5202503204345703
1 <---> 3 : 2.3186206817626953
1 <---> 2 : 2.2161006927490234
5 <---> 4 : 4.013299942016602
5 <---> 3 : 2.080678939819336
5 <---> 2 : 4.7321319580078125
3 <---> 5 : 2.4640560150146484
3 <---> 1 : 4.167079925537109
2 <---> 5 : 4.239320755004883
2 <---> 1 : 4.287242889404297
datapath         port     rx-pkts  rx-bytes rx-error tx-pkts  tx-bytes tx-error
---------------- -------- -------- -------- -------- -------- -------- --------
0000000000000001        1      134     7986        0      130     7746        0
0000000000000001        2      139     8514        0      137     8394        0
0000000000000001        3      133     7926        0      131     7806        0
0000000000000001        4       20     1600        0      148     9054        0
0000000000000001        5       21     1642        0      137     8430        0
0000000000000001        6       21     1642        0      138     8472        0
datapath         in-port  eth-dst           out-port packets  bytes
---------------- -------- ----------------- -------- -------- --------
0000000000000001        2          10.0.0.1        4        2      196
0000000000000001        2          10.0.0.2        5        2      196
0000000000000001        2          10.0.0.3        6        2      196
0000000000000001        4          10.0.0.2        5        1       98
0000000000000001        4          10.0.0.3        6        1       98
0000000000000001        4          10.0.0.4        2        1       98
0000000000000001        5          10.0.0.1        4        2      196
0000000000000001        5          10.0.0.3        6        1       98
0000000000000001        5          10.0.0.4        2        1       98
0000000000000001        6          10.0.0.1        4        2      196
0000000000000001        6          10.0.0.2        5        2      196
0000000000000001        6          10.0.0.4        2        1       98
datapath         port     rx-pkts  rx-bytes rx-error tx-pkts  tx-bytes tx-error
---------------- -------- -------- -------- -------- -------- -------- --------
0000000000000004        1      131     7806        0      133     7926        0
0000000000000004        2      134     7986        0      130     7746        0
datapath         in-port  eth-dst           out-port packets  bytes
---------------- -------- ----------------- -------- -------- --------
datapath         port     rx-pkts  rx-bytes rx-error tx-pkts  tx-bytes tx-error
---------------- -------- -------- -------- -------- -------- -------- --------
0000000000000002        1      130     7746        0      134     7986        0
0000000000000002        2      130     7746        0      131     7806        0
datapath         in-port  eth-dst           out-port packets  bytes
---------------- -------- ----------------- -------- -------- --------
datapath         port     rx-pkts  rx-bytes rx-error tx-pkts  tx-bytes tx-error
---------------- -------- -------- -------- -------- -------- -------- --------
0000000000000005        1      131     7806        0      130     7746        0
0000000000000005        2      136     8334        0      137     8394        0
0000000000000005        3      130     7746        0      134     7986        0
0000000000000005        4       21     1642        0      139     8514        0
datapath         in-port  eth-dst           out-port packets  bytes
---------------- -------- ----------------- -------- -------- --------
0000000000000005        2          10.0.0.4        4        2      196
0000000000000005        2          10.0.0.4        4        2      196
0000000000000005        2          10.0.0.4        4        2      196
0000000000000005        4          10.0.0.1        2        2      196
0000000000000005        4          10.0.0.2        2        2      196
0000000000000005        4          10.0.0.3        2        2      196
datapath         port     rx-pkts  rx-bytes rx-error tx-pkts  tx-bytes tx-error
---------------- -------- -------- -------- -------- -------- -------- --------
0000000000000003        1      137     8394        0      139     8514        0
0000000000000003        2      137     8394        0      136     8334        0
datapath         in-port  eth-dst           out-port packets  bytes
---------------- -------- ----------------- -------- -------- --------
0000000000000003        1          10.0.0.4        2        2      196
0000000000000003        1          10.0.0.4        2        2      196
0000000000000003        1          10.0.0.4        2        2      196
0000000000000003        2          10.0.0.1        1        2      196
0000000000000003        2          10.0.0.2        1        2      196
0000000000000003        2          10.0.0.3        1        2      196
discovery--->==================================== discovery ====================================
discovery---> cls: [(4, 5), (4, 1), (5, 3), (5, 2), (1, 3), (1, 2)]
discovery--->==============================
==================================== link detector ====================================

----------------------------
src    dst :    delay
4 <---> 5 : 3.7610530853271484
4 <---> 1 : 3.6628246307373047
1 <---> 4 : 3.793954849243164
1 <---> 3 : 3.898143768310547
1 <---> 2 : 3.8132667541503906
5 <---> 4 : 4.029035568237305
5 <---> 3 : 3.8831233978271484
5 <---> 2 : 3.8361549377441406
3 <---> 5 : 3.7374496459960938
3 <---> 1 : 4.045248031616211
2 <---> 5 : 4.000425338745117
2 <---> 1 : 4.244327545166016
datapath         port     rx-pkts  rx-bytes rx-error tx-pkts  tx-bytes tx-error
---------------- -------- -------- -------- -------- -------- -------- --------
0000000000000001        1      139     8286        0      136     8106        0
0000000000000001        2      145     8874        0      142     8694        0
0000000000000001        3      139     8286        0      136     8106        0
0000000000000001        4       20     1600        0      154     9414        0
0000000000000001        5       21     1642        0      143     8790        0
0000000000000001        6       22     1712        0      144     8832        0
datapath         in-port  eth-dst           out-port packets  bytes
---------------- -------- ----------------- -------- -------- --------
0000000000000001        2          10.0.0.1        4        2      196
0000000000000001        2          10.0.0.2        5        2      196
0000000000000001        2          10.0.0.3        6        2      196
0000000000000001        4          10.0.0.2        5        1       98
0000000000000001        4          10.0.0.3        6        1       98
0000000000000001        4          10.0.0.4        2        1       98
0000000000000001        5          10.0.0.1        4        2      196
0000000000000001        5          10.0.0.3        6        1       98
0000000000000001        5          10.0.0.4        2        1       98
0000000000000001        6          10.0.0.1        4        2      196
0000000000000001        6          10.0.0.2        5        2      196
0000000000000001        6          10.0.0.4        2        1       98
datapath         port     rx-pkts  rx-bytes rx-error tx-pkts  tx-bytes tx-error
---------------- -------- -------- -------- -------- -------- -------- --------
0000000000000004        1      136     8106        0      139     8286        0
0000000000000004        2      139     8286        0      136     8106        0
datapath         in-port  eth-dst           out-port packets  bytes
---------------- -------- ----------------- -------- -------- --------
datapath         port     rx-pkts  rx-bytes rx-error tx-pkts  tx-bytes tx-error
---------------- -------- -------- -------- -------- -------- -------- --------
0000000000000005        1      136     8106        0      136     8106        0
0000000000000005        2      142     8694        0      142     8694        0
0000000000000005        3      136     8106        0      139     8286        0
0000000000000005        4       21     1642        0      144     8814        0
datapath         in-port  eth-dst           out-port packets  bytes
---------------- -------- ----------------- -------- -------- --------
0000000000000005        2          10.0.0.4        4        2      196
0000000000000005        2          10.0.0.4        4        2      196
0000000000000005        2          10.0.0.4        4        2      196
0000000000000005        4          10.0.0.1        2        2      196
0000000000000005        4          10.0.0.2        2        2      196
0000000000000005        4          10.0.0.3        2        2      196
datapath         port     rx-pkts  rx-bytes rx-error tx-pkts  tx-bytes tx-error
---------------- -------- -------- -------- -------- -------- -------- --------
0000000000000002        1      136     8106        0      139     8286        0
0000000000000002        2      136     8106        0      136     8106        0
datapath         in-port  eth-dst           out-port packets  bytes
---------------- -------- ----------------- -------- -------- --------
datapath         port     rx-pkts  rx-bytes rx-error tx-pkts  tx-bytes tx-error
---------------- -------- -------- -------- -------- -------- -------- --------
0000000000000003        1      142     8694        0      145     8874        0
0000000000000003        2      142     8694        0      142     8694        0
datapath         in-port  eth-dst           out-port packets  bytes
---------------- -------- ----------------- -------- -------- --------
0000000000000003        1          10.0.0.4        2        2      196
0000000000000003        1          10.0.0.4        2        2      196
0000000000000003        1          10.0.0.4        2        2      196
0000000000000003        2          10.0.0.1        1        2      196
0000000000000003        2          10.0.0.2        1        2      196
0000000000000003        2          10.0.0.3        1        2      196
discovery--->==================================== discovery ====================================
discovery---> cls: [(4, 5), (4, 1), (5, 3), (5, 2), (1, 3), (1, 2)]
discovery--->==============================
==================================== link detector ====================================

----------------------------
src    dst :    delay
4 <---> 5 : 4.197597503662109
4 <---> 1 : 3.9806365966796875
1 <---> 4 : 4.441499710083008
1 <---> 3 : 4.364728927612305
1 <---> 2 : 3.911733627319336
5 <---> 4 : 5.252361297607422
5 <---> 3 : 4.408121109008789
5 <---> 2 : 3.656148910522461
3 <---> 5 : 4.214048385620117
3 <---> 1 : 4.101991653442383
2 <---> 5 : 4.757404327392578
2 <---> 1 : 4.103183746337891
==================================== link detector ====================================

----------------------------
src    dst :    delay
4 <---> 5 : 3.8323402404785156
4 <---> 1 : 3.9577484130859375
1 <---> 4 : 3.6630630493164062
1 <---> 3 : 3.841876983642578
1 <---> 2 : 4.266023635864258
5 <---> 4 : 3.7097930908203125
5 <---> 3 : 4.038095474243164
5 <---> 2 : 3.839254379272461
3 <---> 5 : 4.192113876342773
3 <---> 1 : 3.8840770721435547
2 <---> 5 : 4.189014434814453
2 <---> 1 : 3.9620399475097656
datapath         port     rx-pkts  rx-bytes rx-error tx-pkts  tx-bytes tx-error
---------------- -------- -------- -------- -------- -------- -------- --------
0000000000000004        1      142     8466        0      145     8646        0
0000000000000004        2      145     8646        0      142     8466        0
datapath         in-port  eth-dst           out-port packets  bytes
---------------- -------- ----------------- -------- -------- --------
datapath         port     rx-pkts  rx-bytes rx-error tx-pkts  tx-bytes tx-error
---------------- -------- -------- -------- -------- -------- -------- --------
0000000000000001        1      145     8646        0      141     8406        0
0000000000000001        2      150     9174        0      148     9054        0
0000000000000001        3      145     8646        0      142     8466        0
0000000000000001        4       20     1600        0      159     9714        0
0000000000000001        5       21     1642        0      148     9090        0
0000000000000001        6       22     1712        0      149     9132        0
datapath         in-port  eth-dst           out-port packets  bytes
---------------- -------- ----------------- -------- -------- --------
0000000000000001        2          10.0.0.1        4        2      196
0000000000000001        2          10.0.0.2        5        2      196
0000000000000001        2          10.0.0.3        6        2      196
0000000000000001        4          10.0.0.2        5        1       98
0000000000000001        4          10.0.0.3        6        1       98
0000000000000001        4          10.0.0.4        2        1       98
0000000000000001        5          10.0.0.1        4        2      196
0000000000000001        5          10.0.0.3        6        1       98
0000000000000001        5          10.0.0.4        2        1       98
0000000000000001        6          10.0.0.1        4        2      196
0000000000000001        6          10.0.0.2        5        2      196
0000000000000001        6          10.0.0.4        2        1       98
datapath         port     rx-pkts  rx-bytes rx-error tx-pkts  tx-bytes tx-error
---------------- -------- -------- -------- -------- -------- -------- --------
0000000000000002        1      141     8406        0      145     8646        0
0000000000000002        2      141     8406        0      142     8466        0
datapath         in-port  eth-dst           out-port packets  bytes
---------------- -------- ----------------- -------- -------- --------
datapath         port     rx-pkts  rx-bytes rx-error tx-pkts  tx-bytes tx-error
---------------- -------- -------- -------- -------- -------- -------- --------
0000000000000005        1      142     8466        0      141     8406        0
0000000000000005        2      147     8994        0      148     9054        0
0000000000000005        3      142     8466        0      145     8646        0
0000000000000005        4       21     1642        0      150     9174        0
datapath         in-port  eth-dst           out-port packets  bytes
---------------- -------- ----------------- -------- -------- --------
0000000000000005        2          10.0.0.4        4        2      196
0000000000000005        2          10.0.0.4        4        2      196
0000000000000005        2          10.0.0.4        4        2      196
0000000000000005        4          10.0.0.1        2        2      196
0000000000000005        4          10.0.0.2        2        2      196
0000000000000005        4          10.0.0.3        2        2      196
datapath         port     rx-pkts  rx-bytes rx-error tx-pkts  tx-bytes tx-error
---------------- -------- -------- -------- -------- -------- -------- --------
0000000000000003        1      148     9054        0      150     9174        0
0000000000000003        2      148     9054        0      147     8994        0
datapath         in-port  eth-dst           out-port packets  bytes
---------------- -------- ----------------- -------- -------- --------
0000000000000003        1          10.0.0.4        2        2      196
0000000000000003        1          10.0.0.4        2        2      196
0000000000000003        1          10.0.0.4        2        2      196
0000000000000003        2          10.0.0.1        1        2      196
0000000000000003        2          10.0.0.2        1        2      196
0000000000000003        2          10.0.0.3        1        2      196
discovery--->==================================== discovery ====================================
discovery---> cls: [(4, 5), (4, 1), (5, 3), (5, 2), (1, 3), (1, 2)]
discovery--->==============================
==================================== link detector ====================================

----------------------------
src    dst :    delay
4 <---> 5 : 3.811359405517578
4 <---> 1 : 3.7078857421875
1 <---> 4 : 4.153013229370117
1 <---> 3 : 3.655672073364258
1 <---> 2 : 4.477500915527344
5 <---> 4 : 4.202604293823242
5 <---> 3 : 3.8509368896484375
5 <---> 2 : 4.07099723815918
3 <---> 5 : 2.405405044555664
3 <---> 1 : 3.942728042602539
2 <---> 5 : 4.152059555053711
2 <---> 1 : 4.773855209350586
datapath         port     rx-pkts  rx-bytes rx-error tx-pkts  tx-bytes tx-error
---------------- -------- -------- -------- -------- -------- -------- --------
0000000000000004        1      148     8826        0      150     8946        0
0000000000000004        2      150     8946        0      147     8766        0
datapath         in-port  eth-dst           out-port packets  bytes
---------------- -------- ----------------- -------- -------- --------
datapath         port     rx-pkts  rx-bytes rx-error tx-pkts  tx-bytes tx-error
---------------- -------- -------- -------- -------- -------- -------- --------
0000000000000001        1      150     8946        0      147     8766        0
0000000000000001        2      156     9534        0      153     9354        0
0000000000000001        3      150     8946        0      148     8826        0
0000000000000001        4       20     1600        0      165    10074        0
0000000000000001        5       21     1642        0      154     9450        0
0000000000000001        6       22     1712        0      155     9492        0
datapath         in-port  eth-dst           out-port packets  bytes
---------------- -------- ----------------- -------- -------- --------
0000000000000001        2          10.0.0.1        4        2      196
0000000000000001        2          10.0.0.2        5        2      196
0000000000000001        2          10.0.0.3        6        2      196
0000000000000001        4          10.0.0.2        5        1       98
0000000000000001        4          10.0.0.3        6        1       98
0000000000000001        4          10.0.0.4        2        1       98
0000000000000001        5          10.0.0.1        4        2      196
0000000000000001        5          10.0.0.3        6        1       98
0000000000000001        5          10.0.0.4        2        1       98
0000000000000001        6          10.0.0.1        4        2      196
0000000000000001        6          10.0.0.2        5        2      196
0000000000000001        6          10.0.0.4        2        1       98
datapath         port     rx-pkts  rx-bytes rx-error tx-pkts  tx-bytes tx-error
---------------- -------- -------- -------- -------- -------- -------- --------
0000000000000003        1      153     9354        0      156     9534        0
0000000000000003        2      153     9354        0      153     9354        0
datapath         in-port  eth-dst           out-port packets  bytes
---------------- -------- ----------------- -------- -------- --------
0000000000000003        1          10.0.0.4        2        2      196
0000000000000003        1          10.0.0.4        2        2      196
0000000000000003        1          10.0.0.4        2        2      196
0000000000000003        2          10.0.0.1        1        2      196
0000000000000003        2          10.0.0.2        1        2      196
0000000000000003        2          10.0.0.3        1        2      196
datapath         port     rx-pkts  rx-bytes rx-error tx-pkts  tx-bytes tx-error
---------------- -------- -------- -------- -------- -------- -------- --------
0000000000000002        1      147     8766        0      150     8946        0
0000000000000002        2      147     8766        0      147     8766        0
datapath         in-port  eth-dst           out-port packets  bytes
---------------- -------- ----------------- -------- -------- --------
datapath         port     rx-pkts  rx-bytes rx-error tx-pkts  tx-bytes tx-error
---------------- -------- -------- -------- -------- -------- -------- --------
0000000000000005        1      147     8766        0      147     8766        0
0000000000000005        2      153     9354        0      153     9354        0
0000000000000005        3      147     8766        0      150     8946        0
0000000000000005        4       21     1642        0      156     9534        0
datapath         in-port  eth-dst           out-port packets  bytes
---------------- -------- ----------------- -------- -------- --------
0000000000000005        2          10.0.0.4        4        2      196
0000000000000005        2          10.0.0.4        4        2      196
0000000000000005        2          10.0.0.4        4        2      196
0000000000000005        4          10.0.0.1        2        2      196
0000000000000005        4          10.0.0.2        2        2      196
0000000000000005        4          10.0.0.3        2        2      196
discovery--->==================================== discovery ====================================
discovery---> cls: [(4, 5), (4, 1), (5, 3), (5, 2), (1, 3), (1, 2)]
discovery--->==============================
==================================== link detector ====================================

----------------------------
src    dst :    delay
4 <---> 5 : 4.493236541748047
4 <---> 1 : 4.473686218261719
1 <---> 4 : 3.806591033935547
1 <---> 3 : 3.560304641723633
1 <---> 2 : 4.034280776977539
5 <---> 4 : 3.7581920623779297
5 <---> 3 : 3.706216812133789
5 <---> 2 : 3.893613815307617
3 <---> 5 : 3.6902427673339844
3 <---> 1 : 3.8590431213378906
2 <---> 5 : 3.6263465881347656
2 <---> 1 : 4.481315612792969
==================================== link detector ====================================

----------------------------
src    dst :    delay
4 <---> 5 : 3.8728713989257812
4 <---> 1 : 3.5479068756103516
1 <---> 4 : 3.8385391235351562
1 <---> 3 : 3.62396240234375
1 <---> 2 : 3.6225318908691406
5 <---> 4 : 3.5254955291748047
5 <---> 3 : 3.7097930908203125
5 <---> 2 : 3.652811050415039
3 <---> 5 : 3.597259521484375
3 <---> 1 : 3.5152435302734375
2 <---> 5 : 3.6895275115966797
2 <---> 1 : 3.611326217651367
---> OFPPortStatus received: reason=DELETE desc=OFPPort(port_no=4,hw_addr='e2:b7:dc:6f:e5:3e',name=b's1-eth4',config=0,state=4,curr=2112,advertised=0,supported=0,peer=0,curr_speed=10000000,max_speed=0)
---> OFPPortStatus received: reason=DELETE desc=OFPPort(port_no=5,hw_addr='a6:6d:4f:00:66:c5',name=b's1-eth5',config=0,state=4,curr=2112,advertised=0,supported=0,peer=0,curr_speed=10000000,max_speed=0)
---> OFPPortStatus received: reason=DELETE desc=OFPPort(port_no=6,hw_addr='d2:38:8c:b5:af:e7',name=b's1-eth6',config=0,state=4,curr=2112,advertised=0,supported=0,peer=0,curr_speed=10000000,max_speed=0)
---> OFPPortStatus received: reason=DELETE desc=OFPPort(port_no=4,hw_addr='d2:45:09:ba:2d:69',name=b's5-eth4',config=0,state=4,curr=2112,advertised=0,supported=0,peer=0,curr_speed=10000000,max_speed=0)
---> OFPPortStatus received: reason=DELETE desc=OFPPort(port_no=1,hw_addr='fa:b6:be:ba:01:9c',name=b's1-eth1',config=0,state=4,curr=2112,advertised=0,supported=0,peer=0,curr_speed=10000000,max_speed=0)
---> OFPPortStatus received: reason=DELETE desc=OFPPort(port_no=1,hw_addr='0a:24:43:d3:ee:64',name=b's2-eth1',config=0,state=4,curr=2112,advertised=0,supported=0,peer=0,curr_speed=10000000,max_speed=0)
---> OFPPortStatus received: reason=DELETE desc=OFPPort(port_no=2,hw_addr='c6:80:e7:d8:b7:c0',name=b's1-eth2',config=0,state=4,curr=2112,advertised=0,supported=0,peer=0,curr_speed=10000000,max_speed=0)
---> OFPPortStatus received: reason=DELETE desc=OFPPort(port_no=1,hw_addr='e2:97:e0:31:07:71',name=b's3-eth1',config=0,state=4,curr=2112,advertised=0,supported=0,peer=0,curr_speed=10000000,max_speed=0)
---> OFPPortStatus received: reason=DELETE desc=OFPPort(port_no=1,hw_addr='f6:a5:67:cf:b4:28',name=b's4-eth1',config=0,state=4,curr=2112,advertised=0,supported=0,peer=0,curr_speed=10000000,max_speed=0)
---> OFPPortStatus received: reason=DELETE desc=OFPPort(port_no=3,hw_addr='4a:cd:5e:31:0d:6c',name=b's1-eth3',config=0,state=4,curr=2112,advertised=0,supported=0,peer=0,curr_speed=10000000,max_speed=0)
---> OFPPortStatus received: reason=DELETE desc=OFPPort(port_no=2,hw_addr='ee:fa:11:18:62:a4',name=b's2-eth2',config=0,state=4,curr=2112,advertised=0,supported=0,peer=0,curr_speed=10000000,max_speed=0)
---> OFPPortStatus received: reason=DELETE desc=OFPPort(port_no=1,hw_addr='42:f3:6a:c1:3a:cc',name=b's5-eth1',config=0,state=4,curr=2112,advertised=0,supported=0,peer=0,curr_speed=10000000,max_speed=0)
---> OFPPortStatus received: reason=DELETE desc=OFPPort(port_no=2,hw_addr='2a:f1:71:03:cf:0d',name=b's3-eth2',config=0,state=4,curr=2112,advertised=0,supported=0,peer=0,curr_speed=10000000,max_speed=0)
---> OFPPortStatus received: reason=DELETE desc=OFPPort(port_no=2,hw_addr='0e:25:03:94:42:d0',name=b's5-eth2',config=0,state=4,curr=2112,advertised=0,supported=0,peer=0,curr_speed=10000000,max_speed=0)
---> OFPPortStatus received: reason=DELETE desc=OFPPort(port_no=2,hw_addr='ae:4a:3a:ab:b0:0d',name=b's4-eth2',config=0,state=4,curr=2112,advertised=0,supported=0,peer=0,curr_speed=10000000,max_speed=0)
---> OFPPortStatus received: reason=DELETE desc=OFPPort(port_no=3,hw_addr='6a:ac:7b:aa:c8:99',name=b's5-eth3',config=0,state=4,curr=2112,advertised=0,supported=0,peer=0,curr_speed=10000000,max_speed=0)
datapath         port     rx-pkts  rx-bytes rx-error tx-pkts  tx-bytes tx-error
---------------- -------- -------- -------- -------- -------- -------- --------
datapath         in-port  eth-dst           out-port packets  bytes
---------------- -------- ----------------- -------- -------- --------
datapath         port     rx-pkts  rx-bytes rx-error tx-pkts  tx-bytes tx-error
---------------- -------- -------- -------- -------- -------- -------- --------
datapath         in-port  eth-dst           out-port packets  bytes
---------------- -------- ----------------- -------- -------- --------
datapath         port     rx-pkts  rx-bytes rx-error tx-pkts  tx-bytes tx-error
---------------- -------- -------- -------- -------- -------- -------- --------
datapath         in-port  eth-dst           out-port packets  bytes
---------------- -------- ----------------- -------- -------- --------
0000000000000003        1          10.0.0.4        2        2      196
0000000000000003        1          10.0.0.4        2        2      196
0000000000000003        1          10.0.0.4        2        2      196
0000000000000003        2          10.0.0.1        1        2      196
0000000000000003        2          10.0.0.2        1        2      196
0000000000000003        2          10.0.0.3        1        2      196
datapath         port     rx-pkts  rx-bytes rx-error tx-pkts  tx-bytes tx-error
---------------- -------- -------- -------- -------- -------- -------- --------
datapath         in-port  eth-dst           out-port packets  bytes
---------------- -------- ----------------- -------- -------- --------
0000000000000005        2          10.0.0.4        4        2      196
0000000000000005        2          10.0.0.4        4        2      196
0000000000000005        2          10.0.0.4        4        2      196
0000000000000005        4          10.0.0.1        2        2      196
0000000000000005        4          10.0.0.2        2        2      196
0000000000000005        4          10.0.0.3        2        2      196
datapath         port     rx-pkts  rx-bytes rx-error tx-pkts  tx-bytes tx-error
---------------- -------- -------- -------- -------- -------- -------- --------
datapath         in-port  eth-dst           out-port packets  bytes
---------------- -------- ----------------- -------- -------- --------
0000000000000001        2          10.0.0.1        4        2      196
0000000000000001        2          10.0.0.2        5        2      196
0000000000000001        2          10.0.0.3        6        2      196
0000000000000001        4          10.0.0.2        5        1       98
0000000000000001        4          10.0.0.3        6        1       98
0000000000000001        4          10.0.0.4        2        1       98
0000000000000001        5          10.0.0.1        4        2      196
0000000000000001        5          10.0.0.3        6        1       98
0000000000000001        5          10.0.0.4        2        1       98
0000000000000001        6          10.0.0.1        4        2      196
0000000000000001        6          10.0.0.2        5        2      196
0000000000000001        6          10.0.0.4        2        1       98
discovery--->==================================== discovery ====================================
discovery---> cls: []
discovery--->==============================
monitor---> unreigster datapath: 0000000000000004
monitor---> unreigster datapath: 0000000000000001
monitor---> unreigster datapath: 0000000000000003
monitor---> unreigster datapath: 0000000000000002
monitor---> unreigster datapath: 0000000000000005
==================================== link detector ====================================

----------------------------
src    dst :    delay
4 <---> 5 : 1.7230510711669922
4 <---> 1 : 3.4334659576416016
1 <---> 4 : 3.60870361328125
1 <---> 3 : 1.9922256469726562
1 <---> 2 : 3.625631332397461
5 <---> 4 : 16.22319221496582
5 <---> 3 : 1.7781257629394531
5 <---> 2 : 3.593921661376953
3 <---> 5 : 3.5212039947509766
3 <---> 1 : 3.535032272338867
2 <---> 5 : 2.3560523986816406
2 <---> 1 : 2.0046234130859375
