loading app network_structure.py
Matplotlib created a temporary config/cache directory at /tmp/matplotlib-4y41i6xr because the default path (/home/terry/.config/matplotlib) is not a writable directory; it is highly recommended to set the MPLCONFIGDIR environment variable to a writable directory, in particular to speed up the import of Matplotlib and to better support multiprocessing.
Generating new fontManager, this may take some time...
Failed to extract font properties from /usr/share/fonts/truetype/noto/NotoColorEmoji.ttf: In FT2Font: Can not load face.  Unknown file format.
loading app network_monitor.py
loading app network_delay.py
loading app network_shortest_path.py
loading app arp_handler.py
loading app ryu.controller.ofp_handler
instantiating app None of Switches
creating context switches
instantiating app network_structure.py of NetworkStructure
instantiating app network_monitor.py of NetworkMonitor
instantiating app network_delay.py of NetworkDelay
instantiating app network_shortest_path.py of NetworkShortestPath
instantiating app arp_handler.py of ArpHandler
instantiating app ryu.controller.ofp_handler of OFPHandler
discovery---> AccessPoint: 1 connected
discovery---> AccessPoint: 2 connected
discovery---> AccessPoint: 3 connected
monitor---->register datapath: 1000000000000001
monitor---->register datapath: 1000000000000002
monitor---->register datapath: 1000000000000003
==================================== link detector ====================================

----------------------------
src    dst :    delay
1 <---> 2 : 2.644062042236328
1 <---> 3 : 3.353595733642578
2 <---> 3 : 3.5524368286132812
2 <---> 1 : 3.827810287475586
3 <---> 2 : 2.727031707763672
3 <---> 1 : 3.699779510498047
discovery--->==================================== discovery ====================================
discovery---> cls: [(1, 2), (1, 3), (2, 3)]
discovery--->=============================================================================
datapath         port     rx-pkts  rx-bytes rx-error tx-pkts  tx-bytes tx-error
---------------- -------- -------- -------- -------- -------- -------- --------
0000000000000001        1        0        0        0        5      390        0
0000000000000001        2       24     3027        0       23     2967        0
0000000000000001        3       24     3027        0       23     2967        0
datapath         in-port  eth-dst           out-port packets  bytes
---------------- -------- ----------------- -------- -------- --------
datapath         port     rx-pkts  rx-bytes rx-error tx-pkts  tx-bytes tx-error
---------------- -------- -------- -------- -------- -------- -------- --------
0000000000000002        1        0        0        0        5      390        0
0000000000000002        2       23     2967        0       24     3027        0
0000000000000002        3       24     3027        0       23     2967        0
datapath         in-port  eth-dst           out-port packets  bytes
---------------- -------- ----------------- -------- -------- --------
datapath         port     rx-pkts  rx-bytes rx-error tx-pkts  tx-bytes tx-error
---------------- -------- -------- -------- -------- -------- -------- --------
0000000000000003        1        0        0        0        5      390        0
0000000000000003        2       23     2967        0       24     3027        0
0000000000000003        3       23     2967        0       24     3027        0
datapath         in-port  eth-dst           out-port packets  bytes
---------------- -------- ----------------- -------- -------- --------
==================================== link detector ====================================

----------------------------
src    dst :    delay
1 <---> 2 : 3.5266876220703125
1 <---> 3 : 3.3578872680664062
2 <---> 3 : 3.1728744506835938
2 <---> 1 : 3.1282901763916016
3 <---> 2 : 3.2165050506591797
3 <---> 1 : 4.033088684082031
==================================== link detector ====================================

----------------------------
src    dst :    delay
1 <---> 2 : 3.979206085205078
1 <---> 3 : 2.689361572265625
2 <---> 3 : 4.405021667480469
2 <---> 1 : 2.6865005493164062
3 <---> 2 : 2.870798110961914
3 <---> 1 : 2.7685165405273438
discovery--->==================================== discovery ====================================
discovery---> cls: [(1, 2), (1, 3), (2, 3)]
discovery--->=============================================================================
datapath         port     rx-pkts  rx-bytes rx-error tx-pkts  tx-bytes tx-error
---------------- -------- -------- -------- -------- -------- -------- --------
0000000000000001        1        0        0        0       11      858        0
0000000000000001        2       30     3530        0       30     3530        0
0000000000000001        3       30     3530        0       30     3530        0
datapath         in-port  eth-dst           out-port packets  bytes
---------------- -------- ----------------- -------- -------- --------
datapath         port     rx-pkts  rx-bytes rx-error tx-pkts  tx-bytes tx-error
---------------- -------- -------- -------- -------- -------- -------- --------
0000000000000002        1        0        0        0       11      858        0
0000000000000002        2       30     3530        0       30     3530        0
0000000000000002        3       31     3600        0       31     3600        0
datapath         in-port  eth-dst           out-port packets  bytes
---------------- -------- ----------------- -------- -------- --------
datapath         port     rx-pkts  rx-bytes rx-error tx-pkts  tx-bytes tx-error
---------------- -------- -------- -------- -------- -------- -------- --------
0000000000000003        1        0        0        0       11      858        0
0000000000000003        2       30     3530        0       30     3530        0
0000000000000003        3       31     3600        0       31     3600        0
datapath         in-port  eth-dst           out-port packets  bytes
---------------- -------- ----------------- -------- -------- --------
==================================== link detector ====================================

----------------------------
src    dst :    delay
1 <---> 2 : 2.2475719451904297
1 <---> 3 : 3.2265186309814453
2 <---> 3 : 3.789663314819336
2 <---> 1 : 2.2644996643066406
3 <---> 2 : 3.332376480102539
3 <---> 1 : 2.276897430419922
discovery--->==================================== discovery ====================================
discovery---> cls: [(1, 2), (1, 3), (2, 3)]
discovery--->=============================================================================
datapath         port     rx-pkts  rx-bytes rx-error tx-pkts  tx-bytes tx-error
---------------- -------- -------- -------- -------- -------- -------- --------
0000000000000001        1        0        0        0       16     1248        0
0000000000000001        2       38     4163        0       37     4103        0
0000000000000001        3       38     4163        0       37     4103        0
datapath         in-port  eth-dst           out-port packets  bytes
---------------- -------- ----------------- -------- -------- --------
datapath         port     rx-pkts  rx-bytes rx-error tx-pkts  tx-bytes tx-error
---------------- -------- -------- -------- -------- -------- -------- --------
0000000000000003        1        0        0        0       16     1248        0
0000000000000003        2       37     4103        0       38     4163        0
0000000000000003        3       37     4103        0       38     4163        0
datapath         in-port  eth-dst           out-port packets  bytes
---------------- -------- ----------------- -------- -------- --------
datapath         port     rx-pkts  rx-bytes rx-error tx-pkts  tx-bytes tx-error
---------------- -------- -------- -------- -------- -------- -------- --------
0000000000000002        1        0        0        0       16     1248        0
0000000000000002        2       37     4103        0       38     4163        0
0000000000000002        3       38     4163        0       37     4103        0
datapath         in-port  eth-dst           out-port packets  bytes
---------------- -------- ----------------- -------- -------- --------
==================================== link detector ====================================

----------------------------
src    dst :    delay
1 <---> 2 : 2.849102020263672
1 <---> 3 : 2.6628971099853516
2 <---> 3 : 3.401517868041992
2 <---> 1 : 2.6607513427734375
3 <---> 2 : 4.281282424926758
3 <---> 1 : 3.7806034088134766
==================================== link detector ====================================

----------------------------
src    dst :    delay
1 <---> 2 : 2.7828216552734375
1 <---> 3 : 4.192352294921875
2 <---> 3 : 4.33659553527832
2 <---> 1 : 2.1963119506835938
3 <---> 2 : 2.9175281524658203
3 <---> 1 : 2.161741256713867
shortest=====>[PATH] [192.168.0.1 <----> 192.168.0.2]: [1, 3]
shortest=====>[PATH] [192.168.0.1 <----> 192.168.0.3]: [1, 2]
shortest=====>[PATH] [192.168.0.2 <----> 192.168.0.3]: [3, 2]
datapath         port     rx-pkts  rx-bytes rx-error tx-pkts  tx-bytes tx-error
---------------- -------- -------- -------- -------- -------- -------- --------
0000000000000001        1        5      378        0       33     2544        0
0000000000000001        2       50     4869        0       50     4869        0
0000000000000001        3       49     4771        0       49     4771        0
datapath         in-port  eth-dst           out-port packets  bytes
---------------- -------- ----------------- -------- -------- --------
0000000000000001        1       192.168.0.2        2        1       98
0000000000000001        1       192.168.0.3        3        0        0
0000000000000001        2       192.168.0.1        1        2      196
0000000000000001        3       192.168.0.1        1        1       98
datapath         port     rx-pkts  rx-bytes rx-error tx-pkts  tx-bytes tx-error
---------------- -------- -------- -------- -------- -------- -------- --------
0000000000000002        1        4      224        0       29     2192        0
0000000000000002        2       49     4771        0       49     4771        0
0000000000000002        3       50     4831        0       48     4673        0
datapath         in-port  eth-dst           out-port packets  bytes
---------------- -------- ----------------- -------- -------- --------
0000000000000002        1       192.168.0.1        2        1       98
0000000000000002        1       192.168.0.2        3        0        0
0000000000000002        2       192.168.0.3        1        1       98
0000000000000002        3       192.168.0.3        1        1       98
datapath         port     rx-pkts  rx-bytes rx-error tx-pkts  tx-bytes tx-error
---------------- -------- -------- -------- -------- -------- -------- --------
0000000000000003        1        7      462        0       29     2266        0
0000000000000003        2       50     4869        0       50     4869        0
0000000000000003        3       48     4673        0       50     4831        0
datapath         in-port  eth-dst           out-port packets  bytes
---------------- -------- ----------------- -------- -------- --------
0000000000000003        1       192.168.0.1        2        2      196
0000000000000003        1       192.168.0.3        3        0        0
0000000000000003        2       192.168.0.2        1        2      196
0000000000000003        3       192.168.0.2        1        0        0
discovery--->==================================== discovery ====================================
discovery---> cls: [(1, 2), (1, 3), (2, 3)]
discovery--->=============================================================================
==================================== link detector ====================================

----------------------------
src    dst :    delay
1 <---> 2 : 2.7704238891601562
1 <---> 3 : 3.8590431213378906
2 <---> 3 : 2.3832321166992188
2 <---> 1 : 3.171682357788086
3 <---> 2 : 3.4101009368896484
3 <---> 1 : 2.996683120727539
datapath         port     rx-pkts  rx-bytes rx-error tx-pkts  tx-bytes tx-error
---------------- -------- -------- -------- -------- -------- -------- --------
0000000000000001        1        6      476        0       39     3050        0
0000000000000001        2       56     5229        0       55     5169        0
0000000000000001        3       56     5229        0       55     5169        0
datapath         in-port  eth-dst           out-port packets  bytes
---------------- -------- ----------------- -------- -------- --------
0000000000000001        1       192.168.0.2        2        1       98
0000000000000001        1       192.168.0.3        3        1       98
0000000000000001        2       192.168.0.1        1        2      196
0000000000000001        3       192.168.0.1        1        2      196
discovery--->==================================== discovery ====================================
discovery---> cls: [(1, 2), (1, 3), (2, 3)]
discovery--->=============================================================================
datapath         port     rx-pkts  rx-bytes rx-error tx-pkts  tx-bytes tx-error
---------------- -------- -------- -------- -------- -------- -------- --------
0000000000000003        1        8      560        0       36     2888        0
0000000000000003        2       55     5169        0       56     5229        0
0000000000000003        3       56     5239        0       56     5229        0
datapath         in-port  eth-dst           out-port packets  bytes
---------------- -------- ----------------- -------- -------- --------
0000000000000003        1       192.168.0.1        2        2      196
0000000000000003        1       192.168.0.3        3        1       98
0000000000000003        2       192.168.0.2        1        2      196
0000000000000003        3       192.168.0.2        1        2      196
datapath         port     rx-pkts  rx-bytes rx-error tx-pkts  tx-bytes tx-error
---------------- -------- -------- -------- -------- -------- -------- --------
0000000000000002        1        8      560        0       39     3068        0
0000000000000002        2       55     5169        0       56     5229        0
0000000000000002        3       56     5229        0       56     5239        0
datapath         in-port  eth-dst           out-port packets  bytes
---------------- -------- ----------------- -------- -------- --------
0000000000000002        1       192.168.0.1        2        2      196
0000000000000002        1       192.168.0.2        3        2      196
0000000000000002        2       192.168.0.3        1        2      196
0000000000000002        3       192.168.0.3        1        2      196
==================================== link detector ====================================

----------------------------
src    dst :    delay
1 <---> 2 : 3.1900405883789062
1 <---> 3 : 4.05430793762207
2 <---> 3 : 3.448009490966797
2 <---> 1 : 3.018617630004883
3 <---> 2 : 3.2417774200439453
3 <---> 1 : 3.0698776245117188
==================================== link detector ====================================

----------------------------
src    dst :    delay
1 <---> 2 : 2.104520797729492
1 <---> 3 : 2.507925033569336
2 <---> 3 : 2.5627613067626953
2 <---> 1 : 3.2701492309570312
3 <---> 2 : 2.2211074829101562
3 <---> 1 : 3.1099319458007812
datapath         port     rx-pkts  rx-bytes rx-error tx-pkts  tx-bytes tx-error
---------------- -------- -------- -------- -------- -------- -------- --------
0000000000000001        1        6      476        0       45     3518        0
0000000000000001        2       63     5792        0       63     5802        0
0000000000000001        3       64     5862        0       63     5802        0
datapath         in-port  eth-dst           out-port packets  bytes
---------------- -------- ----------------- -------- -------- --------
0000000000000001        1       192.168.0.2        2        1       98
0000000000000001        1       192.168.0.3        3        1       98
0000000000000001        2       192.168.0.1        1        2      196
0000000000000001        3       192.168.0.1        1        2      196
datapath         port     rx-pkts  rx-bytes rx-error tx-pkts  tx-bytes tx-error
---------------- -------- -------- -------- -------- -------- -------- --------
0000000000000002        1        9      602        0       46     3614        0
0000000000000002        2       63     5802        0       64     5862        0
0000000000000002        3       64     5862        0       63     5802        0
datapath         in-port  eth-dst           out-port packets  bytes
---------------- -------- ----------------- -------- -------- --------
0000000000000002        1       192.168.0.1        2        2      196
0000000000000002        1       192.168.0.2        3        2      196
0000000000000002        2       192.168.0.3        1        2      196
0000000000000002        3       192.168.0.3        1        2      196
datapath         port     rx-pkts  rx-bytes rx-error tx-pkts  tx-bytes tx-error
---------------- -------- -------- -------- -------- -------- -------- --------
0000000000000003        1        9      602        0       43     3434        0
0000000000000003        2       63     5802        0       63     5792        0
0000000000000003        3       63     5802        0       64     5862        0
datapath         in-port  eth-dst           out-port packets  bytes
---------------- -------- ----------------- -------- -------- --------
0000000000000003        1       192.168.0.1        2        2      196
0000000000000003        1       192.168.0.3        3        1       98
0000000000000003        2       192.168.0.2        1        2      196
0000000000000003        3       192.168.0.2        1        2      196
discovery--->==================================== discovery ====================================
discovery---> cls: [(1, 2), (1, 3), (2, 3)]
discovery--->=============================================================================
==================================== link detector ====================================

----------------------------
src    dst :    delay
1 <---> 2 : 2.6960372924804688
1 <---> 3 : 4.029512405395508
2 <---> 3 : 2.665281295776367
2 <---> 1 : 3.1676292419433594
3 <---> 2 : 2.1708011627197266
3 <---> 1 : 2.6979446411132812
==================================== link detector ====================================

----------------------------
src    dst :    delay
1 <---> 2 : 3.107786178588867
1 <---> 3 : 2.9001235961914062
2 <---> 3 : 2.445697784423828
2 <---> 1 : 2.6144981384277344
3 <---> 2 : 2.8154850006103516
3 <---> 1 : 2.630472183227539
datapath         port     rx-pkts  rx-bytes rx-error tx-pkts  tx-bytes tx-error
---------------- -------- -------- -------- -------- -------- -------- --------
0000000000000001        1       10      868        0       54     4372        0
0000000000000001        2       71     6358        0       71     6358        0
0000000000000001        3       71     6358        0       71     6358        0
datapath         in-port  eth-dst           out-port packets  bytes
---------------- -------- ----------------- -------- -------- --------
0000000000000001        1       192.168.0.2        2        3      294
0000000000000001        1       192.168.0.3        3        3      294
0000000000000001        2       192.168.0.1        1        4      392
0000000000000001        3       192.168.0.1        1        4      392
datapath         port     rx-pkts  rx-bytes rx-error tx-pkts  tx-bytes tx-error
---------------- -------- -------- -------- -------- -------- -------- --------
0000000000000002        1       11      798        0       53     4236        0
0000000000000002        2       71     6358        0       71     6358        0
0000000000000002        3       69     6162        0       68     6102        0
datapath         in-port  eth-dst           out-port packets  bytes
---------------- -------- ----------------- -------- -------- --------
0000000000000002        1       192.168.0.1        2        4      392
0000000000000002        1       192.168.0.2        3        2      196
0000000000000002        2       192.168.0.3        1        4      392
0000000000000002        3       192.168.0.3        1        2      196
datapath         port     rx-pkts  rx-bytes rx-error tx-pkts  tx-bytes tx-error
---------------- -------- -------- -------- -------- -------- -------- --------
0000000000000003        1       11      798        0       50     4056        0
0000000000000003        2       71     6358        0       71     6358        0
0000000000000003        3       68     6102        0       69     6162        0
datapath         in-port  eth-dst           out-port packets  bytes
---------------- -------- ----------------- -------- -------- --------
0000000000000003        1       192.168.0.1        2        4      392
0000000000000003        1       192.168.0.3        3        1       98
0000000000000003        2       192.168.0.2        1        4      392
0000000000000003        3       192.168.0.2        1        2      196
discovery--->==================================== discovery ====================================
discovery---> cls: [(1, 2), (1, 3), (2, 3)]
discovery--->=============================================================================
==================================== link detector ====================================

----------------------------
src    dst :    delay
1 <---> 2 : 2.966642379760742
1 <---> 3 : 3.0908584594726562
2 <---> 3 : 3.223896026611328
2 <---> 1 : 3.021717071533203
3 <---> 2 : 3.035306930541992
3 <---> 1 : 2.818584442138672
datapath         port     rx-pkts  rx-bytes rx-error tx-pkts  tx-bytes tx-error
---------------- -------- -------- -------- -------- -------- -------- --------
0000000000000001        1       10      868        0       60     4840        0
0000000000000001        2       77     6718        0       76     6658        0
0000000000000001        3       77     6718        0       76     6658        0
datapath         in-port  eth-dst           out-port packets  bytes
---------------- -------- ----------------- -------- -------- --------
0000000000000001        1       192.168.0.2        2        3      294
0000000000000001        1       192.168.0.3        3        3      294
0000000000000001        2       192.168.0.1        1        4      392
0000000000000001        3       192.168.0.1        1        4      392
datapath         port     rx-pkts  rx-bytes rx-error tx-pkts  tx-bytes tx-error
---------------- -------- -------- -------- -------- -------- -------- --------
0000000000000002        1       11      798        0       59     4704        0
0000000000000002        2       76     6658        0       77     6718        0
0000000000000002        3       75     6522        0       74     6462        0
datapath         in-port  eth-dst           out-port packets  bytes
---------------- -------- ----------------- -------- -------- --------
0000000000000002        1       192.168.0.1        2        4      392
0000000000000002        1       192.168.0.2        3        2      196
0000000000000002        2       192.168.0.3        1        4      392
0000000000000002        3       192.168.0.3        1        2      196
datapath         port     rx-pkts  rx-bytes rx-error tx-pkts  tx-bytes tx-error
---------------- -------- -------- -------- -------- -------- -------- --------
0000000000000003        1       11      798        0       56     4524        0
0000000000000003        2       76     6658        0       77     6718        0
0000000000000003        3       74     6462        0       75     6522        0
datapath         in-port  eth-dst           out-port packets  bytes
---------------- -------- ----------------- -------- -------- --------
0000000000000003        1       192.168.0.1        2        4      392
0000000000000003        1       192.168.0.3        3        1       98
0000000000000003        2       192.168.0.2        1        4      392
0000000000000003        3       192.168.0.2        1        2      196
discovery--->==================================== discovery ====================================
discovery---> cls: [(1, 2), (1, 3), (2, 3)]
discovery--->=============================================================================
==================================== link detector ====================================

----------------------------
src    dst :    delay
1 <---> 2 : 4.013776779174805
1 <---> 3 : 3.0243396759033203
2 <---> 3 : 3.7152767181396484
2 <---> 1 : 2.6345252990722656
3 <---> 2 : 4.159212112426758
3 <---> 1 : 4.012346267700195
==================================== link detector ====================================

----------------------------
src    dst :    delay
1 <---> 2 : 3.7353038787841797
1 <---> 3 : 2.9764175415039062
2 <---> 3 : 3.3922195434570312
2 <---> 1 : 3.8270950317382812
3 <---> 2 : 3.7384033203125
3 <---> 1 : 3.72314453125
datapath         port     rx-pkts  rx-bytes rx-error tx-pkts  tx-bytes tx-error
---------------- -------- -------- -------- -------- -------- -------- --------
0000000000000001        1       10      868        0       66     5308        0
0000000000000001        2       82     7018        0       82     7018        0
0000000000000001        3       82     7018        0       82     7018        0
datapath         in-port  eth-dst           out-port packets  bytes
---------------- -------- ----------------- -------- -------- --------
0000000000000001        1       192.168.0.2        2        3      294
0000000000000001        1       192.168.0.3        3        3      294
0000000000000001        2       192.168.0.1        1        4      392
0000000000000001        3       192.168.0.1        1        4      392
datapath         port     rx-pkts  rx-bytes rx-error tx-pkts  tx-bytes tx-error
---------------- -------- -------- -------- -------- -------- -------- --------
0000000000000003        1       11      798        0       61     4914        0
0000000000000003        2       82     7018        0       82     7018        0
0000000000000003        3       79     6762        0       80     6822        0
datapath         in-port  eth-dst           out-port packets  bytes
---------------- -------- ----------------- -------- -------- --------
0000000000000003        1       192.168.0.1        2        4      392
0000000000000003        1       192.168.0.3        3        1       98
0000000000000003        2       192.168.0.2        1        4      392
0000000000000003        3       192.168.0.2        1        2      196
datapath         port     rx-pkts  rx-bytes rx-error tx-pkts  tx-bytes tx-error
---------------- -------- -------- -------- -------- -------- -------- --------
0000000000000002        1       11      798        0       64     5094        0
0000000000000002        2       82     7018        0       82     7018        0
0000000000000002        3       80     6822        0       79     6762        0
datapath         in-port  eth-dst           out-port packets  bytes
---------------- -------- ----------------- -------- -------- --------
0000000000000002        1       192.168.0.1        2        4      392
0000000000000002        1       192.168.0.2        3        2      196
0000000000000002        2       192.168.0.3        1        4      392
0000000000000002        3       192.168.0.3        1        2      196
discovery--->==================================== discovery ====================================
discovery---> cls: [(1, 2), (1, 3), (2, 3)]
discovery--->=============================================================================
==================================== link detector ====================================

----------------------------
src    dst :    delay
1 <---> 2 : 3.905057907104492
1 <---> 3 : 3.9365291595458984
2 <---> 3 : 2.8984546661376953
2 <---> 1 : 2.5453567504882812
3 <---> 2 : 3.4689903259277344
3 <---> 1 : 4.143476486206055
datapath         port     rx-pkts  rx-bytes rx-error tx-pkts  tx-bytes tx-error
---------------- -------- -------- -------- -------- -------- -------- --------
0000000000000001        1       10      868        0       71     5698        0
0000000000000001        2       88     7378        0       87     7318        0
0000000000000001        3       88     7378        0       87     7318        0
datapath         in-port  eth-dst           out-port packets  bytes
---------------- -------- ----------------- -------- -------- --------
0000000000000001        1       192.168.0.2        2        3      294
0000000000000001        1       192.168.0.3        3        3      294
0000000000000001        2       192.168.0.1        1        4      392
0000000000000001        3       192.168.0.1        1        4      392
datapath         port     rx-pkts  rx-bytes rx-error tx-pkts  tx-bytes tx-error
---------------- -------- -------- -------- -------- -------- -------- --------
0000000000000002        1       11      798        0       70     5562        0
0000000000000002        2       87     7318        0       88     7378        0
0000000000000002        3       86     7182        0       85     7122        0
datapath         in-port  eth-dst           out-port packets  bytes
---------------- -------- ----------------- -------- -------- --------
0000000000000002        1       192.168.0.1        2        4      392
0000000000000002        1       192.168.0.2        3        2      196
0000000000000002        2       192.168.0.3        1        4      392
0000000000000002        3       192.168.0.3        1        2      196
datapath         port     rx-pkts  rx-bytes rx-error tx-pkts  tx-bytes tx-error
---------------- -------- -------- -------- -------- -------- -------- --------
0000000000000003        1       11      798        0       67     5382        0
0000000000000003        2       87     7318        0       88     7378        0
0000000000000003        3       85     7122        0       86     7182        0
datapath         in-port  eth-dst           out-port packets  bytes
---------------- -------- ----------------- -------- -------- --------
0000000000000003        1       192.168.0.1        2        4      392
0000000000000003        1       192.168.0.3        3        1       98
0000000000000003        2       192.168.0.2        1        4      392
0000000000000003        3       192.168.0.2        1        2      196
discovery--->==================================== discovery ====================================
discovery---> cls: [(1, 2), (1, 3), (2, 3)]
discovery--->=============================================================================
==================================== link detector ====================================

----------------------------
src    dst :    delay
1 <---> 2 : 3.0024051666259766
1 <---> 3 : 3.0150413513183594
2 <---> 3 : 4.065990447998047
2 <---> 1 : 2.797842025756836
3 <---> 2 : 3.5521984100341797
3 <---> 1 : 3.5114288330078125
==================================== link detector ====================================

----------------------------
src    dst :    delay
1 <---> 2 : 2.695798873901367
1 <---> 3 : 2.391815185546875
2 <---> 3 : 3.398418426513672
2 <---> 1 : 2.666950225830078
3 <---> 2 : 4.203557968139648
3 <---> 1 : 4.087209701538086
datapath         port     rx-pkts  rx-bytes rx-error tx-pkts  tx-bytes tx-error
---------------- -------- -------- -------- -------- -------- -------- --------
0000000000000001        1       10      868        0       77     6166        0
0000000000000001        2       93     7678        0       93     7678        0
0000000000000001        3       93     7678        0       93     7678        0
datapath         in-port  eth-dst           out-port packets  bytes
---------------- -------- ----------------- -------- -------- --------
0000000000000001        1       192.168.0.2        2        3      294
0000000000000001        1       192.168.0.3        3        3      294
0000000000000001        2       192.168.0.1        1        4      392
0000000000000001        3       192.168.0.1        1        4      392
datapath         port     rx-pkts  rx-bytes rx-error tx-pkts  tx-bytes tx-error
---------------- -------- -------- -------- -------- -------- -------- --------
0000000000000002        1       11      798        0       76     6030        0
0000000000000002        2       93     7678        0       93     7678        0
0000000000000002        3       91     7482        0       92     7552        0
datapath         in-port  eth-dst           out-port packets  bytes
---------------- -------- ----------------- -------- -------- --------
0000000000000002        1       192.168.0.1        2        4      392
0000000000000002        1       192.168.0.2        3        2      196
0000000000000002        2       192.168.0.3        1        4      392
0000000000000002        3       192.168.0.3        1        2      196
datapath         port     rx-pkts  rx-bytes rx-error tx-pkts  tx-bytes tx-error
---------------- -------- -------- -------- -------- -------- -------- --------
0000000000000003        1       11      798        0       72     5772        0
0000000000000003        2       93     7678        0       93     7678        0
0000000000000003        3       92     7552        0       91     7482        0
datapath         in-port  eth-dst           out-port packets  bytes
---------------- -------- ----------------- -------- -------- --------
0000000000000003        1       192.168.0.1        2        4      392
0000000000000003        1       192.168.0.3        3        1       98
0000000000000003        2       192.168.0.2        1        4      392
0000000000000003        3       192.168.0.2        1        2      196
discovery--->==================================== discovery ====================================
discovery---> cls: [(1, 2), (1, 3), (2, 3)]
discovery--->=============================================================================
==================================== link detector ====================================

----------------------------
src    dst :    delay
1 <---> 2 : 5.001068115234375
1 <---> 3 : 3.810405731201172
2 <---> 3 : 3.197908401489258
2 <---> 1 : 2.526998519897461
3 <---> 2 : 4.577398300170898
3 <---> 1 : 4.226922988891602
==================================== link detector ====================================

----------------------------
src    dst :    delay
1 <---> 2 : 2.9637813568115234
1 <---> 3 : 2.8543472290039062
2 <---> 3 : 3.6995410919189453
2 <---> 1 : 3.073453903198242
3 <---> 2 : 2.8557777404785156
3 <---> 1 : 4.04667854309082
datapath         port     rx-pkts  rx-bytes rx-error tx-pkts  tx-bytes tx-error
---------------- -------- -------- -------- -------- -------- -------- --------
0000000000000001        1       10      868        0       82     6556        0
0000000000000001        2       99     8038        0       98     7978        0
0000000000000001        3       99     8038        0       99     8048        0
datapath         in-port  eth-dst           out-port packets  bytes
---------------- -------- ----------------- -------- -------- --------
0000000000000001        1       192.168.0.2        2        3      294
0000000000000001        1       192.168.0.3        3        3      294
0000000000000001        2       192.168.0.1        1        4      392
0000000000000001        3       192.168.0.1        1        4      392
datapath         port     rx-pkts  rx-bytes rx-error tx-pkts  tx-bytes tx-error
---------------- -------- -------- -------- -------- -------- -------- --------
0000000000000002        1       11      798        0       81     6420        0
0000000000000002        2       99     8048        0       99     8038        0
0000000000000002        3       98     7912        0       97     7852        0
datapath         in-port  eth-dst           out-port packets  bytes
---------------- -------- ----------------- -------- -------- --------
0000000000000002        1       192.168.0.1        2        4      392
0000000000000002        1       192.168.0.2        3        2      196
0000000000000002        2       192.168.0.3        1        4      392
0000000000000002        3       192.168.0.3        1        2      196
datapath         port     rx-pkts  rx-bytes rx-error tx-pkts  tx-bytes tx-error
---------------- -------- -------- -------- -------- -------- -------- --------
0000000000000003        1       11      798        0       78     6240        0
0000000000000003        2       98     7978        0       99     8038        0
0000000000000003        3       97     7852        0       98     7912        0
datapath         in-port  eth-dst           out-port packets  bytes
---------------- -------- ----------------- -------- -------- --------
0000000000000003        1       192.168.0.1        2        4      392
0000000000000003        1       192.168.0.3        3        1       98
0000000000000003        2       192.168.0.2        1        4      392
0000000000000003        3       192.168.0.2        1        2      196
discovery--->==================================== discovery ====================================
discovery---> cls: [(1, 2), (1, 3), (2, 3)]
discovery--->=============================================================================
==================================== link detector ====================================

----------------------------
src    dst :    delay
1 <---> 2 : 2.462625503540039
1 <---> 3 : 2.0079612731933594
2 <---> 3 : 2.2869110107421875
2 <---> 1 : 4.062652587890625
3 <---> 2 : 2.4864673614501953
3 <---> 1 : 2.7616024017333984
datapath         port     rx-pkts  rx-bytes rx-error tx-pkts  tx-bytes tx-error
---------------- -------- -------- -------- -------- -------- -------- --------
0000000000000001        1       10      868        0       88     7024        0
0000000000000001        2      105     8541        0      105     8541        0
0000000000000001        3      106     8611        0      106     8611        0
datapath         in-port  eth-dst           out-port packets  bytes
---------------- -------- ----------------- -------- -------- --------
0000000000000001        1       192.168.0.2        2        3      294
0000000000000001        1       192.168.0.3        3        3      294
0000000000000001        2       192.168.0.1        1        4      392
0000000000000001        3       192.168.0.1        1        4      392
datapath         port     rx-pkts  rx-bytes rx-error tx-pkts  tx-bytes tx-error
---------------- -------- -------- -------- -------- -------- -------- --------
0000000000000002        1       11      798        0       87     6888        0
0000000000000002        2      106     8611        0      106     8611        0
0000000000000002        3      105     8475        0      104     8415        0
datapath         in-port  eth-dst           out-port packets  bytes
---------------- -------- ----------------- -------- -------- --------
0000000000000002        1       192.168.0.1        2        4      392
0000000000000002        1       192.168.0.2        3        2      196
0000000000000002        2       192.168.0.3        1        4      392
0000000000000002        3       192.168.0.3        1        2      196
datapath         port     rx-pkts  rx-bytes rx-error tx-pkts  tx-bytes tx-error
---------------- -------- -------- -------- -------- -------- -------- --------
0000000000000003        1       11      798        0       84     6708        0
0000000000000003        2      105     8541        0      105     8541        0
0000000000000003        3      104     8415        0      105     8475        0
datapath         in-port  eth-dst           out-port packets  bytes
---------------- -------- ----------------- -------- -------- --------
0000000000000003        1       192.168.0.1        2        4      392
0000000000000003        1       192.168.0.3        3        1       98
0000000000000003        2       192.168.0.2        1        4      392
0000000000000003        3       192.168.0.2        1        2      196
discovery--->==================================== discovery ====================================
discovery---> cls: [(1, 2), (1, 3), (2, 3)]
discovery--->=============================================================================
==================================== link detector ====================================

----------------------------
src    dst :    delay
1 <---> 2 : 3.2203197479248047
1 <---> 3 : 3.127574920654297
2 <---> 3 : 2.743244171142578
2 <---> 1 : 2.62451171875
3 <---> 2 : 3.9520263671875
3 <---> 1 : 3.0193328857421875
==================================== link detector ====================================

----------------------------
src    dst :    delay
1 <---> 2 : 3.1082630157470703
1 <---> 3 : 3.164529800415039
2 <---> 3 : 3.8535594940185547
2 <---> 1 : 3.1957626342773438
3 <---> 2 : 3.0574798583984375
3 <---> 1 : 3.0088424682617188
datapath         port     rx-pkts  rx-bytes rx-error tx-pkts  tx-bytes tx-error
---------------- -------- -------- -------- -------- -------- -------- --------
0000000000000001        1       10      868        0       93     7414        0
0000000000000001        2      111     8901        0      111     8911        0
0000000000000001        3      112     8971        0      111     8911        0
datapath         in-port  eth-dst           out-port packets  bytes
---------------- -------- ----------------- -------- -------- --------
0000000000000001        1       192.168.0.2        2        3      294
0000000000000001        1       192.168.0.3        3        3      294
0000000000000001        2       192.168.0.1        1        4      392
0000000000000001        3       192.168.0.1        1        4      392
datapath         port     rx-pkts  rx-bytes rx-error tx-pkts  tx-bytes tx-error
---------------- -------- -------- -------- -------- -------- -------- --------
0000000000000002        1       11      798        0       92     7278        0
0000000000000002        2      111     8911        0      112     8971        0
0000000000000002        3      110     8775        0      109     8715        0
datapath         in-port  eth-dst           out-port packets  bytes
---------------- -------- ----------------- -------- -------- --------
0000000000000002        1       192.168.0.1        2        4      392
0000000000000002        1       192.168.0.2        3        2      196
0000000000000002        2       192.168.0.3        1        4      392
0000000000000002        3       192.168.0.3        1        2      196
datapath         port     rx-pkts  rx-bytes rx-error tx-pkts  tx-bytes tx-error
---------------- -------- -------- -------- -------- -------- -------- --------
0000000000000003        1       11      798        0       89     7098        0
0000000000000003        2      111     8911        0      111     8901        0
0000000000000003        3      109     8715        0      110     8775        0
datapath         in-port  eth-dst           out-port packets  bytes
---------------- -------- ----------------- -------- -------- --------
0000000000000003        1       192.168.0.1        2        4      392
0000000000000003        1       192.168.0.3        3        1       98
0000000000000003        2       192.168.0.2        1        4      392
0000000000000003        3       192.168.0.2        1        2      196
discovery--->==================================== discovery ====================================
discovery---> cls: [(1, 2), (1, 3), (2, 3)]
discovery--->=============================================================================
==================================== link detector ====================================

----------------------------
src    dst :    delay
1 <---> 2 : 3.193378448486328
1 <---> 3 : 3.289937973022461
2 <---> 3 : 3.113985061645508
2 <---> 1 : 3.1037330627441406
3 <---> 2 : 3.2994747161865234
3 <---> 1 : 3.0813217163085938
datapath         port     rx-pkts  rx-bytes rx-error tx-pkts  tx-bytes tx-error
---------------- -------- -------- -------- -------- -------- -------- --------
0000000000000001        1       10      868        0       99     7882        0
0000000000000001        2      118     9331        0      117     9271        0
0000000000000001        3      118     9331        0      117     9271        0
datapath         in-port  eth-dst           out-port packets  bytes
---------------- -------- ----------------- -------- -------- --------
0000000000000001        1       192.168.0.2        2        3      294
0000000000000001        1       192.168.0.3        3        3      294
0000000000000001        2       192.168.0.1        1        4      392
0000000000000001        3       192.168.0.1        1        4      392
datapath         port     rx-pkts  rx-bytes rx-error tx-pkts  tx-bytes tx-error
---------------- -------- -------- -------- -------- -------- -------- --------
0000000000000002        1       11      798        0       98     7746        0
0000000000000002        2      117     9271        0      118     9331        0
0000000000000002        3      116     9135        0      115     9075        0
datapath         in-port  eth-dst           out-port packets  bytes
---------------- -------- ----------------- -------- -------- --------
0000000000000002        1       192.168.0.1        2        4      392
0000000000000002        1       192.168.0.2        3        2      196
0000000000000002        2       192.168.0.3        1        4      392
0000000000000002        3       192.168.0.3        1        2      196
datapath         port     rx-pkts  rx-bytes rx-error tx-pkts  tx-bytes tx-error
---------------- -------- -------- -------- -------- -------- -------- --------
0000000000000003        1       11      798        0       95     7566        0
0000000000000003        2      117     9271        0      118     9331        0
0000000000000003        3      115     9075        0      116     9135        0
datapath         in-port  eth-dst           out-port packets  bytes
---------------- -------- ----------------- -------- -------- --------
0000000000000003        1       192.168.0.1        2        4      392
0000000000000003        1       192.168.0.3        3        1       98
0000000000000003        2       192.168.0.2        1        4      392
0000000000000003        3       192.168.0.2        1        2      196
discovery--->==================================== discovery ====================================
discovery---> cls: [(1, 2), (1, 3), (2, 3)]
discovery--->=============================================================================
==================================== link detector ====================================

----------------------------
src    dst :    delay
1 <---> 2 : 3.118753433227539
1 <---> 3 : 3.0884742736816406
2 <---> 3 : 3.097057342529297
2 <---> 1 : 3.2629966735839844
3 <---> 2 : 3.6361217498779297
3 <---> 1 : 3.4554004669189453
==================================== link detector ====================================

----------------------------
src    dst :    delay
1 <---> 2 : 3.047943115234375
1 <---> 3 : 2.9222965240478516
2 <---> 3 : 3.6852359771728516
2 <---> 1 : 4.391670227050781
3 <---> 2 : 3.8542747497558594
3 <---> 1 : 2.920866012573242
datapath         port     rx-pkts  rx-bytes rx-error tx-pkts  tx-bytes tx-error
---------------- -------- -------- -------- -------- -------- -------- --------
0000000000000001        1       10      868        0      104     8272        0
0000000000000001        2      123     9631        0      122     9571        0
0000000000000001        3      123     9631        0      123     9631        0
datapath         in-port  eth-dst           out-port packets  bytes
---------------- -------- ----------------- -------- -------- --------
0000000000000001        1       192.168.0.2        2        3      294
0000000000000001        1       192.168.0.3        3        3      294
0000000000000001        2       192.168.0.1        1        4      392
0000000000000001        3       192.168.0.1        1        4      392
datapath         port     rx-pkts  rx-bytes rx-error tx-pkts  tx-bytes tx-error
---------------- -------- -------- -------- -------- -------- -------- --------
0000000000000003        1       11      798        0      100     7956        0
0000000000000003        2      122     9571        0      123     9631        0
0000000000000003        3      120     9375        0      121     9435        0
datapath         in-port  eth-dst           out-port packets  bytes
---------------- -------- ----------------- -------- -------- --------
0000000000000003        1       192.168.0.1        2        4      392
0000000000000003        1       192.168.0.3        3        1       98
0000000000000003        2       192.168.0.2        1        4      392
0000000000000003        3       192.168.0.2        1        2      196
datapath         port     rx-pkts  rx-bytes rx-error tx-pkts  tx-bytes tx-error
---------------- -------- -------- -------- -------- -------- -------- --------
0000000000000002        1       11      798        0      103     8136        0
0000000000000002        2      123     9631        0      123     9631        0
0000000000000002        3      121     9435        0      120     9375        0
datapath         in-port  eth-dst           out-port packets  bytes
---------------- -------- ----------------- -------- -------- --------
0000000000000002        1       192.168.0.1        2        4      392
0000000000000002        1       192.168.0.2        3        2      196
0000000000000002        2       192.168.0.3        1        4      392
0000000000000002        3       192.168.0.3        1        2      196
discovery--->==================================== discovery ====================================
discovery---> cls: [(1, 2), (1, 3), (2, 3)]
discovery--->=============================================================================
==================================== link detector ====================================

----------------------------
src    dst :    delay
1 <---> 2 : 3.0961036682128906
1 <---> 3 : 3.073453903198242
2 <---> 3 : 3.1423568725585938
2 <---> 1 : 3.4096240997314453
3 <---> 2 : 3.215312957763672
3 <---> 1 : 3.1392574310302734
datapath         port     rx-pkts  rx-bytes rx-error tx-pkts  tx-bytes tx-error
---------------- -------- -------- -------- -------- -------- -------- --------
0000000000000001        1       10      868        0      110     8740        0
0000000000000001        2      129     9991        0      128     9931        0
0000000000000001        3      129     9991        0      128     9931        0
datapath         in-port  eth-dst           out-port packets  bytes
---------------- -------- ----------------- -------- -------- --------
0000000000000001        1       192.168.0.2        2        3      294
0000000000000001        1       192.168.0.3        3        3      294
0000000000000001        2       192.168.0.1        1        4      392
0000000000000001        3       192.168.0.1        1        4      392
datapath         port     rx-pkts  rx-bytes rx-error tx-pkts  tx-bytes tx-error
---------------- -------- -------- -------- -------- -------- -------- --------
0000000000000003        1       11      798        0      106     8424        0
0000000000000003        2      128     9931        0      129     9991        0
0000000000000003        3      126     9735        0      127     9795        0
datapath         in-port  eth-dst           out-port packets  bytes
---------------- -------- ----------------- -------- -------- --------
0000000000000003        1       192.168.0.1        2        4      392
0000000000000003        1       192.168.0.3        3        1       98
0000000000000003        2       192.168.0.2        1        4      392
0000000000000003        3       192.168.0.2        1        2      196
datapath         port     rx-pkts  rx-bytes rx-error tx-pkts  tx-bytes tx-error
---------------- -------- -------- -------- -------- -------- -------- --------
0000000000000002        1       11      798        0      109     8604        0
0000000000000002        2      128     9931        0      129     9991        0
0000000000000002        3      127     9795        0      126     9735        0
datapath         in-port  eth-dst           out-port packets  bytes
---------------- -------- ----------------- -------- -------- --------
0000000000000002        1       192.168.0.1        2        4      392
0000000000000002        1       192.168.0.2        3        2      196
0000000000000002        2       192.168.0.3        1        4      392
0000000000000002        3       192.168.0.3        1        2      196
discovery--->==================================== discovery ====================================
discovery---> cls: [(1, 2), (1, 3), (2, 3)]
discovery--->=============================================================================
==================================== link detector ====================================

----------------------------
src    dst :    delay
1 <---> 2 : 3.3445358276367188
1 <---> 3 : 2.9714107513427734
2 <---> 3 : 3.045320510864258
2 <---> 1 : 2.5565624237060547
3 <---> 2 : 4.02069091796875
3 <---> 1 : 3.0596256256103516
==================================== link detector ====================================

----------------------------
src    dst :    delay
1 <---> 2 : 2.660989761352539
1 <---> 3 : 3.0057430267333984
2 <---> 3 : 3.448009490966797
2 <---> 1 : 2.1708011627197266
3 <---> 2 : 3.6232471466064453
3 <---> 1 : 3.076314926147461
datapath         port     rx-pkts  rx-bytes rx-error tx-pkts  tx-bytes tx-error
---------------- -------- -------- -------- -------- -------- -------- --------
0000000000000001        1       10      868        0      116     9208        0
0000000000000001        2      134    10291        0      134    10291        0
0000000000000001        3      134    10291        0      134    10291        0
datapath         in-port  eth-dst           out-port packets  bytes
---------------- -------- ----------------- -------- -------- --------
0000000000000001        1       192.168.0.2        2        3      294
0000000000000001        1       192.168.0.3        3        3      294
0000000000000001        2       192.168.0.1        1        4      392
0000000000000001        3       192.168.0.1        1        4      392
datapath         port     rx-pkts  rx-bytes rx-error tx-pkts  tx-bytes tx-error
---------------- -------- -------- -------- -------- -------- -------- --------
0000000000000003        1       11      798        0      111     8814        0
0000000000000003        2      134    10291        0      134    10291        0
0000000000000003        3      131    10035        0      132    10095        0
datapath         in-port  eth-dst           out-port packets  bytes
---------------- -------- ----------------- -------- -------- --------
0000000000000003        1       192.168.0.1        2        4      392
0000000000000003        1       192.168.0.3        3        1       98
0000000000000003        2       192.168.0.2        1        4      392
0000000000000003        3       192.168.0.2        1        2      196
datapath         port     rx-pkts  rx-bytes rx-error tx-pkts  tx-bytes tx-error
---------------- -------- -------- -------- -------- -------- -------- --------
0000000000000002        1       11      798        0      114     8994        0
0000000000000002        2      134    10291        0      134    10291        0
0000000000000002        3      132    10095        0      131    10035        0
datapath         in-port  eth-dst           out-port packets  bytes
---------------- -------- ----------------- -------- -------- --------
0000000000000002        1       192.168.0.1        2        4      392
0000000000000002        1       192.168.0.2        3        2      196
0000000000000002        2       192.168.0.3        1        4      392
0000000000000002        3       192.168.0.3        1        2      196
discovery--->==================================== discovery ====================================
discovery---> cls: [(1, 2), (1, 3), (2, 3)]
discovery--->=============================================================================
==================================== link detector ====================================

----------------------------
src    dst :    delay
1 <---> 2 : 3.9784908294677734
1 <---> 3 : 4.134654998779297
2 <---> 3 : 2.6531219482421875
2 <---> 1 : 2.9821395874023438
3 <---> 2 : 2.7396678924560547
3 <---> 1 : 2.944469451904297
==================================== link detector ====================================

----------------------------
src    dst :    delay
1 <---> 2 : 3.3555030822753906
1 <---> 3 : 3.3185482025146484
2 <---> 3 : 3.247499465942383
2 <---> 1 : 3.1282901763916016
3 <---> 2 : 3.2205581665039062
3 <---> 1 : 3.317594528198242
datapath         port     rx-pkts  rx-bytes rx-error tx-pkts  tx-bytes tx-error
---------------- -------- -------- -------- -------- -------- -------- --------
0000000000000001        1       10      868        0      121     9598        0
0000000000000001        2      140    10651        0      139    10591        0
0000000000000001        3      140    10651        0      139    10591        0
datapath         in-port  eth-dst           out-port packets  bytes
---------------- -------- ----------------- -------- -------- --------
0000000000000001        1       192.168.0.2        2        3      294
0000000000000001        1       192.168.0.3        3        3      294
0000000000000001        2       192.168.0.1        1        4      392
0000000000000001        3       192.168.0.1        1        4      392
datapath         port     rx-pkts  rx-bytes rx-error tx-pkts  tx-bytes tx-error
---------------- -------- -------- -------- -------- -------- -------- --------
0000000000000003        1       11      798        0      117     9282        0
0000000000000003        2      139    10591        0      140    10651        0
0000000000000003        3      137    10395        0      138    10455        0
datapath         in-port  eth-dst           out-port packets  bytes
---------------- -------- ----------------- -------- -------- --------
0000000000000003        1       192.168.0.1        2        4      392
0000000000000003        1       192.168.0.3        3        1       98
0000000000000003        2       192.168.0.2        1        4      392
0000000000000003        3       192.168.0.2        1        2      196
datapath         port     rx-pkts  rx-bytes rx-error tx-pkts  tx-bytes tx-error
---------------- -------- -------- -------- -------- -------- -------- --------
0000000000000002        1       11      798        0      120     9462        0
0000000000000002        2      139    10591        0      140    10651        0
0000000000000002        3      138    10455        0      137    10395        0
datapath         in-port  eth-dst           out-port packets  bytes
---------------- -------- ----------------- -------- -------- --------
0000000000000002        1       192.168.0.1        2        4      392
0000000000000002        1       192.168.0.2        3        2      196
0000000000000002        2       192.168.0.3        1        4      392
0000000000000002        3       192.168.0.3        1        2      196
discovery--->==================================== discovery ====================================
discovery---> cls: [(1, 2), (1, 3), (2, 3)]
discovery--->=============================================================================
==================================== link detector ====================================

----------------------------
src    dst :    delay
1 <---> 2 : 3.093719482421875
1 <---> 3 : 2.5153160095214844
2 <---> 3 : 2.1185874938964844
2 <---> 1 : 2.1581649780273438
3 <---> 2 : 2.203226089477539
3 <---> 1 : 2.1347999572753906
datapath         port     rx-pkts  rx-bytes rx-error tx-pkts  tx-bytes tx-error
---------------- -------- -------- -------- -------- -------- -------- --------
0000000000000001        1       10      868        0      127    10066        0
0000000000000001        2      145    10951        0      145    10951        0
0000000000000001        3      145    10951        0      145    10951        0
datapath         in-port  eth-dst           out-port packets  bytes
---------------- -------- ----------------- -------- -------- --------
0000000000000001        1       192.168.0.2        2        3      294
0000000000000001        1       192.168.0.3        3        3      294
0000000000000001        2       192.168.0.1        1        4      392
0000000000000001        3       192.168.0.1        1        4      392
datapath         port     rx-pkts  rx-bytes rx-error tx-pkts  tx-bytes tx-error
---------------- -------- -------- -------- -------- -------- -------- --------
0000000000000003        1       11      798        0      122     9672        0
0000000000000003        2      145    10951        0      145    10951        0
0000000000000003        3      143    10755        0      143    10755        0
datapath         in-port  eth-dst           out-port packets  bytes
---------------- -------- ----------------- -------- -------- --------
0000000000000003        1       192.168.0.1        2        4      392
0000000000000003        1       192.168.0.3        3        1       98
0000000000000003        2       192.168.0.2        1        4      392
0000000000000003        3       192.168.0.2        1        2      196
datapath         port     rx-pkts  rx-bytes rx-error tx-pkts  tx-bytes tx-error
---------------- -------- -------- -------- -------- -------- -------- --------
0000000000000002        1       11      798        0      126     9930        0
0000000000000002        2      145    10951        0      145    10951        0
0000000000000002        3      143    10755        0      143    10755        0
datapath         in-port  eth-dst           out-port packets  bytes
---------------- -------- ----------------- -------- -------- --------
0000000000000002        1       192.168.0.1        2        4      392
0000000000000002        1       192.168.0.2        3        2      196
0000000000000002        2       192.168.0.3        1        4      392
0000000000000002        3       192.168.0.3        1        2      196
discovery--->==================================== discovery ====================================
discovery---> cls: [(1, 2), (1, 3), (2, 3)]
discovery--->=============================================================================
==================================== link detector ====================================

----------------------------
src    dst :    delay
1 <---> 2 : 2.420663833618164
1 <---> 3 : 2.417325973510742
2 <---> 3 : 4.07862663269043
2 <---> 1 : 2.3806095123291016
3 <---> 2 : 2.1839141845703125
3 <---> 1 : 2.254486083984375
==================================== link detector ====================================

----------------------------
src    dst :    delay
1 <---> 2 : 3.8890838623046875
1 <---> 3 : 2.3670196533203125
2 <---> 3 : 4.099607467651367
2 <---> 1 : 2.095460891723633
3 <---> 2 : 2.9518604278564453
3 <---> 1 : 2.484560012817383
datapath         port     rx-pkts  rx-bytes rx-error tx-pkts  tx-bytes tx-error
---------------- -------- -------- -------- -------- -------- -------- --------
0000000000000001        1       10      868        0      132    10456        0
0000000000000001        2      151    11311        0      150    11251        0
0000000000000001        3      151    11311        0      150    11251        0
datapath         in-port  eth-dst           out-port packets  bytes
---------------- -------- ----------------- -------- -------- --------
0000000000000001        1       192.168.0.2        2        3      294
0000000000000001        1       192.168.0.3        3        3      294
0000000000000001        2       192.168.0.1        1        4      392
0000000000000001        3       192.168.0.1        1        4      392
datapath         port     rx-pkts  rx-bytes rx-error tx-pkts  tx-bytes tx-error
---------------- -------- -------- -------- -------- -------- -------- --------
0000000000000003        1       11      798        0      128    10140        0
0000000000000003        2      150    11251        0      151    11311        0
0000000000000003        3      148    11055        0      149    11115        0
datapath         in-port  eth-dst           out-port packets  bytes
---------------- -------- ----------------- -------- -------- --------
0000000000000003        1       192.168.0.1        2        4      392
0000000000000003        1       192.168.0.3        3        1       98
0000000000000003        2       192.168.0.2        1        4      392
0000000000000003        3       192.168.0.2        1        2      196
datapath         port     rx-pkts  rx-bytes rx-error tx-pkts  tx-bytes tx-error
---------------- -------- -------- -------- -------- -------- -------- --------
0000000000000002        1       11      798        0      131    10320        0
0000000000000002        2      150    11251        0      151    11311        0
0000000000000002        3      149    11115        0      148    11055        0
datapath         in-port  eth-dst           out-port packets  bytes
---------------- -------- ----------------- -------- -------- --------
0000000000000002        1       192.168.0.1        2        4      392
0000000000000002        1       192.168.0.2        3        2      196
0000000000000002        2       192.168.0.3        1        4      392
0000000000000002        3       192.168.0.3        1        2      196
discovery--->==================================== discovery ====================================
discovery---> cls: [(1, 2), (1, 3), (2, 3)]
discovery--->=============================================================================
==================================== link detector ====================================

----------------------------
src    dst :    delay
1 <---> 2 : 2.8069019317626953
1 <---> 3 : 3.2939910888671875
2 <---> 3 : 2.9137134552001953
2 <---> 1 : 3.3218860626220703
3 <---> 2 : 3.252744674682617
3 <---> 1 : 3.2684803009033203
datapath         port     rx-pkts  rx-bytes rx-error tx-pkts  tx-bytes tx-error
---------------- -------- -------- -------- -------- -------- -------- --------
0000000000000001        1       10      868        0      138    10924        0
0000000000000001        2      156    11611        0      156    11611        0
0000000000000001        3      156    11611        0      156    11611        0
datapath         in-port  eth-dst           out-port packets  bytes
---------------- -------- ----------------- -------- -------- --------
0000000000000001        1       192.168.0.2        2        3      294
0000000000000001        1       192.168.0.3        3        3      294
0000000000000001        2       192.168.0.1        1        4      392
0000000000000001        3       192.168.0.1        1        4      392
datapath         port     rx-pkts  rx-bytes rx-error tx-pkts  tx-bytes tx-error
---------------- -------- -------- -------- -------- -------- -------- --------
0000000000000002        1       11      798        0      137    10788        0
0000000000000002        2      156    11611        0      156    11611        0
0000000000000002        3      154    11415        0      155    11485        0
datapath         in-port  eth-dst           out-port packets  bytes
---------------- -------- ----------------- -------- -------- --------
0000000000000002        1       192.168.0.1        2        4      392
0000000000000002        1       192.168.0.2        3        2      196
0000000000000002        2       192.168.0.3        1        4      392
0000000000000002        3       192.168.0.3        1        2      196
datapath         port     rx-pkts  rx-bytes rx-error tx-pkts  tx-bytes tx-error
---------------- -------- -------- -------- -------- -------- -------- --------
0000000000000003        1       11      798        0      134    10608        0
0000000000000003        2      156    11611        0      156    11611        0
0000000000000003        3      155    11485        0      154    11415        0
datapath         in-port  eth-dst           out-port packets  bytes
---------------- -------- ----------------- -------- -------- --------
0000000000000003        1       192.168.0.1        2        4      392
0000000000000003        1       192.168.0.3        3        1       98
0000000000000003        2       192.168.0.2        1        4      392
0000000000000003        3       192.168.0.2        1        2      196
discovery--->==================================== discovery ====================================
discovery---> cls: [(1, 2), (1, 3), (2, 3)]
discovery--->=============================================================================
==================================== link detector ====================================

----------------------------
src    dst :    delay
1 <---> 2 : 2.815723419189453
1 <---> 3 : 2.7494430541992188
2 <---> 3 : 2.150297164916992
2 <---> 1 : 3.1599998474121094
3 <---> 2 : 8.05974006652832
3 <---> 1 : 2.364635467529297
==================================== link detector ====================================

----------------------------
src    dst :    delay
1 <---> 2 : 2.926349639892578
1 <---> 3 : 2.710580825805664
2 <---> 3 : 4.001140594482422
2 <---> 1 : 3.1592845916748047
3 <---> 2 : 2.505779266357422
3 <---> 1 : 3.247976303100586
datapath         port     rx-pkts  rx-bytes rx-error tx-pkts  tx-bytes tx-error
---------------- -------- -------- -------- -------- -------- -------- --------
0000000000000001        1       10      868        0      143    11314        0
0000000000000001        2      162    11971        0      161    11911        0
0000000000000001        3      162    11971        0      161    11911        0
datapath         in-port  eth-dst           out-port packets  bytes
---------------- -------- ----------------- -------- -------- --------
0000000000000001        1       192.168.0.2        2        3      294
0000000000000001        1       192.168.0.3        3        3      294
0000000000000001        2       192.168.0.1        1        4      392
0000000000000001        3       192.168.0.1        1        4      392
datapath         port     rx-pkts  rx-bytes rx-error tx-pkts  tx-bytes tx-error
---------------- -------- -------- -------- -------- -------- -------- --------
0000000000000002        1       11      798        0      142    11178        0
0000000000000002        2      161    11911        0      162    11971        0
0000000000000002        3      160    11775        0      160    11785        0
datapath         in-port  eth-dst           out-port packets  bytes
---------------- -------- ----------------- -------- -------- --------
0000000000000002        1       192.168.0.1        2        4      392
0000000000000002        1       192.168.0.2        3        2      196
0000000000000002        2       192.168.0.3        1        4      392
0000000000000002        3       192.168.0.3        1        2      196
datapath         port     rx-pkts  rx-bytes rx-error tx-pkts  tx-bytes tx-error
---------------- -------- -------- -------- -------- -------- -------- --------
0000000000000003        1       11      798        0      139    10998        0
0000000000000003        2      161    11911        0      162    11971        0
0000000000000003        3      160    11785        0      160    11775        0
datapath         in-port  eth-dst           out-port packets  bytes
---------------- -------- ----------------- -------- -------- --------
0000000000000003        1       192.168.0.1        2        4      392
0000000000000003        1       192.168.0.3        3        1       98
0000000000000003        2       192.168.0.2        1        4      392
0000000000000003        3       192.168.0.2        1        2      196
discovery--->==================================== discovery ====================================
discovery---> cls: [(1, 2), (1, 3), (2, 3)]
discovery--->=============================================================================
==================================== link detector ====================================

----------------------------
src    dst :    delay
1 <---> 2 : 3.3118724822998047
1 <---> 3 : 3.373861312866211
2 <---> 3 : 3.39508056640625
2 <---> 1 : 3.3674240112304688
3 <---> 2 : 3.3037662506103516
3 <---> 1 : 3.360748291015625
==================================== link detector ====================================

----------------------------
src    dst :    delay
1 <---> 2 : 3.487825393676758
1 <---> 3 : 3.453493118286133
2 <---> 3 : 3.623485565185547
2 <---> 1 : 2.6102066040039062
3 <---> 2 : 3.6895275115966797
3 <---> 1 : 3.5712718963623047
datapath         port     rx-pkts  rx-bytes rx-error tx-pkts  tx-bytes tx-error
---------------- -------- -------- -------- -------- -------- -------- --------
0000000000000002        1       11      798        0      148    11646        0
0000000000000002        2      167    12271        0      167    12271        0
0000000000000002        3      167    12205        0      166    12145        0
datapath         in-port  eth-dst           out-port packets  bytes
---------------- -------- ----------------- -------- -------- --------
0000000000000002        1       192.168.0.1        2        4      392
0000000000000002        1       192.168.0.2        3        2      196
0000000000000002        2       192.168.0.3        1        4      392
0000000000000002        3       192.168.0.3        1        2      196
datapath         port     rx-pkts  rx-bytes rx-error tx-pkts  tx-bytes tx-error
---------------- -------- -------- -------- -------- -------- -------- --------
0000000000000001        1       10      868        0      149    11782        0
0000000000000001        2      168    12331        0      167    12271        0
0000000000000001        3      167    12271        0      167    12271        0
datapath         in-port  eth-dst           out-port packets  bytes
---------------- -------- ----------------- -------- -------- --------
0000000000000001        1       192.168.0.2        2        3      294
0000000000000001        1       192.168.0.3        3        3      294
0000000000000001        2       192.168.0.1        1        4      392
0000000000000001        3       192.168.0.1        1        4      392
datapath         port     rx-pkts  rx-bytes rx-error tx-pkts  tx-bytes tx-error
---------------- -------- -------- -------- -------- -------- -------- --------
0000000000000003        1       11      798        0      145    11466        0
0000000000000003        2      167    12271        0      168    12331        0
0000000000000003        3      166    12145        0      167    12205        0
datapath         in-port  eth-dst           out-port packets  bytes
---------------- -------- ----------------- -------- -------- --------
0000000000000003        1       192.168.0.1        2        4      392
0000000000000003        1       192.168.0.3        3        1       98
0000000000000003        2       192.168.0.2        1        4      392
0000000000000003        3       192.168.0.2        1        2      196
discovery--->==================================== discovery ====================================
discovery---> cls: [(1, 2), (1, 3), (2, 3)]
discovery--->=============================================================================
==================================== link detector ====================================

----------------------------
src    dst :    delay
1 <---> 2 : 2.3584365844726562
1 <---> 3 : 2.2025108337402344
2 <---> 3 : 2.376556396484375
2 <---> 1 : 2.103567123413086
3 <---> 2 : 2.2902488708496094
3 <---> 1 : 2.297639846801758
datapath         port     rx-pkts  rx-bytes rx-error tx-pkts  tx-bytes tx-error
---------------- -------- -------- -------- -------- -------- -------- --------
0000000000000001        1       10      868        0      154    12172        0
0000000000000001        2      173    12631        0      172    12571        0
0000000000000001        3      173    12631        0      173    12641        0
datapath         in-port  eth-dst           out-port packets  bytes
---------------- -------- ----------------- -------- -------- --------
0000000000000001        1       192.168.0.2        2        3      294
0000000000000001        1       192.168.0.3        3        3      294
0000000000000001        2       192.168.0.1        1        4      392
0000000000000001        3       192.168.0.1        1        4      392
datapath         port     rx-pkts  rx-bytes rx-error tx-pkts  tx-bytes tx-error
---------------- -------- -------- -------- -------- -------- -------- --------
0000000000000002        1       11      798        0      153    12036        0
0000000000000002        2      173    12641        0      173    12631        0
0000000000000002        3      172    12505        0      171    12445        0
datapath         in-port  eth-dst           out-port packets  bytes
---------------- -------- ----------------- -------- -------- --------
0000000000000002        1       192.168.0.1        2        4      392
0000000000000002        1       192.168.0.2        3        2      196
0000000000000002        2       192.168.0.3        1        4      392
0000000000000002        3       192.168.0.3        1        2      196
datapath         port     rx-pkts  rx-bytes rx-error tx-pkts  tx-bytes tx-error
---------------- -------- -------- -------- -------- -------- -------- --------
0000000000000003        1       11      798        0      150    11856        0
0000000000000003        2      172    12571        0      173    12631        0
0000000000000003        3      171    12445        0      172    12505        0
datapath         in-port  eth-dst           out-port packets  bytes
---------------- -------- ----------------- -------- -------- --------
0000000000000003        1       192.168.0.1        2        4      392
0000000000000003        1       192.168.0.3        3        1       98
0000000000000003        2       192.168.0.2        1        4      392
0000000000000003        3       192.168.0.2        1        2      196
discovery--->==================================== discovery ====================================
discovery---> cls: [(1, 2), (1, 3), (2, 3)]
discovery--->=============================================================================
==================================== link detector ====================================

----------------------------
src    dst :    delay
1 <---> 2 : 3.505706787109375
1 <---> 3 : 3.268003463745117
2 <---> 3 : 3.335237503051758
2 <---> 1 : 3.397226333618164
3 <---> 2 : 3.9708614349365234
3 <---> 1 : 3.445148468017578
==================================== link detector ====================================

----------------------------
src    dst :    delay
1 <---> 2 : 3.597736358642578
1 <---> 3 : 3.7598609924316406
2 <---> 3 : 3.746509552001953
2 <---> 1 : 3.549337387084961
3 <---> 2 : 4.202842712402344
3 <---> 1 : 3.187417984008789
datapath         port     rx-pkts  rx-bytes rx-error tx-pkts  tx-bytes tx-error
---------------- -------- -------- -------- -------- -------- -------- --------
0000000000000001        1       10      868        0      160    12640        0
0000000000000001        2      180    13194        0      179    13134        0
0000000000000001        3      181    13264        0      180    13204        0
datapath         in-port  eth-dst           out-port packets  bytes
---------------- -------- ----------------- -------- -------- --------
0000000000000001        1       192.168.0.2        2        3      294
0000000000000001        1       192.168.0.3        3        3      294
0000000000000001        2       192.168.0.1        1        4      392
0000000000000001        3       192.168.0.1        1        4      392
datapath         port     rx-pkts  rx-bytes rx-error tx-pkts  tx-bytes tx-error
---------------- -------- -------- -------- -------- -------- -------- --------
0000000000000003        1       11      798        0      156    12324        0
0000000000000003        2      179    13134        0      180    13194        0
0000000000000003        3      178    13008        0      179    13068        0
datapath         in-port  eth-dst           out-port packets  bytes
---------------- -------- ----------------- -------- -------- --------
0000000000000003        1       192.168.0.1        2        4      392
0000000000000003        1       192.168.0.3        3        1       98
0000000000000003        2       192.168.0.2        1        4      392
0000000000000003        3       192.168.0.2        1        2      196
datapath         port     rx-pkts  rx-bytes rx-error tx-pkts  tx-bytes tx-error
---------------- -------- -------- -------- -------- -------- -------- --------
0000000000000002        1       11      798        0      159    12504        0
0000000000000002        2      180    13204        0      181    13264        0
0000000000000002        3      179    13068        0      178    13008        0
datapath         in-port  eth-dst           out-port packets  bytes
---------------- -------- ----------------- -------- -------- --------
0000000000000002        1       192.168.0.1        2        4      392
0000000000000002        1       192.168.0.2        3        2      196
0000000000000002        2       192.168.0.3        1        4      392
0000000000000002        3       192.168.0.3        1        2      196
discovery--->==================================== discovery ====================================
discovery---> cls: [(1, 2), (1, 3), (2, 3)]
discovery--->=============================================================================
==================================== link detector ====================================

----------------------------
src    dst :    delay
1 <---> 2 : 3.2999515533447266
1 <---> 3 : 3.5507678985595703
2 <---> 3 : 2.9006004333496094
2 <---> 1 : 3.236532211303711
3 <---> 2 : 3.6551952362060547
3 <---> 1 : 2.546548843383789
datapath         port     rx-pkts  rx-bytes rx-error tx-pkts  tx-bytes tx-error
---------------- -------- -------- -------- -------- -------- -------- --------
0000000000000001        1       10      868        0      165    13030        0
0000000000000001        2      185    13494        0      185    13494        0
0000000000000001        3      186    13564        0      186    13564        0
datapath         in-port  eth-dst           out-port packets  bytes
---------------- -------- ----------------- -------- -------- --------
0000000000000001        1       192.168.0.2        2        3      294
0000000000000001        1       192.168.0.3        3        3      294
0000000000000001        2       192.168.0.1        1        4      392
0000000000000001        3       192.168.0.1        1        4      392
datapath         port     rx-pkts  rx-bytes rx-error tx-pkts  tx-bytes tx-error
---------------- -------- -------- -------- -------- -------- -------- --------
0000000000000003        1       11      798        0      161    12714        0
0000000000000003        2      185    13494        0      185    13494        0
0000000000000003        3      183    13308        0      184    13368        0
datapath         in-port  eth-dst           out-port packets  bytes
---------------- -------- ----------------- -------- -------- --------
0000000000000003        1       192.168.0.1        2        4      392
0000000000000003        1       192.168.0.3        3        1       98
0000000000000003        2       192.168.0.2        1        4      392
0000000000000003        3       192.168.0.2        1        2      196
datapath         port     rx-pkts  rx-bytes rx-error tx-pkts  tx-bytes tx-error
---------------- -------- -------- -------- -------- -------- -------- --------
0000000000000002        1       11      798        0      164    12894        0
0000000000000002        2      186    13564        0      186    13564        0
0000000000000002        3      184    13368        0      183    13308        0
datapath         in-port  eth-dst           out-port packets  bytes
---------------- -------- ----------------- -------- -------- --------
0000000000000002        1       192.168.0.1        2        4      392
0000000000000002        1       192.168.0.2        3        2      196
0000000000000002        2       192.168.0.3        1        4      392
0000000000000002        3       192.168.0.3        1        2      196
discovery--->==================================== discovery ====================================
discovery---> cls: [(1, 2), (1, 3), (2, 3)]
discovery--->=============================================================================
==================================== link detector ====================================

----------------------------
src    dst :    delay
1 <---> 2 : 3.108978271484375
1 <---> 3 : 3.0078887939453125
2 <---> 3 : 3.0014514923095703
2 <---> 1 : 4.355669021606445
3 <---> 2 : 3.242015838623047
3 <---> 1 : 4.239797592163086
==================================== link detector ====================================

----------------------------
src    dst :    delay
1 <---> 2 : 3.506898880004883
1 <---> 3 : 3.4825801849365234
2 <---> 3 : 3.418445587158203
2 <---> 1 : 3.495931625366211
3 <---> 2 : 3.547191619873047
3 <---> 1 : 3.4935474395751953
---> OFPPortStatus received: reason=MODIFY desc=OFPPort(port_no=1,hw_addr='10:00:00:00:00:00',name=b'ap1-wlan1',config=0,state=4,curr=0,advertised=0,supported=0,peer=0,curr_speed=0,max_speed=0)
---> OFPPortStatus received: reason=MODIFY desc=OFPPort(port_no=1,hw_addr='20:00:00:00:00:00',name=b'ap2-wlan1',config=0,state=4,curr=0,advertised=0,supported=0,peer=0,curr_speed=0,max_speed=0)
---> OFPPortStatus received: reason=MODIFY desc=OFPPort(port_no=2,hw_addr='0e:8f:95:fb:3a:b9',name=b'ap2-eth2',config=0,state=4,curr=2112,advertised=0,supported=0,peer=0,curr_speed=10000000,max_speed=0)
---> OFPPortStatus received: reason=MODIFY desc=OFPPort(port_no=2,hw_addr='4e:5f:8b:b6:f1:4b',name=b'ap1-eth2',config=0,state=4,curr=2112,advertised=0,supported=0,peer=0,curr_speed=10000000,max_speed=0)
---> OFPPortStatus received: reason=MODIFY desc=OFPPort(port_no=2,hw_addr='e2:b7:dc:6f:e5:3e',name=b'ap3-eth2',config=0,state=4,curr=2112,advertised=0,supported=0,peer=0,curr_speed=10000000,max_speed=0)
---> OFPPortStatus received: reason=MODIFY desc=OFPPort(port_no=3,hw_addr='02:23:cf:95:c7:a2',name=b'ap1-eth3',config=0,state=4,curr=2112,advertised=0,supported=0,peer=0,curr_speed=10000000,max_speed=0)
---> OFPPortStatus received: reason=MODIFY desc=OFPPort(port_no=3,hw_addr='92:23:85:00:aa:8d',name=b'ap3-eth3',config=0,state=4,curr=2112,advertised=0,supported=0,peer=0,curr_speed=10000000,max_speed=0)
---> OFPPortStatus received: reason=MODIFY desc=OFPPort(port_no=3,hw_addr='d2:38:8c:b5:af:e7',name=b'ap2-eth3',config=0,state=4,curr=2112,advertised=0,supported=0,peer=0,curr_speed=10000000,max_speed=0)
datapath         port     rx-pkts  rx-bytes rx-error tx-pkts  tx-bytes tx-error
---------------- -------- -------- -------- -------- -------- -------- --------
0000000000000001        1       10      868        0      172    13576        0
0000000000000001        2      192    13914        0      192    13924        0
0000000000000001        3      192    13924        0      191    13864        0
datapath         in-port  eth-dst           out-port packets  bytes
---------------- -------- ----------------- -------- -------- --------
0000000000000001        1       192.168.0.2        2        3      294
0000000000000001        1       192.168.0.3        3        3      294
0000000000000001        2       192.168.0.1        1        4      392
0000000000000001        3       192.168.0.1        1        4      392
datapath         port     rx-pkts  rx-bytes rx-error tx-pkts  tx-bytes tx-error
---------------- -------- -------- -------- -------- -------- -------- --------
0000000000000003        1       11      798        0      168    13260        0
0000000000000003        2      192    13924        0      192    13914        0
0000000000000003        3      189    13668        0      190    13728        0
datapath         in-port  eth-dst           out-port packets  bytes
---------------- -------- ----------------- -------- -------- --------
0000000000000003        1       192.168.0.1        2        4      392
0000000000000003        1       192.168.0.3        3        1       98
0000000000000003        2       192.168.0.2        1        4      392
0000000000000003        3       192.168.0.2        1        2      196
datapath         port     rx-pkts  rx-bytes rx-error tx-pkts  tx-bytes tx-error
---------------- -------- -------- -------- -------- -------- -------- --------
0000000000000002        1       11      798        0      170    13362        0
0000000000000002        2      191    13864        0      192    13924        0
0000000000000002        3      190    13728        0      189    13668        0
datapath         in-port  eth-dst           out-port packets  bytes
---------------- -------- ----------------- -------- -------- --------
0000000000000002        1       192.168.0.1        2        4      392
0000000000000002        1       192.168.0.2        3        2      196
0000000000000002        2       192.168.0.3        1        4      392
0000000000000002        3       192.168.0.3        1        2      196
discovery--->==================================== discovery ====================================
discovery---> cls: [(1, 2), (1, 3), (2, 3)]
discovery--->=============================================================================
==================================== link detector ====================================

----------------------------
src    dst :    delay
1 <---> 2 : 3.6678314208984375
1 <---> 3 : 2.9876232147216797
2 <---> 3 : 2.95257568359375
2 <---> 1 : 3.4418106079101562
3 <---> 2 : 3.1478404998779297
3 <---> 1 : 2.92205810546875
datapath         port     rx-pkts  rx-bytes rx-error tx-pkts  tx-bytes tx-error
---------------- -------- -------- -------- -------- -------- -------- --------
0000000000000001        1       10      868        0      177    13966        0
0000000000000001        2      197    14214        0      197    14224        0
0000000000000001        3      198    14284        0      197    14224        0
datapath         in-port  eth-dst           out-port packets  bytes
---------------- -------- ----------------- -------- -------- --------
0000000000000001        1       192.168.0.2        2        3      294
0000000000000001        1       192.168.0.3        3        3      294
0000000000000001        2       192.168.0.1        1        4      392
0000000000000001        3       192.168.0.1        1        4      392
datapath         port     rx-pkts  rx-bytes rx-error tx-pkts  tx-bytes tx-error
---------------- -------- -------- -------- -------- -------- -------- --------
0000000000000003        1       11      798        0      173    13650        0
0000000000000003        2      197    14224        0      197    14214        0
0000000000000003        3      195    14028        0      196    14088        0
datapath         in-port  eth-dst           out-port packets  bytes
---------------- -------- ----------------- -------- -------- --------
0000000000000003        1       192.168.0.1        2        4      392
0000000000000003        1       192.168.0.3        3        1       98
0000000000000003        2       192.168.0.2        1        4      392
0000000000000003        3       192.168.0.2        1        2      196
datapath         port     rx-pkts  rx-bytes rx-error tx-pkts  tx-bytes tx-error
---------------- -------- -------- -------- -------- -------- -------- --------
0000000000000002        1       11      798        0      175    13752        0
0000000000000002        2      197    14224        0      198    14284        0
0000000000000002        3      196    14088        0      195    14028        0
datapath         in-port  eth-dst           out-port packets  bytes
---------------- -------- ----------------- -------- -------- --------
0000000000000002        1       192.168.0.1        2        4      392
0000000000000002        1       192.168.0.2        3        2      196
0000000000000002        2       192.168.0.3        1        4      392
0000000000000002        3       192.168.0.3        1        2      196
discovery--->==================================== discovery ====================================
discovery---> cls: [(1, 2), (1, 3), (2, 3)]
discovery--->=============================================================================
==================================== link detector ====================================

----------------------------
src    dst :    delay
1 <---> 2 : 3.7593841552734375
1 <---> 3 : 3.4036636352539062
2 <---> 3 : 2.6068687438964844
2 <---> 1 : 2.825498580932617
3 <---> 2 : 2.2237300872802734
3 <---> 1 : 2.8715133666992188
==================================== link detector ====================================

----------------------------
src    dst :    delay
1 <---> 2 : 3.9272308349609375
1 <---> 3 : 2.5784969329833984
2 <---> 3 : 2.295255661010742
2 <---> 1 : 4.214763641357422
3 <---> 2 : 2.636432647705078
3 <---> 1 : 4.49824333190918
datapath         port     rx-pkts  rx-bytes rx-error tx-pkts  tx-bytes tx-error
---------------- -------- -------- -------- -------- -------- -------- --------
0000000000000001        1       10      868        0      183    14434        0
0000000000000001        2      204    14644        0      203    14584        0
0000000000000001        3      204    14644        0      203    14584        0
datapath         in-port  eth-dst           out-port packets  bytes
---------------- -------- ----------------- -------- -------- --------
0000000000000001        1       192.168.0.2        2        3      294
0000000000000001        1       192.168.0.3        3        3      294
0000000000000001        2       192.168.0.1        1        4      392
0000000000000001        3       192.168.0.1        1        4      392
datapath         port     rx-pkts  rx-bytes rx-error tx-pkts  tx-bytes tx-error
---------------- -------- -------- -------- -------- -------- -------- --------
0000000000000002        1       11      798        0      181    14220        0
0000000000000002        2      203    14584        0      204    14644        0
0000000000000002        3      201    14388        0      200    14328        0
datapath         in-port  eth-dst           out-port packets  bytes
---------------- -------- ----------------- -------- -------- --------
0000000000000002        1       192.168.0.1        2        4      392
0000000000000002        1       192.168.0.2        3        2      196
0000000000000002        2       192.168.0.3        1        4      392
0000000000000002        3       192.168.0.3        1        2      196
datapath         port     rx-pkts  rx-bytes rx-error tx-pkts  tx-bytes tx-error
---------------- -------- -------- -------- -------- -------- -------- --------
0000000000000003        1       11      798        0      179    14118        0
0000000000000003        2      203    14584        0      204    14644        0
0000000000000003        3      200    14328        0      201    14388        0
datapath         in-port  eth-dst           out-port packets  bytes
---------------- -------- ----------------- -------- -------- --------
0000000000000003        1       192.168.0.1        2        4      392
0000000000000003        1       192.168.0.3        3        1       98
0000000000000003        2       192.168.0.2        1        4      392
0000000000000003        3       192.168.0.2        1        2      196
discovery--->==================================== discovery ====================================
discovery---> cls: [(1, 2), (1, 3), (2, 3)]
discovery--->=============================================================================
==================================== link detector ====================================

----------------------------
src    dst :    delay
1 <---> 2 : 2.9828548431396484
1 <---> 3 : 3.0546188354492188
2 <---> 3 : 3.646373748779297
2 <---> 1 : 4.036426544189453
3 <---> 2 : 3.286600112915039
3 <---> 1 : 3.556489944458008
==================================== link detector ====================================

----------------------------
src    dst :    delay
1 <---> 2 : 2.8471946716308594
1 <---> 3 : 2.836465835571289
2 <---> 3 : 3.4093856811523438
2 <---> 1 : 2.791881561279297
3 <---> 2 : 2.713441848754883
3 <---> 1 : 2.8748512268066406
datapath         port     rx-pkts  rx-bytes rx-error tx-pkts  tx-bytes tx-error
---------------- -------- -------- -------- -------- -------- -------- --------
0000000000000001        1       10      868        0      188    14824        0
0000000000000001        2      209    14944        0      208    14884        0
0000000000000001        3      209    14944        0      208    14884        0
datapath         in-port  eth-dst           out-port packets  bytes
---------------- -------- ----------------- -------- -------- --------
0000000000000001        1       192.168.0.2        2        3      294
0000000000000001        1       192.168.0.3        3        3      294
0000000000000001        2       192.168.0.1        1        4      392
0000000000000001        3       192.168.0.1        1        4      392
datapath         port     rx-pkts  rx-bytes rx-error tx-pkts  tx-bytes tx-error
---------------- -------- -------- -------- -------- -------- -------- --------
0000000000000002        1       11      798        0      187    14688        0
0000000000000002        2      208    14884        0      209    14944        0
0000000000000002        3      207    14748        0      206    14688        0
datapath         in-port  eth-dst           out-port packets  bytes
---------------- -------- ----------------- -------- -------- --------
0000000000000002        1       192.168.0.1        2        4      392
0000000000000002        1       192.168.0.2        3        2      196
0000000000000002        2       192.168.0.3        1        4      392
0000000000000002        3       192.168.0.3        1        2      196
datapath         port     rx-pkts  rx-bytes rx-error tx-pkts  tx-bytes tx-error
---------------- -------- -------- -------- -------- -------- -------- --------
0000000000000003        1       11      798        0      184    14508        0
0000000000000003        2      208    14884        0      209    14944        0
0000000000000003        3      206    14688        0      207    14748        0
datapath         in-port  eth-dst           out-port packets  bytes
---------------- -------- ----------------- -------- -------- --------
0000000000000003        1       192.168.0.1        2        4      392
0000000000000003        1       192.168.0.3        3        1       98
0000000000000003        2       192.168.0.2        1        4      392
0000000000000003        3       192.168.0.2        1        2      196
discovery--->==================================== discovery ====================================
discovery---> cls: [(1, 2), (1, 3), (2, 3)]
discovery--->=============================================================================
==================================== link detector ====================================

----------------------------
src    dst :    delay
1 <---> 2 : 3.108978271484375
1 <---> 3 : 3.200531005859375
2 <---> 3 : 3.5524368286132812
2 <---> 1 : 3.156423568725586
3 <---> 2 : 3.138303756713867
3 <---> 1 : 3.7767887115478516
datapath         port     rx-pkts  rx-bytes rx-error tx-pkts  tx-bytes tx-error
---------------- -------- -------- -------- -------- -------- -------- --------
0000000000000001        1       10      868        0      194    15292        0
0000000000000001        2      215    15304        0      214    15244        0
0000000000000001        3      215    15304        0      214    15244        0
datapath         in-port  eth-dst           out-port packets  bytes
---------------- -------- ----------------- -------- -------- --------
0000000000000001        1       192.168.0.2        2        3      294
0000000000000001        1       192.168.0.3        3        3      294
0000000000000001        2       192.168.0.1        1        4      392
0000000000000001        3       192.168.0.1        1        4      392
datapath         port     rx-pkts  rx-bytes rx-error tx-pkts  tx-bytes tx-error
---------------- -------- -------- -------- -------- -------- -------- --------
0000000000000002        1       11      798        0      192    15078        0
0000000000000002        2      214    15244        0      215    15304        0
0000000000000002        3      212    15048        0      212    15048        0
datapath         in-port  eth-dst           out-port packets  bytes
---------------- -------- ----------------- -------- -------- --------
0000000000000002        1       192.168.0.1        2        4      392
0000000000000002        1       192.168.0.2        3        2      196
0000000000000002        2       192.168.0.3        1        4      392
0000000000000002        3       192.168.0.3        1        2      196
datapath         port     rx-pkts  rx-bytes rx-error tx-pkts  tx-bytes tx-error
---------------- -------- -------- -------- -------- -------- -------- --------
0000000000000003        1       11      798        0      190    14976        0
0000000000000003        2      214    15244        0      215    15304        0
0000000000000003        3      212    15048        0      212    15048        0
datapath         in-port  eth-dst           out-port packets  bytes
---------------- -------- ----------------- -------- -------- --------
0000000000000003        1       192.168.0.1        2        4      392
0000000000000003        1       192.168.0.3        3        1       98
0000000000000003        2       192.168.0.2        1        4      392
0000000000000003        3       192.168.0.2        1        2      196
discovery--->==================================== discovery ====================================
discovery---> cls: [(1, 2), (1, 3), (2, 3)]
discovery--->=============================================================================
==================================== link detector ====================================

----------------------------
src    dst :    delay
1 <---> 2 : 2.919435501098633
1 <---> 3 : 3.2117366790771484
2 <---> 3 : 3.242015838623047
2 <---> 1 : 3.660440444946289
3 <---> 2 : 3.2663345336914062
3 <---> 1 : 4.064083099365234
==================================== link detector ====================================

----------------------------
src    dst :    delay
1 <---> 2 : 2.763986587524414
1 <---> 3 : 3.964662551879883
2 <---> 3 : 4.015207290649414
2 <---> 1 : 4.554033279418945
3 <---> 2 : 4.4612884521484375
3 <---> 1 : 3.220796585083008
datapath         port     rx-pkts  rx-bytes rx-error tx-pkts  tx-bytes tx-error
---------------- -------- -------- -------- -------- -------- -------- --------
0000000000000001        1       10      868        0      199    15682        0
0000000000000001        2      220    15604        0      219    15544        0
0000000000000001        3      220    15604        0      219    15544        0
datapath         in-port  eth-dst           out-port packets  bytes
---------------- -------- ----------------- -------- -------- --------
0000000000000001        1       192.168.0.2        2        3      294
0000000000000001        1       192.168.0.3        3        3      294
0000000000000001        2       192.168.0.1        1        4      392
0000000000000001        3       192.168.0.1        1        4      392
datapath         port     rx-pkts  rx-bytes rx-error tx-pkts  tx-bytes tx-error
---------------- -------- -------- -------- -------- -------- -------- --------
0000000000000002        1       11      798        0      198    15546        0
0000000000000002        2      219    15544        0      220    15604        0
0000000000000002        3      218    15408        0      217    15348        0
datapath         in-port  eth-dst           out-port packets  bytes
---------------- -------- ----------------- -------- -------- --------
0000000000000002        1       192.168.0.1        2        4      392
0000000000000002        1       192.168.0.2        3        2      196
0000000000000002        2       192.168.0.3        1        4      392
0000000000000002        3       192.168.0.3        1        2      196
datapath         port     rx-pkts  rx-bytes rx-error tx-pkts  tx-bytes tx-error
---------------- -------- -------- -------- -------- -------- -------- --------
0000000000000003        1       11      798        0      195    15366        0
0000000000000003        2      219    15544        0      220    15604        0
0000000000000003        3      217    15348        0      218    15408        0
datapath         in-port  eth-dst           out-port packets  bytes
---------------- -------- ----------------- -------- -------- --------
0000000000000003        1       192.168.0.1        2        4      392
0000000000000003        1       192.168.0.3        3        1       98
0000000000000003        2       192.168.0.2        1        4      392
0000000000000003        3       192.168.0.2        1        2      196
discovery--->==================================== discovery ====================================
discovery---> cls: [(1, 2), (1, 3), (2, 3)]
discovery--->=============================================================================
==================================== link detector ====================================

----------------------------
src    dst :    delay
1 <---> 2 : 2.6645660400390625
1 <---> 3 : 2.8848648071289062
2 <---> 3 : 2.9621124267578125
2 <---> 1 : 4.336118698120117
3 <---> 2 : 4.032611846923828
3 <---> 1 : 2.9299259185791016
datapath         port     rx-pkts  rx-bytes rx-error tx-pkts  tx-bytes tx-error
---------------- -------- -------- -------- -------- -------- -------- --------
0000000000000001        1       10      868        0      205    16150        0
0000000000000001        2      226    15964        0      225    15904        0
0000000000000001        3      226    15964        0      225    15904        0
datapath         in-port  eth-dst           out-port packets  bytes
---------------- -------- ----------------- -------- -------- --------
0000000000000001        1       192.168.0.2        2        3      294
0000000000000001        1       192.168.0.3        3        3      294
0000000000000001        2       192.168.0.1        1        4      392
0000000000000001        3       192.168.0.1        1        4      392
datapath         port     rx-pkts  rx-bytes rx-error tx-pkts  tx-bytes tx-error
---------------- -------- -------- -------- -------- -------- -------- --------
0000000000000002        1       11      798        0      203    15936        0
0000000000000002        2      225    15904        0      226    15964        0
0000000000000002        3      224    15768        0      223    15708        0
datapath         in-port  eth-dst           out-port packets  bytes
---------------- -------- ----------------- -------- -------- --------
0000000000000002        1       192.168.0.1        2        4      392
0000000000000002        1       192.168.0.2        3        2      196
0000000000000002        2       192.168.0.3        1        4      392
0000000000000002        3       192.168.0.3        1        2      196
datapath         port     rx-pkts  rx-bytes rx-error tx-pkts  tx-bytes tx-error
---------------- -------- -------- -------- -------- -------- -------- --------
0000000000000003        1       11      798        0      201    15834        0
0000000000000003        2      225    15904        0      226    15964        0
0000000000000003        3      223    15708        0      224    15768        0
datapath         in-port  eth-dst           out-port packets  bytes
---------------- -------- ----------------- -------- -------- --------
0000000000000003        1       192.168.0.1        2        4      392
0000000000000003        1       192.168.0.3        3        1       98
0000000000000003        2       192.168.0.2        1        4      392
0000000000000003        3       192.168.0.2        1        2      196
discovery--->==================================== discovery ====================================
discovery---> cls: [(1, 2), (1, 3), (2, 3)]
discovery--->=============================================================================
==================================== link detector ====================================

----------------------------
src    dst :    delay
1 <---> 2 : 4.128217697143555
1 <---> 3 : 3.103494644165039
2 <---> 3 : 2.6755332946777344
2 <---> 1 : 2.8700828552246094
3 <---> 2 : 2.6922225952148438
3 <---> 1 : 3.5772323608398438
==================================== link detector ====================================

----------------------------
src    dst :    delay
1 <---> 2 : 3.8909912109375
1 <---> 3 : 3.2982826232910156
2 <---> 3 : 3.467559814453125
2 <---> 1 : 3.5943984985351562
3 <---> 2 : 2.9611587524414062
3 <---> 1 : 2.739429473876953
datapath         port     rx-pkts  rx-bytes rx-error tx-pkts  tx-bytes tx-error
---------------- -------- -------- -------- -------- -------- -------- --------
0000000000000001        1       10      868        0      211    16618        0
0000000000000001        2      231    16264        0      230    16204        0
0000000000000001        3      231    16264        0      230    16204        0
datapath         in-port  eth-dst           out-port packets  bytes
---------------- -------- ----------------- -------- -------- --------
0000000000000001        1       192.168.0.2        2        3      294
0000000000000001        1       192.168.0.3        3        3      294
0000000000000001        2       192.168.0.1        1        4      392
0000000000000001        3       192.168.0.1        1        4      392
datapath         port     rx-pkts  rx-bytes rx-error tx-pkts  tx-bytes tx-error
---------------- -------- -------- -------- -------- -------- -------- --------
0000000000000003        1       11      798        0      206    16224        0
0000000000000003        2      230    16204        0      231    16264        0
0000000000000003        3      228    16008        0      229    16068        0
datapath         in-port  eth-dst           out-port packets  bytes
---------------- -------- ----------------- -------- -------- --------
0000000000000003        1       192.168.0.1        2        4      392
0000000000000003        1       192.168.0.3        3        1       98
0000000000000003        2       192.168.0.2        1        4      392
0000000000000003        3       192.168.0.2        1        2      196
datapath         port     rx-pkts  rx-bytes rx-error tx-pkts  tx-bytes tx-error
---------------- -------- -------- -------- -------- -------- -------- --------
0000000000000002        1       11      798        0      209    16404        0
0000000000000002        2      230    16204        0      231    16264        0
0000000000000002        3      229    16068        0      228    16008        0
datapath         in-port  eth-dst           out-port packets  bytes
---------------- -------- ----------------- -------- -------- --------
0000000000000002        1       192.168.0.1        2        4      392
0000000000000002        1       192.168.0.2        3        2      196
0000000000000002        2       192.168.0.3        1        4      392
0000000000000002        3       192.168.0.3        1        2      196
discovery--->==================================== discovery ====================================
discovery---> cls: [(1, 2), (1, 3), (2, 3)]
discovery--->=============================================================================
==================================== link detector ====================================

----------------------------
src    dst :    delay
1 <---> 2 : 3.6907196044921875
1 <---> 3 : 2.640247344970703
2 <---> 3 : 2.8221607208251953
2 <---> 1 : 3.1723976135253906
3 <---> 2 : 2.8460025787353516
3 <---> 1 : 3.5076141357421875
==================================== link detector ====================================

----------------------------
src    dst :    delay
1 <---> 2 : 2.1882057189941406
1 <---> 3 : 2.5894641876220703
2 <---> 3 : 2.796649932861328
2 <---> 1 : 2.15911865234375
3 <---> 2 : 3.818035125732422
3 <---> 1 : 2.729177474975586
datapath         port     rx-pkts  rx-bytes rx-error tx-pkts  tx-bytes tx-error
---------------- -------- -------- -------- -------- -------- -------- --------
0000000000000001        1       10      868        0      216    17008        0
0000000000000001        2      237    16624        0      236    16564        0
0000000000000001        3      237    16624        0      236    16564        0
datapath         in-port  eth-dst           out-port packets  bytes
---------------- -------- ----------------- -------- -------- --------
0000000000000001        1       192.168.0.2        2        3      294
0000000000000001        1       192.168.0.3        3        3      294
0000000000000001        2       192.168.0.1        1        4      392
0000000000000001        3       192.168.0.1        1        4      392
datapath         port     rx-pkts  rx-bytes rx-error tx-pkts  tx-bytes tx-error
---------------- -------- -------- -------- -------- -------- -------- --------
0000000000000003        1       11      798        0      212    16692        0
0000000000000003        2      236    16564        0      237    16624        0
0000000000000003        3      234    16368        0      235    16428        0
datapath         in-port  eth-dst           out-port packets  bytes
---------------- -------- ----------------- -------- -------- --------
0000000000000003        1       192.168.0.1        2        4      392
0000000000000003        1       192.168.0.3        3        1       98
0000000000000003        2       192.168.0.2        1        4      392
0000000000000003        3       192.168.0.2        1        2      196
datapath         port     rx-pkts  rx-bytes rx-error tx-pkts  tx-bytes tx-error
---------------- -------- -------- -------- -------- -------- -------- --------
0000000000000002        1       11      798        0      214    16794        0
0000000000000002        2      236    16564        0      237    16624        0
0000000000000002        3      235    16428        0      234    16368        0
datapath         in-port  eth-dst           out-port packets  bytes
---------------- -------- ----------------- -------- -------- --------
0000000000000002        1       192.168.0.1        2        4      392
0000000000000002        1       192.168.0.2        3        2      196
0000000000000002        2       192.168.0.3        1        4      392
0000000000000002        3       192.168.0.3        1        2      196
discovery--->==================================== discovery ====================================
discovery---> cls: [(1, 2), (1, 3), (2, 3)]
discovery--->=============================================================================
==================================== link detector ====================================

----------------------------
src    dst :    delay
1 <---> 2 : 2.5823116302490234
1 <---> 3 : 2.4650096893310547
2 <---> 3 : 3.5126209259033203
2 <---> 1 : 2.4378299713134766
3 <---> 2 : 3.3273696899414062
3 <---> 1 : 2.602100372314453
datapath         port     rx-pkts  rx-bytes rx-error tx-pkts  tx-bytes tx-error
---------------- -------- -------- -------- -------- -------- -------- --------
0000000000000001        1       10      868        0      222    17476        0
0000000000000001        2      243    16984        0      241    16864        0
0000000000000001        3      242    16924        0      241    16864        0
datapath         in-port  eth-dst           out-port packets  bytes
---------------- -------- ----------------- -------- -------- --------
0000000000000001        1       192.168.0.2        2        3      294
0000000000000001        1       192.168.0.3        3        3      294
0000000000000001        2       192.168.0.1        1        4      392
0000000000000001        3       192.168.0.1        1        4      392
datapath         port     rx-pkts  rx-bytes rx-error tx-pkts  tx-bytes tx-error
---------------- -------- -------- -------- -------- -------- -------- --------
0000000000000002        1       11      798        0      220    17262        0
0000000000000002        2      241    16864        0      242    16924        0
0000000000000002        3      240    16728        0      239    16668        0
datapath         in-port  eth-dst           out-port packets  bytes
---------------- -------- ----------------- -------- -------- --------
0000000000000002        1       192.168.0.1        2        4      392
0000000000000002        1       192.168.0.2        3        2      196
0000000000000002        2       192.168.0.3        1        4      392
0000000000000002        3       192.168.0.3        1        2      196
datapath         port     rx-pkts  rx-bytes rx-error tx-pkts  tx-bytes tx-error
---------------- -------- -------- -------- -------- -------- -------- --------
0000000000000003        1       11      798        0      218    17160        0
0000000000000003        2      241    16864        0      243    16984        0
0000000000000003        3      239    16668        0      240    16728        0
datapath         in-port  eth-dst           out-port packets  bytes
---------------- -------- ----------------- -------- -------- --------
0000000000000003        1       192.168.0.1        2        4      392
0000000000000003        1       192.168.0.3        3        1       98
0000000000000003        2       192.168.0.2        1        4      392
0000000000000003        3       192.168.0.2        1        2      196
discovery--->==================================== discovery ====================================
discovery---> cls: [(1, 2), (1, 3), (2, 3)]
discovery--->=============================================================================
==================================== link detector ====================================

----------------------------
src    dst :    delay
1 <---> 2 : 3.0019283294677734
1 <---> 3 : 3.160238265991211
2 <---> 3 : 3.4036636352539062
2 <---> 1 : 3.1719207763671875
3 <---> 2 : 2.391338348388672
3 <---> 1 : 4.166364669799805
==================================== link detector ====================================

----------------------------
src    dst :    delay
1 <---> 2 : 3.755807876586914
1 <---> 3 : 3.529787063598633
2 <---> 3 : 3.795146942138672
2 <---> 1 : 2.7878284454345703
3 <---> 2 : 2.576589584350586
3 <---> 1 : 2.8591156005859375
datapath         port     rx-pkts  rx-bytes rx-error tx-pkts  tx-bytes tx-error
---------------- -------- -------- -------- -------- -------- -------- --------
0000000000000001        1       10      868        0      227    17866        0
0000000000000001        2      248    17284        0      247    17224        0
0000000000000001        3      248    17284        0      247    17224        0
datapath         in-port  eth-dst           out-port packets  bytes
---------------- -------- ----------------- -------- -------- --------
0000000000000001        1       192.168.0.2        2        3      294
0000000000000001        1       192.168.0.3        3        3      294
0000000000000001        2       192.168.0.1        1        4      392
0000000000000001        3       192.168.0.1        1        4      392
datapath         port     rx-pkts  rx-bytes rx-error tx-pkts  tx-bytes tx-error
---------------- -------- -------- -------- -------- -------- -------- --------
0000000000000002        1       11      798        0      225    17652        0
0000000000000002        2      247    17224        0      248    17284        0
0000000000000002        3      246    17088        0      245    17028        0
datapath         in-port  eth-dst           out-port packets  bytes
---------------- -------- ----------------- -------- -------- --------
0000000000000002        1       192.168.0.1        2        4      392
0000000000000002        1       192.168.0.2        3        2      196
0000000000000002        2       192.168.0.3        1        4      392
0000000000000002        3       192.168.0.3        1        2      196
datapath         port     rx-pkts  rx-bytes rx-error tx-pkts  tx-bytes tx-error
---------------- -------- -------- -------- -------- -------- -------- --------
0000000000000003        1       11      798        0      223    17550        0
0000000000000003        2      247    17224        0      248    17284        0
0000000000000003        3      245    17028        0      246    17088        0
datapath         in-port  eth-dst           out-port packets  bytes
---------------- -------- ----------------- -------- -------- --------
0000000000000003        1       192.168.0.1        2        4      392
0000000000000003        1       192.168.0.3        3        1       98
0000000000000003        2       192.168.0.2        1        4      392
0000000000000003        3       192.168.0.2        1        2      196
discovery--->==================================== discovery ====================================
discovery---> cls: [(1, 2), (1, 3), (2, 3)]
discovery--->=============================================================================
==================================== link detector ====================================

----------------------------
src    dst :    delay
1 <---> 2 : 3.232240676879883
1 <---> 3 : 4.295110702514648
2 <---> 3 : 3.4749507904052734
2 <---> 1 : 4.472494125366211
3 <---> 2 : 3.038644790649414
3 <---> 1 : 2.6383399963378906
datapath         port     rx-pkts  rx-bytes rx-error tx-pkts  tx-bytes tx-error
---------------- -------- -------- -------- -------- -------- -------- --------
0000000000000001        1       10      868        0      233    18334        0
0000000000000001        2      254    17644        0      253    17584        0
0000000000000001        3      254    17644        0      252    17524        0
datapath         in-port  eth-dst           out-port packets  bytes
---------------- -------- ----------------- -------- -------- --------
0000000000000001        1       192.168.0.2        2        3      294
0000000000000001        1       192.168.0.3        3        3      294
0000000000000001        2       192.168.0.1        1        4      392
0000000000000001        3       192.168.0.1        1        4      392
datapath         port     rx-pkts  rx-bytes rx-error tx-pkts  tx-bytes tx-error
---------------- -------- -------- -------- -------- -------- -------- --------
0000000000000002        1       11      798        0      231    18120        0
0000000000000002        2      252    17524        0      254    17644        0
0000000000000002        3      251    17388        0      250    17328        0
datapath         in-port  eth-dst           out-port packets  bytes
---------------- -------- ----------------- -------- -------- --------
0000000000000002        1       192.168.0.1        2        4      392
0000000000000002        1       192.168.0.2        3        2      196
0000000000000002        2       192.168.0.3        1        4      392
0000000000000002        3       192.168.0.3        1        2      196
datapath         port     rx-pkts  rx-bytes rx-error tx-pkts  tx-bytes tx-error
---------------- -------- -------- -------- -------- -------- -------- --------
0000000000000003        1       11      798        0      229    18018        0
0000000000000003        2      253    17584        0      254    17644        0
0000000000000003        3      250    17328        0      251    17388        0
datapath         in-port  eth-dst           out-port packets  bytes
---------------- -------- ----------------- -------- -------- --------
0000000000000003        1       192.168.0.1        2        4      392
0000000000000003        1       192.168.0.3        3        1       98
0000000000000003        2       192.168.0.2        1        4      392
0000000000000003        3       192.168.0.2        1        2      196
discovery--->==================================== discovery ====================================
discovery---> cls: [(1, 2), (1, 3), (2, 3)]
discovery--->=============================================================================
==================================== link detector ====================================

----------------------------
src    dst :    delay
1 <---> 2 : 3.143787384033203
1 <---> 3 : 3.0519962310791016
2 <---> 3 : 3.7994384765625
2 <---> 1 : 3.268003463745117
3 <---> 2 : 3.9505958557128906
3 <---> 1 : 4.06956672668457
==================================== link detector ====================================

----------------------------
src    dst :    delay
1 <---> 2 : 4.163980484008789
1 <---> 3 : 4.012584686279297
2 <---> 3 : 3.472566604614258
2 <---> 1 : 2.9833316802978516
3 <---> 2 : 2.7565956115722656
3 <---> 1 : 3.785848617553711
datapath         port     rx-pkts  rx-bytes rx-error tx-pkts  tx-bytes tx-error
---------------- -------- -------- -------- -------- -------- -------- --------
0000000000000001        1       10      868        0      238    18724        0
0000000000000001        2      259    17944        0      258    17884        0
0000000000000001        3      259    17944        0      258    17884        0
datapath         in-port  eth-dst           out-port packets  bytes
---------------- -------- ----------------- -------- -------- --------
0000000000000001        1       192.168.0.2        2        3      294
0000000000000001        1       192.168.0.3        3        3      294
0000000000000001        2       192.168.0.1        1        4      392
0000000000000001        3       192.168.0.1        1        4      392
datapath         port     rx-pkts  rx-bytes rx-error tx-pkts  tx-bytes tx-error
---------------- -------- -------- -------- -------- -------- -------- --------
0000000000000003        1       11      798        0      234    18408        0
0000000000000003        2      258    17884        0      259    17944        0
0000000000000003        3      256    17688        0      257    17748        0
datapath         in-port  eth-dst           out-port packets  bytes
---------------- -------- ----------------- -------- -------- --------
0000000000000003        1       192.168.0.1        2        4      392
0000000000000003        1       192.168.0.3        3        1       98
0000000000000003        2       192.168.0.2        1        4      392
0000000000000003        3       192.168.0.2        1        2      196
datapath         port     rx-pkts  rx-bytes rx-error tx-pkts  tx-bytes tx-error
---------------- -------- -------- -------- -------- -------- -------- --------
0000000000000002        1       11      798        0      237    18588        0
0000000000000002        2      258    17884        0      259    17944        0
0000000000000002        3      257    17748        0      256    17688        0
datapath         in-port  eth-dst           out-port packets  bytes
---------------- -------- ----------------- -------- -------- --------
0000000000000002        1       192.168.0.1        2        4      392
0000000000000002        1       192.168.0.2        3        2      196
0000000000000002        2       192.168.0.3        1        4      392
0000000000000002        3       192.168.0.3        1        2      196
discovery--->==================================== discovery ====================================
discovery---> cls: [(1, 2), (1, 3), (2, 3)]
discovery--->=============================================================================
==================================== link detector ====================================

----------------------------
src    dst :    delay
1 <---> 2 : 3.2913684844970703
1 <---> 3 : 3.4575462341308594
2 <---> 3 : 3.391742706298828
2 <---> 1 : 3.354787826538086
3 <---> 2 : 3.3447742462158203
3 <---> 1 : 2.9571056365966797
==================================== link detector ====================================

----------------------------
src    dst :    delay
1 <---> 2 : 3.4291744232177734
1 <---> 3 : 3.0078887939453125
2 <---> 3 : 4.399776458740234
2 <---> 1 : 3.2258033752441406
3 <---> 2 : 3.4317970275878906
3 <---> 1 : 3.771543502807617
datapath         port     rx-pkts  rx-bytes rx-error tx-pkts  tx-bytes tx-error
---------------- -------- -------- -------- -------- -------- -------- --------
0000000000000001        1       10      868        0      244    19192        0
0000000000000001        2      265    18304        0      264    18244        0
0000000000000001        3      265    18304        0      264    18244        0
datapath         in-port  eth-dst           out-port packets  bytes
---------------- -------- ----------------- -------- -------- --------
0000000000000001        1       192.168.0.2        2        3      294
0000000000000001        1       192.168.0.3        3        3      294
0000000000000001        2       192.168.0.1        1        4      392
0000000000000001        3       192.168.0.1        1        4      392
datapath         port     rx-pkts  rx-bytes rx-error tx-pkts  tx-bytes tx-error
---------------- -------- -------- -------- -------- -------- -------- --------
0000000000000002        1       11      798        0      242    18978        0
0000000000000002        2      264    18244        0      265    18304        0
0000000000000002        3      262    18048        0      262    18048        0
datapath         in-port  eth-dst           out-port packets  bytes
---------------- -------- ----------------- -------- -------- --------
0000000000000002        1       192.168.0.1        2        4      392
0000000000000002        1       192.168.0.2        3        2      196
0000000000000002        2       192.168.0.3        1        4      392
0000000000000002        3       192.168.0.3        1        2      196
datapath         port     rx-pkts  rx-bytes rx-error tx-pkts  tx-bytes tx-error
---------------- -------- -------- -------- -------- -------- -------- --------
0000000000000003        1       11      798        0      240    18876        0
0000000000000003        2      264    18244        0      265    18304        0
0000000000000003        3      262    18048        0      262    18048        0
datapath         in-port  eth-dst           out-port packets  bytes
---------------- -------- ----------------- -------- -------- --------
0000000000000003        1       192.168.0.1        2        4      392
0000000000000003        1       192.168.0.3        3        1       98
0000000000000003        2       192.168.0.2        1        4      392
0000000000000003        3       192.168.0.2        1        2      196
discovery--->==================================== discovery ====================================
discovery---> cls: [(1, 2), (1, 3), (2, 3)]
discovery--->=============================================================================
==================================== link detector ====================================

----------------------------
src    dst :    delay
1 <---> 2 : 2.8085708618164062
1 <---> 3 : 2.8960704803466797
2 <---> 3 : 2.873659133911133
2 <---> 1 : 2.8395652770996094
3 <---> 2 : 3.413677215576172
3 <---> 1 : 3.058910369873047
datapath         port     rx-pkts  rx-bytes rx-error tx-pkts  tx-bytes tx-error
---------------- -------- -------- -------- -------- -------- -------- --------
0000000000000001        1       10      868        0      249    19582        0
0000000000000001        2      270    18604        0      269    18544        0
0000000000000001        3      270    18604        0      269    18544        0
datapath         in-port  eth-dst           out-port packets  bytes
---------------- -------- ----------------- -------- -------- --------
0000000000000001        1       192.168.0.2        2        3      294
0000000000000001        1       192.168.0.3        3        3      294
0000000000000001        2       192.168.0.1        1        4      392
0000000000000001        3       192.168.0.1        1        4      392
datapath         port     rx-pkts  rx-bytes rx-error tx-pkts  tx-bytes tx-error
---------------- -------- -------- -------- -------- -------- -------- --------
0000000000000003        1       11      798        0      245    19266        0
0000000000000003        2      269    18544        0      270    18604        0
0000000000000003        3      267    18348        0      268    18408        0
datapath         in-port  eth-dst           out-port packets  bytes
---------------- -------- ----------------- -------- -------- --------
0000000000000003        1       192.168.0.1        2        4      392
0000000000000003        1       192.168.0.3        3        1       98
0000000000000003        2       192.168.0.2        1        4      392
0000000000000003        3       192.168.0.2        1        2      196
datapath         port     rx-pkts  rx-bytes rx-error tx-pkts  tx-bytes tx-error
---------------- -------- -------- -------- -------- -------- -------- --------
0000000000000002        1       11      798        0      248    19446        0
0000000000000002        2      269    18544        0      270    18604        0
0000000000000002        3      268    18408        0      267    18348        0
datapath         in-port  eth-dst           out-port packets  bytes
---------------- -------- ----------------- -------- -------- --------
0000000000000002        1       192.168.0.1        2        4      392
0000000000000002        1       192.168.0.2        3        2      196
0000000000000002        2       192.168.0.3        1        4      392
0000000000000002        3       192.168.0.3        1        2      196
discovery--->==================================== discovery ====================================
discovery---> cls: [(1, 2), (1, 3), (2, 3)]
discovery--->=============================================================================
==================================== link detector ====================================

----------------------------
src    dst :    delay
1 <---> 2 : 3.2033920288085938
1 <---> 3 : 3.0667781829833984
2 <---> 3 : 2.9048919677734375
2 <---> 1 : 2.870798110961914
3 <---> 2 : 3.1816959381103516
3 <---> 1 : 3.558635711669922
==================================== link detector ====================================

----------------------------
src    dst :    delay
1 <---> 2 : 4.684686660766602
1 <---> 3 : 2.397775650024414
2 <---> 3 : 3.793954849243164
2 <---> 1 : 2.5823116302490234
3 <---> 2 : 2.7713775634765625
3 <---> 1 : 2.875804901123047
datapath         port     rx-pkts  rx-bytes rx-error tx-pkts  tx-bytes tx-error
---------------- -------- -------- -------- -------- -------- -------- --------
0000000000000002        1       11      798        0      253    19836        0
0000000000000002        2      275    18904        0      276    18964        0
0000000000000002        3      274    18768        0      273    18708        0
datapath         in-port  eth-dst           out-port packets  bytes
---------------- -------- ----------------- -------- -------- --------
0000000000000002        1       192.168.0.1        2        4      392
0000000000000002        1       192.168.0.2        3        2      196
0000000000000002        2       192.168.0.3        1        4      392
0000000000000002        3       192.168.0.3        1        2      196
datapath         port     rx-pkts  rx-bytes rx-error tx-pkts  tx-bytes tx-error
---------------- -------- -------- -------- -------- -------- -------- --------
0000000000000003        1       11      798        0      251    19734        0
0000000000000003        2      275    18904        0      276    18964        0
0000000000000003        3      273    18708        0      274    18768        0
datapath         in-port  eth-dst           out-port packets  bytes
---------------- -------- ----------------- -------- -------- --------
0000000000000003        1       192.168.0.1        2        4      392
0000000000000003        1       192.168.0.3        3        1       98
0000000000000003        2       192.168.0.2        1        4      392
0000000000000003        3       192.168.0.2        1        2      196
datapath         port     rx-pkts  rx-bytes rx-error tx-pkts  tx-bytes tx-error
---------------- -------- -------- -------- -------- -------- -------- --------
0000000000000001        1       10      868        0      255    20050        0
0000000000000001        2      276    18964        0      275    18904        0
0000000000000001        3      276    18964        0      275    18904        0
datapath         in-port  eth-dst           out-port packets  bytes
---------------- -------- ----------------- -------- -------- --------
0000000000000001        1       192.168.0.2        2        3      294
0000000000000001        1       192.168.0.3        3        3      294
0000000000000001        2       192.168.0.1        1        4      392
0000000000000001        3       192.168.0.1        1        4      392
discovery--->==================================== discovery ====================================
discovery---> cls: [(1, 2), (1, 3), (2, 3)]
discovery--->=============================================================================
==================================== link detector ====================================

----------------------------
src    dst :    delay
1 <---> 2 : 3.0143260955810547
1 <---> 3 : 2.9478073120117188
2 <---> 3 : 6.140470504760742
2 <---> 1 : 3.0601024627685547
3 <---> 2 : 3.591775894165039
3 <---> 1 : 2.681732177734375
datapath         port     rx-pkts  rx-bytes rx-error tx-pkts  tx-bytes tx-error
---------------- -------- -------- -------- -------- -------- -------- --------
0000000000000001        1       10      868        0      261    20518        0
0000000000000001        2      281    19264        0      280    19204        0
0000000000000001        3      281    19264        0      280    19204        0
datapath         in-port  eth-dst           out-port packets  bytes
---------------- -------- ----------------- -------- -------- --------
0000000000000001        1       192.168.0.2        2        3      294
0000000000000001        1       192.168.0.3        3        3      294
0000000000000001        2       192.168.0.1        1        4      392
0000000000000001        3       192.168.0.1        1        4      392
datapath         port     rx-pkts  rx-bytes rx-error tx-pkts  tx-bytes tx-error
---------------- -------- -------- -------- -------- -------- -------- --------
0000000000000002        1       11      798        0      259    20304        0
0000000000000002        2      280    19204        0      281    19264        0
0000000000000002        3      279    19068        0      279    19078        0
datapath         in-port  eth-dst           out-port packets  bytes
---------------- -------- ----------------- -------- -------- --------
0000000000000002        1       192.168.0.1        2        4      392
0000000000000002        1       192.168.0.2        3        2      196
0000000000000002        2       192.168.0.3        1        4      392
0000000000000002        3       192.168.0.3        1        2      196
datapath         port     rx-pkts  rx-bytes rx-error tx-pkts  tx-bytes tx-error
---------------- -------- -------- -------- -------- -------- -------- --------
0000000000000003        1       11      798        0      256    20124        0
0000000000000003        2      280    19204        0      281    19264        0
0000000000000003        3      279    19078        0      279    19068        0
datapath         in-port  eth-dst           out-port packets  bytes
---------------- -------- ----------------- -------- -------- --------
0000000000000003        1       192.168.0.1        2        4      392
0000000000000003        1       192.168.0.3        3        1       98
0000000000000003        2       192.168.0.2        1        4      392
0000000000000003        3       192.168.0.2        1        2      196
discovery--->==================================== discovery ====================================
discovery---> cls: [(1, 2), (1, 3), (2, 3)]
discovery--->=============================================================================
==================================== link detector ====================================

----------------------------
src    dst :    delay
1 <---> 2 : 4.092693328857422
1 <---> 3 : 3.296375274658203
2 <---> 3 : 2.701997756958008
2 <---> 1 : 3.278970718383789
3 <---> 2 : 3.4956932067871094
3 <---> 1 : 3.5431385040283203
==================================== link detector ====================================

----------------------------
src    dst :    delay
1 <---> 2 : 3.920316696166992
1 <---> 3 : 3.9565563201904297
2 <---> 3 : 3.2672882080078125
2 <---> 1 : 3.4551620483398438
3 <---> 2 : 3.249645233154297
3 <---> 1 : 3.4503936767578125
datapath         port     rx-pkts  rx-bytes rx-error tx-pkts  tx-bytes tx-error
---------------- -------- -------- -------- -------- -------- -------- --------
0000000000000001        1       10      868        0      266    20908        0
0000000000000001        2      287    19624        0      286    19564        0
0000000000000001        3      287    19624        0      286    19564        0
datapath         in-port  eth-dst           out-port packets  bytes
---------------- -------- ----------------- -------- -------- --------
0000000000000001        1       192.168.0.2        2        3      294
0000000000000001        1       192.168.0.3        3        3      294
0000000000000001        2       192.168.0.1        1        4      392
0000000000000001        3       192.168.0.1        1        4      392
datapath         port     rx-pkts  rx-bytes rx-error tx-pkts  tx-bytes tx-error
---------------- -------- -------- -------- -------- -------- -------- --------
0000000000000002        1       11      798        0      264    20694        0
0000000000000002        2      286    19564        0      287    19624        0
0000000000000002        3      285    19428        0      285    19438        0
datapath         in-port  eth-dst           out-port packets  bytes
---------------- -------- ----------------- -------- -------- --------
0000000000000002        1       192.168.0.1        2        4      392
0000000000000002        1       192.168.0.2        3        2      196
0000000000000002        2       192.168.0.3        1        4      392
0000000000000002        3       192.168.0.3        1        2      196
datapath         port     rx-pkts  rx-bytes rx-error tx-pkts  tx-bytes tx-error
---------------- -------- -------- -------- -------- -------- -------- --------
0000000000000003        1       11      798        0      262    20592        0
0000000000000003        2      286    19564        0      287    19624        0
0000000000000003        3      285    19438        0      285    19428        0
datapath         in-port  eth-dst           out-port packets  bytes
---------------- -------- ----------------- -------- -------- --------
0000000000000003        1       192.168.0.1        2        4      392
0000000000000003        1       192.168.0.3        3        1       98
0000000000000003        2       192.168.0.2        1        4      392
0000000000000003        3       192.168.0.2        1        2      196
discovery--->==================================== discovery ====================================
discovery---> cls: [(1, 2), (1, 3), (2, 3)]
discovery--->=============================================================================
==================================== link detector ====================================

----------------------------
src    dst :    delay
1 <---> 2 : 2.9206275939941406
1 <---> 3 : 3.4928321838378906
2 <---> 3 : 2.895832061767578
2 <---> 1 : 2.924680709838867
3 <---> 2 : 3.306865692138672
3 <---> 1 : 3.448009490966797
datapath         port     rx-pkts  rx-bytes rx-error tx-pkts  tx-bytes tx-error
---------------- -------- -------- -------- -------- -------- -------- --------
0000000000000001        1       10      868        0      272    21376        0
0000000000000001        2      293    19984        0      291    19864        0
0000000000000001        3      292    19924        0      291    19864        0
datapath         in-port  eth-dst           out-port packets  bytes
---------------- -------- ----------------- -------- -------- --------
0000000000000001        1       192.168.0.2        2        3      294
0000000000000001        1       192.168.0.3        3        3      294
0000000000000001        2       192.168.0.1        1        4      392
0000000000000001        3       192.168.0.1        1        4      392
datapath         port     rx-pkts  rx-bytes rx-error tx-pkts  tx-bytes tx-error
---------------- -------- -------- -------- -------- -------- -------- --------
0000000000000003        1       11      798        0      267    20982        0
0000000000000003        2      291    19864        0      293    19984        0
0000000000000003        3      290    19738        0      290    19728        0
datapath         in-port  eth-dst           out-port packets  bytes
---------------- -------- ----------------- -------- -------- --------
0000000000000003        1       192.168.0.1        2        4      392
0000000000000003        1       192.168.0.3        3        1       98
0000000000000003        2       192.168.0.2        1        4      392
0000000000000003        3       192.168.0.2        1        2      196
datapath         port     rx-pkts  rx-bytes rx-error tx-pkts  tx-bytes tx-error
---------------- -------- -------- -------- -------- -------- -------- --------
0000000000000002        1       11      798        0      270    21162        0
0000000000000002        2      291    19864        0      292    19924        0
0000000000000002        3      290    19728        0      290    19738        0
datapath         in-port  eth-dst           out-port packets  bytes
---------------- -------- ----------------- -------- -------- --------
0000000000000002        1       192.168.0.1        2        4      392
0000000000000002        1       192.168.0.2        3        2      196
0000000000000002        2       192.168.0.3        1        4      392
0000000000000002        3       192.168.0.3        1        2      196
discovery--->==================================== discovery ====================================
discovery---> cls: [(1, 2), (1, 3), (2, 3)]
discovery--->=============================================================================
==================================== link detector ====================================

----------------------------
src    dst :    delay
1 <---> 2 : 3.830432891845703
1 <---> 3 : 3.159761428833008
2 <---> 3 : 2.635478973388672
2 <---> 1 : 3.359079360961914
3 <---> 2 : 3.1571388244628906
3 <---> 1 : 3.3681392669677734
==================================== link detector ====================================

----------------------------
src    dst :    delay
1 <---> 2 : 3.152132034301758
1 <---> 3 : 3.141641616821289
2 <---> 3 : 3.8614273071289062
2 <---> 1 : 3.1156539916992188
3 <---> 2 : 3.022909164428711
3 <---> 1 : 3.4952163696289062
datapath         port     rx-pkts  rx-bytes rx-error tx-pkts  tx-bytes tx-error
---------------- -------- -------- -------- -------- -------- -------- --------
0000000000000001        1       10      868        0      277    21766        0
0000000000000001        2      298    20284        0      297    20224        0
0000000000000001        3      298    20284        0      297    20224        0
datapath         in-port  eth-dst           out-port packets  bytes
---------------- -------- ----------------- -------- -------- --------
0000000000000001        1       192.168.0.2        2        3      294
0000000000000001        1       192.168.0.3        3        3      294
0000000000000001        2       192.168.0.1        1        4      392
0000000000000001        3       192.168.0.1        1        4      392
datapath         port     rx-pkts  rx-bytes rx-error tx-pkts  tx-bytes tx-error
---------------- -------- -------- -------- -------- -------- -------- --------
0000000000000003        1       11      798        0      273    21450        0
0000000000000003        2      297    20224        0      298    20284        0
0000000000000003        3      296    20098        0      296    20088        0
datapath         in-port  eth-dst           out-port packets  bytes
---------------- -------- ----------------- -------- -------- --------
0000000000000003        1       192.168.0.1        2        4      392
0000000000000003        1       192.168.0.3        3        1       98
0000000000000003        2       192.168.0.2        1        4      392
0000000000000003        3       192.168.0.2        1        2      196
datapath         port     rx-pkts  rx-bytes rx-error tx-pkts  tx-bytes tx-error
---------------- -------- -------- -------- -------- -------- -------- --------
0000000000000002        1       11      798        0      275    21552        0
0000000000000002        2      297    20224        0      298    20284        0
0000000000000002        3      296    20088        0      296    20098        0
datapath         in-port  eth-dst           out-port packets  bytes
---------------- -------- ----------------- -------- -------- --------
0000000000000002        1       192.168.0.1        2        4      392
0000000000000002        1       192.168.0.2        3        2      196
0000000000000002        2       192.168.0.3        1        4      392
0000000000000002        3       192.168.0.3        1        2      196
discovery--->==================================== discovery ====================================
discovery---> cls: [(1, 2), (1, 3), (2, 3)]
discovery--->=============================================================================
==================================== link detector ====================================

----------------------------
src    dst :    delay
1 <---> 2 : 3.6437511444091797
1 <---> 3 : 2.877473831176758
2 <---> 3 : 3.6275386810302734
2 <---> 1 : 2.9366016387939453
3 <---> 2 : 2.9273033142089844
3 <---> 1 : 4.409551620483398
==================================== link detector ====================================

----------------------------
src    dst :    delay
1 <---> 2 : 3.3941268920898438
1 <---> 3 : 2.3360252380371094
2 <---> 3 : 3.361225128173828
2 <---> 1 : 2.6857852935791016
3 <---> 2 : 3.4799575805664062
3 <---> 1 : 2.2132396697998047
datapath         port     rx-pkts  rx-bytes rx-error tx-pkts  tx-bytes tx-error
---------------- -------- -------- -------- -------- -------- -------- --------
0000000000000001        1       10      868        0      283    22234        0
0000000000000001        2      304    20644        0      303    20584        0
0000000000000001        3      303    20584        0      302    20524        0
datapath         in-port  eth-dst           out-port packets  bytes
---------------- -------- ----------------- -------- -------- --------
0000000000000001        1       192.168.0.2        2        3      294
0000000000000001        1       192.168.0.3        3        3      294
0000000000000001        2       192.168.0.1        1        4      392
0000000000000001        3       192.168.0.1        1        4      392
datapath         port     rx-pkts  rx-bytes rx-error tx-pkts  tx-bytes tx-error
---------------- -------- -------- -------- -------- -------- -------- --------
0000000000000002        1       11      798        0      281    22020        0
0000000000000002        2      302    20524        0      303    20584        0
0000000000000002        3      302    20458        0      301    20398        0
datapath         in-port  eth-dst           out-port packets  bytes
---------------- -------- ----------------- -------- -------- --------
0000000000000002        1       192.168.0.1        2        4      392
0000000000000002        1       192.168.0.2        3        2      196
0000000000000002        2       192.168.0.3        1        4      392
0000000000000002        3       192.168.0.3        1        2      196
datapath         port     rx-pkts  rx-bytes rx-error tx-pkts  tx-bytes tx-error
---------------- -------- -------- -------- -------- -------- -------- --------
0000000000000003        1       11      798        0      279    21918        0
0000000000000003        2      303    20584        0      304    20644        0
0000000000000003        3      301    20398        0      302    20458        0
datapath         in-port  eth-dst           out-port packets  bytes
---------------- -------- ----------------- -------- -------- --------
0000000000000003        1       192.168.0.1        2        4      392
0000000000000003        1       192.168.0.3        3        1       98
0000000000000003        2       192.168.0.2        1        4      392
0000000000000003        3       192.168.0.2        1        2      196
discovery--->==================================== discovery ====================================
discovery---> cls: [(1, 2), (1, 3), (2, 3)]
discovery--->=============================================================================
==================================== link detector ====================================

----------------------------
src    dst :    delay
1 <---> 2 : 4.053354263305664
1 <---> 3 : 2.931356430053711
2 <---> 3 : 3.4627914428710938
2 <---> 1 : 3.0143260955810547
3 <---> 2 : 3.6139488220214844
3 <---> 1 : 3.9353370666503906
datapath         port     rx-pkts  rx-bytes rx-error tx-pkts  tx-bytes tx-error
---------------- -------- -------- -------- -------- -------- -------- --------
0000000000000001        1       10      868        0      288    22624        0
0000000000000001        2      309    20944        0      308    20884        0
0000000000000001        3      309    20944        0      308    20884        0
datapath         in-port  eth-dst           out-port packets  bytes
---------------- -------- ----------------- -------- -------- --------
0000000000000001        1       192.168.0.2        2        3      294
0000000000000001        1       192.168.0.3        3        3      294
0000000000000001        2       192.168.0.1        1        4      392
0000000000000001        3       192.168.0.1        1        4      392
datapath         port     rx-pkts  rx-bytes rx-error tx-pkts  tx-bytes tx-error
---------------- -------- -------- -------- -------- -------- -------- --------
0000000000000003        1       11      798        0      284    22308        0
0000000000000003        2      308    20884        0      309    20944        0
0000000000000003        3      307    20758        0      308    20818        0
datapath         in-port  eth-dst           out-port packets  bytes
---------------- -------- ----------------- -------- -------- --------
0000000000000003        1       192.168.0.1        2        4      392
0000000000000003        1       192.168.0.3        3        1       98
0000000000000003        2       192.168.0.2        1        4      392
0000000000000003        3       192.168.0.2        1        2      196
datapath         port     rx-pkts  rx-bytes rx-error tx-pkts  tx-bytes tx-error
---------------- -------- -------- -------- -------- -------- -------- --------
0000000000000002        1       11      798        0      286    22410        0
0000000000000002        2      308    20884        0      309    20944        0
0000000000000002        3      308    20818        0      307    20758        0
datapath         in-port  eth-dst           out-port packets  bytes
---------------- -------- ----------------- -------- -------- --------
0000000000000002        1       192.168.0.1        2        4      392
0000000000000002        1       192.168.0.2        3        2      196
0000000000000002        2       192.168.0.3        1        4      392
0000000000000002        3       192.168.0.3        1        2      196
discovery--->==================================== discovery ====================================
discovery---> cls: [(1, 2), (1, 3), (2, 3)]
discovery--->=============================================================================
==================================== link detector ====================================

----------------------------
src    dst :    delay
1 <---> 2 : 2.5107860565185547
1 <---> 3 : 3.9789676666259766
2 <---> 3 : 2.355813980102539
2 <---> 1 : 3.7424564361572266
3 <---> 2 : 3.7539005279541016
3 <---> 1 : 2.7098655700683594
==================================== link detector ====================================

----------------------------
src    dst :    delay
1 <---> 2 : 2.546548843383789
1 <---> 3 : 3.3211708068847656
2 <---> 3 : 2.3622512817382812
2 <---> 1 : 3.257274627685547
3 <---> 2 : 3.0105113983154297
3 <---> 1 : 3.407001495361328
datapath         port     rx-pkts  rx-bytes rx-error tx-pkts  tx-bytes tx-error
---------------- -------- -------- -------- -------- -------- -------- --------
0000000000000001        1       10      868        0      294    23092        0
0000000000000001        2      315    21304        0      314    21244        0
0000000000000001        3      315    21304        0      315    21314        0
datapath         in-port  eth-dst           out-port packets  bytes
---------------- -------- ----------------- -------- -------- --------
0000000000000001        1       192.168.0.2        2        3      294
0000000000000001        1       192.168.0.3        3        3      294
0000000000000001        2       192.168.0.1        1        4      392
0000000000000001        3       192.168.0.1        1        4      392
datapath         port     rx-pkts  rx-bytes rx-error tx-pkts  tx-bytes tx-error
---------------- -------- -------- -------- -------- -------- -------- --------
0000000000000002        1       11      798        0      292    22878        0
0000000000000002        2      315    21314        0      315    21304        0
0000000000000002        3      313    21118        0      312    21058        0
datapath         in-port  eth-dst           out-port packets  bytes
---------------- -------- ----------------- -------- -------- --------
0000000000000002        1       192.168.0.1        2        4      392
0000000000000002        1       192.168.0.2        3        2      196
0000000000000002        2       192.168.0.3        1        4      392
0000000000000002        3       192.168.0.3        1        2      196
datapath         port     rx-pkts  rx-bytes rx-error tx-pkts  tx-bytes tx-error
---------------- -------- -------- -------- -------- -------- -------- --------
0000000000000003        1       11      798        0      290    22776        0
0000000000000003        2      314    21244        0      315    21304        0
0000000000000003        3      312    21058        0      313    21118        0
datapath         in-port  eth-dst           out-port packets  bytes
---------------- -------- ----------------- -------- -------- --------
0000000000000003        1       192.168.0.1        2        4      392
0000000000000003        1       192.168.0.3        3        1       98
0000000000000003        2       192.168.0.2        1        4      392
0000000000000003        3       192.168.0.2        1        2      196
discovery--->==================================== discovery ====================================
discovery---> cls: [(1, 2), (1, 3), (2, 3)]
discovery--->=============================================================================
==================================== link detector ====================================

----------------------------
src    dst :    delay
1 <---> 2 : 3.1824111938476562
1 <---> 3 : 3.2193660736083984
2 <---> 3 : 3.3142566680908203
2 <---> 1 : 3.111600875854492
3 <---> 2 : 3.2744407653808594
3 <---> 1 : 3.5431385040283203
datapath         port     rx-pkts  rx-bytes rx-error tx-pkts  tx-bytes tx-error
---------------- -------- -------- -------- -------- -------- -------- --------
0000000000000001        1       10      868        0      299    23482        0
0000000000000001        2      321    21807        0      320    21747        0
0000000000000001        3      321    21807        0      321    21817        0
datapath         in-port  eth-dst           out-port packets  bytes
---------------- -------- ----------------- -------- -------- --------
0000000000000001        1       192.168.0.2        2        3      294
0000000000000001        1       192.168.0.3        3        3      294
0000000000000001        2       192.168.0.1        1        4      392
0000000000000001        3       192.168.0.1        1        4      392
datapath         port     rx-pkts  rx-bytes rx-error tx-pkts  tx-bytes tx-error
---------------- -------- -------- -------- -------- -------- -------- --------
0000000000000003        1       11      798        0      295    23166        0
0000000000000003        2      320    21747        0      321    21807        0
0000000000000003        3      319    21621        0      320    21681        0
datapath         in-port  eth-dst           out-port packets  bytes
---------------- -------- ----------------- -------- -------- --------
0000000000000003        1       192.168.0.1        2        4      392
0000000000000003        1       192.168.0.3        3        1       98
0000000000000003        2       192.168.0.2        1        4      392
0000000000000003        3       192.168.0.2        1        2      196
datapath         port     rx-pkts  rx-bytes rx-error tx-pkts  tx-bytes tx-error
---------------- -------- -------- -------- -------- -------- -------- --------
0000000000000002        1       11      798        0      298    23346        0
0000000000000002        2      321    21817        0      321    21807        0
0000000000000002        3      320    21681        0      319    21621        0
datapath         in-port  eth-dst           out-port packets  bytes
---------------- -------- ----------------- -------- -------- --------
0000000000000002        1       192.168.0.1        2        4      392
0000000000000002        1       192.168.0.2        3        2      196
0000000000000002        2       192.168.0.3        1        4      392
0000000000000002        3       192.168.0.3        1        2      196
discovery--->==================================== discovery ====================================
discovery---> cls: [(1, 2), (1, 3), (2, 3)]
discovery--->=============================================================================
==================================== link detector ====================================

----------------------------
src    dst :    delay
1 <---> 2 : 3.2677650451660156
1 <---> 3 : 3.3135414123535156
2 <---> 3 : 3.1931400299072266
2 <---> 1 : 3.3452510833740234
3 <---> 2 : 2.98309326171875
3 <---> 1 : 2.7306079864501953
==================================== link detector ====================================

----------------------------
src    dst :    delay
1 <---> 2 : 4.1942596435546875
1 <---> 3 : 3.1790733337402344
2 <---> 3 : 4.162311553955078
2 <---> 1 : 3.111124038696289
3 <---> 2 : 3.1249523162841797
3 <---> 1 : 3.8895606994628906
datapath         port     rx-pkts  rx-bytes rx-error tx-pkts  tx-bytes tx-error
---------------- -------- -------- -------- -------- -------- -------- --------
0000000000000001        1       10      868        0      305    23950        0
0000000000000001        2      327    22167        0      326    22107        0
0000000000000001        3      327    22167        0      327    22177        0
datapath         in-port  eth-dst           out-port packets  bytes
---------------- -------- ----------------- -------- -------- --------
0000000000000001        1       192.168.0.2        2        3      294
0000000000000001        1       192.168.0.3        3        3      294
0000000000000001        2       192.168.0.1        1        4      392
0000000000000001        3       192.168.0.1        1        4      392
datapath         port     rx-pkts  rx-bytes rx-error tx-pkts  tx-bytes tx-error
---------------- -------- -------- -------- -------- -------- -------- --------
0000000000000002        1       11      798        0      303    23736        0
0000000000000002        2      327    22177        0      327    22167        0
0000000000000002        3      326    22041        0      325    21981        0
datapath         in-port  eth-dst           out-port packets  bytes
---------------- -------- ----------------- -------- -------- --------
0000000000000002        1       192.168.0.1        2        4      392
0000000000000002        1       192.168.0.2        3        2      196
0000000000000002        2       192.168.0.3        1        4      392
0000000000000002        3       192.168.0.3        1        2      196
datapath         port     rx-pkts  rx-bytes rx-error tx-pkts  tx-bytes tx-error
---------------- -------- -------- -------- -------- -------- -------- --------
0000000000000003        1       11      798        0      301    23634        0
0000000000000003        2      326    22107        0      327    22167        0
0000000000000003        3      325    21981        0      326    22041        0
datapath         in-port  eth-dst           out-port packets  bytes
---------------- -------- ----------------- -------- -------- --------
0000000000000003        1       192.168.0.1        2        4      392
0000000000000003        1       192.168.0.3        3        1       98
0000000000000003        2       192.168.0.2        1        4      392
0000000000000003        3       192.168.0.2        1        2      196
discovery--->==================================== discovery ====================================
discovery---> cls: [(1, 2), (1, 3), (2, 3)]
discovery--->=============================================================================
==================================== link detector ====================================

----------------------------
src    dst :    delay
1 <---> 2 : 3.185749053955078
1 <---> 3 : 3.072977066040039
2 <---> 3 : 3.563404083251953
2 <---> 1 : 3.210306167602539
3 <---> 2 : 3.1003952026367188
3 <---> 1 : 2.452373504638672
==================================== link detector ====================================

----------------------------
src    dst :    delay
1 <---> 2 : 3.734111785888672
1 <---> 3 : 4.073381423950195
2 <---> 3 : 3.578662872314453
2 <---> 1 : 2.997159957885742
3 <---> 2 : 2.908945083618164
3 <---> 1 : 2.287149429321289
datapath         port     rx-pkts  rx-bytes rx-error tx-pkts  tx-bytes tx-error
---------------- -------- -------- -------- -------- -------- -------- --------
0000000000000001        1       10      868        0      310    24340        0
0000000000000001        2      332    22467        0      331    22407        0
0000000000000001        3      332    22467        0      332    22477        0
datapath         in-port  eth-dst           out-port packets  bytes
---------------- -------- ----------------- -------- -------- --------
0000000000000001        1       192.168.0.2        2        3      294
0000000000000001        1       192.168.0.3        3        3      294
0000000000000001        2       192.168.0.1        1        4      392
0000000000000001        3       192.168.0.1        1        4      392
datapath         port     rx-pkts  rx-bytes rx-error tx-pkts  tx-bytes tx-error
---------------- -------- -------- -------- -------- -------- -------- --------
0000000000000003        1       11      798        0      306    24024        0
0000000000000003        2      331    22407        0      332    22467        0
0000000000000003        3      330    22281        0      331    22341        0
datapath         in-port  eth-dst           out-port packets  bytes
---------------- -------- ----------------- -------- -------- --------
0000000000000003        1       192.168.0.1        2        4      392
0000000000000003        1       192.168.0.3        3        1       98
0000000000000003        2       192.168.0.2        1        4      392
0000000000000003        3       192.168.0.2        1        2      196
datapath         port     rx-pkts  rx-bytes rx-error tx-pkts  tx-bytes tx-error
---------------- -------- -------- -------- -------- -------- -------- --------
0000000000000002        1       11      798        0      309    24204        0
0000000000000002        2      332    22477        0      332    22467        0
0000000000000002        3      331    22341        0      330    22281        0
datapath         in-port  eth-dst           out-port packets  bytes
---------------- -------- ----------------- -------- -------- --------
0000000000000002        1       192.168.0.1        2        4      392
0000000000000002        1       192.168.0.2        3        2      196
0000000000000002        2       192.168.0.3        1        4      392
0000000000000002        3       192.168.0.3        1        2      196
discovery--->==================================== discovery ====================================
discovery---> cls: [(1, 2), (1, 3), (2, 3)]
discovery--->=============================================================================
==================================== link detector ====================================

----------------------------
src    dst :    delay
1 <---> 2 : 4.08172607421875
1 <---> 3 : 2.7399063110351562
2 <---> 3 : 4.106760025024414
2 <---> 1 : 2.619504928588867
3 <---> 2 : 3.192424774169922
3 <---> 1 : 3.4079551696777344
datapath         port     rx-pkts  rx-bytes rx-error tx-pkts  tx-bytes tx-error
---------------- -------- -------- -------- -------- -------- -------- --------
0000000000000001        1       10      868        0      316    24808        0
0000000000000001        2      338    22827        0      337    22767        0
0000000000000001        3      338    22827        0      338    22837        0
datapath         in-port  eth-dst           out-port packets  bytes
---------------- -------- ----------------- -------- -------- --------
0000000000000001        1       192.168.0.2        2        3      294
0000000000000001        1       192.168.0.3        3        3      294
0000000000000001        2       192.168.0.1        1        4      392
0000000000000001        3       192.168.0.1        1        4      392
datapath         port     rx-pkts  rx-bytes rx-error tx-pkts  tx-bytes tx-error
---------------- -------- -------- -------- -------- -------- -------- --------
0000000000000002        1       11      798        0      314    24594        0
0000000000000002        2      338    22837        0      338    22827        0
0000000000000002        3      337    22701        0      336    22641        0
datapath         in-port  eth-dst           out-port packets  bytes
---------------- -------- ----------------- -------- -------- --------
0000000000000002        1       192.168.0.1        2        4      392
0000000000000002        1       192.168.0.2        3        2      196
0000000000000002        2       192.168.0.3        1        4      392
0000000000000002        3       192.168.0.3        1        2      196
datapath         port     rx-pkts  rx-bytes rx-error tx-pkts  tx-bytes tx-error
---------------- -------- -------- -------- -------- -------- -------- --------
0000000000000003        1       11      798        0      312    24492        0
0000000000000003        2      337    22767        0      338    22827        0
0000000000000003        3      336    22641        0      337    22701        0
datapath         in-port  eth-dst           out-port packets  bytes
---------------- -------- ----------------- -------- -------- --------
0000000000000003        1       192.168.0.1        2        4      392
0000000000000003        1       192.168.0.3        3        1       98
0000000000000003        2       192.168.0.2        1        4      392
0000000000000003        3       192.168.0.2        1        2      196
discovery--->==================================== discovery ====================================
discovery---> cls: [(1, 2), (1, 3), (2, 3)]
discovery--->=============================================================================
==================================== link detector ====================================

----------------------------
src    dst :    delay
1 <---> 2 : 3.084421157836914
1 <---> 3 : 3.1468868255615234
2 <---> 3 : 3.8716793060302734
2 <---> 1 : 3.1213760375976562
3 <---> 2 : 3.880739212036133
3 <---> 1 : 2.550840377807617
==================================== link detector ====================================

----------------------------
src    dst :    delay
1 <---> 2 : 2.5420188903808594
1 <---> 3 : 3.0014514923095703
2 <---> 3 : 3.1218528747558594
2 <---> 1 : 2.5010108947753906
3 <---> 2 : 3.3500194549560547
3 <---> 1 : 2.862215042114258
datapath         port     rx-pkts  rx-bytes rx-error tx-pkts  tx-bytes tx-error
---------------- -------- -------- -------- -------- -------- -------- --------
0000000000000001        1       10      868        0      322    25276        0
0000000000000001        2      344    23187        0      342    23067        0
0000000000000001        3      343    23127        0      343    23137        0
datapath         in-port  eth-dst           out-port packets  bytes
---------------- -------- ----------------- -------- -------- --------
0000000000000001        1       192.168.0.2        2        3      294
0000000000000001        1       192.168.0.3        3        3      294
0000000000000001        2       192.168.0.1        1        4      392
0000000000000001        3       192.168.0.1        1        4      392
datapath         port     rx-pkts  rx-bytes rx-error tx-pkts  tx-bytes tx-error
---------------- -------- -------- -------- -------- -------- -------- --------
0000000000000002        1       11      798        0      320    25062        0
0000000000000002        2      343    23137        0      343    23127        0
0000000000000002        3      342    23001        0      341    22941        0
datapath         in-port  eth-dst           out-port packets  bytes
---------------- -------- ----------------- -------- -------- --------
0000000000000002        1       192.168.0.1        2        4      392
0000000000000002        1       192.168.0.2        3        2      196
0000000000000002        2       192.168.0.3        1        4      392
0000000000000002        3       192.168.0.3        1        2      196
datapath         port     rx-pkts  rx-bytes rx-error tx-pkts  tx-bytes tx-error
---------------- -------- -------- -------- -------- -------- -------- --------
0000000000000003        1       11      798        0      317    24882        0
0000000000000003        2      342    23067        0      344    23187        0
0000000000000003        3      341    22941        0      342    23001        0
datapath         in-port  eth-dst           out-port packets  bytes
---------------- -------- ----------------- -------- -------- --------
0000000000000003        1       192.168.0.1        2        4      392
0000000000000003        1       192.168.0.3        3        1       98
0000000000000003        2       192.168.0.2        1        4      392
0000000000000003        3       192.168.0.2        1        2      196
discovery--->==================================== discovery ====================================
discovery---> cls: [(1, 2), (1, 3), (2, 3)]
discovery--->=============================================================================
==================================== link detector ====================================

----------------------------
src    dst :    delay
1 <---> 2 : 3.0786991119384766
1 <---> 3 : 3.0090808868408203
2 <---> 3 : 2.836942672729492
2 <---> 1 : 3.0167102813720703
3 <---> 2 : 4.020452499389648
3 <---> 1 : 3.0100345611572266
datapath         port     rx-pkts  rx-bytes rx-error tx-pkts  tx-bytes tx-error
---------------- -------- -------- -------- -------- -------- -------- --------
0000000000000001        1       10      868        0      327    25666        0
0000000000000001        2      349    23487        0      348    23427        0
0000000000000001        3      349    23487        0      349    23497        0
datapath         in-port  eth-dst           out-port packets  bytes
---------------- -------- ----------------- -------- -------- --------
0000000000000001        1       192.168.0.2        2        3      294
0000000000000001        1       192.168.0.3        3        3      294
0000000000000001        2       192.168.0.1        1        4      392
0000000000000001        3       192.168.0.1        1        4      392
datapath         port     rx-pkts  rx-bytes rx-error tx-pkts  tx-bytes tx-error
---------------- -------- -------- -------- -------- -------- -------- --------
0000000000000002        1       11      798        0      325    25452        0
0000000000000002        2      349    23497        0      349    23487        0
0000000000000002        3      348    23361        0      347    23301        0
datapath         in-port  eth-dst           out-port packets  bytes
---------------- -------- ----------------- -------- -------- --------
0000000000000002        1       192.168.0.1        2        4      392
0000000000000002        1       192.168.0.2        3        2      196
0000000000000002        2       192.168.0.3        1        4      392
0000000000000002        3       192.168.0.3        1        2      196
datapath         port     rx-pkts  rx-bytes rx-error tx-pkts  tx-bytes tx-error
---------------- -------- -------- -------- -------- -------- -------- --------
0000000000000003        1       11      798        0      323    25350        0
0000000000000003        2      348    23427        0      349    23487        0
0000000000000003        3      347    23301        0      348    23361        0
datapath         in-port  eth-dst           out-port packets  bytes
---------------- -------- ----------------- -------- -------- --------
0000000000000003        1       192.168.0.1        2        4      392
0000000000000003        1       192.168.0.3        3        1       98
0000000000000003        2       192.168.0.2        1        4      392
0000000000000003        3       192.168.0.2        1        2      196
discovery--->==================================== discovery ====================================
discovery---> cls: [(1, 2), (1, 3), (2, 3)]
discovery--->=============================================================================
==================================== link detector ====================================

----------------------------
src    dst :    delay
1 <---> 2 : 4.0130615234375
1 <---> 3 : 3.420114517211914
2 <---> 3 : 4.093408584594727
2 <---> 1 : 3.345489501953125
3 <---> 2 : 3.762960433959961
3 <---> 1 : 4.843235015869141
==================================== link detector ====================================

----------------------------
src    dst :    delay
1 <---> 2 : 3.313302993774414
1 <---> 3 : 3.747701644897461
2 <---> 3 : 2.842426300048828
2 <---> 1 : 4.171848297119141
3 <---> 2 : 2.9189586639404297
3 <---> 1 : 2.7091503143310547
datapath         port     rx-pkts  rx-bytes rx-error tx-pkts  tx-bytes tx-error
---------------- -------- -------- -------- -------- -------- -------- --------
0000000000000001        1       10      868        0      333    26134        0
0000000000000001        2      355    23847        0      354    23787        0
0000000000000001        3      355    23857        0      354    23797        0
datapath         in-port  eth-dst           out-port packets  bytes
---------------- -------- ----------------- -------- -------- --------
0000000000000001        1       192.168.0.2        2        3      294
0000000000000001        1       192.168.0.3        3        3      294
0000000000000001        2       192.168.0.1        1        4      392
0000000000000001        3       192.168.0.1        1        4      392
datapath         port     rx-pkts  rx-bytes rx-error tx-pkts  tx-bytes tx-error
---------------- -------- -------- -------- -------- -------- -------- --------
0000000000000003        1       11      798        0      329    25818        0
0000000000000003        2      354    23787        0      355    23847        0
0000000000000003        3      352    23601        0      353    23661        0
datapath         in-port  eth-dst           out-port packets  bytes
---------------- -------- ----------------- -------- -------- --------
0000000000000003        1       192.168.0.1        2        4      392
0000000000000003        1       192.168.0.3        3        1       98
0000000000000003        2       192.168.0.2        1        4      392
0000000000000003        3       192.168.0.2        1        2      196
datapath         port     rx-pkts  rx-bytes rx-error tx-pkts  tx-bytes tx-error
---------------- -------- -------- -------- -------- -------- -------- --------
0000000000000002        1       11      798        0      331    25920        0
0000000000000002        2      354    23797        0      355    23857        0
0000000000000002        3      353    23661        0      352    23601        0
datapath         in-port  eth-dst           out-port packets  bytes
---------------- -------- ----------------- -------- -------- --------
0000000000000002        1       192.168.0.1        2        4      392
0000000000000002        1       192.168.0.2        3        2      196
0000000000000002        2       192.168.0.3        1        4      392
0000000000000002        3       192.168.0.3        1        2      196
discovery--->==================================== discovery ====================================
discovery---> cls: [(1, 2), (1, 3), (2, 3)]
discovery--->=============================================================================
==================================== link detector ====================================

----------------------------
src    dst :    delay
1 <---> 2 : 3.104686737060547
1 <---> 3 : 3.038167953491211
2 <---> 3 : 2.955198287963867
2 <---> 1 : 3.542184829711914
3 <---> 2 : 2.865314483642578
3 <---> 1 : 2.795696258544922
datapath         port     rx-pkts  rx-bytes rx-error tx-pkts  tx-bytes tx-error
---------------- -------- -------- -------- -------- -------- -------- --------
0000000000000001        1       10      868        0      338    26524        0
0000000000000001        2      360    24147        0      359    24087        0
0000000000000001        3      361    24217        0      360    24157        0
datapath         in-port  eth-dst           out-port packets  bytes
---------------- -------- ----------------- -------- -------- --------
0000000000000001        1       192.168.0.2        2        3      294
0000000000000001        1       192.168.0.3        3        3      294
0000000000000001        2       192.168.0.1        1        4      392
0000000000000001        3       192.168.0.1        1        4      392
datapath         port     rx-pkts  rx-bytes rx-error tx-pkts  tx-bytes tx-error
---------------- -------- -------- -------- -------- -------- -------- --------
0000000000000002        1       11      798        0      336    26310        0
0000000000000002        2      360    24157        0      361    24217        0
0000000000000002        3      359    24021        0      358    23961        0
datapath         in-port  eth-dst           out-port packets  bytes
---------------- -------- ----------------- -------- -------- --------
0000000000000002        1       192.168.0.1        2        4      392
0000000000000002        1       192.168.0.2        3        2      196
0000000000000002        2       192.168.0.3        1        4      392
0000000000000002        3       192.168.0.3        1        2      196
datapath         port     rx-pkts  rx-bytes rx-error tx-pkts  tx-bytes tx-error
---------------- -------- -------- -------- -------- -------- -------- --------
0000000000000003        1       11      798        0      334    26208        0
0000000000000003        2      359    24087        0      360    24147        0
0000000000000003        3      358    23961        0      359    24021        0
datapath         in-port  eth-dst           out-port packets  bytes
---------------- -------- ----------------- -------- -------- --------
0000000000000003        1       192.168.0.1        2        4      392
0000000000000003        1       192.168.0.3        3        1       98
0000000000000003        2       192.168.0.2        1        4      392
0000000000000003        3       192.168.0.2        1        2      196
discovery--->==================================== discovery ====================================
discovery---> cls: [(1, 2), (1, 3), (2, 3)]
discovery--->=============================================================================
==================================== link detector ====================================

----------------------------
src    dst :    delay
1 <---> 2 : 3.313302993774414
1 <---> 3 : 2.9571056365966797
2 <---> 3 : 3.5011768341064453
2 <---> 1 : 2.873659133911133
3 <---> 2 : 3.580331802368164
3 <---> 1 : 3.1290054321289062
==================================== link detector ====================================

----------------------------
src    dst :    delay
1 <---> 2 : 3.551959991455078
1 <---> 3 : 2.444744110107422
2 <---> 3 : 2.909421920776367
2 <---> 1 : 2.7618408203125
3 <---> 2 : 2.155303955078125
3 <---> 1 : 3.033876419067383
datapath         port     rx-pkts  rx-bytes rx-error tx-pkts  tx-bytes tx-error
---------------- -------- -------- -------- -------- -------- -------- --------
0000000000000001        1       10      868        0      344    26992        0
0000000000000001        2      366    24507        0      365    24447        0
0000000000000001        3      367    24577        0      365    24457        0
datapath         in-port  eth-dst           out-port packets  bytes
---------------- -------- ----------------- -------- -------- --------
0000000000000001        1       192.168.0.2        2        3      294
0000000000000001        1       192.168.0.3        3        3      294
0000000000000001        2       192.168.0.1        1        4      392
0000000000000001        3       192.168.0.1        1        4      392
datapath         port     rx-pkts  rx-bytes rx-error tx-pkts  tx-bytes tx-error
---------------- -------- -------- -------- -------- -------- -------- --------
0000000000000002        1       11      798        0      342    26778        0
0000000000000002        2      365    24457        0      367    24577        0
0000000000000002        3      364    24321        0      363    24261        0
datapath         in-port  eth-dst           out-port packets  bytes
---------------- -------- ----------------- -------- -------- --------
0000000000000002        1       192.168.0.1        2        4      392
0000000000000002        1       192.168.0.2        3        2      196
0000000000000002        2       192.168.0.3        1        4      392
0000000000000002        3       192.168.0.3        1        2      196
datapath         port     rx-pkts  rx-bytes rx-error tx-pkts  tx-bytes tx-error
---------------- -------- -------- -------- -------- -------- -------- --------
0000000000000003        1       11      798        0      340    26676        0
0000000000000003        2      365    24447        0      366    24507        0
0000000000000003        3      363    24261        0      364    24321        0
datapath         in-port  eth-dst           out-port packets  bytes
---------------- -------- ----------------- -------- -------- --------
0000000000000003        1       192.168.0.1        2        4      392
0000000000000003        1       192.168.0.3        3        1       98
0000000000000003        2       192.168.0.2        1        4      392
0000000000000003        3       192.168.0.2        1        2      196
discovery--->==================================== discovery ====================================
discovery---> cls: [(1, 2), (1, 3), (2, 3)]
discovery--->=============================================================================
==================================== link detector ====================================

----------------------------
src    dst :    delay
1 <---> 2 : 3.5407543182373047
1 <---> 3 : 2.6769638061523438
2 <---> 3 : 3.458738327026367
2 <---> 1 : 2.682924270629883
3 <---> 2 : 3.467559814453125
3 <---> 1 : 3.9834976196289062
==================================== link detector ====================================

----------------------------
src    dst :    delay
1 <---> 2 : 3.941774368286133
1 <---> 3 : 3.596782684326172
2 <---> 3 : 3.5712718963623047
2 <---> 1 : 3.4193992614746094
3 <---> 2 : 3.8144588470458984
3 <---> 1 : 3.358125686645508
datapath         port     rx-pkts  rx-bytes rx-error tx-pkts  tx-bytes tx-error
---------------- -------- -------- -------- -------- -------- -------- --------
0000000000000001        1       10      868        0      349    27382        0
0000000000000001        2      372    24877        0      371    24817        0
0000000000000001        3      372    24877        0      371    24817        0
datapath         in-port  eth-dst           out-port packets  bytes
---------------- -------- ----------------- -------- -------- --------
0000000000000001        1       192.168.0.2        2        3      294
0000000000000001        1       192.168.0.3        3        3      294
0000000000000001        2       192.168.0.1        1        4      392
0000000000000001        3       192.168.0.1        1        4      392
datapath         port     rx-pkts  rx-bytes rx-error tx-pkts  tx-bytes tx-error
---------------- -------- -------- -------- -------- -------- -------- --------
0000000000000002        1       11      798        0      348    27246        0
0000000000000002        2      371    24817        0      372    24877        0
0000000000000002        3      370    24681        0      369    24621        0
datapath         in-port  eth-dst           out-port packets  bytes
---------------- -------- ----------------- -------- -------- --------
0000000000000002        1       192.168.0.1        2        4      392
0000000000000002        1       192.168.0.2        3        2      196
0000000000000002        2       192.168.0.3        1        4      392
0000000000000002        3       192.168.0.3        1        2      196
datapath         port     rx-pkts  rx-bytes rx-error tx-pkts  tx-bytes tx-error
---------------- -------- -------- -------- -------- -------- -------- --------
0000000000000003        1       11      798        0      345    27066        0
0000000000000003        2      371    24817        0      372    24877        0
0000000000000003        3      369    24621        0      370    24681        0
datapath         in-port  eth-dst           out-port packets  bytes
---------------- -------- ----------------- -------- -------- --------
0000000000000003        1       192.168.0.1        2        4      392
0000000000000003        1       192.168.0.3        3        1       98
0000000000000003        2       192.168.0.2        1        4      392
0000000000000003        3       192.168.0.2        1        2      196
discovery--->==================================== discovery ====================================
discovery---> cls: [(1, 2), (1, 3), (2, 3)]
discovery--->=============================================================================
==================================== link detector ====================================

----------------------------
src    dst :    delay
1 <---> 2 : 3.535032272338867
1 <---> 3 : 3.5080909729003906
2 <---> 3 : 3.0705928802490234
2 <---> 1 : 3.477811813354492
3 <---> 2 : 2.6340484619140625
3 <---> 1 : 2.9380321502685547
datapath         port     rx-pkts  rx-bytes rx-error tx-pkts  tx-bytes tx-error
---------------- -------- -------- -------- -------- -------- -------- --------
0000000000000001        1       10      868        0      355    27850        0
0000000000000001        2      378    25237        0      377    25177        0
0000000000000001        3      378    25237        0      377    25177        0
datapath         in-port  eth-dst           out-port packets  bytes
---------------- -------- ----------------- -------- -------- --------
0000000000000001        1       192.168.0.2        2        3      294
0000000000000001        1       192.168.0.3        3        3      294
0000000000000001        2       192.168.0.1        1        4      392
0000000000000001        3       192.168.0.1        1        4      392
datapath         port     rx-pkts  rx-bytes rx-error tx-pkts  tx-bytes tx-error
---------------- -------- -------- -------- -------- -------- -------- --------
0000000000000003        1       11      798        0      351    27534        0
0000000000000003        2      377    25177        0      378    25237        0
0000000000000003        3      375    24981        0      375    24981        0
datapath         in-port  eth-dst           out-port packets  bytes
---------------- -------- ----------------- -------- -------- --------
0000000000000003        1       192.168.0.1        2        4      392
0000000000000003        1       192.168.0.3        3        1       98
0000000000000003        2       192.168.0.2        1        4      392
0000000000000003        3       192.168.0.2        1        2      196
datapath         port     rx-pkts  rx-bytes rx-error tx-pkts  tx-bytes tx-error
---------------- -------- -------- -------- -------- -------- -------- --------
0000000000000002        1       11      798        0      353    27636        0
0000000000000002        2      377    25177        0      378    25237        0
0000000000000002        3      375    24981        0      375    24981        0
datapath         in-port  eth-dst           out-port packets  bytes
---------------- -------- ----------------- -------- -------- --------
0000000000000002        1       192.168.0.1        2        4      392
0000000000000002        1       192.168.0.2        3        2      196
0000000000000002        2       192.168.0.3        1        4      392
0000000000000002        3       192.168.0.3        1        2      196
discovery--->==================================== discovery ====================================
discovery---> cls: [(1, 2), (1, 3), (2, 3)]
discovery--->=============================================================================
==================================== link detector ====================================

----------------------------
src    dst :    delay
1 <---> 2 : 3.0341148376464844
1 <---> 3 : 2.477407455444336
2 <---> 3 : 3.1828880310058594
2 <---> 1 : 3.9911270141601562
3 <---> 2 : 3.2472610473632812
3 <---> 1 : 3.088235855102539
==================================== link detector ====================================

----------------------------
src    dst :    delay
1 <---> 2 : 3.6275386810302734
1 <---> 3 : 3.529071807861328
2 <---> 3 : 3.5402774810791016
2 <---> 1 : 3.4482479095458984
3 <---> 2 : 3.711223602294922
3 <---> 1 : 3.526449203491211
datapath         port     rx-pkts  rx-bytes rx-error tx-pkts  tx-bytes tx-error
---------------- -------- -------- -------- -------- -------- -------- --------
0000000000000001        1       10      868        0      360    28240        0
0000000000000001        2      383    25537        0      382    25477        0
0000000000000001        3      383    25537        0      382    25477        0
datapath         in-port  eth-dst           out-port packets  bytes
---------------- -------- ----------------- -------- -------- --------
0000000000000001        1       192.168.0.2        2        3      294
0000000000000001        1       192.168.0.3        3        3      294
0000000000000001        2       192.168.0.1        1        4      392
0000000000000001        3       192.168.0.1        1        4      392
datapath         port     rx-pkts  rx-bytes rx-error tx-pkts  tx-bytes tx-error
---------------- -------- -------- -------- -------- -------- -------- --------
0000000000000002        1       11      798        0      359    28104        0
0000000000000002        2      382    25477        0      383    25537        0
0000000000000002        3      381    25341        0      380    25281        0
datapath         in-port  eth-dst           out-port packets  bytes
---------------- -------- ----------------- -------- -------- --------
0000000000000002        1       192.168.0.1        2        4      392
0000000000000002        1       192.168.0.2        3        2      196
0000000000000002        2       192.168.0.3        1        4      392
0000000000000002        3       192.168.0.3        1        2      196
datapath         port     rx-pkts  rx-bytes rx-error tx-pkts  tx-bytes tx-error
---------------- -------- -------- -------- -------- -------- -------- --------
0000000000000003        1       11      798        0      356    27924        0
0000000000000003        2      382    25477        0      383    25537        0
0000000000000003        3      380    25281        0      381    25341        0
datapath         in-port  eth-dst           out-port packets  bytes
---------------- -------- ----------------- -------- -------- --------
0000000000000003        1       192.168.0.1        2        4      392
0000000000000003        1       192.168.0.3        3        1       98
0000000000000003        2       192.168.0.2        1        4      392
0000000000000003        3       192.168.0.2        1        2      196
discovery--->==================================== discovery ====================================
discovery---> cls: [(1, 2), (1, 3), (2, 3)]
discovery--->=============================================================================
==================================== link detector ====================================

----------------------------
src    dst :    delay
1 <---> 2 : 2.774477005004883
1 <---> 3 : 2.8405189514160156
2 <---> 3 : 2.443075180053711
2 <---> 1 : 4.192590713500977
3 <---> 2 : 3.622770309448242
3 <---> 1 : 3.7910938262939453
datapath         port     rx-pkts  rx-bytes rx-error tx-pkts  tx-bytes tx-error
---------------- -------- -------- -------- -------- -------- -------- --------
0000000000000001        1       10      868        0      366    28708        0
0000000000000001        2      389    25897        0      388    25837        0
0000000000000001        3      389    25897        0      388    25837        0
datapath         in-port  eth-dst           out-port packets  bytes
---------------- -------- ----------------- -------- -------- --------
0000000000000001        1       192.168.0.2        2        3      294
0000000000000001        1       192.168.0.3        3        3      294
0000000000000001        2       192.168.0.1        1        4      392
0000000000000001        3       192.168.0.1        1        4      392
datapath         port     rx-pkts  rx-bytes rx-error tx-pkts  tx-bytes tx-error
---------------- -------- -------- -------- -------- -------- -------- --------
0000000000000002        1       11      798        0      364    28494        0
0000000000000002        2      388    25837        0      389    25897        0
0000000000000002        3      387    25701        0      386    25641        0
datapath         in-port  eth-dst           out-port packets  bytes
---------------- -------- ----------------- -------- -------- --------
0000000000000002        1       192.168.0.1        2        4      392
0000000000000002        1       192.168.0.2        3        2      196
0000000000000002        2       192.168.0.3        1        4      392
0000000000000002        3       192.168.0.3        1        2      196
datapath         port     rx-pkts  rx-bytes rx-error tx-pkts  tx-bytes tx-error
---------------- -------- -------- -------- -------- -------- -------- --------
0000000000000003        1       11      798        0      362    28392        0
0000000000000003        2      388    25837        0      389    25897        0
0000000000000003        3      386    25641        0      387    25701        0
datapath         in-port  eth-dst           out-port packets  bytes
---------------- -------- ----------------- -------- -------- --------
0000000000000003        1       192.168.0.1        2        4      392
0000000000000003        1       192.168.0.3        3        1       98
0000000000000003        2       192.168.0.2        1        4      392
0000000000000003        3       192.168.0.2        1        2      196
discovery--->==================================== discovery ====================================
discovery---> cls: [(1, 2), (1, 3), (2, 3)]
discovery--->=============================================================================
==================================== link detector ====================================

----------------------------
src    dst :    delay
1 <---> 2 : 4.124641418457031
1 <---> 3 : 3.475189208984375
2 <---> 3 : 3.834962844848633
2 <---> 1 : 4.685163497924805
3 <---> 2 : 3.8709640502929688
3 <---> 1 : 3.6783218383789062
==================================== link detector ====================================

----------------------------
src    dst :    delay
1 <---> 2 : 3.052949905395508
1 <---> 3 : 2.4073123931884766
2 <---> 3 : 2.384185791015625
2 <---> 1 : 2.3164749145507812
3 <---> 2 : 2.4051666259765625
3 <---> 1 : 2.9449462890625
datapath         port     rx-pkts  rx-bytes rx-error tx-pkts  tx-bytes tx-error
---------------- -------- -------- -------- -------- -------- -------- --------
0000000000000001        1       10      868        0      372    29176        0
0000000000000001        2      394    26197        0      393    26137        0
0000000000000001        3      394    26197        0      393    26137        0
datapath         in-port  eth-dst           out-port packets  bytes
---------------- -------- ----------------- -------- -------- --------
0000000000000001        1       192.168.0.2        2        3      294
0000000000000001        1       192.168.0.3        3        3      294
0000000000000001        2       192.168.0.1        1        4      392
0000000000000001        3       192.168.0.1        1        4      392
datapath         port     rx-pkts  rx-bytes rx-error tx-pkts  tx-bytes tx-error
---------------- -------- -------- -------- -------- -------- -------- --------
0000000000000002        1       11      798        0      370    28962        0
0000000000000002        2      393    26137        0      394    26197        0
0000000000000002        3      392    26001        0      391    25941        0
datapath         in-port  eth-dst           out-port packets  bytes
---------------- -------- ----------------- -------- -------- --------
0000000000000002        1       192.168.0.1        2        4      392
0000000000000002        1       192.168.0.2        3        2      196
0000000000000002        2       192.168.0.3        1        4      392
0000000000000002        3       192.168.0.3        1        2      196
datapath         port     rx-pkts  rx-bytes rx-error tx-pkts  tx-bytes tx-error
---------------- -------- -------- -------- -------- -------- -------- --------
0000000000000003        1       11      798        0      367    28782        0
0000000000000003        2      393    26137        0      394    26197        0
0000000000000003        3      391    25941        0      392    26001        0
datapath         in-port  eth-dst           out-port packets  bytes
---------------- -------- ----------------- -------- -------- --------
0000000000000003        1       192.168.0.1        2        4      392
0000000000000003        1       192.168.0.3        3        1       98
0000000000000003        2       192.168.0.2        1        4      392
0000000000000003        3       192.168.0.2        1        2      196
discovery--->==================================== discovery ====================================
discovery---> cls: [(1, 2), (1, 3), (2, 3)]
discovery--->=============================================================================
==================================== link detector ====================================

----------------------------
src    dst :    delay
1 <---> 2 : 2.557992935180664
1 <---> 3 : 2.2630691528320312
2 <---> 3 : 2.6090145111083984
2 <---> 1 : 3.434419631958008
3 <---> 2 : 4.341602325439453
3 <---> 1 : 2.5856494903564453
==================================== link detector ====================================

----------------------------
src    dst :    delay
1 <---> 2 : 2.7875900268554688
1 <---> 3 : 3.4742355346679688
2 <---> 3 : 4.177570343017578
2 <---> 1 : 3.3845901489257812
3 <---> 2 : 3.6475658416748047
3 <---> 1 : 3.366708755493164
datapath         port     rx-pkts  rx-bytes rx-error tx-pkts  tx-bytes tx-error
---------------- -------- -------- -------- -------- -------- -------- --------
0000000000000001        1       10      868        0      377    29566        0
0000000000000001        2      400    26557        0      399    26497        0
0000000000000001        3      400    26557        0      399    26497        0
datapath         in-port  eth-dst           out-port packets  bytes
---------------- -------- ----------------- -------- -------- --------
0000000000000001        1       192.168.0.2        2        3      294
0000000000000001        1       192.168.0.3        3        3      294
0000000000000001        2       192.168.0.1        1        4      392
0000000000000001        3       192.168.0.1        1        4      392
datapath         port     rx-pkts  rx-bytes rx-error tx-pkts  tx-bytes tx-error
---------------- -------- -------- -------- -------- -------- -------- --------
0000000000000002        1       11      798        0      375    29352        0
0000000000000002        2      399    26497        0      400    26557        0
0000000000000002        3      398    26361        0      397    26301        0
datapath         in-port  eth-dst           out-port packets  bytes
---------------- -------- ----------------- -------- -------- --------
0000000000000002        1       192.168.0.1        2        4      392
0000000000000002        1       192.168.0.2        3        2      196
0000000000000002        2       192.168.0.3        1        4      392
0000000000000002        3       192.168.0.3        1        2      196
datapath         port     rx-pkts  rx-bytes rx-error tx-pkts  tx-bytes tx-error
---------------- -------- -------- -------- -------- -------- -------- --------
0000000000000003        1       11      798        0      373    29250        0
0000000000000003        2      399    26497        0      400    26557        0
0000000000000003        3      397    26301        0      398    26361        0
datapath         in-port  eth-dst           out-port packets  bytes
---------------- -------- ----------------- -------- -------- --------
0000000000000003        1       192.168.0.1        2        4      392
0000000000000003        1       192.168.0.3        3        1       98
0000000000000003        2       192.168.0.2        1        4      392
0000000000000003        3       192.168.0.2        1        2      196
discovery--->==================================== discovery ====================================
discovery---> cls: [(1, 2), (1, 3), (2, 3)]
discovery--->=============================================================================
==================================== link detector ====================================

----------------------------
src    dst :    delay
1 <---> 2 : 4.038810729980469
1 <---> 3 : 3.4852027893066406
2 <---> 3 : 4.157543182373047
2 <---> 1 : 3.4499168395996094
3 <---> 2 : 2.8235912322998047
3 <---> 1 : 3.068685531616211
datapath         port     rx-pkts  rx-bytes rx-error tx-pkts  tx-bytes tx-error
---------------- -------- -------- -------- -------- -------- -------- --------
0000000000000001        1       10      868        0      383    30034        0
0000000000000001        2      406    26917        0      404    26797        0
0000000000000001        3      405    26857        0      404    26797        0
datapath         in-port  eth-dst           out-port packets  bytes
---------------- -------- ----------------- -------- -------- --------
0000000000000001        1       192.168.0.2        2        3      294
0000000000000001        1       192.168.0.3        3        3      294
0000000000000001        2       192.168.0.1        1        4      392
0000000000000001        3       192.168.0.1        1        4      392
datapath         port     rx-pkts  rx-bytes rx-error tx-pkts  tx-bytes tx-error
---------------- -------- -------- -------- -------- -------- -------- --------
0000000000000003        1       11      798        0      379    29718        0
0000000000000003        2      404    26797        0      406    26917        0
0000000000000003        3      402    26601        0      403    26661        0
datapath         in-port  eth-dst           out-port packets  bytes
---------------- -------- ----------------- -------- -------- --------
0000000000000003        1       192.168.0.1        2        4      392
0000000000000003        1       192.168.0.3        3        1       98
0000000000000003        2       192.168.0.2        1        4      392
0000000000000003        3       192.168.0.2        1        2      196
datapath         port     rx-pkts  rx-bytes rx-error tx-pkts  tx-bytes tx-error
---------------- -------- -------- -------- -------- -------- -------- --------
0000000000000002        1       11      798        0      381    29820        0
0000000000000002        2      404    26797        0      405    26857        0
0000000000000002        3      403    26661        0      402    26601        0
datapath         in-port  eth-dst           out-port packets  bytes
---------------- -------- ----------------- -------- -------- --------
0000000000000002        1       192.168.0.1        2        4      392
0000000000000002        1       192.168.0.2        3        2      196
0000000000000002        2       192.168.0.3        1        4      392
0000000000000002        3       192.168.0.3        1        2      196
discovery--->==================================== discovery ====================================
discovery---> cls: [(1, 2), (1, 3), (2, 3)]
discovery--->=============================================================================
==================================== link detector ====================================

----------------------------
src    dst :    delay
1 <---> 2 : 3.1156539916992188
1 <---> 3 : 4.096508026123047
2 <---> 3 : 3.267526626586914
2 <---> 1 : 3.0744075775146484
3 <---> 2 : 2.4368762969970703
3 <---> 1 : 4.958868026733398
==================================== link detector ====================================

----------------------------
src    dst :    delay
1 <---> 2 : 3.996133804321289
1 <---> 3 : 2.878904342651367
2 <---> 3 : 4.110574722290039
2 <---> 1 : 2.7594566345214844
3 <---> 2 : 2.7015209197998047
3 <---> 1 : 4.068851470947266
datapath         port     rx-pkts  rx-bytes rx-error tx-pkts  tx-bytes tx-error
---------------- -------- -------- -------- -------- -------- -------- --------
0000000000000001        1       10      868        0      388    30424        0
0000000000000001        2      411    27217        0      410    27157        0
0000000000000001        3      411    27217        0      410    27157        0
datapath         in-port  eth-dst           out-port packets  bytes
---------------- -------- ----------------- -------- -------- --------
0000000000000001        1       192.168.0.2        2        3      294
0000000000000001        1       192.168.0.3        3        3      294
0000000000000001        2       192.168.0.1        1        4      392
0000000000000001        3       192.168.0.1        1        4      392
datapath         port     rx-pkts  rx-bytes rx-error tx-pkts  tx-bytes tx-error
---------------- -------- -------- -------- -------- -------- -------- --------
0000000000000003        1       11      798        0      384    30108        0
0000000000000003        2      410    27157        0      411    27217        0
0000000000000003        3      408    26961        0      409    27021        0
datapath         in-port  eth-dst           out-port packets  bytes
---------------- -------- ----------------- -------- -------- --------
0000000000000003        1       192.168.0.1        2        4      392
0000000000000003        1       192.168.0.3        3        1       98
0000000000000003        2       192.168.0.2        1        4      392
0000000000000003        3       192.168.0.2        1        2      196
datapath         port     rx-pkts  rx-bytes rx-error tx-pkts  tx-bytes tx-error
---------------- -------- -------- -------- -------- -------- -------- --------
0000000000000002        1       11      798        0      386    30210        0
0000000000000002        2      410    27157        0      411    27217        0
0000000000000002        3      409    27021        0      408    26961        0
datapath         in-port  eth-dst           out-port packets  bytes
---------------- -------- ----------------- -------- -------- --------
0000000000000002        1       192.168.0.1        2        4      392
0000000000000002        1       192.168.0.2        3        2      196
0000000000000002        2       192.168.0.3        1        4      392
0000000000000002        3       192.168.0.3        1        2      196
discovery--->==================================== discovery ====================================
discovery---> cls: [(1, 2), (1, 3), (2, 3)]
discovery--->=============================================================================
==================================== link detector ====================================

----------------------------
src    dst :    delay
1 <---> 2 : 3.0472278594970703
1 <---> 3 : 3.1104087829589844
2 <---> 3 : 3.8628578186035156
2 <---> 1 : 3.0841827392578125
3 <---> 2 : 3.8099288940429688
3 <---> 1 : 3.9968490600585938
datapath         port     rx-pkts  rx-bytes rx-error tx-pkts  tx-bytes tx-error
---------------- -------- -------- -------- -------- -------- -------- --------
0000000000000001        1       10      868        0      394    30892        0
0000000000000001        2      417    27577        0      416    27517        0
0000000000000001        3      417    27577        0      415    27457        0
datapath         in-port  eth-dst           out-port packets  bytes
---------------- -------- ----------------- -------- -------- --------
0000000000000001        1       192.168.0.2        2        3      294
0000000000000001        1       192.168.0.3        3        3      294
0000000000000001        2       192.168.0.1        1        4      392
0000000000000001        3       192.168.0.1        1        4      392
datapath         port     rx-pkts  rx-bytes rx-error tx-pkts  tx-bytes tx-error
---------------- -------- -------- -------- -------- -------- -------- --------
0000000000000002        1       11      798        0      392    30678        0
0000000000000002        2      415    27457        0      417    27577        0
0000000000000002        3      414    27321        0      413    27261        0
datapath         in-port  eth-dst           out-port packets  bytes
---------------- -------- ----------------- -------- -------- --------
0000000000000002        1       192.168.0.1        2        4      392
0000000000000002        1       192.168.0.2        3        2      196
0000000000000002        2       192.168.0.3        1        4      392
0000000000000002        3       192.168.0.3        1        2      196
datapath         port     rx-pkts  rx-bytes rx-error tx-pkts  tx-bytes tx-error
---------------- -------- -------- -------- -------- -------- -------- --------
0000000000000003        1       11      798        0      390    30576        0
0000000000000003        2      416    27517        0      417    27577        0
0000000000000003        3      413    27261        0      414    27321        0
datapath         in-port  eth-dst           out-port packets  bytes
---------------- -------- ----------------- -------- -------- --------
0000000000000003        1       192.168.0.1        2        4      392
0000000000000003        1       192.168.0.3        3        1       98
0000000000000003        2       192.168.0.2        1        4      392
0000000000000003        3       192.168.0.2        1        2      196
discovery--->==================================== discovery ====================================
discovery---> cls: [(1, 2), (1, 3), (2, 3)]
discovery--->=============================================================================
==================================== link detector ====================================

----------------------------
src    dst :    delay
1 <---> 2 : 3.167390823364258
1 <---> 3 : 3.810882568359375
2 <---> 3 : 3.220081329345703
2 <---> 1 : 3.000497817993164
3 <---> 2 : 3.150463104248047
3 <---> 1 : 3.8208961486816406
==================================== link detector ====================================

----------------------------
src    dst :    delay
1 <---> 2 : 3.536224365234375
1 <---> 3 : 3.396749496459961
2 <---> 3 : 3.569364547729492
2 <---> 1 : 3.5524368286132812
3 <---> 2 : 3.6640167236328125
3 <---> 1 : 2.7794837951660156
datapath         port     rx-pkts  rx-bytes rx-error tx-pkts  tx-bytes tx-error
---------------- -------- -------- -------- -------- -------- -------- --------
0000000000000001        1       10      868        0      399    31282        0
0000000000000001        2      422    27877        0      421    27817        0
0000000000000001        3      422    27877        0      421    27817        0
datapath         in-port  eth-dst           out-port packets  bytes
---------------- -------- ----------------- -------- -------- --------
0000000000000001        1       192.168.0.2        2        3      294
0000000000000001        1       192.168.0.3        3        3      294
0000000000000001        2       192.168.0.1        1        4      392
0000000000000001        3       192.168.0.1        1        4      392
datapath         port     rx-pkts  rx-bytes rx-error tx-pkts  tx-bytes tx-error
---------------- -------- -------- -------- -------- -------- -------- --------
0000000000000002        1       11      798        0      398    31146        0
0000000000000002        2      421    27817        0      422    27877        0
0000000000000002        3      420    27681        0      419    27621        0
datapath         in-port  eth-dst           out-port packets  bytes
---------------- -------- ----------------- -------- -------- --------
0000000000000002        1       192.168.0.1        2        4      392
0000000000000002        1       192.168.0.2        3        2      196
0000000000000002        2       192.168.0.3        1        4      392
0000000000000002        3       192.168.0.3        1        2      196
datapath         port     rx-pkts  rx-bytes rx-error tx-pkts  tx-bytes tx-error
---------------- -------- -------- -------- -------- -------- -------- --------
0000000000000003        1       11      798        0      395    30966        0
0000000000000003        2      421    27817        0      422    27877        0
0000000000000003        3      419    27621        0      420    27681        0
datapath         in-port  eth-dst           out-port packets  bytes
---------------- -------- ----------------- -------- -------- --------
0000000000000003        1       192.168.0.1        2        4      392
0000000000000003        1       192.168.0.3        3        1       98
0000000000000003        2       192.168.0.2        1        4      392
0000000000000003        3       192.168.0.2        1        2      196
discovery--->==================================== discovery ====================================
discovery---> cls: [(1, 2), (1, 3), (2, 3)]
discovery--->=============================================================================
==================================== link detector ====================================

----------------------------
src    dst :    delay
1 <---> 2 : 4.057407379150391
1 <---> 3 : 3.9610862731933594
2 <---> 3 : 3.1273365020751953
2 <---> 1 : 4.204511642456055
3 <---> 2 : 3.172159194946289
3 <---> 1 : 4.220247268676758
datapath         port     rx-pkts  rx-bytes rx-error tx-pkts  tx-bytes tx-error
---------------- -------- -------- -------- -------- -------- -------- --------
0000000000000001        1       10      868        0      405    31750        0
0000000000000001        2      428    28237        0      427    28177        0
0000000000000001        3      428    28237        0      427    28177        0
datapath         in-port  eth-dst           out-port packets  bytes
---------------- -------- ----------------- -------- -------- --------
0000000000000001        1       192.168.0.2        2        3      294
0000000000000001        1       192.168.0.3        3        3      294
0000000000000001        2       192.168.0.1        1        4      392
0000000000000001        3       192.168.0.1        1        4      392
datapath         port     rx-pkts  rx-bytes rx-error tx-pkts  tx-bytes tx-error
---------------- -------- -------- -------- -------- -------- -------- --------
0000000000000002        1       11      798        0      403    31536        0
0000000000000002        2      427    28177        0      428    28237        0
0000000000000002        3      425    27981        0      425    27981        0
datapath         in-port  eth-dst           out-port packets  bytes
---------------- -------- ----------------- -------- -------- --------
0000000000000002        1       192.168.0.1        2        4      392
0000000000000002        1       192.168.0.2        3        2      196
0000000000000002        2       192.168.0.3        1        4      392
0000000000000002        3       192.168.0.3        1        2      196
datapath         port     rx-pkts  rx-bytes rx-error tx-pkts  tx-bytes tx-error
---------------- -------- -------- -------- -------- -------- -------- --------
0000000000000003        1       11      798        0      401    31434        0
0000000000000003        2      427    28177        0      428    28237        0
0000000000000003        3      425    27981        0      425    27981        0
datapath         in-port  eth-dst           out-port packets  bytes
---------------- -------- ----------------- -------- -------- --------
0000000000000003        1       192.168.0.1        2        4      392
0000000000000003        1       192.168.0.3        3        1       98
0000000000000003        2       192.168.0.2        1        4      392
0000000000000003        3       192.168.0.2        1        2      196
discovery--->==================================== discovery ====================================
discovery---> cls: [(1, 2), (1, 3), (2, 3)]
discovery--->=============================================================================
==================================== link detector ====================================

----------------------------
src    dst :    delay
1 <---> 2 : 4.266500473022461
1 <---> 3 : 2.264738082885742
2 <---> 3 : 4.378080368041992
2 <---> 1 : 2.9621124267578125
3 <---> 2 : 2.7718544006347656
3 <---> 1 : 3.4220218658447266
==================================== link detector ====================================

----------------------------
src    dst :    delay
1 <---> 2 : 3.4494400024414062
1 <---> 3 : 3.0651092529296875
2 <---> 3 : 3.5581588745117188
2 <---> 1 : 3.393888473510742
3 <---> 2 : 3.5278797149658203
3 <---> 1 : 3.316164016723633
datapath         port     rx-pkts  rx-bytes rx-error tx-pkts  tx-bytes tx-error
---------------- -------- -------- -------- -------- -------- -------- --------
0000000000000001        1       10      868        0      410    32140        0
0000000000000001        2      433    28537        0      432    28477        0
0000000000000001        3      433    28537        0      432    28477        0
datapath         in-port  eth-dst           out-port packets  bytes
---------------- -------- ----------------- -------- -------- --------
0000000000000001        1       192.168.0.2        2        3      294
0000000000000001        1       192.168.0.3        3        3      294
0000000000000001        2       192.168.0.1        1        4      392
0000000000000001        3       192.168.0.1        1        4      392
datapath         port     rx-pkts  rx-bytes rx-error tx-pkts  tx-bytes tx-error
---------------- -------- -------- -------- -------- -------- -------- --------
0000000000000003        1       11      798        0      406    31824        0
0000000000000003        2      432    28477        0      433    28537        0
0000000000000003        3      430    28281        0      431    28341        0
datapath         port     rx-pkts  rx-bytes rx-error tx-pkts  tx-bytes tx-error
---------------- -------- -------- -------- -------- -------- -------- --------
0000000000000002        1       11      798        0      409    32004        0
0000000000000002        2      432    28477        0      433    28537        0
0000000000000002        3      431    28341        0      430    28281        0
datapath         in-port  eth-dst           out-port packets  bytes
---------------- -------- ----------------- -------- -------- --------
0000000000000002        1       192.168.0.1        2        4      392
0000000000000002        1       192.168.0.2        3        2      196
0000000000000002        2       192.168.0.3        1        4      392
0000000000000002        3       192.168.0.3        1        2      196
datapath         in-port  eth-dst           out-port packets  bytes
---------------- -------- ----------------- -------- -------- --------
0000000000000003        1       192.168.0.1        2        4      392
0000000000000003        1       192.168.0.3        3        1       98
0000000000000003        2       192.168.0.2        1        4      392
0000000000000003        3       192.168.0.2        1        2      196
discovery--->==================================== discovery ====================================
discovery---> cls: [(1, 2), (1, 3), (2, 3)]
discovery--->=============================================================================
==================================== link detector ====================================

----------------------------
src    dst :    delay
1 <---> 2 : 2.7642250061035156
1 <---> 3 : 3.8979053497314453
2 <---> 3 : 3.79180908203125
2 <---> 1 : 3.258943557739258
3 <---> 2 : 3.7758350372314453
3 <---> 1 : 3.305196762084961
==================================== link detector ====================================

----------------------------
src    dst :    delay
1 <---> 2 : 3.432750701904297
1 <---> 3 : 3.5064220428466797
2 <---> 3 : 3.786802291870117
2 <---> 1 : 3.529787063598633
3 <---> 2 : 3.803730010986328
3 <---> 1 : 3.449678421020508
datapath         port     rx-pkts  rx-bytes rx-error tx-pkts  tx-bytes tx-error
---------------- -------- -------- -------- -------- -------- -------- --------
0000000000000001        1       10      868        0      416    32608        0
0000000000000001        2      439    28897        0      438    28837        0
0000000000000001        3      439    28897        0      438    28837        0
datapath         in-port  eth-dst           out-port packets  bytes
---------------- -------- ----------------- -------- -------- --------
0000000000000001        1       192.168.0.2        2        3      294
0000000000000001        1       192.168.0.3        3        3      294
0000000000000001        2       192.168.0.1        1        4      392
0000000000000001        3       192.168.0.1        1        4      392
datapath         port     rx-pkts  rx-bytes rx-error tx-pkts  tx-bytes tx-error
---------------- -------- -------- -------- -------- -------- -------- --------
0000000000000002        1       11      798        0      414    32394        0
0000000000000002        2      438    28837        0      439    28897        0
0000000000000002        3      437    28701        0      436    28641        0
datapath         in-port  eth-dst           out-port packets  bytes
---------------- -------- ----------------- -------- -------- --------
0000000000000002        1       192.168.0.1        2        4      392
0000000000000002        1       192.168.0.2        3        2      196
0000000000000002        2       192.168.0.3        1        4      392
0000000000000002        3       192.168.0.3        1        2      196
datapath         port     rx-pkts  rx-bytes rx-error tx-pkts  tx-bytes tx-error
---------------- -------- -------- -------- -------- -------- -------- --------
0000000000000003        1       11      798        0      412    32292        0
0000000000000003        2      438    28837        0      439    28897        0
0000000000000003        3      436    28641        0      437    28701        0
datapath         in-port  eth-dst           out-port packets  bytes
---------------- -------- ----------------- -------- -------- --------
0000000000000003        1       192.168.0.1        2        4      392
0000000000000003        1       192.168.0.3        3        1       98
0000000000000003        2       192.168.0.2        1        4      392
0000000000000003        3       192.168.0.2        1        2      196
discovery--->==================================== discovery ====================================
discovery---> cls: [(1, 2), (1, 3), (2, 3)]
discovery--->=============================================================================
==================================== link detector ====================================

----------------------------
src    dst :    delay
1 <---> 2 : 2.816438674926758
1 <---> 3 : 3.5834312438964844
2 <---> 3 : 2.8955936431884766
2 <---> 1 : 3.6706924438476562
3 <---> 2 : 2.9287338256835938
3 <---> 1 : 3.573894500732422
datapath         port     rx-pkts  rx-bytes rx-error tx-pkts  tx-bytes tx-error
---------------- -------- -------- -------- -------- -------- -------- --------
0000000000000001        1       10      868        0      422    33076        0
0000000000000001        2      444    29197        0      443    29137        0
0000000000000001        3      444    29197        0      443    29137        0
datapath         in-port  eth-dst           out-port packets  bytes
---------------- -------- ----------------- -------- -------- --------
0000000000000001        1       192.168.0.2        2        3      294
0000000000000001        1       192.168.0.3        3        3      294
0000000000000001        2       192.168.0.1        1        4      392
0000000000000001        3       192.168.0.1        1        4      392
datapath         port     rx-pkts  rx-bytes rx-error tx-pkts  tx-bytes tx-error
---------------- -------- -------- -------- -------- -------- -------- --------
0000000000000003        1       11      798        0      417    32682        0
0000000000000003        2      443    29137        0      444    29197        0
0000000000000003        3      441    28941        0      442    29001        0
datapath         in-port  eth-dst           out-port packets  bytes
---------------- -------- ----------------- -------- -------- --------
0000000000000003        1       192.168.0.1        2        4      392
0000000000000003        1       192.168.0.3        3        1       98
0000000000000003        2       192.168.0.2        1        4      392
0000000000000003        3       192.168.0.2        1        2      196
datapath         port     rx-pkts  rx-bytes rx-error tx-pkts  tx-bytes tx-error
---------------- -------- -------- -------- -------- -------- -------- --------
0000000000000002        1       11      798        0      420    32862        0
0000000000000002        2      443    29137        0      444    29197        0
0000000000000002        3      442    29001        0      441    28941        0
datapath         in-port  eth-dst           out-port packets  bytes
---------------- -------- ----------------- -------- -------- --------
0000000000000002        1       192.168.0.1        2        4      392
0000000000000002        1       192.168.0.2        3        2      196
0000000000000002        2       192.168.0.3        1        4      392
0000000000000002        3       192.168.0.3        1        2      196
discovery--->==================================== discovery ====================================
discovery---> cls: [(1, 2), (1, 3), (2, 3)]
discovery--->=============================================================================
==================================== link detector ====================================

----------------------------
src    dst :    delay
1 <---> 2 : 4.263877868652344
1 <---> 3 : 2.951383590698242
2 <---> 3 : 3.111124038696289
2 <---> 1 : 4.2095184326171875
3 <---> 2 : 3.603219985961914
3 <---> 1 : 2.9358863830566406
==================================== link detector ====================================

----------------------------
src    dst :    delay
1 <---> 2 : 3.4270286560058594
1 <---> 3 : 3.070831298828125
2 <---> 3 : 3.3388137817382812
2 <---> 1 : 3.1969547271728516
3 <---> 2 : 4.036903381347656
3 <---> 1 : 3.293275833129883
datapath         port     rx-pkts  rx-bytes rx-error tx-pkts  tx-bytes tx-error
---------------- -------- -------- -------- -------- -------- -------- --------
0000000000000001        1       10      868        0      427    33466        0
0000000000000001        2      450    29557        0      449    29497        0
0000000000000001        3      450    29557        0      449    29497        0
datapath         in-port  eth-dst           out-port packets  bytes
---------------- -------- ----------------- -------- -------- --------
0000000000000001        1       192.168.0.2        2        3      294
0000000000000001        1       192.168.0.3        3        3      294
0000000000000001        2       192.168.0.1        1        4      392
0000000000000001        3       192.168.0.1        1        4      392
datapath         port     rx-pkts  rx-bytes rx-error tx-pkts  tx-bytes tx-error
---------------- -------- -------- -------- -------- -------- -------- --------
0000000000000003        1       11      798        0      423    33150        0
0000000000000003        2      449    29497        0      450    29557        0
0000000000000003        3      447    29301        0      448    29361        0
datapath         in-port  eth-dst           out-port packets  bytes
---------------- -------- ----------------- -------- -------- --------
0000000000000003        1       192.168.0.1        2        4      392
0000000000000003        1       192.168.0.3        3        1       98
0000000000000003        2       192.168.0.2        1        4      392
0000000000000003        3       192.168.0.2        1        2      196
datapath         port     rx-pkts  rx-bytes rx-error tx-pkts  tx-bytes tx-error
---------------- -------- -------- -------- -------- -------- -------- --------
0000000000000002        1       11      798        0      425    33252        0
0000000000000002        2      449    29497        0      450    29557        0
0000000000000002        3      448    29361        0      447    29301        0
datapath         in-port  eth-dst           out-port packets  bytes
---------------- -------- ----------------- -------- -------- --------
0000000000000002        1       192.168.0.1        2        4      392
0000000000000002        1       192.168.0.2        3        2      196
0000000000000002        2       192.168.0.3        1        4      392
0000000000000002        3       192.168.0.3        1        2      196
discovery--->==================================== discovery ====================================
discovery---> cls: [(1, 2), (1, 3), (2, 3)]
discovery--->=============================================================================
==================================== link detector ====================================

----------------------------
src    dst :    delay
1 <---> 2 : 2.408266067504883
1 <---> 3 : 4.097461700439453
2 <---> 3 : 3.1533241271972656
2 <---> 1 : 4.013299942016602
3 <---> 2 : 3.8750171661376953
3 <---> 1 : 3.9997100830078125
datapath         port     rx-pkts  rx-bytes rx-error tx-pkts  tx-bytes tx-error
---------------- -------- -------- -------- -------- -------- -------- --------
0000000000000001        1       10      868        0      433    33934        0
0000000000000001        2      456    29917        0      454    29797        0
0000000000000001        3      455    29857        0      454    29797        0
datapath         in-port  eth-dst           out-port packets  bytes
---------------- -------- ----------------- -------- -------- --------
0000000000000001        1       192.168.0.2        2        3      294
0000000000000001        1       192.168.0.3        3        3      294
0000000000000001        2       192.168.0.1        1        4      392
0000000000000001        3       192.168.0.1        1        4      392
datapath         port     rx-pkts  rx-bytes rx-error tx-pkts  tx-bytes tx-error
---------------- -------- -------- -------- -------- -------- -------- --------
0000000000000003        1       11      798        0      428    33540        0
0000000000000003        2      454    29797        0      456    29917        0
0000000000000003        3      452    29601        0      453    29661        0
datapath         in-port  eth-dst           out-port packets  bytes
---------------- -------- ----------------- -------- -------- --------
0000000000000003        1       192.168.0.1        2        4      392
0000000000000003        1       192.168.0.3        3        1       98
0000000000000003        2       192.168.0.2        1        4      392
0000000000000003        3       192.168.0.2        1        2      196
datapath         port     rx-pkts  rx-bytes rx-error tx-pkts  tx-bytes tx-error
---------------- -------- -------- -------- -------- -------- -------- --------
0000000000000002        1       11      798        0      431    33720        0
0000000000000002        2      454    29797        0      455    29857        0
0000000000000002        3      453    29661        0      452    29601        0
datapath         in-port  eth-dst           out-port packets  bytes
---------------- -------- ----------------- -------- -------- --------
0000000000000002        1       192.168.0.1        2        4      392
0000000000000002        1       192.168.0.2        3        2      196
0000000000000002        2       192.168.0.3        1        4      392
0000000000000002        3       192.168.0.3        1        2      196
discovery--->==================================== discovery ====================================
discovery---> cls: [(1, 2), (1, 3), (2, 3)]
discovery--->=============================================================================
==================================== link detector ====================================

----------------------------
src    dst :    delay
1 <---> 2 : 3.221273422241211
1 <---> 3 : 2.5882720947265625
2 <---> 3 : 3.298521041870117
2 <---> 1 : 2.933979034423828
3 <---> 2 : 4.418373107910156
3 <---> 1 : 3.8154125213623047
==================================== link detector ====================================

----------------------------
src    dst :    delay
1 <---> 2 : 4.021644592285156
1 <---> 3 : 4.324436187744141
2 <---> 3 : 4.215240478515625
2 <---> 1 : 4.230260848999023
3 <---> 2 : 2.729654312133789
3 <---> 1 : 4.280805587768555
datapath         port     rx-pkts  rx-bytes rx-error tx-pkts  tx-bytes tx-error
---------------- -------- -------- -------- -------- -------- -------- --------
0000000000000001        1       10      868        0      438    34324        0
0000000000000001        2      461    30217        0      460    30157        0
0000000000000001        3      461    30217        0      460    30157        0
datapath         in-port  eth-dst           out-port packets  bytes
---------------- -------- ----------------- -------- -------- --------
0000000000000001        1       192.168.0.2        2        3      294
0000000000000001        1       192.168.0.3        3        3      294
0000000000000001        2       192.168.0.1        1        4      392
0000000000000001        3       192.168.0.1        1        4      392
datapath         port     rx-pkts  rx-bytes rx-error tx-pkts  tx-bytes tx-error
---------------- -------- -------- -------- -------- -------- -------- --------
0000000000000003        1       11      798        0      434    34008        0
0000000000000003        2      460    30157        0      461    30217        0
0000000000000003        3      458    29961        0      459    30021        0
datapath         in-port  eth-dst           out-port packets  bytes
---------------- -------- ----------------- -------- -------- --------
0000000000000003        1       192.168.0.1        2        4      392
0000000000000003        1       192.168.0.3        3        1       98
0000000000000003        2       192.168.0.2        1        4      392
0000000000000003        3       192.168.0.2        1        2      196
datapath         port     rx-pkts  rx-bytes rx-error tx-pkts  tx-bytes tx-error
---------------- -------- -------- -------- -------- -------- -------- --------
0000000000000002        1       11      798        0      436    34110        0
0000000000000002        2      460    30157        0      461    30217        0
0000000000000002        3      459    30021        0      458    29961        0
datapath         in-port  eth-dst           out-port packets  bytes
---------------- -------- ----------------- -------- -------- --------
0000000000000002        1       192.168.0.1        2        4      392
0000000000000002        1       192.168.0.2        3        2      196
0000000000000002        2       192.168.0.3        1        4      392
0000000000000002        3       192.168.0.3        1        2      196
discovery--->==================================== discovery ====================================
discovery---> cls: [(1, 2), (1, 3), (2, 3)]
discovery--->=============================================================================
==================================== link detector ====================================

----------------------------
src    dst :    delay
1 <---> 2 : 2.9578208923339844
1 <---> 3 : 3.9322376251220703
2 <---> 3 : 3.140687942504883
2 <---> 1 : 3.5943984985351562
3 <---> 2 : 3.7479400634765625
3 <---> 1 : 3.4101009368896484
==================================== link detector ====================================

----------------------------
src    dst :    delay
1 <---> 2 : 3.1392574310302734
1 <---> 3 : 3.1290054321289062
2 <---> 3 : 3.1583309173583984
2 <---> 1 : 3.0934810638427734
3 <---> 2 : 3.1082630157470703
3 <---> 1 : 4.053831100463867
datapath         port     rx-pkts  rx-bytes rx-error tx-pkts  tx-bytes tx-error
---------------- -------- -------- -------- -------- -------- -------- --------
0000000000000001        1       10      868        0      444    34792        0
0000000000000001        2      467    30577        0      466    30517        0
0000000000000001        3      466    30517        0      465    30457        0
datapath         in-port  eth-dst           out-port packets  bytes
---------------- -------- ----------------- -------- -------- --------
0000000000000001        1       192.168.0.2        2        3      294
0000000000000001        1       192.168.0.3        3        3      294
0000000000000001        2       192.168.0.1        1        4      392
0000000000000001        3       192.168.0.1        1        4      392
datapath         port     rx-pkts  rx-bytes rx-error tx-pkts  tx-bytes tx-error
---------------- -------- -------- -------- -------- -------- -------- --------
0000000000000002        1       11      798        0      442    34578        0
0000000000000002        2      465    30457        0      466    30517        0
0000000000000002        3      464    30321        0      463    30261        0
datapath         in-port  eth-dst           out-port packets  bytes
---------------- -------- ----------------- -------- -------- --------
0000000000000002        1       192.168.0.1        2        4      392
0000000000000002        1       192.168.0.2        3        2      196
0000000000000002        2       192.168.0.3        1        4      392
0000000000000002        3       192.168.0.3        1        2      196
datapath         port     rx-pkts  rx-bytes rx-error tx-pkts  tx-bytes tx-error
---------------- -------- -------- -------- -------- -------- -------- --------
0000000000000003        1       11      798        0      440    34476        0
0000000000000003        2      466    30517        0      467    30577        0
0000000000000003        3      463    30261        0      464    30321        0
datapath         in-port  eth-dst           out-port packets  bytes
---------------- -------- ----------------- -------- -------- --------
0000000000000003        1       192.168.0.1        2        4      392
0000000000000003        1       192.168.0.3        3        1       98
0000000000000003        2       192.168.0.2        1        4      392
0000000000000003        3       192.168.0.2        1        2      196
discovery--->==================================== discovery ====================================
discovery---> cls: [(1, 2), (1, 3), (2, 3)]
discovery--->=============================================================================
==================================== link detector ====================================

----------------------------
src    dst :    delay
1 <---> 2 : 2.807140350341797
1 <---> 3 : 4.293918609619141
2 <---> 3 : 2.765178680419922
2 <---> 1 : 3.304719924926758
3 <---> 2 : 3.999471664428711
3 <---> 1 : 4.1446685791015625
datapath         port     rx-pkts  rx-bytes rx-error tx-pkts  tx-bytes tx-error
---------------- -------- -------- -------- -------- -------- -------- --------
0000000000000001        1       10      868        0      449    35182        0
0000000000000001        2      472    30877        0      471    30817        0
0000000000000001        3      472    30877        0      471    30817        0
datapath         in-port  eth-dst           out-port packets  bytes
---------------- -------- ----------------- -------- -------- --------
0000000000000001        1       192.168.0.2        2        3      294
0000000000000001        1       192.168.0.3        3        3      294
0000000000000001        2       192.168.0.1        1        4      392
0000000000000001        3       192.168.0.1        1        4      392
datapath         port     rx-pkts  rx-bytes rx-error tx-pkts  tx-bytes tx-error
---------------- -------- -------- -------- -------- -------- -------- --------
0000000000000002        1       11      798        0      448    35046        0
0000000000000002        2      471    30817        0      472    30877        0
0000000000000002        3      470    30681        0      469    30621        0
datapath         in-port  eth-dst           out-port packets  bytes
---------------- -------- ----------------- -------- -------- --------
0000000000000002        1       192.168.0.1        2        4      392
0000000000000002        1       192.168.0.2        3        2      196
0000000000000002        2       192.168.0.3        1        4      392
0000000000000002        3       192.168.0.3        1        2      196
datapath         port     rx-pkts  rx-bytes rx-error tx-pkts  tx-bytes tx-error
---------------- -------- -------- -------- -------- -------- -------- --------
0000000000000003        1       11      798        0      445    34866        0
0000000000000003        2      471    30817        0      472    30877        0
0000000000000003        3      469    30621        0      470    30681        0
datapath         in-port  eth-dst           out-port packets  bytes
---------------- -------- ----------------- -------- -------- --------
0000000000000003        1       192.168.0.1        2        4      392
0000000000000003        1       192.168.0.3        3        1       98
0000000000000003        2       192.168.0.2        1        4      392
0000000000000003        3       192.168.0.2        1        2      196
discovery--->==================================== discovery ====================================
discovery---> cls: [(1, 2), (1, 3), (2, 3)]
discovery--->=============================================================================
==================================== link detector ====================================

----------------------------
src    dst :    delay
1 <---> 2 : 3.784656524658203
1 <---> 3 : 3.635406494140625
2 <---> 3 : 2.9425621032714844
2 <---> 1 : 3.8077831268310547
3 <---> 2 : 3.3864974975585938
3 <---> 1 : 3.124237060546875
==================================== link detector ====================================

----------------------------
src    dst :    delay
1 <---> 2 : 2.6400089263916016
1 <---> 3 : 4.153728485107422
2 <---> 3 : 2.6340484619140625
2 <---> 1 : 4.052162170410156
3 <---> 2 : 3.971576690673828
3 <---> 1 : 2.673625946044922
datapath         port     rx-pkts  rx-bytes rx-error tx-pkts  tx-bytes tx-error
---------------- -------- -------- -------- -------- -------- -------- --------
0000000000000001        1       10      868        0      455    35650        0
0000000000000001        2      478    31237        0      477    31177        0
0000000000000001        3      478    31237        0      477    31177        0
datapath         in-port  eth-dst           out-port packets  bytes
---------------- -------- ----------------- -------- -------- --------
0000000000000001        1       192.168.0.2        2        3      294
0000000000000001        1       192.168.0.3        3        3      294
0000000000000001        2       192.168.0.1        1        4      392
0000000000000001        3       192.168.0.1        1        4      392
datapath         port     rx-pkts  rx-bytes rx-error tx-pkts  tx-bytes tx-error
---------------- -------- -------- -------- -------- -------- -------- --------
0000000000000003        1       11      798        0      451    35334        0
0000000000000003        2      477    31177        0      478    31237        0
0000000000000003        3      474    30921        0      475    30981        0
datapath         in-port  eth-dst           out-port packets  bytes
---------------- -------- ----------------- -------- -------- --------
0000000000000003        1       192.168.0.1        2        4      392
0000000000000003        1       192.168.0.3        3        1       98
0000000000000003        2       192.168.0.2        1        4      392
0000000000000003        3       192.168.0.2        1        2      196
datapath         port     rx-pkts  rx-bytes rx-error tx-pkts  tx-bytes tx-error
---------------- -------- -------- -------- -------- -------- -------- --------
0000000000000002        1       11      798        0      453    35436        0
0000000000000002        2      477    31177        0      478    31237        0
0000000000000002        3      475    30981        0      474    30921        0
datapath         in-port  eth-dst           out-port packets  bytes
---------------- -------- ----------------- -------- -------- --------
0000000000000002        1       192.168.0.1        2        4      392
0000000000000002        1       192.168.0.2        3        2      196
0000000000000002        2       192.168.0.3        1        4      392
0000000000000002        3       192.168.0.3        1        2      196
discovery--->==================================== discovery ====================================
discovery---> cls: [(1, 2), (1, 3), (2, 3)]
discovery--->=============================================================================
==================================== link detector ====================================

----------------------------
src    dst :    delay
1 <---> 2 : 2.8839111328125
1 <---> 3 : 3.303050994873047
2 <---> 3 : 2.929210662841797
2 <---> 1 : 2.9036998748779297
3 <---> 2 : 2.9883384704589844
3 <---> 1 : 3.424406051635742
datapath         port     rx-pkts  rx-bytes rx-error tx-pkts  tx-bytes tx-error
---------------- -------- -------- -------- -------- -------- -------- --------
0000000000000001        1       10      868        0      460    36040        0
0000000000000001        2      483    31537        0      482    31477        0
0000000000000001        3      483    31537        0      482    31477        0
datapath         in-port  eth-dst           out-port packets  bytes
---------------- -------- ----------------- -------- -------- --------
0000000000000001        1       192.168.0.2        2        3      294
0000000000000001        1       192.168.0.3        3        3      294
0000000000000001        2       192.168.0.1        1        4      392
0000000000000001        3       192.168.0.1        1        4      392
datapath         port     rx-pkts  rx-bytes rx-error tx-pkts  tx-bytes tx-error
---------------- -------- -------- -------- -------- -------- -------- --------
0000000000000002        1       11      798        0      459    35904        0
0000000000000002        2      482    31477        0      483    31537        0
0000000000000002        3      481    31341        0      480    31281        0
datapath         in-port  eth-dst           out-port packets  bytes
---------------- -------- ----------------- -------- -------- --------
0000000000000002        1       192.168.0.1        2        4      392
0000000000000002        1       192.168.0.2        3        2      196
0000000000000002        2       192.168.0.3        1        4      392
0000000000000002        3       192.168.0.3        1        2      196
datapath         port     rx-pkts  rx-bytes rx-error tx-pkts  tx-bytes tx-error
---------------- -------- -------- -------- -------- -------- -------- --------
0000000000000003        1       11      798        0      456    35724        0
0000000000000003        2      482    31477        0      483    31537        0
0000000000000003        3      480    31281        0      481    31341        0
datapath         in-port  eth-dst           out-port packets  bytes
---------------- -------- ----------------- -------- -------- --------
0000000000000003        1       192.168.0.1        2        4      392
0000000000000003        1       192.168.0.3        3        1       98
0000000000000003        2       192.168.0.2        1        4      392
0000000000000003        3       192.168.0.2        1        2      196
discovery--->==================================== discovery ====================================
discovery---> cls: [(1, 2), (1, 3), (2, 3)]
discovery--->=============================================================================
==================================== link detector ====================================

----------------------------
src    dst :    delay
1 <---> 2 : 2.931356430053711
1 <---> 3 : 4.047155380249023
2 <---> 3 : 2.7625560760498047
2 <---> 1 : 3.9949417114257812
3 <---> 2 : 4.075288772583008
3 <---> 1 : 3.0219554901123047
==================================== link detector ====================================

----------------------------
src    dst :    delay
1 <---> 2 : 2.9861927032470703
1 <---> 3 : 4.17637825012207
2 <---> 3 : 2.711772918701172
2 <---> 1 : 4.02379035949707
3 <---> 2 : 4.158258438110352
3 <---> 1 : 4.09698486328125
datapath         port     rx-pkts  rx-bytes rx-error tx-pkts  tx-bytes tx-error
---------------- -------- -------- -------- -------- -------- -------- --------
0000000000000001        1       10      868        0      466    36508        0
0000000000000001        2      489    31897        0      488    31837        0
0000000000000001        3      489    31897        0      488    31837        0
datapath         in-port  eth-dst           out-port packets  bytes
---------------- -------- ----------------- -------- -------- --------
0000000000000001        1       192.168.0.2        2        3      294
0000000000000001        1       192.168.0.3        3        3      294
0000000000000001        2       192.168.0.1        1        4      392
0000000000000001        3       192.168.0.1        1        4      392
datapath         port     rx-pkts  rx-bytes rx-error tx-pkts  tx-bytes tx-error
---------------- -------- -------- -------- -------- -------- -------- --------
0000000000000003        1       11      798        0      462    36192        0
0000000000000003        2      488    31837        0      489    31897        0
0000000000000003        3      486    31641        0      487    31701        0
datapath         in-port  eth-dst           out-port packets  bytes
---------------- -------- ----------------- -------- -------- --------
0000000000000003        1       192.168.0.1        2        4      392
0000000000000003        1       192.168.0.3        3        1       98
0000000000000003        2       192.168.0.2        1        4      392
0000000000000003        3       192.168.0.2        1        2      196
datapath         port     rx-pkts  rx-bytes rx-error tx-pkts  tx-bytes tx-error
---------------- -------- -------- -------- -------- -------- -------- --------
0000000000000002        1       11      798        0      464    36294        0
0000000000000002        2      488    31837        0      489    31897        0
0000000000000002        3      487    31701        0      486    31641        0
datapath         in-port  eth-dst           out-port packets  bytes
---------------- -------- ----------------- -------- -------- --------
0000000000000002        1       192.168.0.1        2        4      392
0000000000000002        1       192.168.0.2        3        2      196
0000000000000002        2       192.168.0.3        1        4      392
0000000000000002        3       192.168.0.3        1        2      196
discovery--->==================================== discovery ====================================
discovery---> cls: [(1, 2), (1, 3), (2, 3)]
discovery--->=============================================================================
==================================== link detector ====================================

----------------------------
src    dst :    delay
1 <---> 2 : 2.6252269744873047
1 <---> 3 : 4.365205764770508
2 <---> 3 : 3.9587020874023438
2 <---> 1 : 2.912282943725586
3 <---> 2 : 4.300594329833984
3 <---> 1 : 3.057718276977539
==================================== link detector ====================================

----------------------------
src    dst :    delay
1 <---> 2 : 3.3872127532958984
1 <---> 3 : 3.5278797149658203
2 <---> 3 : 2.984762191772461
2 <---> 1 : 3.3462047576904297
3 <---> 2 : 3.2176971435546875
3 <---> 1 : 2.741575241088867
datapath         port     rx-pkts  rx-bytes rx-error tx-pkts  tx-bytes tx-error
---------------- -------- -------- -------- -------- -------- -------- --------
0000000000000001        1       10      868        0      471    36898        0
0000000000000001        2      494    32197        0      493    32137        0
0000000000000001        3      494    32197        0      493    32137        0
datapath         in-port  eth-dst           out-port packets  bytes
---------------- -------- ----------------- -------- -------- --------
0000000000000001        1       192.168.0.2        2        3      294
0000000000000001        1       192.168.0.3        3        3      294
0000000000000001        2       192.168.0.1        1        4      392
0000000000000001        3       192.168.0.1        1        4      392
datapath         port     rx-pkts  rx-bytes rx-error tx-pkts  tx-bytes tx-error
---------------- -------- -------- -------- -------- -------- -------- --------
0000000000000003        1       11      798        0      467    36582        0
0000000000000003        2      493    32137        0      494    32197        0
0000000000000003        3      491    31941        0      492    32001        0
datapath         in-port  eth-dst           out-port packets  bytes
---------------- -------- ----------------- -------- -------- --------
0000000000000003        1       192.168.0.1        2        4      392
0000000000000003        1       192.168.0.3        3        1       98
0000000000000003        2       192.168.0.2        1        4      392
0000000000000003        3       192.168.0.2        1        2      196
datapath         port     rx-pkts  rx-bytes rx-error tx-pkts  tx-bytes tx-error
---------------- -------- -------- -------- -------- -------- -------- --------
0000000000000002        1       11      798        0      470    36762        0
0000000000000002        2      493    32137        0      494    32197        0
0000000000000002        3      492    32001        0      491    31941        0
datapath         in-port  eth-dst           out-port packets  bytes
---------------- -------- ----------------- -------- -------- --------
0000000000000002        1       192.168.0.1        2        4      392
0000000000000002        1       192.168.0.2        3        2      196
0000000000000002        2       192.168.0.3        1        4      392
0000000000000002        3       192.168.0.3        1        2      196
discovery--->==================================== discovery ====================================
discovery---> cls: [(1, 2), (1, 3), (2, 3)]
discovery--->=============================================================================
==================================== link detector ====================================

----------------------------
src    dst :    delay
1 <---> 2 : 3.642559051513672
1 <---> 3 : 3.5026073455810547
2 <---> 3 : 2.170085906982422
2 <---> 1 : 3.4356117248535156
3 <---> 2 : 4.363775253295898
3 <---> 1 : 3.5352706909179688
datapath         port     rx-pkts  rx-bytes rx-error tx-pkts  tx-bytes tx-error
---------------- -------- -------- -------- -------- -------- -------- --------
0000000000000001        1       10      868        0      477    37366        0
0000000000000001        2      500    32557        0      499    32497        0
0000000000000001        3      500    32557        0      499    32497        0
datapath         in-port  eth-dst           out-port packets  bytes
---------------- -------- ----------------- -------- -------- --------
0000000000000001        1       192.168.0.2        2        3      294
0000000000000001        1       192.168.0.3        3        3      294
0000000000000001        2       192.168.0.1        1        4      392
0000000000000001        3       192.168.0.1        1        4      392
datapath         port     rx-pkts  rx-bytes rx-error tx-pkts  tx-bytes tx-error
---------------- -------- -------- -------- -------- -------- -------- --------
0000000000000002        1       11      798        0      475    37152        0
0000000000000002        2      499    32497        0      500    32557        0
0000000000000002        3      498    32361        0      497    32301        0
datapath         in-port  eth-dst           out-port packets  bytes
---------------- -------- ----------------- -------- -------- --------
0000000000000002        1       192.168.0.1        2        4      392
0000000000000002        1       192.168.0.2        3        2      196
0000000000000002        2       192.168.0.3        1        4      392
0000000000000002        3       192.168.0.3        1        2      196
datapath         port     rx-pkts  rx-bytes rx-error tx-pkts  tx-bytes tx-error
---------------- -------- -------- -------- -------- -------- -------- --------
0000000000000003        1       11      798        0      473    37050        0
0000000000000003        2      499    32497        0      500    32557        0
0000000000000003        3      497    32301        0      498    32361        0
datapath         in-port  eth-dst           out-port packets  bytes
---------------- -------- ----------------- -------- -------- --------
0000000000000003        1       192.168.0.1        2        4      392
0000000000000003        1       192.168.0.3        3        1       98
0000000000000003        2       192.168.0.2        1        4      392
0000000000000003        3       192.168.0.2        1        2      196
discovery--->==================================== discovery ====================================
discovery---> cls: [(1, 2), (1, 3), (2, 3)]
discovery--->=============================================================================
==================================== link detector ====================================

----------------------------
src    dst :    delay
1 <---> 2 : 3.984212875366211
1 <---> 3 : 3.6902427673339844
2 <---> 3 : 3.7293434143066406
2 <---> 1 : 3.6389827728271484
3 <---> 2 : 2.9773712158203125
3 <---> 1 : 3.068685531616211
==================================== link detector ====================================

----------------------------
src    dst :    delay
1 <---> 2 : 2.9296875
1 <---> 3 : 2.816438674926758
2 <---> 3 : 3.118753433227539
2 <---> 1 : 3.087759017944336
3 <---> 2 : 2.898693084716797
3 <---> 1 : 3.5784244537353516
datapath         port     rx-pkts  rx-bytes rx-error tx-pkts  tx-bytes tx-error
---------------- -------- -------- -------- -------- -------- -------- --------
0000000000000001        1       10      868        0      483    37834        0
0000000000000001        2      506    32917        0      504    32797        0
0000000000000001        3      505    32857        0      504    32797        0
datapath         in-port  eth-dst           out-port packets  bytes
---------------- -------- ----------------- -------- -------- --------
0000000000000001        1       192.168.0.2        2        3      294
0000000000000001        1       192.168.0.3        3        3      294
0000000000000001        2       192.168.0.1        1        4      392
0000000000000001        3       192.168.0.1        1        4      392
datapath         port     rx-pkts  rx-bytes rx-error tx-pkts  tx-bytes tx-error
---------------- -------- -------- -------- -------- -------- -------- --------
0000000000000003        1       11      798        0      478    37440        0
0000000000000003        2      504    32797        0      506    32917        0
0000000000000003        3      502    32601        0      503    32661        0
datapath         in-port  eth-dst           out-port packets  bytes
---------------- -------- ----------------- -------- -------- --------
0000000000000003        1       192.168.0.1        2        4      392
0000000000000003        1       192.168.0.3        3        1       98
0000000000000003        2       192.168.0.2        1        4      392
0000000000000003        3       192.168.0.2        1        2      196
datapath         port     rx-pkts  rx-bytes rx-error tx-pkts  tx-bytes tx-error
---------------- -------- -------- -------- -------- -------- -------- --------
0000000000000002        1       11      798        0      481    37620        0
0000000000000002        2      504    32797        0      505    32857        0
0000000000000002        3      503    32661        0      502    32601        0
datapath         in-port  eth-dst           out-port packets  bytes
---------------- -------- ----------------- -------- -------- --------
0000000000000002        1       192.168.0.1        2        4      392
0000000000000002        1       192.168.0.2        3        2      196
0000000000000002        2       192.168.0.3        1        4      392
0000000000000002        3       192.168.0.3        1        2      196
discovery--->==================================== discovery ====================================
discovery---> cls: [(1, 2), (1, 3), (2, 3)]
discovery--->=============================================================================
==================================== link detector ====================================

----------------------------
src    dst :    delay
1 <---> 2 : 3.3092498779296875
1 <---> 3 : 3.3020973205566406
2 <---> 3 : 3.3135414123535156
2 <---> 1 : 3.348827362060547
3 <---> 2 : 3.8604736328125
3 <---> 1 : 3.303050994873047
datapath         port     rx-pkts  rx-bytes rx-error tx-pkts  tx-bytes tx-error
---------------- -------- -------- -------- -------- -------- -------- --------
0000000000000001        1       10      868        0      488    38224        0
0000000000000001        2      511    33217        0      510    33157        0
0000000000000001        3      511    33217        0      510    33157        0
datapath         in-port  eth-dst           out-port packets  bytes
---------------- -------- ----------------- -------- -------- --------
0000000000000001        1       192.168.0.2        2        3      294
0000000000000001        1       192.168.0.3        3        3      294
0000000000000001        2       192.168.0.1        1        4      392
0000000000000001        3       192.168.0.1        1        4      392
datapath         port     rx-pkts  rx-bytes rx-error tx-pkts  tx-bytes tx-error
---------------- -------- -------- -------- -------- -------- -------- --------
0000000000000003        1       11      798        0      484    37908        0
0000000000000003        2      510    33157        0      511    33217        0
0000000000000003        3      508    32961        0      509    33021        0
datapath         in-port  eth-dst           out-port packets  bytes
---------------- -------- ----------------- -------- -------- --------
0000000000000003        1       192.168.0.1        2        4      392
0000000000000003        1       192.168.0.3        3        1       98
0000000000000003        2       192.168.0.2        1        4      392
0000000000000003        3       192.168.0.2        1        2      196
datapath         port     rx-pkts  rx-bytes rx-error tx-pkts  tx-bytes tx-error
---------------- -------- -------- -------- -------- -------- -------- --------
0000000000000002        1       11      798        0      486    38010        0
0000000000000002        2      510    33157        0      511    33217        0
0000000000000002        3      509    33021        0      508    32961        0
datapath         in-port  eth-dst           out-port packets  bytes
---------------- -------- ----------------- -------- -------- --------
0000000000000002        1       192.168.0.1        2        4      392
0000000000000002        1       192.168.0.2        3        2      196
0000000000000002        2       192.168.0.3        1        4      392
0000000000000002        3       192.168.0.3        1        2      196
discovery--->==================================== discovery ====================================
discovery---> cls: [(1, 2), (1, 3), (2, 3)]
discovery--->=============================================================================
==================================== link detector ====================================

----------------------------
src    dst :    delay
1 <---> 2 : 3.270387649536133
1 <---> 3 : 4.599809646606445
2 <---> 3 : 3.052949905395508
2 <---> 1 : 3.3845901489257812
3 <---> 2 : 3.448486328125
3 <---> 1 : 3.124237060546875
==================================== link detector ====================================

----------------------------
src    dst :    delay
1 <---> 2 : 2.6030540466308594
1 <---> 3 : 4.355430603027344
2 <---> 3 : 3.484964370727539
2 <---> 1 : 4.129171371459961
3 <---> 2 : 3.780841827392578
3 <---> 1 : 2.780437469482422
datapath         port     rx-pkts  rx-bytes rx-error tx-pkts  tx-bytes tx-error
---------------- -------- -------- -------- -------- -------- -------- --------
0000000000000001        1       10      868        0      494    38692        0
0000000000000001        2      517    33577        0      515    33457        0
0000000000000001        3      516    33517        0      515    33457        0
datapath         in-port  eth-dst           out-port packets  bytes
---------------- -------- ----------------- -------- -------- --------
0000000000000001        1       192.168.0.2        2        3      294
0000000000000001        1       192.168.0.3        3        3      294
0000000000000001        2       192.168.0.1        1        4      392
0000000000000001        3       192.168.0.1        1        4      392
datapath         port     rx-pkts  rx-bytes rx-error tx-pkts  tx-bytes tx-error
---------------- -------- -------- -------- -------- -------- -------- --------
0000000000000002        1       11      798        0      492    38478        0
0000000000000002        2      515    33457        0      516    33517        0
0000000000000002        3      514    33321        0      514    33331        0
datapath         in-port  eth-dst           out-port packets  bytes
---------------- -------- ----------------- -------- -------- --------
0000000000000002        1       192.168.0.1        2        4      392
0000000000000002        1       192.168.0.2        3        2      196
0000000000000002        2       192.168.0.3        1        4      392
0000000000000002        3       192.168.0.3        1        2      196
datapath         port     rx-pkts  rx-bytes rx-error tx-pkts  tx-bytes tx-error
---------------- -------- -------- -------- -------- -------- -------- --------
0000000000000003        1       11      798        0      490    38376        0
0000000000000003        2      515    33457        0      517    33577        0
0000000000000003        3      514    33331        0      514    33321        0
datapath         in-port  eth-dst           out-port packets  bytes
---------------- -------- ----------------- -------- -------- --------
0000000000000003        1       192.168.0.1        2        4      392
0000000000000003        1       192.168.0.3        3        1       98
0000000000000003        2       192.168.0.2        1        4      392
0000000000000003        3       192.168.0.2        1        2      196
discovery--->==================================== discovery ====================================
discovery---> cls: [(1, 2), (1, 3), (2, 3)]
discovery--->=============================================================================
==================================== link detector ====================================

----------------------------
src    dst :    delay
1 <---> 2 : 2.869129180908203
1 <---> 3 : 3.992795944213867
2 <---> 3 : 2.9973983764648438
2 <---> 1 : 3.9205551147460938
3 <---> 2 : 3.251314163208008
3 <---> 1 : 2.728700637817383
datapath         port     rx-pkts  rx-bytes rx-error tx-pkts  tx-bytes tx-error
---------------- -------- -------- -------- -------- -------- -------- --------
0000000000000001        1       10      868        0      499    39082        0
0000000000000001        2      522    33877        0      521    33817        0
0000000000000001        3      522    33877        0      521    33817        0
datapath         in-port  eth-dst           out-port packets  bytes
---------------- -------- ----------------- -------- -------- --------
0000000000000001        1       192.168.0.2        2        3      294
0000000000000001        1       192.168.0.3        3        3      294
0000000000000001        2       192.168.0.1        1        4      392
0000000000000001        3       192.168.0.1        1        4      392
datapath         port     rx-pkts  rx-bytes rx-error tx-pkts  tx-bytes tx-error
---------------- -------- -------- -------- -------- -------- -------- --------
0000000000000002        1       11      798        0      497    38868        0
0000000000000002        2      521    33817        0      522    33877        0
0000000000000002        3      520    33681        0      520    33691        0
datapath         in-port  eth-dst           out-port packets  bytes
---------------- -------- ----------------- -------- -------- --------
0000000000000002        1       192.168.0.1        2        4      392
0000000000000002        1       192.168.0.2        3        2      196
0000000000000002        2       192.168.0.3        1        4      392
0000000000000002        3       192.168.0.3        1        2      196
datapath         port     rx-pkts  rx-bytes rx-error tx-pkts  tx-bytes tx-error
---------------- -------- -------- -------- -------- -------- -------- --------
0000000000000003        1       11      798        0      495    38766        0
0000000000000003        2      521    33817        0      522    33877        0
0000000000000003        3      520    33691        0      520    33681        0
datapath         in-port  eth-dst           out-port packets  bytes
---------------- -------- ----------------- -------- -------- --------
0000000000000003        1       192.168.0.1        2        4      392
0000000000000003        1       192.168.0.3        3        1       98
0000000000000003        2       192.168.0.2        1        4      392
0000000000000003        3       192.168.0.2        1        2      196
discovery--->==================================== discovery ====================================
discovery---> cls: [(1, 2), (1, 3), (2, 3)]
discovery--->=============================================================================
==================================== link detector ====================================

----------------------------
src    dst :    delay
1 <---> 2 : 3.4627914428710938
1 <---> 3 : 3.385782241821289
2 <---> 3 : 3.337383270263672
2 <---> 1 : 3.2930374145507812
3 <---> 2 : 3.5858154296875
3 <---> 1 : 3.1282901763916016
==================================== link detector ====================================

----------------------------
src    dst :    delay
1 <---> 2 : 3.370046615600586
1 <---> 3 : 3.8106441497802734
2 <---> 3 : 3.628969192504883
2 <---> 1 : 2.9973983764648438
3 <---> 2 : 3.541707992553711
3 <---> 1 : 3.103971481323242
datapath         port     rx-pkts  rx-bytes rx-error tx-pkts  tx-bytes tx-error
---------------- -------- -------- -------- -------- -------- -------- --------
0000000000000001        1       10      868        0      505    39550        0
0000000000000001        2      528    34237        0      527    34177        0
0000000000000001        3      528    34237        0      526    34117        0
datapath         in-port  eth-dst           out-port packets  bytes
---------------- -------- ----------------- -------- -------- --------
0000000000000001        1       192.168.0.2        2        3      294
0000000000000001        1       192.168.0.3        3        3      294
0000000000000001        2       192.168.0.1        1        4      392
0000000000000001        3       192.168.0.1        1        4      392
datapath         port     rx-pkts  rx-bytes rx-error tx-pkts  tx-bytes tx-error
---------------- -------- -------- -------- -------- -------- -------- --------
0000000000000003        1       11      798        0      501    39234        0
0000000000000003        2      527    34177        0      528    34237        0
0000000000000003        3      525    33991        0      525    33981        0
datapath         in-port  eth-dst           out-port packets  bytes
---------------- -------- ----------------- -------- -------- --------
0000000000000003        1       192.168.0.1        2        4      392
0000000000000003        1       192.168.0.3        3        1       98
0000000000000003        2       192.168.0.2        1        4      392
0000000000000003        3       192.168.0.2        1        2      196
datapath         port     rx-pkts  rx-bytes rx-error tx-pkts  tx-bytes tx-error
---------------- -------- -------- -------- -------- -------- -------- --------
0000000000000002        1       11      798        0      503    39336        0
0000000000000002        2      526    34117        0      528    34237        0
0000000000000002        3      525    33981        0      525    33991        0
datapath         in-port  eth-dst           out-port packets  bytes
---------------- -------- ----------------- -------- -------- --------
0000000000000002        1       192.168.0.1        2        4      392
0000000000000002        1       192.168.0.2        3        2      196
0000000000000002        2       192.168.0.3        1        4      392
0000000000000002        3       192.168.0.3        1        2      196
discovery--->==================================== discovery ====================================
discovery---> cls: [(1, 2), (1, 3), (2, 3)]
discovery--->=============================================================================
==================================== link detector ====================================

----------------------------
src    dst :    delay
1 <---> 2 : 2.2118091583251953
1 <---> 3 : 3.7186145782470703
2 <---> 3 : 3.8182735443115234
2 <---> 1 : 2.159595489501953
3 <---> 2 : 3.9091110229492188
3 <---> 1 : 3.1342506408691406
==================================== link detector ====================================

----------------------------
src    dst :    delay
1 <---> 2 : 3.2112598419189453
1 <---> 3 : 2.5186538696289062
2 <---> 3 : 3.1280517578125
2 <---> 1 : 4.05430793762207
3 <---> 2 : 2.6700496673583984
3 <---> 1 : 3.428936004638672
datapath         port     rx-pkts  rx-bytes rx-error tx-pkts  tx-bytes tx-error
---------------- -------- -------- -------- -------- -------- -------- --------
0000000000000001        1       10      868        0      510    39940        0
0000000000000001        2      533    34537        0      532    34477        0
0000000000000001        3      533    34537        0      532    34477        0
datapath         in-port  eth-dst           out-port packets  bytes
---------------- -------- ----------------- -------- -------- --------
0000000000000001        1       192.168.0.2        2        3      294
0000000000000001        1       192.168.0.3        3        3      294
0000000000000001        2       192.168.0.1        1        4      392
0000000000000001        3       192.168.0.1        1        4      392
datapath         port     rx-pkts  rx-bytes rx-error tx-pkts  tx-bytes tx-error
---------------- -------- -------- -------- -------- -------- -------- --------
0000000000000003        1       11      798        0      506    39624        0
0000000000000003        2      532    34477        0      533    34537        0
0000000000000003        3      531    34351        0      531    34341        0
datapath         in-port  eth-dst           out-port packets  bytes
---------------- -------- ----------------- -------- -------- --------
0000000000000003        1       192.168.0.1        2        4      392
0000000000000003        1       192.168.0.3        3        1       98
0000000000000003        2       192.168.0.2        1        4      392
0000000000000003        3       192.168.0.2        1        2      196
datapath         port     rx-pkts  rx-bytes rx-error tx-pkts  tx-bytes tx-error
---------------- -------- -------- -------- -------- -------- -------- --------
0000000000000002        1       11      798        0      509    39804        0
0000000000000002        2      532    34477        0      533    34537        0
0000000000000002        3      531    34341        0      531    34351        0
datapath         in-port  eth-dst           out-port packets  bytes
---------------- -------- ----------------- -------- -------- --------
0000000000000002        1       192.168.0.1        2        4      392
0000000000000002        1       192.168.0.2        3        2      196
0000000000000002        2       192.168.0.3        1        4      392
0000000000000002        3       192.168.0.3        1        2      196
discovery--->==================================== discovery ====================================
discovery---> cls: [(1, 2), (1, 3), (2, 3)]
discovery--->=============================================================================
==================================== link detector ====================================

----------------------------
src    dst :    delay
1 <---> 2 : 2.091646194458008
1 <---> 3 : 4.054546356201172
2 <---> 3 : 2.227306365966797
2 <---> 1 : 3.2198429107666016
3 <---> 2 : 2.328157424926758
3 <---> 1 : 3.0188560485839844
datapath         port     rx-pkts  rx-bytes rx-error tx-pkts  tx-bytes tx-error
---------------- -------- -------- -------- -------- -------- -------- --------
0000000000000001        1       10      868        0      516    40408        0
0000000000000001        2      539    34897        0      538    34837        0
0000000000000001        3      539    34897        0      538    34837        0
datapath         in-port  eth-dst           out-port packets  bytes
---------------- -------- ----------------- -------- -------- --------
0000000000000001        1       192.168.0.2        2        3      294
0000000000000001        1       192.168.0.3        3        3      294
0000000000000001        2       192.168.0.1        1        4      392
0000000000000001        3       192.168.0.1        1        4      392
datapath         port     rx-pkts  rx-bytes rx-error tx-pkts  tx-bytes tx-error
---------------- -------- -------- -------- -------- -------- -------- --------
0000000000000002        1       11      798        0      514    40194        0
0000000000000002        2      538    34837        0      539    34897        0
0000000000000002        3      536    34641        0      537    34711        0
datapath         in-port  eth-dst           out-port packets  bytes
---------------- -------- ----------------- -------- -------- --------
0000000000000002        1       192.168.0.1        2        4      392
0000000000000002        1       192.168.0.2        3        2      196
0000000000000002        2       192.168.0.3        1        4      392
0000000000000002        3       192.168.0.3        1        2      196
datapath         port     rx-pkts  rx-bytes rx-error tx-pkts  tx-bytes tx-error
---------------- -------- -------- -------- -------- -------- -------- --------
0000000000000003        1       11      798        0      512    40092        0
0000000000000003        2      538    34837        0      539    34897        0
0000000000000003        3      537    34711        0      536    34641        0
datapath         in-port  eth-dst           out-port packets  bytes
---------------- -------- ----------------- -------- -------- --------
0000000000000003        1       192.168.0.1        2        4      392
0000000000000003        1       192.168.0.3        3        1       98
0000000000000003        2       192.168.0.2        1        4      392
0000000000000003        3       192.168.0.2        1        2      196
discovery--->==================================== discovery ====================================
discovery---> cls: [(1, 2), (1, 3), (2, 3)]
discovery--->=============================================================================
==================================== link detector ====================================

----------------------------
src    dst :    delay
1 <---> 2 : 3.5452842712402344
1 <---> 3 : 3.8597583770751953
2 <---> 3 : 2.8028488159179688
2 <---> 1 : 3.693819046020508
3 <---> 2 : 2.947568893432617
3 <---> 1 : 4.163503646850586
==================================== link detector ====================================

----------------------------
src    dst :    delay
1 <---> 2 : 3.031015396118164
1 <---> 3 : 4.306793212890625
2 <---> 3 : 4.339456558227539
2 <---> 1 : 2.7952194213867188
3 <---> 2 : 2.868175506591797
3 <---> 1 : 4.235267639160156
datapath         port     rx-pkts  rx-bytes rx-error tx-pkts  tx-bytes tx-error
---------------- -------- -------- -------- -------- -------- -------- --------
0000000000000001        1       10      868        0      521    40798        0
0000000000000001        2      544    35197        0      543    35137        0
0000000000000001        3      544    35197        0      543    35137        0
datapath         in-port  eth-dst           out-port packets  bytes
---------------- -------- ----------------- -------- -------- --------
0000000000000001        1       192.168.0.2        2        3      294
0000000000000001        1       192.168.0.3        3        3      294
0000000000000001        2       192.168.0.1        1        4      392
0000000000000001        3       192.168.0.1        1        4      392
datapath         port     rx-pkts  rx-bytes rx-error tx-pkts  tx-bytes tx-error
---------------- -------- -------- -------- -------- -------- -------- --------
0000000000000003        1       11      798        0      517    40482        0
0000000000000003        2      543    35137        0      544    35197        0
0000000000000003        3      542    35011        0      542    35001        0
datapath         in-port  eth-dst           out-port packets  bytes
---------------- -------- ----------------- -------- -------- --------
0000000000000003        1       192.168.0.1        2        4      392
0000000000000003        1       192.168.0.3        3        1       98
0000000000000003        2       192.168.0.2        1        4      392
0000000000000003        3       192.168.0.2        1        2      196
datapath         port     rx-pkts  rx-bytes rx-error tx-pkts  tx-bytes tx-error
---------------- -------- -------- -------- -------- -------- -------- --------
0000000000000002        1       11      798        0      520    40662        0
0000000000000002        2      543    35137        0      544    35197        0
0000000000000002        3      542    35001        0      542    35011        0
datapath         in-port  eth-dst           out-port packets  bytes
---------------- -------- ----------------- -------- -------- --------
0000000000000002        1       192.168.0.1        2        4      392
0000000000000002        1       192.168.0.2        3        2      196
0000000000000002        2       192.168.0.3        1        4      392
0000000000000002        3       192.168.0.3        1        2      196
discovery--->==================================== discovery ====================================
discovery---> cls: [(1, 2), (1, 3), (2, 3)]
discovery--->=============================================================================
==================================== link detector ====================================

----------------------------
src    dst :    delay
1 <---> 2 : 3.1905174255371094
1 <---> 3 : 3.3216476440429688
2 <---> 3 : 2.624988555908203
2 <---> 1 : 4.149913787841797
3 <---> 2 : 4.924774169921875
3 <---> 1 : 3.027677536010742
datapath         port     rx-pkts  rx-bytes rx-error tx-pkts  tx-bytes tx-error
---------------- -------- -------- -------- -------- -------- -------- --------
0000000000000001        1       10      868        0      527    41266        0
0000000000000001        2      550    35557        0      549    35497        0
0000000000000001        3      550    35557        0      549    35497        0
datapath         in-port  eth-dst           out-port packets  bytes
---------------- -------- ----------------- -------- -------- --------
0000000000000001        1       192.168.0.2        2        3      294
0000000000000001        1       192.168.0.3        3        3      294
0000000000000001        2       192.168.0.1        1        4      392
0000000000000001        3       192.168.0.1        1        4      392
datapath         port     rx-pkts  rx-bytes rx-error tx-pkts  tx-bytes tx-error
---------------- -------- -------- -------- -------- -------- -------- --------
0000000000000003        1       11      798        0      523    40950        0
0000000000000003        2      549    35497        0      550    35557        0
0000000000000003        3      548    35371        0      548    35361        0
datapath         in-port  eth-dst           out-port packets  bytes
---------------- -------- ----------------- -------- -------- --------
0000000000000003        1       192.168.0.1        2        4      392
0000000000000003        1       192.168.0.3        3        1       98
0000000000000003        2       192.168.0.2        1        4      392
0000000000000003        3       192.168.0.2        1        2      196
datapath         port     rx-pkts  rx-bytes rx-error tx-pkts  tx-bytes tx-error
---------------- -------- -------- -------- -------- -------- -------- --------
0000000000000002        1       11      798        0      525    41052        0
0000000000000002        2      549    35497        0      550    35557        0
0000000000000002        3      548    35361        0      548    35371        0
datapath         in-port  eth-dst           out-port packets  bytes
---------------- -------- ----------------- -------- -------- --------
0000000000000002        1       192.168.0.1        2        4      392
0000000000000002        1       192.168.0.2        3        2      196
0000000000000002        2       192.168.0.3        1        4      392
0000000000000002        3       192.168.0.3        1        2      196
discovery--->==================================== discovery ====================================
discovery---> cls: [(1, 2), (1, 3), (2, 3)]
discovery--->=============================================================================
==================================== link detector ====================================

----------------------------
src    dst :    delay
1 <---> 2 : 3.072500228881836
1 <---> 3 : 3.3931732177734375
2 <---> 3 : 2.9625892639160156
2 <---> 1 : 3.859996795654297
3 <---> 2 : 4.081010818481445
3 <---> 1 : 3.126382827758789
==================================== link detector ====================================

----------------------------
src    dst :    delay
1 <---> 2 : 2.7256011962890625
1 <---> 3 : 3.8781166076660156
2 <---> 3 : 4.118204116821289
2 <---> 1 : 4.046440124511719
3 <---> 2 : 2.7265548706054688
3 <---> 1 : 4.0569305419921875
datapath         port     rx-pkts  rx-bytes rx-error tx-pkts  tx-bytes tx-error
---------------- -------- -------- -------- -------- -------- -------- --------
0000000000000001        1       10      868        0      533    41734        0
0000000000000001        2      555    35857        0      554    35797        0
0000000000000001        3      555    35857        0      554    35797        0
datapath         in-port  eth-dst           out-port packets  bytes
---------------- -------- ----------------- -------- -------- --------
0000000000000001        1       192.168.0.2        2        3      294
0000000000000001        1       192.168.0.3        3        3      294
0000000000000001        2       192.168.0.1        1        4      392
0000000000000001        3       192.168.0.1        1        4      392
datapath         port     rx-pkts  rx-bytes rx-error tx-pkts  tx-bytes tx-error
---------------- -------- -------- -------- -------- -------- -------- --------
0000000000000002        1       11      798        0      531    41520        0
0000000000000002        2      554    35797        0      555    35857        0
0000000000000002        3      553    35661        0      553    35671        0
datapath         in-port  eth-dst           out-port packets  bytes
---------------- -------- ----------------- -------- -------- --------
0000000000000002        1       192.168.0.1        2        4      392
0000000000000002        1       192.168.0.2        3        2      196
0000000000000002        2       192.168.0.3        1        4      392
0000000000000002        3       192.168.0.3        1        2      196
datapath         port     rx-pkts  rx-bytes rx-error tx-pkts  tx-bytes tx-error
---------------- -------- -------- -------- -------- -------- -------- --------
0000000000000003        1       11      798        0      528    41340        0
0000000000000003        2      554    35797        0      555    35857        0
0000000000000003        3      553    35671        0      553    35661        0
datapath         in-port  eth-dst           out-port packets  bytes
---------------- -------- ----------------- -------- -------- --------
0000000000000003        1       192.168.0.1        2        4      392
0000000000000003        1       192.168.0.3        3        1       98
0000000000000003        2       192.168.0.2        1        4      392
0000000000000003        3       192.168.0.2        1        2      196
discovery--->==================================== discovery ====================================
discovery---> cls: [(1, 2), (1, 3), (2, 3)]
discovery--->=============================================================================
==================================== link detector ====================================

----------------------------
src    dst :    delay
1 <---> 2 : 3.103971481323242
1 <---> 3 : 3.950834274291992
2 <---> 3 : 4.337072372436523
2 <---> 1 : 3.0171871185302734
3 <---> 2 : 2.6786327362060547
3 <---> 1 : 2.6879310607910156
==================================== link detector ====================================

----------------------------
src    dst :    delay
1 <---> 2 : 3.312349319458008
1 <---> 3 : 3.367185592651367
2 <---> 3 : 3.244638442993164
2 <---> 1 : 3.287076950073242
3 <---> 2 : 3.3926963806152344
3 <---> 1 : 2.9392242431640625
datapath         port     rx-pkts  rx-bytes rx-error tx-pkts  tx-bytes tx-error
---------------- -------- -------- -------- -------- -------- -------- --------
0000000000000001        1       10      868        0      538    42124        0
0000000000000001        2      561    36217        0      560    36157        0
0000000000000001        3      561    36217        0      560    36157        0
datapath         in-port  eth-dst           out-port packets  bytes
---------------- -------- ----------------- -------- -------- --------
0000000000000001        1       192.168.0.2        2        3      294
0000000000000001        1       192.168.0.3        3        3      294
0000000000000001        2       192.168.0.1        1        4      392
0000000000000001        3       192.168.0.1        1        4      392
datapath         port     rx-pkts  rx-bytes rx-error tx-pkts  tx-bytes tx-error
---------------- -------- -------- -------- -------- -------- -------- --------
0000000000000002        1       11      798        0      536    41910        0
0000000000000002        2      560    36157        0      561    36217        0
0000000000000002        3      559    36021        0      559    36031        0
datapath         in-port  eth-dst           out-port packets  bytes
---------------- -------- ----------------- -------- -------- --------
0000000000000002        1       192.168.0.1        2        4      392
0000000000000002        1       192.168.0.2        3        2      196
0000000000000002        2       192.168.0.3        1        4      392
0000000000000002        3       192.168.0.3        1        2      196
datapath         port     rx-pkts  rx-bytes rx-error tx-pkts  tx-bytes tx-error
---------------- -------- -------- -------- -------- -------- -------- --------
0000000000000003        1       11      798        0      534    41808        0
0000000000000003        2      560    36157        0      561    36217        0
0000000000000003        3      559    36031        0      559    36021        0
datapath         in-port  eth-dst           out-port packets  bytes
---------------- -------- ----------------- -------- -------- --------
0000000000000003        1       192.168.0.1        2        4      392
0000000000000003        1       192.168.0.3        3        1       98
0000000000000003        2       192.168.0.2        1        4      392
0000000000000003        3       192.168.0.2        1        2      196
discovery--->==================================== discovery ====================================
discovery---> cls: [(1, 2), (1, 3), (2, 3)]
discovery--->=============================================================================
==================================== link detector ====================================

----------------------------
src    dst :    delay
1 <---> 2 : 3.380298614501953
1 <---> 3 : 4.111051559448242
2 <---> 3 : 4.16254997253418
2 <---> 1 : 2.9077529907226562
3 <---> 2 : 4.244089126586914
3 <---> 1 : 2.7778148651123047
datapath         port     rx-pkts  rx-bytes rx-error tx-pkts  tx-bytes tx-error
---------------- -------- -------- -------- -------- -------- -------- --------
0000000000000001        1       10      868        0      544    42592        0
0000000000000001        2      567    36577        0      565    36457        0
0000000000000001        3      566    36517        0      565    36457        0
datapath         in-port  eth-dst           out-port packets  bytes
---------------- -------- ----------------- -------- -------- --------
0000000000000001        1       192.168.0.2        2        3      294
0000000000000001        1       192.168.0.3        3        3      294
0000000000000001        2       192.168.0.1        1        4      392
0000000000000001        3       192.168.0.1        1        4      392
datapath         port     rx-pkts  rx-bytes rx-error tx-pkts  tx-bytes tx-error
---------------- -------- -------- -------- -------- -------- -------- --------
0000000000000003        1       11      798        0      540    42276        0
0000000000000003        2      565    36457        0      567    36577        0
0000000000000003        3      564    36331        0      564    36321        0
datapath         in-port  eth-dst           out-port packets  bytes
---------------- -------- ----------------- -------- -------- --------
0000000000000003        1       192.168.0.1        2        4      392
0000000000000003        1       192.168.0.3        3        1       98
0000000000000003        2       192.168.0.2        1        4      392
0000000000000003        3       192.168.0.2        1        2      196
datapath         port     rx-pkts  rx-bytes rx-error tx-pkts  tx-bytes tx-error
---------------- -------- -------- -------- -------- -------- -------- --------
0000000000000002        1       11      798        0      542    42378        0
0000000000000002        2      565    36457        0      566    36517        0
0000000000000002        3      564    36321        0      564    36331        0
datapath         in-port  eth-dst           out-port packets  bytes
---------------- -------- ----------------- -------- -------- --------
0000000000000002        1       192.168.0.1        2        4      392
0000000000000002        1       192.168.0.2        3        2      196
0000000000000002        2       192.168.0.3        1        4      392
0000000000000002        3       192.168.0.3        1        2      196
discovery--->==================================== discovery ====================================
discovery---> cls: [(1, 2), (1, 3), (2, 3)]
discovery--->=============================================================================
==================================== link detector ====================================

----------------------------
src    dst :    delay
1 <---> 2 : 2.7701854705810547
1 <---> 3 : 4.118680953979492
2 <---> 3 : 2.877950668334961
2 <---> 1 : 4.1065216064453125
3 <---> 2 : 2.7637481689453125
3 <---> 1 : 3.5753250122070312
==================================== link detector ====================================

----------------------------
src    dst :    delay
1 <---> 2 : 2.2068023681640625
1 <---> 3 : 2.097606658935547
2 <---> 3 : 2.268075942993164
2 <---> 1 : 2.379894256591797
3 <---> 2 : 2.428770065307617
3 <---> 1 : 2.3992061614990234
datapath         port     rx-pkts  rx-bytes rx-error tx-pkts  tx-bytes tx-error
---------------- -------- -------- -------- -------- -------- -------- --------
0000000000000001        1       10      868        0      549    42982        0
0000000000000001        2      572    36877        0      571    36817        0
0000000000000001        3      572    36877        0      571    36817        0
datapath         in-port  eth-dst           out-port packets  bytes
---------------- -------- ----------------- -------- -------- --------
0000000000000001        1       192.168.0.2        2        3      294
0000000000000001        1       192.168.0.3        3        3      294
0000000000000001        2       192.168.0.1        1        4      392
0000000000000001        3       192.168.0.1        1        4      392
datapath         port     rx-pkts  rx-bytes rx-error tx-pkts  tx-bytes tx-error
---------------- -------- -------- -------- -------- -------- -------- --------
0000000000000003        1       11      798        0      545    42666        0
0000000000000003        2      571    36817        0      572    36877        0
0000000000000003        3      570    36691        0      571    36751        0
datapath         in-port  eth-dst           out-port packets  bytes
---------------- -------- ----------------- -------- -------- --------
0000000000000003        1       192.168.0.1        2        4      392
0000000000000003        1       192.168.0.3        3        1       98
0000000000000003        2       192.168.0.2        1        4      392
0000000000000003        3       192.168.0.2        1        2      196
datapath         port     rx-pkts  rx-bytes rx-error tx-pkts  tx-bytes tx-error
---------------- -------- -------- -------- -------- -------- -------- --------
0000000000000002        1       11      798        0      547    42768        0
0000000000000002        2      571    36817        0      572    36877        0
0000000000000002        3      571    36751        0      570    36691        0
datapath         in-port  eth-dst           out-port packets  bytes
---------------- -------- ----------------- -------- -------- --------
0000000000000002        1       192.168.0.1        2        4      392
0000000000000002        1       192.168.0.2        3        2      196
0000000000000002        2       192.168.0.3        1        4      392
0000000000000002        3       192.168.0.3        1        2      196
discovery--->==================================== discovery ====================================
discovery---> cls: [(1, 2), (1, 3), (2, 3)]
discovery--->=============================================================================
==================================== link detector ====================================

----------------------------
src    dst :    delay
1 <---> 2 : 4.2629241943359375
1 <---> 3 : 2.7544498443603516
2 <---> 3 : 2.675294876098633
2 <---> 1 : 4.065752029418945
3 <---> 2 : 4.209995269775391
3 <---> 1 : 2.6082992553710938
datapath         port     rx-pkts  rx-bytes rx-error tx-pkts  tx-bytes tx-error
---------------- -------- -------- -------- -------- -------- -------- --------
0000000000000001        1       10      868        0      555    43450        0
0000000000000001        2      578    37237        0      577    37177        0
0000000000000001        3      577    37177        0      576    37117        0
datapath         in-port  eth-dst           out-port packets  bytes
---------------- -------- ----------------- -------- -------- --------
0000000000000001        1       192.168.0.2        2        3      294
0000000000000001        1       192.168.0.3        3        3      294
0000000000000001        2       192.168.0.1        1        4      392
0000000000000001        3       192.168.0.1        1        4      392
datapath         port     rx-pkts  rx-bytes rx-error tx-pkts  tx-bytes tx-error
---------------- -------- -------- -------- -------- -------- -------- --------
0000000000000002        1       11      798        0      553    43236        0
0000000000000002        2      576    37117        0      577    37177        0
0000000000000002        3      576    37051        0      575    36991        0
datapath         in-port  eth-dst           out-port packets  bytes
---------------- -------- ----------------- -------- -------- --------
0000000000000002        1       192.168.0.1        2        4      392
0000000000000002        1       192.168.0.2        3        2      196
0000000000000002        2       192.168.0.3        1        4      392
0000000000000002        3       192.168.0.3        1        2      196
datapath         port     rx-pkts  rx-bytes rx-error tx-pkts  tx-bytes tx-error
---------------- -------- -------- -------- -------- -------- -------- --------
0000000000000003        1       11      798        0      551    43134        0
0000000000000003        2      577    37177        0      578    37237        0
0000000000000003        3      575    36991        0      576    37051        0
datapath         in-port  eth-dst           out-port packets  bytes
---------------- -------- ----------------- -------- -------- --------
0000000000000003        1       192.168.0.1        2        4      392
0000000000000003        1       192.168.0.3        3        1       98
0000000000000003        2       192.168.0.2        1        4      392
0000000000000003        3       192.168.0.2        1        2      196
discovery--->==================================== discovery ====================================
discovery---> cls: [(1, 2), (1, 3), (2, 3)]
discovery--->=============================================================================
==================================== link detector ====================================

----------------------------
src    dst :    delay
1 <---> 2 : 3.5758018493652344
1 <---> 3 : 2.637147903442383
2 <---> 3 : 3.4766197204589844
2 <---> 1 : 7.154941558837891
3 <---> 2 : 3.48663330078125
3 <---> 1 : 4.085540771484375
==================================== link detector ====================================

----------------------------
src    dst :    delay
1 <---> 2 : 3.4759044647216797
1 <---> 3 : 3.6611557006835938
2 <---> 3 : 3.844738006591797
2 <---> 1 : 3.515005111694336
3 <---> 2 : 3.681659698486328
3 <---> 1 : 4.203557968139648
datapath         port     rx-pkts  rx-bytes rx-error tx-pkts  tx-bytes tx-error
---------------- -------- -------- -------- -------- -------- -------- --------
0000000000000001        1       10      868        0      560    43840        0
0000000000000001        2      583    37537        0      582    37477        0
0000000000000001        3      583    37537        0      582    37477        0
datapath         in-port  eth-dst           out-port packets  bytes
---------------- -------- ----------------- -------- -------- --------
0000000000000001        1       192.168.0.2        2        3      294
0000000000000001        1       192.168.0.3        3        3      294
0000000000000001        2       192.168.0.1        1        4      392
0000000000000001        3       192.168.0.1        1        4      392
datapath         port     rx-pkts  rx-bytes rx-error tx-pkts  tx-bytes tx-error
---------------- -------- -------- -------- -------- -------- -------- --------
0000000000000002        1       11      798        0      559    43704        0
0000000000000002        2      582    37477        0      583    37537        0
0000000000000002        3      582    37411        0      581    37351        0
datapath         in-port  eth-dst           out-port packets  bytes
---------------- -------- ----------------- -------- -------- --------
0000000000000002        1       192.168.0.1        2        4      392
0000000000000002        1       192.168.0.2        3        2      196
0000000000000002        2       192.168.0.3        1        4      392
0000000000000002        3       192.168.0.3        1        2      196
datapath         port     rx-pkts  rx-bytes rx-error tx-pkts  tx-bytes tx-error
---------------- -------- -------- -------- -------- -------- -------- --------
0000000000000003        1       11      798        0      556    43524        0
0000000000000003        2      582    37477        0      583    37537        0
0000000000000003        3      581    37351        0      582    37411        0
datapath         in-port  eth-dst           out-port packets  bytes
---------------- -------- ----------------- -------- -------- --------
0000000000000003        1       192.168.0.1        2        4      392
0000000000000003        1       192.168.0.3        3        1       98
0000000000000003        2       192.168.0.2        1        4      392
0000000000000003        3       192.168.0.2        1        2      196
discovery--->==================================== discovery ====================================
discovery---> cls: [(1, 2), (1, 3), (2, 3)]
discovery--->=============================================================================
==================================== link detector ====================================

----------------------------
src    dst :    delay
1 <---> 2 : 4.196882247924805
1 <---> 3 : 3.013134002685547
2 <---> 3 : 2.652406692504883
2 <---> 1 : 4.04047966003418
3 <---> 2 : 3.133058547973633
3 <---> 1 : 3.809213638305664
datapath         port     rx-pkts  rx-bytes rx-error tx-pkts  tx-bytes tx-error
---------------- -------- -------- -------- -------- -------- -------- --------
0000000000000001        1       10      868        0      566    44308        0
0000000000000001        2      589    37897        0      588    37837        0
0000000000000001        3      589    37897        0      588    37837        0
datapath         in-port  eth-dst           out-port packets  bytes
---------------- -------- ----------------- -------- -------- --------
0000000000000001        1       192.168.0.2        2        3      294
0000000000000001        1       192.168.0.3        3        3      294
0000000000000001        2       192.168.0.1        1        4      392
0000000000000001        3       192.168.0.1        1        4      392
datapath         port     rx-pkts  rx-bytes rx-error tx-pkts  tx-bytes tx-error
---------------- -------- -------- -------- -------- -------- -------- --------
0000000000000003        1       11      798        0      562    43992        0
0000000000000003        2      588    37837        0      589    37897        0
0000000000000003        3      586    37651        0      587    37711        0
datapath         in-port  eth-dst           out-port packets  bytes
---------------- -------- ----------------- -------- -------- --------
0000000000000003        1       192.168.0.1        2        4      392
0000000000000003        1       192.168.0.3        3        1       98
0000000000000003        2       192.168.0.2        1        4      392
0000000000000003        3       192.168.0.2        1        2      196
datapath         port     rx-pkts  rx-bytes rx-error tx-pkts  tx-bytes tx-error
---------------- -------- -------- -------- -------- -------- -------- --------
0000000000000002        1       11      798        0      564    44094        0
0000000000000002        2      588    37837        0      589    37897        0
0000000000000002        3      587    37711        0      586    37651        0
datapath         in-port  eth-dst           out-port packets  bytes
---------------- -------- ----------------- -------- -------- --------
0000000000000002        1       192.168.0.1        2        4      392
0000000000000002        1       192.168.0.2        3        2      196
0000000000000002        2       192.168.0.3        1        4      392
0000000000000002        3       192.168.0.3        1        2      196
discovery--->==================================== discovery ====================================
discovery---> cls: [(1, 2), (1, 3), (2, 3)]
discovery--->=============================================================================
==================================== link detector ====================================

----------------------------
src    dst :    delay
1 <---> 2 : 2.6655197143554688
1 <---> 3 : 4.086732864379883
2 <---> 3 : 4.166364669799805
2 <---> 1 : 4.117012023925781
3 <---> 2 : 2.7053356170654297
3 <---> 1 : 4.148960113525391
==================================== link detector ====================================

----------------------------
src    dst :    delay
1 <---> 2 : 3.5140514373779297
1 <---> 3 : 3.377199172973633
2 <---> 3 : 4.164934158325195
2 <---> 1 : 3.2160282135009766
3 <---> 2 : 4.36091423034668
3 <---> 1 : 3.3292770385742188
datapath         port     rx-pkts  rx-bytes rx-error tx-pkts  tx-bytes tx-error
---------------- -------- -------- -------- -------- -------- -------- --------
0000000000000001        1       10      868        0      571    44698        0
0000000000000001        2      594    38197        0      593    38137        0
0000000000000001        3      594    38197        0      593    38137        0
datapath         in-port  eth-dst           out-port packets  bytes
---------------- -------- ----------------- -------- -------- --------
0000000000000001        1       192.168.0.2        2        3      294
0000000000000001        1       192.168.0.3        3        3      294
0000000000000001        2       192.168.0.1        1        4      392
0000000000000001        3       192.168.0.1        1        4      392
datapath         port     rx-pkts  rx-bytes rx-error tx-pkts  tx-bytes tx-error
---------------- -------- -------- -------- -------- -------- -------- --------
0000000000000003        1       11      798        0      567    44382        0
0000000000000003        2      593    38137        0      594    38197        0
0000000000000003        3      592    38011        0      593    38071        0
datapath         in-port  eth-dst           out-port packets  bytes
---------------- -------- ----------------- -------- -------- --------
0000000000000003        1       192.168.0.1        2        4      392
0000000000000003        1       192.168.0.3        3        1       98
0000000000000003        2       192.168.0.2        1        4      392
0000000000000003        3       192.168.0.2        1        2      196
datapath         port     rx-pkts  rx-bytes rx-error tx-pkts  tx-bytes tx-error
---------------- -------- -------- -------- -------- -------- -------- --------
0000000000000002        1       11      798        0      570    44562        0
0000000000000002        2      593    38137        0      594    38197        0
0000000000000002        3      593    38071        0      592    38011        0
datapath         in-port  eth-dst           out-port packets  bytes
---------------- -------- ----------------- -------- -------- --------
0000000000000002        1       192.168.0.1        2        4      392
0000000000000002        1       192.168.0.2        3        2      196
0000000000000002        2       192.168.0.3        1        4      392
0000000000000002        3       192.168.0.3        1        2      196
discovery--->==================================== discovery ====================================
discovery---> cls: [(1, 2), (1, 3), (2, 3)]
discovery--->=============================================================================
==================================== link detector ====================================

----------------------------
src    dst :    delay
1 <---> 2 : 4.043817520141602
1 <---> 3 : 2.6464462280273438
2 <---> 3 : 4.709959030151367
2 <---> 1 : 4.111528396606445
3 <---> 2 : 5.319833755493164
3 <---> 1 : 4.336118698120117
==================================== link detector ====================================

----------------------------
src    dst :    delay
1 <---> 2 : 4.755973815917969
1 <---> 3 : 2.5975704193115234
2 <---> 3 : 2.721548080444336
2 <---> 1 : 2.6967525482177734
3 <---> 2 : 2.7251243591308594
3 <---> 1 : 3.820657730102539
datapath         port     rx-pkts  rx-bytes rx-error tx-pkts  tx-bytes tx-error
---------------- -------- -------- -------- -------- -------- -------- --------
0000000000000001        1       10      868        0      577    45166        0
0000000000000001        2      600    38557        0      599    38497        0
0000000000000001        3      600    38557        0      599    38497        0
datapath         in-port  eth-dst           out-port packets  bytes
---------------- -------- ----------------- -------- -------- --------
0000000000000001        1       192.168.0.2        2        3      294
0000000000000001        1       192.168.0.3        3        3      294
0000000000000001        2       192.168.0.1        1        4      392
0000000000000001        3       192.168.0.1        1        4      392
datapath         port     rx-pkts  rx-bytes rx-error tx-pkts  tx-bytes tx-error
---------------- -------- -------- -------- -------- -------- -------- --------
0000000000000002        1       11      798        0      575    44952        0
0000000000000002        2      599    38497        0      600    38557        0
0000000000000002        3      599    38431        0      598    38371        0
datapath         in-port  eth-dst           out-port packets  bytes
---------------- -------- ----------------- -------- -------- --------
0000000000000002        1       192.168.0.1        2        4      392
0000000000000002        1       192.168.0.2        3        2      196
0000000000000002        2       192.168.0.3        1        4      392
0000000000000002        3       192.168.0.3        1        2      196
datapath         port     rx-pkts  rx-bytes rx-error tx-pkts  tx-bytes tx-error
---------------- -------- -------- -------- -------- -------- -------- --------
0000000000000003        1       11      798        0      573    44850        0
0000000000000003        2      599    38497        0      600    38557        0
0000000000000003        3      598    38371        0      599    38431        0
datapath         in-port  eth-dst           out-port packets  bytes
---------------- -------- ----------------- -------- -------- --------
0000000000000003        1       192.168.0.1        2        4      392
0000000000000003        1       192.168.0.3        3        1       98
0000000000000003        2       192.168.0.2        1        4      392
0000000000000003        3       192.168.0.2        1        2      196
discovery--->==================================== discovery ====================================
discovery---> cls: [(1, 2), (1, 3), (2, 3)]
discovery--->=============================================================================
==================================== link detector ====================================

----------------------------
src    dst :    delay
1 <---> 2 : 4.035234451293945
1 <---> 3 : 4.152536392211914
2 <---> 3 : 2.952098846435547
2 <---> 1 : 2.6450157165527344
3 <---> 2 : 4.127264022827148
3 <---> 1 : 2.7027130126953125
datapath         port     rx-pkts  rx-bytes rx-error tx-pkts  tx-bytes tx-error
---------------- -------- -------- -------- -------- -------- -------- --------
0000000000000001        1       10      868        0      583    45634        0
0000000000000001        2      606    39060        0      605    39000        0
0000000000000001        3      606    39060        0      606    39070        0
datapath         in-port  eth-dst           out-port packets  bytes
---------------- -------- ----------------- -------- -------- --------
0000000000000001        1       192.168.0.2        2        3      294
0000000000000001        1       192.168.0.3        3        3      294
0000000000000001        2       192.168.0.1        1        4      392
0000000000000001        3       192.168.0.1        1        4      392
datapath         port     rx-pkts  rx-bytes rx-error tx-pkts  tx-bytes tx-error
---------------- -------- -------- -------- -------- -------- -------- --------
0000000000000002        1       11      798        0      581    45420        0
0000000000000002        2      606    39070        0      606    39060        0
0000000000000002        3      605    38934        0      604    38874        0
datapath         in-port  eth-dst           out-port packets  bytes
---------------- -------- ----------------- -------- -------- --------
0000000000000002        1       192.168.0.1        2        4      392
0000000000000002        1       192.168.0.2        3        2      196
0000000000000002        2       192.168.0.3        1        4      392
0000000000000002        3       192.168.0.3        1        2      196
datapath         port     rx-pkts  rx-bytes rx-error tx-pkts  tx-bytes tx-error
---------------- -------- -------- -------- -------- -------- -------- --------
0000000000000003        1       11      798        0      578    45240        0
0000000000000003        2      605    39000        0      606    39060        0
0000000000000003        3      604    38874        0      605    38934        0
datapath         in-port  eth-dst           out-port packets  bytes
---------------- -------- ----------------- -------- -------- --------
0000000000000003        1       192.168.0.1        2        4      392
0000000000000003        1       192.168.0.3        3        1       98
0000000000000003        2       192.168.0.2        1        4      392
0000000000000003        3       192.168.0.2        1        2      196
discovery--->==================================== discovery ====================================
discovery---> cls: [(1, 2), (1, 3), (2, 3)]
discovery--->=============================================================================
==================================== link detector ====================================

----------------------------
src    dst :    delay
1 <---> 2 : 3.011465072631836
1 <---> 3 : 4.062652587890625
2 <---> 3 : 3.138303756713867
2 <---> 1 : 3.3721923828125
3 <---> 2 : 3.401517868041992
3 <---> 1 : 4.908561706542969
==================================== link detector ====================================

----------------------------
src    dst :    delay
1 <---> 2 : 2.5987625122070312
1 <---> 3 : 3.926992416381836
2 <---> 3 : 3.1485557556152344
2 <---> 1 : 4.277229309082031
3 <---> 2 : 3.3147335052490234
3 <---> 1 : 2.7158260345458984
datapath         port     rx-pkts  rx-bytes rx-error tx-pkts  tx-bytes tx-error
---------------- -------- -------- -------- -------- -------- -------- --------
0000000000000001        1       10      868        0      588    46024        0
0000000000000001        2      612    39420        0      611    39360        0
0000000000000001        3      612    39420        0      612    39430        0
datapath         in-port  eth-dst           out-port packets  bytes
---------------- -------- ----------------- -------- -------- --------
0000000000000001        1       192.168.0.2        2        3      294
0000000000000001        1       192.168.0.3        3        3      294
0000000000000001        2       192.168.0.1        1        4      392
0000000000000001        3       192.168.0.1        1        4      392
datapath         port     rx-pkts  rx-bytes rx-error tx-pkts  tx-bytes tx-error
---------------- -------- -------- -------- -------- -------- -------- --------
0000000000000003        1       11      798        0      584    45708        0
0000000000000003        2      611    39360        0      612    39420        0
0000000000000003        3      610    39234        0      611    39294        0
datapath         in-port  eth-dst           out-port packets  bytes
---------------- -------- ----------------- -------- -------- --------
0000000000000003        1       192.168.0.1        2        4      392
0000000000000003        1       192.168.0.3        3        1       98
0000000000000003        2       192.168.0.2        1        4      392
0000000000000003        3       192.168.0.2        1        2      196
datapath         port     rx-pkts  rx-bytes rx-error tx-pkts  tx-bytes tx-error
---------------- -------- -------- -------- -------- -------- -------- --------
0000000000000002        1       11      798        0      586    45810        0
0000000000000002        2      612    39430        0      612    39420        0
0000000000000002        3      611    39294        0      610    39234        0
datapath         in-port  eth-dst           out-port packets  bytes
---------------- -------- ----------------- -------- -------- --------
0000000000000002        1       192.168.0.1        2        4      392
0000000000000002        1       192.168.0.2        3        2      196
0000000000000002        2       192.168.0.3        1        4      392
0000000000000002        3       192.168.0.3        1        2      196
discovery--->==================================== discovery ====================================
discovery---> cls: [(1, 2), (1, 3), (2, 3)]
discovery--->=============================================================================
==================================== link detector ====================================

----------------------------
src    dst :    delay
1 <---> 2 : 3.2799243927001953
1 <---> 3 : 3.3998489379882812
2 <---> 3 : 3.472566604614258
2 <---> 1 : 3.276824951171875
3 <---> 2 : 3.56292724609375
3 <---> 1 : 3.295421600341797
datapath         port     rx-pkts  rx-bytes rx-error tx-pkts  tx-bytes tx-error
---------------- -------- -------- -------- -------- -------- -------- --------
0000000000000001        1       10      868        0      594    46492        0
0000000000000001        2      618    39780        0      616    39660        0
0000000000000001        3      617    39720        0      617    39730        0
datapath         in-port  eth-dst           out-port packets  bytes
---------------- -------- ----------------- -------- -------- --------
0000000000000001        1       192.168.0.2        2        3      294
0000000000000001        1       192.168.0.3        3        3      294
0000000000000001        2       192.168.0.1        1        4      392
0000000000000001        3       192.168.0.1        1        4      392
datapath         port     rx-pkts  rx-bytes rx-error tx-pkts  tx-bytes tx-error
---------------- -------- -------- -------- -------- -------- -------- --------
0000000000000002        1       11      798        0      592    46278        0
0000000000000002        2      617    39730        0      617    39720        0
0000000000000002        3      616    39594        0      615    39534        0
datapath         in-port  eth-dst           out-port packets  bytes
---------------- -------- ----------------- -------- -------- --------
0000000000000002        1       192.168.0.1        2        4      392
0000000000000002        1       192.168.0.2        3        2      196
0000000000000002        2       192.168.0.3        1        4      392
0000000000000002        3       192.168.0.3        1        2      196
datapath         port     rx-pkts  rx-bytes rx-error tx-pkts  tx-bytes tx-error
---------------- -------- -------- -------- -------- -------- -------- --------
0000000000000003        1       11      798        0      589    46098        0
0000000000000003        2      616    39660        0      618    39780        0
0000000000000003        3      615    39534        0      616    39594        0
datapath         in-port  eth-dst           out-port packets  bytes
---------------- -------- ----------------- -------- -------- --------
0000000000000003        1       192.168.0.1        2        4      392
0000000000000003        1       192.168.0.3        3        1       98
0000000000000003        2       192.168.0.2        1        4      392
0000000000000003        3       192.168.0.2        1        2      196
discovery--->==================================== discovery ====================================
discovery---> cls: [(1, 2), (1, 3), (2, 3)]
discovery--->=============================================================================
==================================== link detector ====================================

----------------------------
src    dst :    delay
1 <---> 2 : 3.5114288330078125
1 <---> 3 : 3.1461715698242188
2 <---> 3 : 3.456592559814453
2 <---> 1 : 2.7348995208740234
3 <---> 2 : 3.5941600799560547
3 <---> 1 : 4.085540771484375
==================================== link detector ====================================

----------------------------
src    dst :    delay
1 <---> 2 : 3.095388412475586
1 <---> 3 : 3.065824508666992
2 <---> 3 : 3.015279769897461
2 <---> 1 : 2.958536148071289
3 <---> 2 : 3.0260086059570312
3 <---> 1 : 3.1681060791015625
datapath         port     rx-pkts  rx-bytes rx-error tx-pkts  tx-bytes tx-error
---------------- -------- -------- -------- -------- -------- -------- --------
0000000000000001        1       10      868        0      599    46882        0
0000000000000001        2      623    40080        0      622    40020        0
0000000000000001        3      623    40080        0      623    40090        0
datapath         in-port  eth-dst           out-port packets  bytes
---------------- -------- ----------------- -------- -------- --------
0000000000000001        1       192.168.0.2        2        3      294
0000000000000001        1       192.168.0.3        3        3      294
0000000000000001        2       192.168.0.1        1        4      392
0000000000000001        3       192.168.0.1        1        4      392
datapath         port     rx-pkts  rx-bytes rx-error tx-pkts  tx-bytes tx-error
---------------- -------- -------- -------- -------- -------- -------- --------
0000000000000002        1       11      798        0      597    46668        0
0000000000000002        2      623    40090        0      623    40080        0
0000000000000002        3      622    39954        0      621    39894        0
datapath         in-port  eth-dst           out-port packets  bytes
---------------- -------- ----------------- -------- -------- --------
0000000000000002        1       192.168.0.1        2        4      392
0000000000000002        1       192.168.0.2        3        2      196
0000000000000002        2       192.168.0.3        1        4      392
0000000000000002        3       192.168.0.3        1        2      196
datapath         port     rx-pkts  rx-bytes rx-error tx-pkts  tx-bytes tx-error
---------------- -------- -------- -------- -------- -------- -------- --------
0000000000000003        1       11      798        0      595    46566        0
0000000000000003        2      622    40020        0      623    40080        0
0000000000000003        3      621    39894        0      622    39954        0
datapath         in-port  eth-dst           out-port packets  bytes
---------------- -------- ----------------- -------- -------- --------
0000000000000003        1       192.168.0.1        2        4      392
0000000000000003        1       192.168.0.3        3        1       98
0000000000000003        2       192.168.0.2        1        4      392
0000000000000003        3       192.168.0.2        1        2      196
discovery--->==================================== discovery ====================================
discovery---> cls: [(1, 2), (1, 3), (2, 3)]
discovery--->=============================================================================
==================================== link detector ====================================

----------------------------
src    dst :    delay
1 <---> 2 : 2.9532909393310547
1 <---> 3 : 3.119945526123047
2 <---> 3 : 2.855539321899414
2 <---> 1 : 3.6993026733398438
3 <---> 2 : 2.844572067260742
3 <---> 1 : 3.0472278594970703
==================================== link detector ====================================

----------------------------
src    dst :    delay
1 <---> 2 : 3.003835678100586
1 <---> 3 : 3.4897327423095703
2 <---> 3 : 3.017425537109375
2 <---> 1 : 2.599000930786133
3 <---> 2 : 2.653837203979492
3 <---> 1 : 3.0744075775146484
datapath         port     rx-pkts  rx-bytes rx-error tx-pkts  tx-bytes tx-error
---------------- -------- -------- -------- -------- -------- -------- --------
0000000000000001        1       10      868        0      605    47350        0
0000000000000001        2      629    40440        0      628    40380        0
0000000000000001        3      628    40380        0      628    40390        0
datapath         in-port  eth-dst           out-port packets  bytes
---------------- -------- ----------------- -------- -------- --------
0000000000000001        1       192.168.0.2        2        3      294
0000000000000001        1       192.168.0.3        3        3      294
0000000000000001        2       192.168.0.1        1        4      392
0000000000000001        3       192.168.0.1        1        4      392
datapath         port     rx-pkts  rx-bytes rx-error tx-pkts  tx-bytes tx-error
---------------- -------- -------- -------- -------- -------- -------- --------
0000000000000002        1       11      798        0      603    47136        0
0000000000000002        2      628    40390        0      628    40380        0
0000000000000002        3      627    40254        0      626    40194        0
datapath         in-port  eth-dst           out-port packets  bytes
---------------- -------- ----------------- -------- -------- --------
0000000000000002        1       192.168.0.1        2        4      392
0000000000000002        1       192.168.0.2        3        2      196
0000000000000002        2       192.168.0.3        1        4      392
0000000000000002        3       192.168.0.3        1        2      196
datapath         port     rx-pkts  rx-bytes rx-error tx-pkts  tx-bytes tx-error
---------------- -------- -------- -------- -------- -------- -------- --------
0000000000000003        1       11      798        0      601    47034        0
0000000000000003        2      628    40380        0      629    40440        0
0000000000000003        3      626    40194        0      627    40254        0
datapath         in-port  eth-dst           out-port packets  bytes
---------------- -------- ----------------- -------- -------- --------
0000000000000003        1       192.168.0.1        2        4      392
0000000000000003        1       192.168.0.3        3        1       98
0000000000000003        2       192.168.0.2        1        4      392
0000000000000003        3       192.168.0.2        1        2      196
discovery--->==================================== discovery ====================================
discovery---> cls: [(1, 2), (1, 3), (2, 3)]
discovery--->=============================================================================
==================================== link detector ====================================

----------------------------
src    dst :    delay
1 <---> 2 : 3.360748291015625
1 <---> 3 : 3.084897994995117
2 <---> 3 : 3.3495426177978516
2 <---> 1 : 2.792835235595703
3 <---> 2 : 2.6628971099853516
3 <---> 1 : 2.9883384704589844
datapath         port     rx-pkts  rx-bytes rx-error tx-pkts  tx-bytes tx-error
---------------- -------- -------- -------- -------- -------- -------- --------
0000000000000001        1       10      868        0      610    47740        0
0000000000000001        2      634    40740        0      633    40680        0
0000000000000001        3      634    40740        0      634    40750        0
datapath         in-port  eth-dst           out-port packets  bytes
---------------- -------- ----------------- -------- -------- --------
0000000000000001        1       192.168.0.2        2        3      294
0000000000000001        1       192.168.0.3        3        3      294
0000000000000001        2       192.168.0.1        1        4      392
0000000000000001        3       192.168.0.1        1        4      392
datapath         port     rx-pkts  rx-bytes rx-error tx-pkts  tx-bytes tx-error
---------------- -------- -------- -------- -------- -------- -------- --------
0000000000000003        1       11      798        0      606    47424        0
0000000000000003        2      633    40680        0      634    40740        0
0000000000000003        3      632    40554        0      633    40614        0
datapath         in-port  eth-dst           out-port packets  bytes
---------------- -------- ----------------- -------- -------- --------
0000000000000003        1       192.168.0.1        2        4      392
0000000000000003        1       192.168.0.3        3        1       98
0000000000000003        2       192.168.0.2        1        4      392
0000000000000003        3       192.168.0.2        1        2      196
datapath         port     rx-pkts  rx-bytes rx-error tx-pkts  tx-bytes tx-error
---------------- -------- -------- -------- -------- -------- -------- --------
0000000000000002        1       11      798        0      609    47604        0
0000000000000002        2      634    40750        0      634    40740        0
0000000000000002        3      633    40614        0      632    40554        0
datapath         in-port  eth-dst           out-port packets  bytes
---------------- -------- ----------------- -------- -------- --------
0000000000000002        1       192.168.0.1        2        4      392
0000000000000002        1       192.168.0.2        3        2      196
0000000000000002        2       192.168.0.3        1        4      392
0000000000000002        3       192.168.0.3        1        2      196
discovery--->==================================== discovery ====================================
discovery---> cls: [(1, 2), (1, 3), (2, 3)]
discovery--->=============================================================================
==================================== link detector ====================================

----------------------------
src    dst :    delay
1 <---> 2 : 3.448963165283203
1 <---> 3 : 2.6655197143554688
2 <---> 3 : 2.9222965240478516
2 <---> 1 : 3.648519515991211
3 <---> 2 : 2.862691879272461
3 <---> 1 : 4.192590713500977
==================================== link detector ====================================

----------------------------
src    dst :    delay
1 <---> 2 : 2.9144287109375
1 <---> 3 : 3.524303436279297
2 <---> 3 : 3.8068294525146484
2 <---> 1 : 3.5750865936279297
3 <---> 2 : 3.0672550201416016
3 <---> 1 : 4.415750503540039
datapath         port     rx-pkts  rx-bytes rx-error tx-pkts  tx-bytes tx-error
---------------- -------- -------- -------- -------- -------- -------- --------
0000000000000001        1       10      868        0      616    48208        0
0000000000000001        2      640    41100        0      639    41040        0
0000000000000001        3      640    41100        0      640    41110        0
datapath         in-port  eth-dst           out-port packets  bytes
---------------- -------- ----------------- -------- -------- --------
0000000000000001        1       192.168.0.2        2        3      294
0000000000000001        1       192.168.0.3        3        3      294
0000000000000001        2       192.168.0.1        1        4      392
0000000000000001        3       192.168.0.1        1        4      392
datapath         port     rx-pkts  rx-bytes rx-error tx-pkts  tx-bytes tx-error
---------------- -------- -------- -------- -------- -------- -------- --------
0000000000000003        1       11      798        0      612    47892        0
0000000000000003        2      639    41040        0      640    41100        0
0000000000000003        3      637    40854        0      638    40914        0
datapath         in-port  eth-dst           out-port packets  bytes
---------------- -------- ----------------- -------- -------- --------
0000000000000003        1       192.168.0.1        2        4      392
0000000000000003        1       192.168.0.3        3        1       98
0000000000000003        2       192.168.0.2        1        4      392
0000000000000003        3       192.168.0.2        1        2      196
datapath         port     rx-pkts  rx-bytes rx-error tx-pkts  tx-bytes tx-error
---------------- -------- -------- -------- -------- -------- -------- --------
0000000000000002        1       11      798        0      614    47994        0
0000000000000002        2      640    41110        0      640    41100        0
0000000000000002        3      638    40914        0      637    40854        0
datapath         in-port  eth-dst           out-port packets  bytes
---------------- -------- ----------------- -------- -------- --------
0000000000000002        1       192.168.0.1        2        4      392
0000000000000002        1       192.168.0.2        3        2      196
0000000000000002        2       192.168.0.3        1        4      392
0000000000000002        3       192.168.0.3        1        2      196
discovery--->==================================== discovery ====================================
discovery---> cls: [(1, 2), (1, 3), (2, 3)]
discovery--->=============================================================================
==================================== link detector ====================================

----------------------------
src    dst :    delay
1 <---> 2 : 3.3631324768066406
1 <---> 3 : 3.7522315979003906
2 <---> 3 : 2.275705337524414
2 <---> 1 : 3.767251968383789
3 <---> 2 : 2.3882389068603516
3 <---> 1 : 3.2854080200195312
datapath         port     rx-pkts  rx-bytes rx-error tx-pkts  tx-bytes tx-error
---------------- -------- -------- -------- -------- -------- -------- --------
0000000000000001        1       10      868        0      621    48598        0
0000000000000001        2      645    41400        0      644    41340        0
0000000000000001        3      645    41400        0      645    41410        0
datapath         in-port  eth-dst           out-port packets  bytes
---------------- -------- ----------------- -------- -------- --------
0000000000000001        1       192.168.0.2        2        3      294
0000000000000001        1       192.168.0.3        3        3      294
0000000000000001        2       192.168.0.1        1        4      392
0000000000000001        3       192.168.0.1        1        4      392
datapath         port     rx-pkts  rx-bytes rx-error tx-pkts  tx-bytes tx-error
---------------- -------- -------- -------- -------- -------- -------- --------
0000000000000002        1       11      798        0      620    48462        0
0000000000000002        2      645    41410        0      645    41400        0
0000000000000002        3      644    41274        0      643    41214        0
datapath         in-port  eth-dst           out-port packets  bytes
---------------- -------- ----------------- -------- -------- --------
0000000000000002        1       192.168.0.1        2        4      392
0000000000000002        1       192.168.0.2        3        2      196
0000000000000002        2       192.168.0.3        1        4      392
0000000000000002        3       192.168.0.3        1        2      196
datapath         port     rx-pkts  rx-bytes rx-error tx-pkts  tx-bytes tx-error
---------------- -------- -------- -------- -------- -------- -------- --------
0000000000000003        1       11      798        0      617    48282        0
0000000000000003        2      644    41340        0      645    41400        0
0000000000000003        3      643    41214        0      644    41274        0
datapath         in-port  eth-dst           out-port packets  bytes
---------------- -------- ----------------- -------- -------- --------
0000000000000003        1       192.168.0.1        2        4      392
0000000000000003        1       192.168.0.3        3        1       98
0000000000000003        2       192.168.0.2        1        4      392
0000000000000003        3       192.168.0.2        1        2      196
discovery--->==================================== discovery ====================================
discovery---> cls: [(1, 2), (1, 3), (2, 3)]
discovery--->=============================================================================
==================================== link detector ====================================

----------------------------
src    dst :    delay
1 <---> 2 : 4.05430793762207
1 <---> 3 : 3.3690929412841797
2 <---> 3 : 2.7081966400146484
2 <---> 1 : 4.322052001953125
3 <---> 2 : 2.9578208923339844
3 <---> 1 : 3.248929977416992
==================================== link detector ====================================

----------------------------
src    dst :    delay
1 <---> 2 : 2.6237964630126953
1 <---> 3 : 4.131317138671875
2 <---> 3 : 4.206657409667969
2 <---> 1 : 4.065275192260742
3 <---> 2 : 3.713369369506836
3 <---> 1 : 4.787921905517578
datapath         port     rx-pkts  rx-bytes rx-error tx-pkts  tx-bytes tx-error
---------------- -------- -------- -------- -------- -------- -------- --------
0000000000000003        1       11      798        0      623    48750        0
0000000000000003        2      650    41700        0      651    41760        0
0000000000000003        3      649    41574        0      649    41574        0
datapath         in-port  eth-dst           out-port packets  bytes
---------------- -------- ----------------- -------- -------- --------
0000000000000003        1       192.168.0.1        2        4      392
0000000000000003        1       192.168.0.3        3        1       98
0000000000000003        2       192.168.0.2        1        4      392
0000000000000003        3       192.168.0.2        1        2      196
datapath         port     rx-pkts  rx-bytes rx-error tx-pkts  tx-bytes tx-error
---------------- -------- -------- -------- -------- -------- -------- --------
0000000000000001        1       10      868        0      627    49066        0
0000000000000001        2      651    41760        0      650    41700        0
0000000000000001        3      651    41760        0      651    41770        0
datapath         in-port  eth-dst           out-port packets  bytes
---------------- -------- ----------------- -------- -------- --------
0000000000000001        1       192.168.0.2        2        3      294
0000000000000001        1       192.168.0.3        3        3      294
0000000000000001        2       192.168.0.1        1        4      392
0000000000000001        3       192.168.0.1        1        4      392
datapath         port     rx-pkts  rx-bytes rx-error tx-pkts  tx-bytes tx-error
---------------- -------- -------- -------- -------- -------- -------- --------
0000000000000002        1       11      798        0      625    48852        0
0000000000000002        2      651    41770        0      651    41760        0
0000000000000002        3      649    41574        0      649    41574        0
datapath         in-port  eth-dst           out-port packets  bytes
---------------- -------- ----------------- -------- -------- --------
0000000000000002        1       192.168.0.1        2        4      392
0000000000000002        1       192.168.0.2        3        2      196
0000000000000002        2       192.168.0.3        1        4      392
0000000000000002        3       192.168.0.3        1        2      196
discovery--->==================================== discovery ====================================
discovery---> cls: [(1, 2), (1, 3), (2, 3)]
discovery--->=============================================================================
==================================== link detector ====================================

----------------------------
src    dst :    delay
1 <---> 2 : 3.020763397216797
1 <---> 3 : 3.018617630004883
2 <---> 3 : 3.0527114868164062
2 <---> 1 : 3.0667781829833984
3 <---> 2 : 3.0999183654785156
3 <---> 1 : 3.789663314819336
datapath         port     rx-pkts  rx-bytes rx-error tx-pkts  tx-bytes tx-error
---------------- -------- -------- -------- -------- -------- -------- --------
0000000000000001        1       10      868        0      632    49456        0
0000000000000001        2      656    42060        0      655    42000        0
0000000000000001        3      656    42060        0      656    42070        0
datapath         in-port  eth-dst           out-port packets  bytes
---------------- -------- ----------------- -------- -------- --------
0000000000000001        1       192.168.0.2        2        3      294
0000000000000001        1       192.168.0.3        3        3      294
0000000000000001        2       192.168.0.1        1        4      392
0000000000000001        3       192.168.0.1        1        4      392
datapath         port     rx-pkts  rx-bytes rx-error tx-pkts  tx-bytes tx-error
---------------- -------- -------- -------- -------- -------- -------- --------
0000000000000002        1       11      798        0      631    49320        0
0000000000000002        2      656    42070        0      656    42060        0
0000000000000002        3      655    41934        0      654    41874        0
datapath         in-port  eth-dst           out-port packets  bytes
---------------- -------- ----------------- -------- -------- --------
0000000000000002        1       192.168.0.1        2        4      392
0000000000000002        1       192.168.0.2        3        2      196
0000000000000002        2       192.168.0.3        1        4      392
0000000000000002        3       192.168.0.3        1        2      196
datapath         port     rx-pkts  rx-bytes rx-error tx-pkts  tx-bytes tx-error
---------------- -------- -------- -------- -------- -------- -------- --------
0000000000000003        1       11      798        0      628    49140        0
0000000000000003        2      655    42000        0      656    42060        0
0000000000000003        3      654    41874        0      655    41934        0
datapath         in-port  eth-dst           out-port packets  bytes
---------------- -------- ----------------- -------- -------- --------
0000000000000003        1       192.168.0.1        2        4      392
0000000000000003        1       192.168.0.3        3        1       98
0000000000000003        2       192.168.0.2        1        4      392
0000000000000003        3       192.168.0.2        1        2      196
discovery--->==================================== discovery ====================================
discovery---> cls: [(1, 2), (1, 3), (2, 3)]
discovery--->=============================================================================
==================================== link detector ====================================

----------------------------
src    dst :    delay
1 <---> 2 : 3.6461353302001953
1 <---> 3 : 3.2973289489746094
2 <---> 3 : 3.3903121948242188
2 <---> 1 : 3.6466121673583984
3 <---> 2 : 3.262042999267578
3 <---> 1 : 2.7532577514648438
==================================== link detector ====================================

----------------------------
src    dst :    delay
1 <---> 2 : 2.90679931640625
1 <---> 3 : 3.7419795989990234
2 <---> 3 : 4.717826843261719
2 <---> 1 : 2.952098846435547
3 <---> 2 : 4.436016082763672
3 <---> 1 : 3.165006637573242
datapath         port     rx-pkts  rx-bytes rx-error tx-pkts  tx-bytes tx-error
---------------- -------- -------- -------- -------- -------- -------- --------
0000000000000001        1       10      868        0      638    49924        0
0000000000000001        2      662    42420        0      661    42360        0
0000000000000001        3      663    42490        0      662    42430        0
datapath         in-port  eth-dst           out-port packets  bytes
---------------- -------- ----------------- -------- -------- --------
0000000000000001        1       192.168.0.2        2        3      294
0000000000000001        1       192.168.0.3        3        3      294
0000000000000001        2       192.168.0.1        1        4      392
0000000000000001        3       192.168.0.1        1        4      392
datapath         port     rx-pkts  rx-bytes rx-error tx-pkts  tx-bytes tx-error
---------------- -------- -------- -------- -------- -------- -------- --------
0000000000000003        1       11      798        0      634    49608        0
0000000000000003        2      661    42360        0      662    42420        0
0000000000000003        3      660    42234        0      661    42294        0
datapath         in-port  eth-dst           out-port packets  bytes
---------------- -------- ----------------- -------- -------- --------
0000000000000003        1       192.168.0.1        2        4      392
0000000000000003        1       192.168.0.3        3        1       98
0000000000000003        2       192.168.0.2        1        4      392
0000000000000003        3       192.168.0.2        1        2      196
datapath         port     rx-pkts  rx-bytes rx-error tx-pkts  tx-bytes tx-error
---------------- -------- -------- -------- -------- -------- -------- --------
0000000000000002        1       11      798        0      636    49710        0
0000000000000002        2      662    42430        0      663    42490        0
0000000000000002        3      661    42294        0      660    42234        0
datapath         in-port  eth-dst           out-port packets  bytes
---------------- -------- ----------------- -------- -------- --------
0000000000000002        1       192.168.0.1        2        4      392
0000000000000002        1       192.168.0.2        3        2      196
0000000000000002        2       192.168.0.3        1        4      392
0000000000000002        3       192.168.0.3        1        2      196
discovery--->==================================== discovery ====================================
discovery---> cls: [(1, 2), (1, 3), (2, 3)]
discovery--->=============================================================================
==================================== link detector ====================================

----------------------------
src    dst :    delay
1 <---> 2 : 3.1099319458007812
1 <---> 3 : 4.184246063232422
2 <---> 3 : 3.322124481201172
2 <---> 1 : 4.175901412963867
3 <---> 2 : 3.182649612426758
3 <---> 1 : 3.4492015838623047
==================================== link detector ====================================

----------------------------
src    dst :    delay
1 <---> 2 : 3.780364990234375
1 <---> 3 : 4.0912628173828125
2 <---> 3 : 3.648042678833008
2 <---> 1 : 3.786325454711914
3 <---> 2 : 3.0231475830078125
3 <---> 1 : 3.62396240234375
datapath         port     rx-pkts  rx-bytes rx-error tx-pkts  tx-bytes tx-error
---------------- -------- -------- -------- -------- -------- -------- --------
0000000000000001        1       10      868        0      644    50392        0
0000000000000001        2      668    42780        0      666    42660        0
0000000000000001        3      668    42790        0      667    42730        0
datapath         in-port  eth-dst           out-port packets  bytes
---------------- -------- ----------------- -------- -------- --------
0000000000000001        1       192.168.0.2        2        3      294
0000000000000001        1       192.168.0.3        3        3      294
0000000000000001        2       192.168.0.1        1        4      392
0000000000000001        3       192.168.0.1        1        4      392
datapath         port     rx-pkts  rx-bytes rx-error tx-pkts  tx-bytes tx-error
---------------- -------- -------- -------- -------- -------- -------- --------
0000000000000003        1       11      798        0      639    49998        0
0000000000000003        2      666    42660        0      668    42780        0
0000000000000003        3      665    42534        0      666    42594        0
datapath         in-port  eth-dst           out-port packets  bytes
---------------- -------- ----------------- -------- -------- --------
0000000000000003        1       192.168.0.1        2        4      392
0000000000000003        1       192.168.0.3        3        1       98
0000000000000003        2       192.168.0.2        1        4      392
0000000000000003        3       192.168.0.2        1        2      196
datapath         port     rx-pkts  rx-bytes rx-error tx-pkts  tx-bytes tx-error
---------------- -------- -------- -------- -------- -------- -------- --------
0000000000000002        1       11      798        0      642    50178        0
0000000000000002        2      667    42730        0      668    42790        0
0000000000000002        3      666    42594        0      665    42534        0
datapath         in-port  eth-dst           out-port packets  bytes
---------------- -------- ----------------- -------- -------- --------
0000000000000002        1       192.168.0.1        2        4      392
0000000000000002        1       192.168.0.2        3        2      196
0000000000000002        2       192.168.0.3        1        4      392
0000000000000002        3       192.168.0.3        1        2      196
discovery--->==================================== discovery ====================================
discovery---> cls: [(1, 2), (1, 3), (2, 3)]
discovery--->=============================================================================
==================================== link detector ====================================

----------------------------
src    dst :    delay
1 <---> 2 : 2.101898193359375
1 <---> 3 : 2.056121826171875
2 <---> 3 : 2.2509098052978516
2 <---> 1 : 2.1228790283203125
3 <---> 2 : 2.586841583251953
3 <---> 1 : 2.1300315856933594
datapath         port     rx-pkts  rx-bytes rx-error tx-pkts  tx-bytes tx-error
---------------- -------- -------- -------- -------- -------- -------- --------
0000000000000001        1       10      868        0      649    50782        0
0000000000000001        2      673    43080        0      672    43020        0
0000000000000001        3      674    43150        0      673    43090        0
datapath         in-port  eth-dst           out-port packets  bytes
---------------- -------- ----------------- -------- -------- --------
0000000000000001        1       192.168.0.2        2        3      294
0000000000000001        1       192.168.0.3        3        3      294
0000000000000001        2       192.168.0.1        1        4      392
0000000000000001        3       192.168.0.1        1        4      392
datapath         port     rx-pkts  rx-bytes rx-error tx-pkts  tx-bytes tx-error
---------------- -------- -------- -------- -------- -------- -------- --------
0000000000000002        1       11      798        0      647    50568        0
0000000000000002        2      673    43090        0      674    43150        0
0000000000000002        3      672    42954        0      671    42894        0
datapath         in-port  eth-dst           out-port packets  bytes
---------------- -------- ----------------- -------- -------- --------
0000000000000002        1       192.168.0.1        2        4      392
0000000000000002        1       192.168.0.2        3        2      196
0000000000000002        2       192.168.0.3        1        4      392
0000000000000002        3       192.168.0.3        1        2      196
datapath         port     rx-pkts  rx-bytes rx-error tx-pkts  tx-bytes tx-error
---------------- -------- -------- -------- -------- -------- -------- --------
0000000000000003        1       11      798        0      645    50466        0
0000000000000003        2      672    43020        0      673    43080        0
0000000000000003        3      671    42894        0      672    42954        0
datapath         in-port  eth-dst           out-port packets  bytes
---------------- -------- ----------------- -------- -------- --------
0000000000000003        1       192.168.0.1        2        4      392
0000000000000003        1       192.168.0.3        3        1       98
0000000000000003        2       192.168.0.2        1        4      392
0000000000000003        3       192.168.0.2        1        2      196
discovery--->==================================== discovery ====================================
discovery---> cls: [(1, 2), (1, 3), (2, 3)]
discovery--->=============================================================================
==================================== link detector ====================================

----------------------------
src    dst :    delay
1 <---> 2 : 2.1452903747558594
1 <---> 3 : 3.026247024536133
2 <---> 3 : 2.3589134216308594
2 <---> 1 : 2.93731689453125
3 <---> 2 : 4.032611846923828
3 <---> 1 : 3.0884742736816406
==================================== link detector ====================================

----------------------------
src    dst :    delay
1 <---> 2 : 3.011465072631836
1 <---> 3 : 4.415273666381836
2 <---> 3 : 5.005598068237305
2 <---> 1 : 4.288196563720703
3 <---> 2 : 2.674102783203125
3 <---> 1 : 3.4689903259277344
datapath         port     rx-pkts  rx-bytes rx-error tx-pkts  tx-bytes tx-error
---------------- -------- -------- -------- -------- -------- -------- --------
0000000000000001        1       10      868        0      655    51250        0
0000000000000001        2      679    43440        0      677    43320        0
0000000000000001        3      679    43450        0      678    43390        0
datapath         in-port  eth-dst           out-port packets  bytes
---------------- -------- ----------------- -------- -------- --------
0000000000000001        1       192.168.0.2        2        3      294
0000000000000001        1       192.168.0.3        3        3      294
0000000000000001        2       192.168.0.1        1        4      392
0000000000000001        3       192.168.0.1        1        4      392
datapath         port     rx-pkts  rx-bytes rx-error tx-pkts  tx-bytes tx-error
---------------- -------- -------- -------- -------- -------- -------- --------
0000000000000003        1       11      798        0      651    50934        0
0000000000000003        2      677    43320        0      679    43440        0
0000000000000003        3      676    43194        0      677    43254        0
datapath         in-port  eth-dst           out-port packets  bytes
---------------- -------- ----------------- -------- -------- --------
0000000000000003        1       192.168.0.1        2        4      392
0000000000000003        1       192.168.0.3        3        1       98
0000000000000003        2       192.168.0.2        1        4      392
0000000000000003        3       192.168.0.2        1        2      196
datapath         port     rx-pkts  rx-bytes rx-error tx-pkts  tx-bytes tx-error
---------------- -------- -------- -------- -------- -------- -------- --------
0000000000000002        1       11      798        0      653    51036        0
0000000000000002        2      678    43390        0      679    43450        0
0000000000000002        3      677    43254        0      676    43194        0
datapath         in-port  eth-dst           out-port packets  bytes
---------------- -------- ----------------- -------- -------- --------
0000000000000002        1       192.168.0.1        2        4      392
0000000000000002        1       192.168.0.2        3        2      196
0000000000000002        2       192.168.0.3        1        4      392
0000000000000002        3       192.168.0.3        1        2      196
discovery--->==================================== discovery ====================================
discovery---> cls: [(1, 2), (1, 3), (2, 3)]
discovery--->=============================================================================
==================================== link detector ====================================

----------------------------
src    dst :    delay
1 <---> 2 : 2.527952194213867
1 <---> 3 : 2.9599666595458984
2 <---> 3 : 3.309488296508789
2 <---> 1 : 2.5680065155029297
3 <---> 2 : 3.3380985260009766
3 <---> 1 : 2.3806095123291016
datapath         port     rx-pkts  rx-bytes rx-error tx-pkts  tx-bytes tx-error
---------------- -------- -------- -------- -------- -------- -------- --------
0000000000000001        1       10      868        0      660    51640        0
0000000000000001        2      684    43740        0      683    43680        0
0000000000000001        3      685    43810        0      684    43750        0
datapath         in-port  eth-dst           out-port packets  bytes
---------------- -------- ----------------- -------- -------- --------
0000000000000001        1       192.168.0.2        2        3      294
0000000000000001        1       192.168.0.3        3        3      294
0000000000000001        2       192.168.0.1        1        4      392
0000000000000001        3       192.168.0.1        1        4      392
datapath         port     rx-pkts  rx-bytes rx-error tx-pkts  tx-bytes tx-error
---------------- -------- -------- -------- -------- -------- -------- --------
0000000000000003        1       11      798        0      656    51324        0
0000000000000003        2      683    43680        0      684    43740        0
0000000000000003        3      682    43554        0      683    43614        0
datapath         in-port  eth-dst           out-port packets  bytes
---------------- -------- ----------------- -------- -------- --------
0000000000000003        1       192.168.0.1        2        4      392
0000000000000003        1       192.168.0.3        3        1       98
0000000000000003        2       192.168.0.2        1        4      392
0000000000000003        3       192.168.0.2        1        2      196
datapath         port     rx-pkts  rx-bytes rx-error tx-pkts  tx-bytes tx-error
---------------- -------- -------- -------- -------- -------- -------- --------
0000000000000002        1       11      798        0      658    51426        0
0000000000000002        2      684    43750        0      685    43810        0
0000000000000002        3      683    43614        0      682    43554        0
datapath         in-port  eth-dst           out-port packets  bytes
---------------- -------- ----------------- -------- -------- --------
0000000000000002        1       192.168.0.1        2        4      392
0000000000000002        1       192.168.0.2        3        2      196
0000000000000002        2       192.168.0.3        1        4      392
0000000000000002        3       192.168.0.3        1        2      196
discovery--->==================================== discovery ====================================
discovery---> cls: [(1, 2), (1, 3), (2, 3)]
discovery--->=============================================================================
==================================== link detector ====================================

----------------------------
src    dst :    delay
1 <---> 2 : 2.0923614501953125
1 <---> 3 : 2.1622180938720703
2 <---> 3 : 2.105236053466797
2 <---> 1 : 2.173900604248047
3 <---> 2 : 2.2199153900146484
3 <---> 1 : 2.1910667419433594
==================================== link detector ====================================

----------------------------
src    dst :    delay
1 <---> 2 : 4.050493240356445
1 <---> 3 : 2.9549598693847656
2 <---> 3 : 2.8383731842041016
2 <---> 1 : 3.002166748046875
3 <---> 2 : 3.972291946411133
3 <---> 1 : 3.127574920654297
datapath         port     rx-pkts  rx-bytes rx-error tx-pkts  tx-bytes tx-error
---------------- -------- -------- -------- -------- -------- -------- --------
0000000000000001        1       10      868        0      666    52108        0
0000000000000001        2      690    44100        0      689    44040        0
0000000000000001        3      691    44170        0      689    44050        0
datapath         in-port  eth-dst           out-port packets  bytes
---------------- -------- ----------------- -------- -------- --------
0000000000000001        1       192.168.0.2        2        3      294
0000000000000001        1       192.168.0.3        3        3      294
0000000000000001        2       192.168.0.1        1        4      392
0000000000000001        3       192.168.0.1        1        4      392
datapath         port     rx-pkts  rx-bytes rx-error tx-pkts  tx-bytes tx-error
---------------- -------- -------- -------- -------- -------- -------- --------
0000000000000002        1       11      798        0      664    51894        0
0000000000000002        2      689    44050        0      691    44170        0
0000000000000002        3      688    43914        0      687    43854        0
datapath         in-port  eth-dst           out-port packets  bytes
---------------- -------- ----------------- -------- -------- --------
0000000000000002        1       192.168.0.1        2        4      392
0000000000000002        1       192.168.0.2        3        2      196
0000000000000002        2       192.168.0.3        1        4      392
0000000000000002        3       192.168.0.3        1        2      196
datapath         port     rx-pkts  rx-bytes rx-error tx-pkts  tx-bytes tx-error
---------------- -------- -------- -------- -------- -------- -------- --------
0000000000000003        1       11      798        0      662    51792        0
0000000000000003        2      689    44040        0      690    44100        0
0000000000000003        3      687    43854        0      688    43914        0
datapath         in-port  eth-dst           out-port packets  bytes
---------------- -------- ----------------- -------- -------- --------
0000000000000003        1       192.168.0.1        2        4      392
0000000000000003        1       192.168.0.3        3        1       98
0000000000000003        2       192.168.0.2        1        4      392
0000000000000003        3       192.168.0.2        1        2      196
discovery--->==================================== discovery ====================================
discovery---> cls: [(1, 2), (1, 3), (2, 3)]
discovery--->=============================================================================
==================================== link detector ====================================

----------------------------
src    dst :    delay
1 <---> 2 : 3.996610641479492
1 <---> 3 : 2.8333663940429688
2 <---> 3 : 2.7518272399902344
2 <---> 1 : 4.405021667480469
3 <---> 2 : 3.4995079040527344
3 <---> 1 : 3.335237503051758
==================================== link detector ====================================

----------------------------
src    dst :    delay
1 <---> 2 : 4.286766052246094
1 <---> 3 : 2.790212631225586
2 <---> 3 : 2.9342174530029297
2 <---> 1 : 2.897500991821289
3 <---> 2 : 2.6819705963134766
3 <---> 1 : 3.996610641479492
datapath         port     rx-pkts  rx-bytes rx-error tx-pkts  tx-bytes tx-error
---------------- -------- -------- -------- -------- -------- -------- --------
0000000000000001        1       10      868        0      671    52498        0
0000000000000001        2      695    44400        0      694    44340        0
0000000000000001        3      696    44470        0      695    44410        0
datapath         in-port  eth-dst           out-port packets  bytes
---------------- -------- ----------------- -------- -------- --------
0000000000000001        1       192.168.0.2        2        3      294
0000000000000001        1       192.168.0.3        3        3      294
0000000000000001        2       192.168.0.1        1        4      392
0000000000000001        3       192.168.0.1        1        4      392
datapath         port     rx-pkts  rx-bytes rx-error tx-pkts  tx-bytes tx-error
---------------- -------- -------- -------- -------- -------- -------- --------
0000000000000002        1       11      798        0      670    52362        0
0000000000000002        2      695    44410        0      696    44470        0
0000000000000002        3      694    44274        0      693    44214        0
datapath         in-port  eth-dst           out-port packets  bytes
---------------- -------- ----------------- -------- -------- --------
0000000000000002        1       192.168.0.1        2        4      392
0000000000000002        1       192.168.0.2        3        2      196
0000000000000002        2       192.168.0.3        1        4      392
0000000000000002        3       192.168.0.3        1        2      196
datapath         port     rx-pkts  rx-bytes rx-error tx-pkts  tx-bytes tx-error
---------------- -------- -------- -------- -------- -------- -------- --------
0000000000000003        1       11      798        0      667    52182        0
0000000000000003        2      694    44340        0      695    44400        0
0000000000000003        3      693    44214        0      694    44274        0
datapath         in-port  eth-dst           out-port packets  bytes
---------------- -------- ----------------- -------- -------- --------
0000000000000003        1       192.168.0.1        2        4      392
0000000000000003        1       192.168.0.3        3        1       98
0000000000000003        2       192.168.0.2        1        4      392
0000000000000003        3       192.168.0.2        1        2      196
discovery--->==================================== discovery ====================================
discovery---> cls: [(1, 2), (1, 3), (2, 3)]
discovery--->=============================================================================
==================================== link detector ====================================

----------------------------
src    dst :    delay
1 <---> 2 : 3.3674240112304688
1 <---> 3 : 2.416372299194336
2 <---> 3 : 3.4923553466796875
2 <---> 1 : 3.2300949096679688
3 <---> 2 : 4.082918167114258
3 <---> 1 : 3.541231155395508
datapath         port     rx-pkts  rx-bytes rx-error tx-pkts  tx-bytes tx-error
---------------- -------- -------- -------- -------- -------- -------- --------
0000000000000001        1       10      868        0      677    52966        0
0000000000000001        2      702    44830        0      701    44770        0
0000000000000001        3      702    44830        0      701    44770        0
datapath         in-port  eth-dst           out-port packets  bytes
---------------- -------- ----------------- -------- -------- --------
0000000000000001        1       192.168.0.2        2        3      294
0000000000000001        1       192.168.0.3        3        3      294
0000000000000001        2       192.168.0.1        1        4      392
0000000000000001        3       192.168.0.1        1        4      392
datapath         port     rx-pkts  rx-bytes rx-error tx-pkts  tx-bytes tx-error
---------------- -------- -------- -------- -------- -------- -------- --------
0000000000000003        1       11      798        0      673    52650        0
0000000000000003        2      701    44770        0      702    44830        0
0000000000000003        3      699    44574        0      699    44574        0
datapath         in-port  eth-dst           out-port packets  bytes
---------------- -------- ----------------- -------- -------- --------
0000000000000003        1       192.168.0.1        2        4      392
0000000000000003        1       192.168.0.3        3        1       98
0000000000000003        2       192.168.0.2        1        4      392
0000000000000003        3       192.168.0.2        1        2      196
datapath         port     rx-pkts  rx-bytes rx-error tx-pkts  tx-bytes tx-error
---------------- -------- -------- -------- -------- -------- -------- --------
0000000000000002        1       11      798        0      675    52752        0
0000000000000002        2      701    44770        0      702    44830        0
0000000000000002        3      699    44574        0      699    44574        0
datapath         in-port  eth-dst           out-port packets  bytes
---------------- -------- ----------------- -------- -------- --------
0000000000000002        1       192.168.0.1        2        4      392
0000000000000002        1       192.168.0.2        3        2      196
0000000000000002        2       192.168.0.3        1        4      392
0000000000000002        3       192.168.0.3        1        2      196
discovery--->==================================== discovery ====================================
discovery---> cls: [(1, 2), (1, 3), (2, 3)]
discovery--->=============================================================================
==================================== link detector ====================================

----------------------------
src    dst :    delay
1 <---> 2 : 4.306793212890625
1 <---> 3 : 3.564596176147461
2 <---> 3 : 4.00233268737793
2 <---> 1 : 3.444671630859375
3 <---> 2 : 2.688169479370117
3 <---> 1 : 4.392862319946289
==================================== link detector ====================================

----------------------------
src    dst :    delay
1 <---> 2 : 3.884553909301758
1 <---> 3 : 4.123449325561523
2 <---> 3 : 3.8881301879882812
2 <---> 1 : 3.01361083984375
3 <---> 2 : 3.800630569458008
3 <---> 1 : 3.8137435913085938
datapath         port     rx-pkts  rx-bytes rx-error tx-pkts  tx-bytes tx-error
---------------- -------- -------- -------- -------- -------- -------- --------
0000000000000001        1       10      868        0      682    53356        0
0000000000000001        2      707    45130        0      706    45070        0
0000000000000001        3      707    45130        0      706    45070        0
datapath         in-port  eth-dst           out-port packets  bytes
---------------- -------- ----------------- -------- -------- --------
0000000000000001        1       192.168.0.2        2        3      294
0000000000000001        1       192.168.0.3        3        3      294
0000000000000001        2       192.168.0.1        1        4      392
0000000000000001        3       192.168.0.1        1        4      392
datapath         port     rx-pkts  rx-bytes rx-error tx-pkts  tx-bytes tx-error
---------------- -------- -------- -------- -------- -------- -------- --------
0000000000000002        1       11      798        0      681    53220        0
0000000000000002        2      706    45070        0      707    45130        0
0000000000000002        3      705    44934        0      704    44874        0
datapath         in-port  eth-dst           out-port packets  bytes
---------------- -------- ----------------- -------- -------- --------
0000000000000002        1       192.168.0.1        2        4      392
0000000000000002        1       192.168.0.2        3        2      196
0000000000000002        2       192.168.0.3        1        4      392
0000000000000002        3       192.168.0.3        1        2      196
datapath         port     rx-pkts  rx-bytes rx-error tx-pkts  tx-bytes tx-error
---------------- -------- -------- -------- -------- -------- -------- --------
0000000000000003        1       11      798        0      678    53040        0
0000000000000003        2      706    45070        0      707    45130        0
0000000000000003        3      704    44874        0      705    44934        0
datapath         in-port  eth-dst           out-port packets  bytes
---------------- -------- ----------------- -------- -------- --------
0000000000000003        1       192.168.0.1        2        4      392
0000000000000003        1       192.168.0.3        3        1       98
0000000000000003        2       192.168.0.2        1        4      392
0000000000000003        3       192.168.0.2        1        2      196
discovery--->==================================== discovery ====================================
discovery---> cls: [(1, 2), (1, 3), (2, 3)]
discovery--->=============================================================================
==================================== link detector ====================================

----------------------------
src    dst :    delay
1 <---> 2 : 4.813671112060547
1 <---> 3 : 4.168987274169922
2 <---> 3 : 3.2033920288085938
2 <---> 1 : 4.287481307983398
3 <---> 2 : 3.024578094482422
3 <---> 1 : 8.367300033569336
datapath         port     rx-pkts  rx-bytes rx-error tx-pkts  tx-bytes tx-error
---------------- -------- -------- -------- -------- -------- -------- --------
0000000000000001        1       10      868        0      688    53824        0
0000000000000001        2      713    45490        0      712    45430        0
0000000000000001        3      713    45490        0      712    45430        0
datapath         in-port  eth-dst           out-port packets  bytes
---------------- -------- ----------------- -------- -------- --------
0000000000000001        1       192.168.0.2        2        3      294
0000000000000001        1       192.168.0.3        3        3      294
0000000000000001        2       192.168.0.1        1        4      392
0000000000000001        3       192.168.0.1        1        4      392
datapath         port     rx-pkts  rx-bytes rx-error tx-pkts  tx-bytes tx-error
---------------- -------- -------- -------- -------- -------- -------- --------
0000000000000002        1       11      798        0      686    53610        0
0000000000000002        2      712    45430        0      713    45490        0
0000000000000002        3      711    45294        0      710    45234        0
datapath         in-port  eth-dst           out-port packets  bytes
---------------- -------- ----------------- -------- -------- --------
0000000000000002        1       192.168.0.1        2        4      392
0000000000000002        1       192.168.0.2        3        2      196
0000000000000002        2       192.168.0.3        1        4      392
0000000000000002        3       192.168.0.3        1        2      196
datapath         port     rx-pkts  rx-bytes rx-error tx-pkts  tx-bytes tx-error
---------------- -------- -------- -------- -------- -------- -------- --------
0000000000000003        1       11      798        0      684    53508        0
0000000000000003        2      712    45430        0      713    45490        0
0000000000000003        3      710    45234        0      711    45294        0
datapath         in-port  eth-dst           out-port packets  bytes
---------------- -------- ----------------- -------- -------- --------
0000000000000003        1       192.168.0.1        2        4      392
0000000000000003        1       192.168.0.3        3        1       98
0000000000000003        2       192.168.0.2        1        4      392
0000000000000003        3       192.168.0.2        1        2      196
discovery--->==================================== discovery ====================================
discovery---> cls: [(1, 2), (1, 3), (2, 3)]
discovery--->=============================================================================
==================================== link detector ====================================

----------------------------
src    dst :    delay
1 <---> 2 : 3.7119388580322266
1 <---> 3 : 3.9680004119873047
2 <---> 3 : 3.8170814514160156
2 <---> 1 : 3.743886947631836
3 <---> 2 : 2.9761791229248047
3 <---> 1 : 4.096746444702148
==================================== link detector ====================================

----------------------------
src    dst :    delay
1 <---> 2 : 3.8139820098876953
1 <---> 3 : 4.196405410766602
2 <---> 3 : 3.812551498413086
2 <---> 1 : 2.6960372924804688
3 <---> 2 : 3.111124038696289
3 <---> 1 : 3.0412673950195312
datapath         port     rx-pkts  rx-bytes rx-error tx-pkts  tx-bytes tx-error
---------------- -------- -------- -------- -------- -------- -------- --------
0000000000000001        1       10      868        0      694    54292        0
0000000000000001        2      719    45850        0      717    45730        0
0000000000000001        3      718    45790        0      717    45730        0
datapath         in-port  eth-dst           out-port packets  bytes
---------------- -------- ----------------- -------- -------- --------
0000000000000001        1       192.168.0.2        2        3      294
0000000000000001        1       192.168.0.3        3        3      294
0000000000000001        2       192.168.0.1        1        4      392
0000000000000001        3       192.168.0.1        1        4      392
datapath         port     rx-pkts  rx-bytes rx-error tx-pkts  tx-bytes tx-error
---------------- -------- -------- -------- -------- -------- -------- --------
0000000000000003        1       11      798        0      689    53898        0
0000000000000003        2      717    45730        0      719    45850        0
0000000000000003        3      715    45534        0      716    45594        0
datapath         in-port  eth-dst           out-port packets  bytes
---------------- -------- ----------------- -------- -------- --------
0000000000000003        1       192.168.0.1        2        4      392
0000000000000003        1       192.168.0.3        3        1       98
0000000000000003        2       192.168.0.2        1        4      392
0000000000000003        3       192.168.0.2        1        2      196
datapath         port     rx-pkts  rx-bytes rx-error tx-pkts  tx-bytes tx-error
---------------- -------- -------- -------- -------- -------- -------- --------
0000000000000002        1       11      798        0      692    54078        0
0000000000000002        2      717    45730        0      718    45790        0
0000000000000002        3      716    45594        0      715    45534        0
datapath         in-port  eth-dst           out-port packets  bytes
---------------- -------- ----------------- -------- -------- --------
0000000000000002        1       192.168.0.1        2        4      392
0000000000000002        1       192.168.0.2        3        2      196
0000000000000002        2       192.168.0.3        1        4      392
0000000000000002        3       192.168.0.3        1        2      196
discovery--->==================================== discovery ====================================
discovery---> cls: [(1, 2), (1, 3), (2, 3)]
discovery--->=============================================================================
==================================== link detector ====================================

----------------------------
src    dst :    delay
1 <---> 2 : 3.0105113983154297
1 <---> 3 : 3.515005111694336
2 <---> 3 : 2.4569034576416016
2 <---> 1 : 3.6072731018066406
3 <---> 2 : 4.368782043457031
3 <---> 1 : 3.3829212188720703
==================================== link detector ====================================

----------------------------
src    dst :    delay
1 <---> 2 : 3.9949417114257812
1 <---> 3 : 3.9250850677490234
2 <---> 3 : 2.8688907623291016
2 <---> 1 : 2.6056766510009766
3 <---> 2 : 2.658367156982422
3 <---> 1 : 3.2241344451904297
datapath         port     rx-pkts  rx-bytes rx-error tx-pkts  tx-bytes tx-error
---------------- -------- -------- -------- -------- -------- -------- --------
0000000000000001        1       10      868        0      699    54682        0
0000000000000001        2      724    46150        0      723    46090        0
0000000000000001        3      724    46150        0      723    46090        0
datapath         in-port  eth-dst           out-port packets  bytes
---------------- -------- ----------------- -------- -------- --------
0000000000000001        1       192.168.0.2        2        3      294
0000000000000001        1       192.168.0.3        3        3      294
0000000000000001        2       192.168.0.1        1        4      392
0000000000000001        3       192.168.0.1        1        4      392
datapath         port     rx-pkts  rx-bytes rx-error tx-pkts  tx-bytes tx-error
---------------- -------- -------- -------- -------- -------- -------- --------
0000000000000003        1       11      798        0      695    54366        0
0000000000000003        2      723    46090        0      724    46150        0
0000000000000003        3      721    45894        0      722    45954        0
datapath         in-port  eth-dst           out-port packets  bytes
---------------- -------- ----------------- -------- -------- --------
0000000000000003        1       192.168.0.1        2        4      392
0000000000000003        1       192.168.0.3        3        1       98
0000000000000003        2       192.168.0.2        1        4      392
0000000000000003        3       192.168.0.2        1        2      196
datapath         port     rx-pkts  rx-bytes rx-error tx-pkts  tx-bytes tx-error
---------------- -------- -------- -------- -------- -------- -------- --------
0000000000000002        1       11      798        0      697    54468        0
0000000000000002        2      723    46090        0      724    46150        0
0000000000000002        3      722    45954        0      721    45894        0
datapath         in-port  eth-dst           out-port packets  bytes
---------------- -------- ----------------- -------- -------- --------
0000000000000002        1       192.168.0.1        2        4      392
0000000000000002        1       192.168.0.2        3        2      196
0000000000000002        2       192.168.0.3        1        4      392
0000000000000002        3       192.168.0.3        1        2      196
discovery--->==================================== discovery ====================================
discovery---> cls: [(1, 2), (1, 3), (2, 3)]
discovery--->=============================================================================
==================================== link detector ====================================

----------------------------
src    dst :    delay
1 <---> 2 : 4.430055618286133
1 <---> 3 : 2.928495407104492
2 <---> 3 : 4.261255264282227
2 <---> 1 : 4.8351287841796875
3 <---> 2 : 2.57110595703125
3 <---> 1 : 3.4112930297851562
datapath         port     rx-pkts  rx-bytes rx-error tx-pkts  tx-bytes tx-error
---------------- -------- -------- -------- -------- -------- -------- --------
0000000000000002        1       11      798        0      703    54936        0
0000000000000002        2      728    46390        0      729    46450        0
0000000000000002        3      727    46254        0      726    46194        0
datapath         in-port  eth-dst           out-port packets  bytes
---------------- -------- ----------------- -------- -------- --------
0000000000000002        1       192.168.0.1        2        4      392
0000000000000002        1       192.168.0.2        3        2      196
0000000000000002        2       192.168.0.3        1        4      392
0000000000000002        3       192.168.0.3        1        2      196
datapath         port     rx-pkts  rx-bytes rx-error tx-pkts  tx-bytes tx-error
---------------- -------- -------- -------- -------- -------- -------- --------
0000000000000003        1       11      798        0      701    54834        0
0000000000000003        2      728    46390        0      730    46510        0
0000000000000003        3      726    46194        0      727    46254        0
datapath         in-port  eth-dst           out-port packets  bytes
---------------- -------- ----------------- -------- -------- --------
0000000000000003        1       192.168.0.1        2        4      392
0000000000000003        1       192.168.0.3        3        1       98
0000000000000003        2       192.168.0.2        1        4      392
0000000000000003        3       192.168.0.2        1        2      196
datapath         port     rx-pkts  rx-bytes rx-error tx-pkts  tx-bytes tx-error
---------------- -------- -------- -------- -------- -------- -------- --------
0000000000000001        1       10      868        0      705    55150        0
0000000000000001        2      730    46510        0      728    46390        0
0000000000000001        3      729    46450        0      728    46390        0
datapath         in-port  eth-dst           out-port packets  bytes
---------------- -------- ----------------- -------- -------- --------
0000000000000001        1       192.168.0.2        2        3      294
0000000000000001        1       192.168.0.3        3        3      294
0000000000000001        2       192.168.0.1        1        4      392
0000000000000001        3       192.168.0.1        1        4      392
discovery--->==================================== discovery ====================================
discovery---> cls: [(1, 2), (1, 3), (2, 3)]
discovery--->=============================================================================
==================================== link detector ====================================

----------------------------
src    dst :    delay
1 <---> 2 : 3.291606903076172
1 <---> 3 : 3.098011016845703
2 <---> 3 : 3.124713897705078
2 <---> 1 : 3.0972957611083984
3 <---> 2 : 2.7234554290771484
3 <---> 1 : 3.1766891479492188
==================================== link detector ====================================

----------------------------
src    dst :    delay
1 <---> 2 : 3.2968521118164062
1 <---> 3 : 2.8984546661376953
2 <---> 3 : 3.2265186309814453
2 <---> 1 : 4.012584686279297
3 <---> 2 : 3.3583641052246094
3 <---> 1 : 3.2265186309814453
datapath         port     rx-pkts  rx-bytes rx-error tx-pkts  tx-bytes tx-error
---------------- -------- -------- -------- -------- -------- -------- --------
0000000000000001        1       10      868        0      710    55540        0
0000000000000001        2      735    46810        0      734    46750        0
0000000000000001        3      735    46810        0      734    46750        0
datapath         in-port  eth-dst           out-port packets  bytes
---------------- -------- ----------------- -------- -------- --------
0000000000000001        1       192.168.0.2        2        3      294
0000000000000001        1       192.168.0.3        3        3      294
0000000000000001        2       192.168.0.1        1        4      392
0000000000000001        3       192.168.0.1        1        4      392
datapath         port     rx-pkts  rx-bytes rx-error tx-pkts  tx-bytes tx-error
---------------- -------- -------- -------- -------- -------- -------- --------
0000000000000003        1       11      798        0      706    55224        0
0000000000000003        2      734    46750        0      735    46810        0
0000000000000003        3      732    46554        0      733    46614        0
datapath         in-port  eth-dst           out-port packets  bytes
---------------- -------- ----------------- -------- -------- --------
0000000000000003        1       192.168.0.1        2        4      392
0000000000000003        1       192.168.0.3        3        1       98
0000000000000003        2       192.168.0.2        1        4      392
0000000000000003        3       192.168.0.2        1        2      196
datapath         port     rx-pkts  rx-bytes rx-error tx-pkts  tx-bytes tx-error
---------------- -------- -------- -------- -------- -------- -------- --------
0000000000000002        1       11      798        0      708    55326        0
0000000000000002        2      734    46750        0      735    46810        0
0000000000000002        3      733    46614        0      732    46554        0
datapath         in-port  eth-dst           out-port packets  bytes
---------------- -------- ----------------- -------- -------- --------
0000000000000002        1       192.168.0.1        2        4      392
0000000000000002        1       192.168.0.2        3        2      196
0000000000000002        2       192.168.0.3        1        4      392
0000000000000002        3       192.168.0.3        1        2      196
discovery--->==================================== discovery ====================================
discovery---> cls: [(1, 2), (1, 3), (2, 3)]
discovery--->=============================================================================
==================================== link detector ====================================

----------------------------
src    dst :    delay
1 <---> 2 : 2.9380321502685547
1 <---> 3 : 2.1352767944335938
2 <---> 3 : 2.5844573974609375
2 <---> 1 : 2.6090145111083984
3 <---> 2 : 2.5072097778320312
3 <---> 1 : 2.6078224182128906
datapath         port     rx-pkts  rx-bytes rx-error tx-pkts  tx-bytes tx-error
---------------- -------- -------- -------- -------- -------- -------- --------
0000000000000001        1       10      868        0      716    56008        0
0000000000000001        2      741    47170        0      740    47110        0
0000000000000001        3      741    47170        0      739    47050        0
datapath         in-port  eth-dst           out-port packets  bytes
---------------- -------- ----------------- -------- -------- --------
0000000000000001        1       192.168.0.2        2        3      294
0000000000000001        1       192.168.0.3        3        3      294
0000000000000001        2       192.168.0.1        1        4      392
0000000000000001        3       192.168.0.1        1        4      392
datapath         port     rx-pkts  rx-bytes rx-error tx-pkts  tx-bytes tx-error
---------------- -------- -------- -------- -------- -------- -------- --------
0000000000000003        1       11      798        0      712    55692        0
0000000000000003        2      740    47110        0      741    47170        0
0000000000000003        3      737    46854        0      738    46914        0
datapath         in-port  eth-dst           out-port packets  bytes
---------------- -------- ----------------- -------- -------- --------
0000000000000003        1       192.168.0.1        2        4      392
0000000000000003        1       192.168.0.3        3        1       98
0000000000000003        2       192.168.0.2        1        4      392
0000000000000003        3       192.168.0.2        1        2      196
datapath         port     rx-pkts  rx-bytes rx-error tx-pkts  tx-bytes tx-error
---------------- -------- -------- -------- -------- -------- -------- --------
0000000000000002        1       11      798        0      714    55794        0
0000000000000002        2      739    47050        0      741    47170        0
0000000000000002        3      738    46914        0      737    46854        0
datapath         in-port  eth-dst           out-port packets  bytes
---------------- -------- ----------------- -------- -------- --------
0000000000000002        1       192.168.0.1        2        4      392
0000000000000002        1       192.168.0.2        3        2      196
0000000000000002        2       192.168.0.3        1        4      392
0000000000000002        3       192.168.0.3        1        2      196
discovery--->==================================== discovery ====================================
discovery---> cls: [(1, 2), (1, 3), (2, 3)]
discovery--->=============================================================================
==================================== link detector ====================================

----------------------------
src    dst :    delay
1 <---> 2 : 3.2460689544677734
1 <---> 3 : 3.1790733337402344
2 <---> 3 : 4.174470901489258
2 <---> 1 : 9.102344512939453
3 <---> 2 : 3.7546157836914062
3 <---> 1 : 3.629446029663086
==================================== link detector ====================================

----------------------------
src    dst :    delay
1 <---> 2 : 3.298521041870117
1 <---> 3 : 3.5402774810791016
2 <---> 3 : 4.106283187866211
2 <---> 1 : 2.899169921875
3 <---> 2 : 4.07719612121582
3 <---> 1 : 3.3648014068603516
datapath         port     rx-pkts  rx-bytes rx-error tx-pkts  tx-bytes tx-error
---------------- -------- -------- -------- -------- -------- -------- --------
0000000000000001        1       10      868        0      721    56398        0
0000000000000001        2      746    47470        0      745    47410        0
0000000000000001        3      746    47470        0      745    47410        0
datapath         in-port  eth-dst           out-port packets  bytes
---------------- -------- ----------------- -------- -------- --------
0000000000000001        1       192.168.0.2        2        3      294
0000000000000001        1       192.168.0.3        3        3      294
0000000000000001        2       192.168.0.1        1        4      392
0000000000000001        3       192.168.0.1        1        4      392
datapath         port     rx-pkts  rx-bytes rx-error tx-pkts  tx-bytes tx-error
---------------- -------- -------- -------- -------- -------- -------- --------
0000000000000002        1       11      798        0      720    56262        0
0000000000000002        2      745    47410        0      746    47470        0
0000000000000002        3      744    47274        0      743    47214        0
datapath         in-port  eth-dst           out-port packets  bytes
---------------- -------- ----------------- -------- -------- --------
0000000000000002        1       192.168.0.1        2        4      392
0000000000000002        1       192.168.0.2        3        2      196
0000000000000002        2       192.168.0.3        1        4      392
0000000000000002        3       192.168.0.3        1        2      196
datapath         port     rx-pkts  rx-bytes rx-error tx-pkts  tx-bytes tx-error
---------------- -------- -------- -------- -------- -------- -------- --------
0000000000000003        1       11      798        0      717    56082        0
0000000000000003        2      745    47410        0      746    47470        0
0000000000000003        3      743    47214        0      744    47274        0
datapath         in-port  eth-dst           out-port packets  bytes
---------------- -------- ----------------- -------- -------- --------
0000000000000003        1       192.168.0.1        2        4      392
0000000000000003        1       192.168.0.3        3        1       98
0000000000000003        2       192.168.0.2        1        4      392
0000000000000003        3       192.168.0.2        1        2      196
discovery--->==================================== discovery ====================================
discovery---> cls: [(1, 2), (1, 3), (2, 3)]
discovery--->=============================================================================
==================================== link detector ====================================

----------------------------
src    dst :    delay
1 <---> 2 : 3.177165985107422
1 <---> 3 : 2.925395965576172
2 <---> 3 : 3.23486328125
2 <---> 1 : 4.021167755126953
3 <---> 2 : 3.7043094635009766
3 <---> 1 : 3.048419952392578
datapath         port     rx-pkts  rx-bytes rx-error tx-pkts  tx-bytes tx-error
---------------- -------- -------- -------- -------- -------- -------- --------
0000000000000001        1       10      868        0      727    56866        0
0000000000000001        2      752    47830        0      751    47770        0
0000000000000001        3      752    47830        0      751    47770        0
datapath         in-port  eth-dst           out-port packets  bytes
---------------- -------- ----------------- -------- -------- --------
0000000000000001        1       192.168.0.2        2        3      294
0000000000000001        1       192.168.0.3        3        3      294
0000000000000001        2       192.168.0.1        1        4      392
0000000000000001        3       192.168.0.1        1        4      392
datapath         port     rx-pkts  rx-bytes rx-error tx-pkts  tx-bytes tx-error
---------------- -------- -------- -------- -------- -------- -------- --------
0000000000000002        1       11      798        0      725    56652        0
0000000000000002        2      751    47770        0      752    47830        0
0000000000000002        3      749    47574        0      748    47514        0
datapath         in-port  eth-dst           out-port packets  bytes
---------------- -------- ----------------- -------- -------- --------
0000000000000002        1       192.168.0.1        2        4      392
0000000000000002        1       192.168.0.2        3        2      196
0000000000000002        2       192.168.0.3        1        4      392
0000000000000002        3       192.168.0.3        1        2      196
datapath         port     rx-pkts  rx-bytes rx-error tx-pkts  tx-bytes tx-error
---------------- -------- -------- -------- -------- -------- -------- --------
0000000000000003        1       11      798        0      723    56550        0
0000000000000003        2      751    47770        0      752    47830        0
0000000000000003        3      748    47514        0      749    47574        0
datapath         in-port  eth-dst           out-port packets  bytes
---------------- -------- ----------------- -------- -------- --------
0000000000000003        1       192.168.0.1        2        4      392
0000000000000003        1       192.168.0.3        3        1       98
0000000000000003        2       192.168.0.2        1        4      392
0000000000000003        3       192.168.0.2        1        2      196
discovery--->==================================== discovery ====================================
discovery---> cls: [(1, 2), (1, 3), (2, 3)]
discovery--->=============================================================================
==================================== link detector ====================================

----------------------------
src    dst :    delay
1 <---> 2 : 2.7315616607666016
1 <---> 3 : 4.208564758300781
2 <---> 3 : 3.381967544555664
2 <---> 1 : 4.037380218505859
3 <---> 2 : 2.7549266815185547
3 <---> 1 : 4.056215286254883
==================================== link detector ====================================

----------------------------
src    dst :    delay
1 <---> 2 : 3.5314559936523438
1 <---> 3 : 3.4940242767333984
2 <---> 3 : 4.123210906982422
2 <---> 1 : 3.3974647521972656
3 <---> 2 : 2.9697418212890625
3 <---> 1 : 2.582073211669922
datapath         port     rx-pkts  rx-bytes rx-error tx-pkts  tx-bytes tx-error
---------------- -------- -------- -------- -------- -------- -------- --------
0000000000000001        1       10      868        0      732    57256        0
0000000000000001        2      757    48130        0      756    48070        0
0000000000000001        3      757    48130        0      756    48070        0
datapath         in-port  eth-dst           out-port packets  bytes
---------------- -------- ----------------- -------- -------- --------
0000000000000001        1       192.168.0.2        2        3      294
0000000000000001        1       192.168.0.3        3        3      294
0000000000000001        2       192.168.0.1        1        4      392
0000000000000001        3       192.168.0.1        1        4      392
datapath         port     rx-pkts  rx-bytes rx-error tx-pkts  tx-bytes tx-error
---------------- -------- -------- -------- -------- -------- -------- --------
0000000000000002        1       11      798        0      731    57120        0
0000000000000002        2      756    48070        0      757    48130        0
0000000000000002        3      755    47934        0      754    47874        0
datapath         in-port  eth-dst           out-port packets  bytes
---------------- -------- ----------------- -------- -------- --------
0000000000000002        1       192.168.0.1        2        4      392
0000000000000002        1       192.168.0.2        3        2      196
0000000000000002        2       192.168.0.3        1        4      392
0000000000000002        3       192.168.0.3        1        2      196
datapath         port     rx-pkts  rx-bytes rx-error tx-pkts  tx-bytes tx-error
---------------- -------- -------- -------- -------- -------- -------- --------
0000000000000003        1       11      798        0      728    56940        0
0000000000000003        2      756    48070        0      757    48130        0
0000000000000003        3      754    47874        0      755    47934        0
datapath         in-port  eth-dst           out-port packets  bytes
---------------- -------- ----------------- -------- -------- --------
0000000000000003        1       192.168.0.1        2        4      392
0000000000000003        1       192.168.0.3        3        1       98
0000000000000003        2       192.168.0.2        1        4      392
0000000000000003        3       192.168.0.2        1        2      196
discovery--->==================================== discovery ====================================
discovery---> cls: [(1, 2), (1, 3), (2, 3)]
discovery--->=============================================================================
==================================== link detector ====================================

----------------------------
src    dst :    delay
1 <---> 2 : 2.1440982818603516
1 <---> 3 : 3.2067298889160156
2 <---> 3 : 3.1952857971191406
2 <---> 1 : 2.8672218322753906
3 <---> 2 : 3.2601356506347656
3 <---> 1 : 4.125356674194336
==================================== link detector ====================================

----------------------------
src    dst :    delay
1 <---> 2 : 4.133701324462891
1 <---> 3 : 4.047393798828125
2 <---> 3 : 3.2722949981689453
2 <---> 1 : 3.3020973205566406
3 <---> 2 : 3.1681060791015625
3 <---> 1 : 3.2231807708740234
datapath         port     rx-pkts  rx-bytes rx-error tx-pkts  tx-bytes tx-error
---------------- -------- -------- -------- -------- -------- -------- --------
0000000000000001        1       10      868        0      738    57724        0
0000000000000001        2      763    48490        0      762    48430        0
0000000000000001        3      763    48490        0      762    48430        0
datapath         in-port  eth-dst           out-port packets  bytes
---------------- -------- ----------------- -------- -------- --------
0000000000000001        1       192.168.0.2        2        3      294
0000000000000001        1       192.168.0.3        3        3      294
0000000000000001        2       192.168.0.1        1        4      392
0000000000000001        3       192.168.0.1        1        4      392
datapath         port     rx-pkts  rx-bytes rx-error tx-pkts  tx-bytes tx-error
---------------- -------- -------- -------- -------- -------- -------- --------
0000000000000003        1       11      798        0      734    57408        0
0000000000000003        2      762    48430        0      763    48490        0
0000000000000003        3      760    48234        0      761    48294        0
datapath         in-port  eth-dst           out-port packets  bytes
---------------- -------- ----------------- -------- -------- --------
0000000000000003        1       192.168.0.1        2        4      392
0000000000000003        1       192.168.0.3        3        1       98
0000000000000003        2       192.168.0.2        1        4      392
0000000000000003        3       192.168.0.2        1        2      196
datapath         port     rx-pkts  rx-bytes rx-error tx-pkts  tx-bytes tx-error
---------------- -------- -------- -------- -------- -------- -------- --------
0000000000000002        1       11      798        0      736    57510        0
0000000000000002        2      762    48430        0      763    48490        0
0000000000000002        3      761    48294        0      760    48234        0
datapath         in-port  eth-dst           out-port packets  bytes
---------------- -------- ----------------- -------- -------- --------
0000000000000002        1       192.168.0.1        2        4      392
0000000000000002        1       192.168.0.2        3        2      196
0000000000000002        2       192.168.0.3        1        4      392
0000000000000002        3       192.168.0.3        1        2      196
discovery--->==================================== discovery ====================================
discovery---> cls: [(1, 2), (1, 3), (2, 3)]
discovery--->=============================================================================
==================================== link detector ====================================

----------------------------
src    dst :    delay
1 <---> 2 : 3.47137451171875
1 <---> 3 : 2.7036666870117188
2 <---> 3 : 3.9551258087158203
2 <---> 1 : 3.4418106079101562
3 <---> 2 : 2.9592514038085938
3 <---> 1 : 2.9859542846679688
datapath         port     rx-pkts  rx-bytes rx-error tx-pkts  tx-bytes tx-error
---------------- -------- -------- -------- -------- -------- -------- --------
0000000000000001        1       10      868        0      744    58192        0
0000000000000001        2      768    48790        0      767    48730        0
0000000000000001        3      768    48790        0      767    48730        0
datapath         in-port  eth-dst           out-port packets  bytes
---------------- -------- ----------------- -------- -------- --------
0000000000000001        1       192.168.0.2        2        3      294
0000000000000001        1       192.168.0.3        3        3      294
0000000000000001        2       192.168.0.1        1        4      392
0000000000000001        3       192.168.0.1        1        4      392
datapath         port     rx-pkts  rx-bytes rx-error tx-pkts  tx-bytes tx-error
---------------- -------- -------- -------- -------- -------- -------- --------
0000000000000002        1       11      798        0      742    57978        0
0000000000000002        2      767    48730        0      768    48790        0
0000000000000002        3      766    48594        0      765    48534        0
datapath         in-port  eth-dst           out-port packets  bytes
---------------- -------- ----------------- -------- -------- --------
0000000000000002        1       192.168.0.1        2        4      392
0000000000000002        1       192.168.0.2        3        2      196
0000000000000002        2       192.168.0.3        1        4      392
0000000000000002        3       192.168.0.3        1        2      196
datapath         port     rx-pkts  rx-bytes rx-error tx-pkts  tx-bytes tx-error
---------------- -------- -------- -------- -------- -------- -------- --------
0000000000000003        1       11      798        0      739    57798        0
0000000000000003        2      767    48730        0      768    48790        0
0000000000000003        3      765    48534        0      766    48594        0
datapath         in-port  eth-dst           out-port packets  bytes
---------------- -------- ----------------- -------- -------- --------
0000000000000003        1       192.168.0.1        2        4      392
0000000000000003        1       192.168.0.3        3        1       98
0000000000000003        2       192.168.0.2        1        4      392
0000000000000003        3       192.168.0.2        1        2      196
discovery--->==================================== discovery ====================================
discovery---> cls: [(1, 2), (1, 3), (2, 3)]
discovery--->=============================================================================
==================================== link detector ====================================

----------------------------
src    dst :    delay
1 <---> 2 : 4.0378570556640625
1 <---> 3 : 2.174854278564453
2 <---> 3 : 2.7115345001220703
2 <---> 1 : 4.094600677490234
3 <---> 2 : 3.901958465576172
3 <---> 1 : 3.9794445037841797
==================================== link detector ====================================

----------------------------
src    dst :    delay
1 <---> 2 : 3.1554698944091797
1 <---> 3 : 3.116130828857422
2 <---> 3 : 3.1871795654296875
2 <---> 1 : 3.2291412353515625
3 <---> 2 : 3.1745433807373047
3 <---> 1 : 4.681825637817383
datapath         port     rx-pkts  rx-bytes rx-error tx-pkts  tx-bytes tx-error
---------------- -------- -------- -------- -------- -------- -------- --------
0000000000000001        1       10      868        0      749    58582        0
0000000000000001        2      774    49150        0      773    49090        0
0000000000000001        3      774    49150        0      773    49090        0
datapath         in-port  eth-dst           out-port packets  bytes
---------------- -------- ----------------- -------- -------- --------
0000000000000001        1       192.168.0.2        2        3      294
0000000000000001        1       192.168.0.3        3        3      294
0000000000000001        2       192.168.0.1        1        4      392
0000000000000001        3       192.168.0.1        1        4      392
datapath         port     rx-pkts  rx-bytes rx-error tx-pkts  tx-bytes tx-error
---------------- -------- -------- -------- -------- -------- -------- --------
0000000000000002        1       11      798        0      747    58368        0
0000000000000002        2      773    49090        0      774    49150        0
0000000000000002        3      772    48954        0      771    48894        0
datapath         in-port  eth-dst           out-port packets  bytes
---------------- -------- ----------------- -------- -------- --------
0000000000000002        1       192.168.0.1        2        4      392
0000000000000002        1       192.168.0.2        3        2      196
0000000000000002        2       192.168.0.3        1        4      392
0000000000000002        3       192.168.0.3        1        2      196
datapath         port     rx-pkts  rx-bytes rx-error tx-pkts  tx-bytes tx-error
---------------- -------- -------- -------- -------- -------- -------- --------
0000000000000003        1       11      798        0      745    58266        0
0000000000000003        2      773    49090        0      774    49150        0
0000000000000003        3      771    48894        0      772    48954        0
datapath         in-port  eth-dst           out-port packets  bytes
---------------- -------- ----------------- -------- -------- --------
0000000000000003        1       192.168.0.1        2        4      392
0000000000000003        1       192.168.0.3        3        1       98
0000000000000003        2       192.168.0.2        1        4      392
0000000000000003        3       192.168.0.2        1        2      196
discovery--->==================================== discovery ====================================
discovery---> cls: [(1, 2), (1, 3), (2, 3)]
discovery--->=============================================================================
==================================== link detector ====================================

----------------------------
src    dst :    delay
1 <---> 2 : 2.182483673095703
1 <---> 3 : 2.3174285888671875
2 <---> 3 : 4.683971405029297
2 <---> 1 : 2.2954940795898438
3 <---> 2 : 2.7594566345214844
3 <---> 1 : 4.102230072021484
datapath         port     rx-pkts  rx-bytes rx-error tx-pkts  tx-bytes tx-error
---------------- -------- -------- -------- -------- -------- -------- --------
0000000000000001        1       10      868        0      755    59050        0
0000000000000001        2      780    49510        0      778    49390        0
0000000000000001        3      779    49450        0      778    49390        0
datapath         in-port  eth-dst           out-port packets  bytes
---------------- -------- ----------------- -------- -------- --------
0000000000000001        1       192.168.0.2        2        3      294
0000000000000001        1       192.168.0.3        3        3      294
0000000000000001        2       192.168.0.1        1        4      392
0000000000000001        3       192.168.0.1        1        4      392
datapath         port     rx-pkts  rx-bytes rx-error tx-pkts  tx-bytes tx-error
---------------- -------- -------- -------- -------- -------- -------- --------
0000000000000003        1       11      798        0      750    58656        0
0000000000000003        2      778    49390        0      780    49510        0
0000000000000003        3      776    49194        0      777    49254        0
datapath         in-port  eth-dst           out-port packets  bytes
---------------- -------- ----------------- -------- -------- --------
0000000000000003        1       192.168.0.1        2        4      392
0000000000000003        1       192.168.0.3        3        1       98
0000000000000003        2       192.168.0.2        1        4      392
0000000000000003        3       192.168.0.2        1        2      196
datapath         port     rx-pkts  rx-bytes rx-error tx-pkts  tx-bytes tx-error
---------------- -------- -------- -------- -------- -------- -------- --------
0000000000000002        1       11      798        0      753    58836        0
0000000000000002        2      778    49390        0      779    49450        0
0000000000000002        3      777    49254        0      776    49194        0
datapath         in-port  eth-dst           out-port packets  bytes
---------------- -------- ----------------- -------- -------- --------
0000000000000002        1       192.168.0.1        2        4      392
0000000000000002        1       192.168.0.2        3        2      196
0000000000000002        2       192.168.0.3        1        4      392
0000000000000002        3       192.168.0.3        1        2      196
discovery--->==================================== discovery ====================================
discovery---> cls: [(1, 2), (1, 3), (2, 3)]
discovery--->=============================================================================
==================================== link detector ====================================

----------------------------
src    dst :    delay
1 <---> 2 : 3.3469200134277344
1 <---> 3 : 3.746509552001953
2 <---> 3 : 3.2987594604492188
2 <---> 1 : 3.5784244537353516
3 <---> 2 : 3.382444381713867
3 <---> 1 : 3.4112930297851562
==================================== link detector ====================================

----------------------------
src    dst :    delay
1 <---> 2 : 4.266023635864258
1 <---> 3 : 3.4999847412109375
2 <---> 3 : 2.748727798461914
2 <---> 1 : 4.196405410766602
3 <---> 2 : 4.179239273071289
3 <---> 1 : 2.7132034301757812
datapath         port     rx-pkts  rx-bytes rx-error tx-pkts  tx-bytes tx-error
---------------- -------- -------- -------- -------- -------- -------- --------
0000000000000001        1       10      868        0      760    59440        0
0000000000000001        2      785    49810        0      784    49750        0
0000000000000001        3      785    49810        0      784    49750        0
datapath         in-port  eth-dst           out-port packets  bytes
---------------- -------- ----------------- -------- -------- --------
0000000000000001        1       192.168.0.2        2        3      294
0000000000000001        1       192.168.0.3        3        3      294
0000000000000001        2       192.168.0.1        1        4      392
0000000000000001        3       192.168.0.1        1        4      392
datapath         port     rx-pkts  rx-bytes rx-error tx-pkts  tx-bytes tx-error
---------------- -------- -------- -------- -------- -------- -------- --------
0000000000000003        1       11      798        0      756    59124        0
0000000000000003        2      784    49750        0      785    49810        0
0000000000000003        3      782    49554        0      783    49614        0
datapath         in-port  eth-dst           out-port packets  bytes
---------------- -------- ----------------- -------- -------- --------
0000000000000003        1       192.168.0.1        2        4      392
0000000000000003        1       192.168.0.3        3        1       98
0000000000000003        2       192.168.0.2        1        4      392
0000000000000003        3       192.168.0.2        1        2      196
datapath         port     rx-pkts  rx-bytes rx-error tx-pkts  tx-bytes tx-error
---------------- -------- -------- -------- -------- -------- -------- --------
0000000000000002        1       11      798        0      758    59226        0
0000000000000002        2      784    49750        0      785    49810        0
0000000000000002        3      783    49614        0      782    49554        0
datapath         in-port  eth-dst           out-port packets  bytes
---------------- -------- ----------------- -------- -------- --------
0000000000000002        1       192.168.0.1        2        4      392
0000000000000002        1       192.168.0.2        3        2      196
0000000000000002        2       192.168.0.3        1        4      392
0000000000000002        3       192.168.0.3        1        2      196
discovery--->==================================== discovery ====================================
discovery---> cls: [(1, 2), (1, 3), (2, 3)]
discovery--->=============================================================================
==================================== link detector ====================================

----------------------------
src    dst :    delay
1 <---> 2 : 3.006458282470703
1 <---> 3 : 2.9611587524414062
2 <---> 3 : 3.492116928100586
2 <---> 1 : 2.9726028442382812
3 <---> 2 : 2.6319026947021484
3 <---> 1 : 2.966642379760742
==================================== link detector ====================================

----------------------------
src    dst :    delay
1 <---> 2 : 2.9010772705078125
1 <---> 3 : 3.393888473510742
2 <---> 3 : 3.3605098724365234
2 <---> 1 : 2.7234554290771484
3 <---> 2 : 4.522085189819336
3 <---> 1 : 3.334522247314453
datapath         port     rx-pkts  rx-bytes rx-error tx-pkts  tx-bytes tx-error
---------------- -------- -------- -------- -------- -------- -------- --------
0000000000000001        1       10      868        0      766    59908        0
0000000000000001        2      791    50170        0      790    50110        0
0000000000000001        3      790    50110        0      789    50050        0
datapath         in-port  eth-dst           out-port packets  bytes
---------------- -------- ----------------- -------- -------- --------
0000000000000001        1       192.168.0.2        2        3      294
0000000000000001        1       192.168.0.3        3        3      294
0000000000000001        2       192.168.0.1        1        4      392
0000000000000001        3       192.168.0.1        1        4      392
datapath         port     rx-pkts  rx-bytes rx-error tx-pkts  tx-bytes tx-error
---------------- -------- -------- -------- -------- -------- -------- --------
0000000000000002        1       11      798        0      764    59694        0
0000000000000002        2      789    50050        0      790    50110        0
0000000000000002        3      788    49914        0      787    49854        0
datapath         in-port  eth-dst           out-port packets  bytes
---------------- -------- ----------------- -------- -------- --------
0000000000000002        1       192.168.0.1        2        4      392
0000000000000002        1       192.168.0.2        3        2      196
0000000000000002        2       192.168.0.3        1        4      392
0000000000000002        3       192.168.0.3        1        2      196
datapath         port     rx-pkts  rx-bytes rx-error tx-pkts  tx-bytes tx-error
---------------- -------- -------- -------- -------- -------- -------- --------
0000000000000003        1       11      798        0      762    59592        0
0000000000000003        2      790    50110        0      791    50170        0
0000000000000003        3      787    49854        0      788    49914        0
datapath         in-port  eth-dst           out-port packets  bytes
---------------- -------- ----------------- -------- -------- --------
0000000000000003        1       192.168.0.1        2        4      392
0000000000000003        1       192.168.0.3        3        1       98
0000000000000003        2       192.168.0.2        1        4      392
0000000000000003        3       192.168.0.2        1        2      196
discovery--->==================================== discovery ====================================
discovery---> cls: [(1, 2), (1, 3), (2, 3)]
discovery--->=============================================================================
==================================== link detector ====================================

----------------------------
src    dst :    delay
1 <---> 2 : 2.611875534057617
1 <---> 3 : 3.832578659057617
2 <---> 3 : 2.910614013671875
2 <---> 1 : 2.716064453125
3 <---> 2 : 2.9647350311279297
3 <---> 1 : 3.2320022583007812
datapath         port     rx-pkts  rx-bytes rx-error tx-pkts  tx-bytes tx-error
---------------- -------- -------- -------- -------- -------- -------- --------
0000000000000001        1       10      868        0      771    60298        0
0000000000000001        2      796    50470        0      795    50410        0
0000000000000001        3      796    50470        0      795    50410        0
datapath         in-port  eth-dst           out-port packets  bytes
---------------- -------- ----------------- -------- -------- --------
0000000000000001        1       192.168.0.2        2        3      294
0000000000000001        1       192.168.0.3        3        3      294
0000000000000001        2       192.168.0.1        1        4      392
0000000000000001        3       192.168.0.1        1        4      392
datapath         port     rx-pkts  rx-bytes rx-error tx-pkts  tx-bytes tx-error
---------------- -------- -------- -------- -------- -------- -------- --------
0000000000000002        1       11      798        0      770    60162        0
0000000000000002        2      795    50410        0      796    50470        0
0000000000000002        3      794    50274        0      793    50214        0
datapath         in-port  eth-dst           out-port packets  bytes
---------------- -------- ----------------- -------- -------- --------
0000000000000002        1       192.168.0.1        2        4      392
0000000000000002        1       192.168.0.2        3        2      196
0000000000000002        2       192.168.0.3        1        4      392
0000000000000002        3       192.168.0.3        1        2      196
datapath         port     rx-pkts  rx-bytes rx-error tx-pkts  tx-bytes tx-error
---------------- -------- -------- -------- -------- -------- -------- --------
0000000000000003        1       11      798        0      767    59982        0
0000000000000003        2      795    50410        0      796    50470        0
0000000000000003        3      793    50214        0      794    50274        0
datapath         in-port  eth-dst           out-port packets  bytes
---------------- -------- ----------------- -------- -------- --------
0000000000000003        1       192.168.0.1        2        4      392
0000000000000003        1       192.168.0.3        3        1       98
0000000000000003        2       192.168.0.2        1        4      392
0000000000000003        3       192.168.0.2        1        2      196
discovery--->==================================== discovery ====================================
discovery---> cls: [(1, 2), (1, 3), (2, 3)]
discovery--->=============================================================================
==================================== link detector ====================================

----------------------------
src    dst :    delay
1 <---> 2 : 3.0977725982666016
1 <---> 3 : 3.5440921783447266
2 <---> 3 : 3.2546520233154297
2 <---> 1 : 3.0565261840820312
3 <---> 2 : 3.239154815673828
3 <---> 1 : 2.794027328491211
==================================== link detector ====================================

----------------------------
src    dst :    delay
1 <---> 2 : 3.1931400299072266
1 <---> 3 : 3.336668014526367
2 <---> 3 : 3.4894943237304688
2 <---> 1 : 2.8727054595947266
3 <---> 2 : 3.8344860076904297
3 <---> 1 : 2.9163360595703125
datapath         port     rx-pkts  rx-bytes rx-error tx-pkts  tx-bytes tx-error
---------------- -------- -------- -------- -------- -------- -------- --------
0000000000000001        1       10      868        0      777    60766        0
0000000000000001        2      802    50830        0      801    50770        0
0000000000000001        3      802    50830        0      801    50770        0
datapath         in-port  eth-dst           out-port packets  bytes
---------------- -------- ----------------- -------- -------- --------
0000000000000001        1       192.168.0.2        2        3      294
0000000000000001        1       192.168.0.3        3        3      294
0000000000000001        2       192.168.0.1        1        4      392
0000000000000001        3       192.168.0.1        1        4      392
datapath         port     rx-pkts  rx-bytes rx-error tx-pkts  tx-bytes tx-error
---------------- -------- -------- -------- -------- -------- -------- --------
0000000000000003        1       11      798        0      773    60450        0
0000000000000003        2      801    50770        0      802    50830        0
0000000000000003        3      798    50514        0      799    50574        0
datapath         in-port  eth-dst           out-port packets  bytes
---------------- -------- ----------------- -------- -------- --------
0000000000000003        1       192.168.0.1        2        4      392
0000000000000003        1       192.168.0.3        3        1       98
0000000000000003        2       192.168.0.2        1        4      392
0000000000000003        3       192.168.0.2        1        2      196
datapath         port     rx-pkts  rx-bytes rx-error tx-pkts  tx-bytes tx-error
---------------- -------- -------- -------- -------- -------- -------- --------
0000000000000002        1       11      798        0      775    60552        0
0000000000000002        2      801    50770        0      802    50830        0
0000000000000002        3      799    50574        0      798    50514        0
datapath         in-port  eth-dst           out-port packets  bytes
---------------- -------- ----------------- -------- -------- --------
0000000000000002        1       192.168.0.1        2        4      392
0000000000000002        1       192.168.0.2        3        2      196
0000000000000002        2       192.168.0.3        1        4      392
0000000000000002        3       192.168.0.3        1        2      196
discovery--->==================================== discovery ====================================
discovery---> cls: [(1, 2), (1, 3), (2, 3)]
discovery--->=============================================================================
==================================== link detector ====================================

----------------------------
src    dst :    delay
1 <---> 2 : 3.008604049682617
1 <---> 3 : 2.355337142944336
2 <---> 3 : 2.725839614868164
2 <---> 1 : 4.815578460693359
3 <---> 2 : 3.4863948822021484
3 <---> 1 : 3.477334976196289
datapath         port     rx-pkts  rx-bytes rx-error tx-pkts  tx-bytes tx-error
---------------- -------- -------- -------- -------- -------- -------- --------
0000000000000001        1       10      868        0      782    61156        0
0000000000000001        2      807    51130        0      806    51070        0
0000000000000001        3      807    51130        0      806    51070        0
datapath         in-port  eth-dst           out-port packets  bytes
---------------- -------- ----------------- -------- -------- --------
0000000000000001        1       192.168.0.2        2        3      294
0000000000000001        1       192.168.0.3        3        3      294
0000000000000001        2       192.168.0.1        1        4      392
0000000000000001        3       192.168.0.1        1        4      392
datapath         port     rx-pkts  rx-bytes rx-error tx-pkts  tx-bytes tx-error
---------------- -------- -------- -------- -------- -------- -------- --------
0000000000000003        1       11      798        0      778    60840        0
0000000000000003        2      806    51070        0      807    51130        0
0000000000000003        3      804    50874        0      805    50934        0
datapath         in-port  eth-dst           out-port packets  bytes
---------------- -------- ----------------- -------- -------- --------
0000000000000003        1       192.168.0.1        2        4      392
0000000000000003        1       192.168.0.3        3        1       98
0000000000000003        2       192.168.0.2        1        4      392
0000000000000003        3       192.168.0.2        1        2      196
datapath         port     rx-pkts  rx-bytes rx-error tx-pkts  tx-bytes tx-error
---------------- -------- -------- -------- -------- -------- -------- --------
0000000000000002        1       11      798        0      781    61020        0
0000000000000002        2      806    51070        0      807    51130        0
0000000000000002        3      805    50934        0      804    50874        0
datapath         in-port  eth-dst           out-port packets  bytes
---------------- -------- ----------------- -------- -------- --------
0000000000000002        1       192.168.0.1        2        4      392
0000000000000002        1       192.168.0.2        3        2      196
0000000000000002        2       192.168.0.3        1        4      392
0000000000000002        3       192.168.0.3        1        2      196
discovery--->==================================== discovery ====================================
discovery---> cls: [(1, 2), (1, 3), (2, 3)]
discovery--->=============================================================================
==================================== link detector ====================================

----------------------------
src    dst :    delay
1 <---> 2 : 2.630472183227539
1 <---> 3 : 2.8274059295654297
2 <---> 3 : 4.190206527709961
2 <---> 1 : 4.317283630371094
3 <---> 2 : 4.034280776977539
3 <---> 1 : 3.543376922607422
==================================== link detector ====================================

----------------------------
src    dst :    delay
1 <---> 2 : 3.54766845703125
1 <---> 3 : 3.045797348022461
2 <---> 3 : 3.6690235137939453
2 <---> 1 : 3.024578094482422
3 <---> 2 : 3.5140514373779297
3 <---> 1 : 2.8076171875
datapath         port     rx-pkts  rx-bytes rx-error tx-pkts  tx-bytes tx-error
---------------- -------- -------- -------- -------- -------- -------- --------
0000000000000001        1       10      868        0      788    61624        0
0000000000000001        2      813    51490        0      812    51430        0
0000000000000001        3      813    51490        0      812    51430        0
datapath         in-port  eth-dst           out-port packets  bytes
---------------- -------- ----------------- -------- -------- --------
0000000000000001        1       192.168.0.2        2        3      294
0000000000000001        1       192.168.0.3        3        3      294
0000000000000001        2       192.168.0.1        1        4      392
0000000000000001        3       192.168.0.1        1        4      392
datapath         port     rx-pkts  rx-bytes rx-error tx-pkts  tx-bytes tx-error
---------------- -------- -------- -------- -------- -------- -------- --------
0000000000000003        1       11      798        0      784    61308        0
0000000000000003        2      812    51430        0      813    51490        0
0000000000000003        3      810    51234        0      810    51234        0
datapath         in-port  eth-dst           out-port packets  bytes
---------------- -------- ----------------- -------- -------- --------
0000000000000003        1       192.168.0.1        2        4      392
0000000000000003        1       192.168.0.3        3        1       98
0000000000000003        2       192.168.0.2        1        4      392
0000000000000003        3       192.168.0.2        1        2      196
datapath         port     rx-pkts  rx-bytes rx-error tx-pkts  tx-bytes tx-error
---------------- -------- -------- -------- -------- -------- -------- --------
0000000000000002        1       11      798        0      786    61410        0
0000000000000002        2      812    51430        0      813    51490        0
0000000000000002        3      810    51234        0      810    51234        0
datapath         in-port  eth-dst           out-port packets  bytes
---------------- -------- ----------------- -------- -------- --------
0000000000000002        1       192.168.0.1        2        4      392
0000000000000002        1       192.168.0.2        3        2      196
0000000000000002        2       192.168.0.3        1        4      392
0000000000000002        3       192.168.0.3        1        2      196
discovery--->==================================== discovery ====================================
discovery---> cls: [(1, 2), (1, 3), (2, 3)]
discovery--->=============================================================================
==================================== link detector ====================================

----------------------------
src    dst :    delay
1 <---> 2 : 3.9179325103759766
1 <---> 3 : 3.0295848846435547
2 <---> 3 : 3.8750171661376953
2 <---> 1 : 2.5284290313720703
3 <---> 2 : 2.3996829986572266
3 <---> 1 : 3.462553024291992
datapath         port     rx-pkts  rx-bytes rx-error tx-pkts  tx-bytes tx-error
---------------- -------- -------- -------- -------- -------- -------- --------
0000000000000001        1       10      868        0      794    62092        0
0000000000000001        2      818    51790        0      817    51730        0
0000000000000001        3      818    51790        0      817    51730        0
datapath         in-port  eth-dst           out-port packets  bytes
---------------- -------- ----------------- -------- -------- --------
0000000000000001        1       192.168.0.2        2        3      294
0000000000000001        1       192.168.0.3        3        3      294
0000000000000001        2       192.168.0.1        1        4      392
0000000000000001        3       192.168.0.1        1        4      392
datapath         port     rx-pkts  rx-bytes rx-error tx-pkts  tx-bytes tx-error
---------------- -------- -------- -------- -------- -------- -------- --------
0000000000000003        1       11      798        0      789    61698        0
0000000000000003        2      817    51730        0      818    51790        0
0000000000000003        3      815    51534        0      816    51594        0
datapath         in-port  eth-dst           out-port packets  bytes
---------------- -------- ----------------- -------- -------- --------
0000000000000003        1       192.168.0.1        2        4      392
0000000000000003        1       192.168.0.3        3        1       98
0000000000000003        2       192.168.0.2        1        4      392
0000000000000003        3       192.168.0.2        1        2      196
datapath         port     rx-pkts  rx-bytes rx-error tx-pkts  tx-bytes tx-error
---------------- -------- -------- -------- -------- -------- -------- --------
0000000000000002        1       11      798        0      792    61878        0
0000000000000002        2      817    51730        0      818    51790        0
0000000000000002        3      816    51594        0      815    51534        0
datapath         in-port  eth-dst           out-port packets  bytes
---------------- -------- ----------------- -------- -------- --------
0000000000000002        1       192.168.0.1        2        4      392
0000000000000002        1       192.168.0.2        3        2      196
0000000000000002        2       192.168.0.3        1        4      392
0000000000000002        3       192.168.0.3        1        2      196
discovery--->==================================== discovery ====================================
discovery---> cls: [(1, 2), (1, 3), (2, 3)]
discovery--->=============================================================================
==================================== link detector ====================================

----------------------------
src    dst :    delay
1 <---> 2 : 2.2034645080566406
1 <---> 3 : 2.125263214111328
2 <---> 3 : 2.4690628051757812
2 <---> 1 : 2.117156982421875
3 <---> 2 : 2.182483673095703
3 <---> 1 : 2.3412704467773438
==================================== link detector ====================================

----------------------------
src    dst :    delay
1 <---> 2 : 3.365755081176758
1 <---> 3 : 3.4737586975097656
2 <---> 3 : 3.0975341796875
2 <---> 1 : 3.358602523803711
3 <---> 2 : 2.1784305572509766
3 <---> 1 : 3.530740737915039
datapath         port     rx-pkts  rx-bytes rx-error tx-pkts  tx-bytes tx-error
---------------- -------- -------- -------- -------- -------- -------- --------
0000000000000003        1       11      798        0      795    62166        0
0000000000000003        2      823    52090        0      824    52150        0
0000000000000003        3      821    51894        0      822    51954        0
datapath         in-port  eth-dst           out-port packets  bytes
---------------- -------- ----------------- -------- -------- --------
0000000000000003        1       192.168.0.1        2        4      392
0000000000000003        1       192.168.0.3        3        1       98
0000000000000003        2       192.168.0.2        1        4      392
0000000000000003        3       192.168.0.2        1        2      196
datapath         port     rx-pkts  rx-bytes rx-error tx-pkts  tx-bytes tx-error
---------------- -------- -------- -------- -------- -------- -------- --------
0000000000000001        1       10      868        0      799    62482        0
0000000000000001        2      824    52150        0      823    52090        0
0000000000000001        3      824    52150        0      823    52090        0
datapath         in-port  eth-dst           out-port packets  bytes
---------------- -------- ----------------- -------- -------- --------
0000000000000001        1       192.168.0.2        2        3      294
0000000000000001        1       192.168.0.3        3        3      294
0000000000000001        2       192.168.0.1        1        4      392
0000000000000001        3       192.168.0.1        1        4      392
datapath         port     rx-pkts  rx-bytes rx-error tx-pkts  tx-bytes tx-error
---------------- -------- -------- -------- -------- -------- -------- --------
0000000000000002        1       11      798        0      797    62268        0
0000000000000002        2      823    52090        0      824    52150        0
0000000000000002        3      822    51954        0      821    51894        0
datapath         in-port  eth-dst           out-port packets  bytes
---------------- -------- ----------------- -------- -------- --------
0000000000000002        1       192.168.0.1        2        4      392
0000000000000002        1       192.168.0.2        3        2      196
0000000000000002        2       192.168.0.3        1        4      392
0000000000000002        3       192.168.0.3        1        2      196
discovery--->==================================== discovery ====================================
discovery---> cls: [(1, 2), (1, 3), (2, 3)]
discovery--->=============================================================================
==================================== link detector ====================================

----------------------------
src    dst :    delay
1 <---> 2 : 3.2880306243896484
1 <---> 3 : 2.3436546325683594
2 <---> 3 : 2.7158260345458984
2 <---> 1 : 2.457857131958008
3 <---> 2 : 2.277374267578125
3 <---> 1 : 2.6574134826660156
==================================== link detector ====================================

----------------------------
src    dst :    delay
1 <---> 2 : 2.593994140625
1 <---> 3 : 3.5543441772460938
2 <---> 3 : 2.626180648803711
2 <---> 1 : 3.445863723754883
3 <---> 2 : 3.510713577270508
3 <---> 1 : 3.1464099884033203
datapath         port     rx-pkts  rx-bytes rx-error tx-pkts  tx-bytes tx-error
---------------- -------- -------- -------- -------- -------- -------- --------
0000000000000001        1       10      868        0      805    62950        0
0000000000000001        2      830    52510        0      828    52390        0
0000000000000001        3      829    52450        0      828    52390        0
datapath         in-port  eth-dst           out-port packets  bytes
---------------- -------- ----------------- -------- -------- --------
0000000000000001        1       192.168.0.2        2        3      294
0000000000000001        1       192.168.0.3        3        3      294
0000000000000001        2       192.168.0.1        1        4      392
0000000000000001        3       192.168.0.1        1        4      392
datapath         port     rx-pkts  rx-bytes rx-error tx-pkts  tx-bytes tx-error
---------------- -------- -------- -------- -------- -------- -------- --------
0000000000000002        1       11      798        0      803    62736        0
0000000000000002        2      828    52390        0      829    52450        0
0000000000000002        3      827    52254        0      826    52194        0
datapath         in-port  eth-dst           out-port packets  bytes
---------------- -------- ----------------- -------- -------- --------
0000000000000002        1       192.168.0.1        2        4      392
0000000000000002        1       192.168.0.2        3        2      196
0000000000000002        2       192.168.0.3        1        4      392
0000000000000002        3       192.168.0.3        1        2      196
datapath         port     rx-pkts  rx-bytes rx-error tx-pkts  tx-bytes tx-error
---------------- -------- -------- -------- -------- -------- -------- --------
0000000000000003        1       11      798        0      800    62556        0
0000000000000003        2      828    52390        0      830    52510        0
0000000000000003        3      826    52194        0      827    52254        0
datapath         in-port  eth-dst           out-port packets  bytes
---------------- -------- ----------------- -------- -------- --------
0000000000000003        1       192.168.0.1        2        4      392
0000000000000003        1       192.168.0.3        3        1       98
0000000000000003        2       192.168.0.2        1        4      392
0000000000000003        3       192.168.0.2        1        2      196
discovery--->==================================== discovery ====================================
discovery---> cls: [(1, 2), (1, 3), (2, 3)]
discovery--->=============================================================================
==================================== link detector ====================================

----------------------------
src    dst :    delay
1 <---> 2 : 3.1425952911376953
1 <---> 3 : 3.209829330444336
2 <---> 3 : 3.8056373596191406
2 <---> 1 : 3.0677318572998047
3 <---> 2 : 3.2596588134765625
3 <---> 1 : 2.8676986694335938
datapath         port     rx-pkts  rx-bytes rx-error tx-pkts  tx-bytes tx-error
---------------- -------- -------- -------- -------- -------- -------- --------
0000000000000001        1       10      868        0      810    63340        0
0000000000000001        2      835    52810        0      834    52750        0
0000000000000001        3      835    52810        0      834    52750        0
datapath         in-port  eth-dst           out-port packets  bytes
---------------- -------- ----------------- -------- -------- --------
0000000000000001        1       192.168.0.2        2        3      294
0000000000000001        1       192.168.0.3        3        3      294
0000000000000001        2       192.168.0.1        1        4      392
0000000000000001        3       192.168.0.1        1        4      392
datapath         port     rx-pkts  rx-bytes rx-error tx-pkts  tx-bytes tx-error
---------------- -------- -------- -------- -------- -------- -------- --------
0000000000000003        1       11      798        0      806    63024        0
0000000000000003        2      834    52750        0      835    52810        0
0000000000000003        3      832    52554        0      833    52614        0
datapath         in-port  eth-dst           out-port packets  bytes
---------------- -------- ----------------- -------- -------- --------
0000000000000003        1       192.168.0.1        2        4      392
0000000000000003        1       192.168.0.3        3        1       98
0000000000000003        2       192.168.0.2        1        4      392
0000000000000003        3       192.168.0.2        1        2      196
datapath         port     rx-pkts  rx-bytes rx-error tx-pkts  tx-bytes tx-error
---------------- -------- -------- -------- -------- -------- -------- --------
0000000000000002        1       11      798        0      808    63126        0
0000000000000002        2      834    52750        0      835    52810        0
0000000000000002        3      833    52614        0      832    52554        0
datapath         in-port  eth-dst           out-port packets  bytes
---------------- -------- ----------------- -------- -------- --------
0000000000000002        1       192.168.0.1        2        4      392
0000000000000002        1       192.168.0.2        3        2      196
0000000000000002        2       192.168.0.3        1        4      392
0000000000000002        3       192.168.0.3        1        2      196
discovery--->==================================== discovery ====================================
discovery---> cls: [(1, 2), (1, 3), (2, 3)]
discovery--->=============================================================================
==================================== link detector ====================================

----------------------------
src    dst :    delay
1 <---> 2 : 2.3622512817382812
1 <---> 3 : 3.1795501708984375
2 <---> 3 : 3.9758682250976562
2 <---> 1 : 3.0727386474609375
3 <---> 2 : 3.0317306518554688
3 <---> 1 : 2.8030872344970703
==================================== link detector ====================================

----------------------------
src    dst :    delay
1 <---> 2 : 3.1015872955322266
1 <---> 3 : 3.24249267578125
2 <---> 3 : 3.9997100830078125
2 <---> 1 : 3.137350082397461
3 <---> 2 : 3.0035972595214844
3 <---> 1 : 2.347707748413086
datapath         port     rx-pkts  rx-bytes rx-error tx-pkts  tx-bytes tx-error
---------------- -------- -------- -------- -------- -------- -------- --------
0000000000000001        1       10      868        0      816    63808        0
0000000000000001        2      841    53170        0      839    53050        0
0000000000000001        3      840    53110        0      839    53050        0
datapath         in-port  eth-dst           out-port packets  bytes
---------------- -------- ----------------- -------- -------- --------
0000000000000001        1       192.168.0.2        2        3      294
0000000000000001        1       192.168.0.3        3        3      294
0000000000000001        2       192.168.0.1        1        4      392
0000000000000001        3       192.168.0.1        1        4      392
datapath         port     rx-pkts  rx-bytes rx-error tx-pkts  tx-bytes tx-error
---------------- -------- -------- -------- -------- -------- -------- --------
0000000000000002        1       11      798        0      814    63594        0
0000000000000002        2      839    53050        0      840    53110        0
0000000000000002        3      838    52914        0      837    52854        0
datapath         in-port  eth-dst           out-port packets  bytes
---------------- -------- ----------------- -------- -------- --------
0000000000000002        1       192.168.0.1        2        4      392
0000000000000002        1       192.168.0.2        3        2      196
0000000000000002        2       192.168.0.3        1        4      392
0000000000000002        3       192.168.0.3        1        2      196
datapath         port     rx-pkts  rx-bytes rx-error tx-pkts  tx-bytes tx-error
---------------- -------- -------- -------- -------- -------- -------- --------
0000000000000003        1       11      798        0      812    63492        0
0000000000000003        2      839    53050        0      841    53170        0
0000000000000003        3      837    52854        0      838    52914        0
datapath         in-port  eth-dst           out-port packets  bytes
---------------- -------- ----------------- -------- -------- --------
0000000000000003        1       192.168.0.1        2        4      392
0000000000000003        1       192.168.0.3        3        1       98
0000000000000003        2       192.168.0.2        1        4      392
0000000000000003        3       192.168.0.2        1        2      196
discovery--->==================================== discovery ====================================
discovery---> cls: [(1, 2), (1, 3), (2, 3)]
discovery--->=============================================================================
==================================== link detector ====================================

----------------------------
src    dst :    delay
1 <---> 2 : 2.6149749755859375
1 <---> 3 : 3.0138492584228516
2 <---> 3 : 3.0486583709716797
2 <---> 1 : 2.4514198303222656
3 <---> 2 : 4.471540451049805
3 <---> 1 : 2.802610397338867
datapath         port     rx-pkts  rx-bytes rx-error tx-pkts  tx-bytes tx-error
---------------- -------- -------- -------- -------- -------- -------- --------
0000000000000001        1       10      868        0      821    64198        0
0000000000000001        2      846    53470        0      845    53410        0
0000000000000001        3      846    53470        0      845    53410        0
datapath         in-port  eth-dst           out-port packets  bytes
---------------- -------- ----------------- -------- -------- --------
0000000000000001        1       192.168.0.2        2        3      294
0000000000000001        1       192.168.0.3        3        3      294
0000000000000001        2       192.168.0.1        1        4      392
0000000000000001        3       192.168.0.1        1        4      392
datapath         port     rx-pkts  rx-bytes rx-error tx-pkts  tx-bytes tx-error
---------------- -------- -------- -------- -------- -------- -------- --------
0000000000000002        1       11      798        0      819    63984        0
0000000000000002        2      845    53410        0      846    53470        0
0000000000000002        3      844    53274        0      843    53214        0
datapath         in-port  eth-dst           out-port packets  bytes
---------------- -------- ----------------- -------- -------- --------
0000000000000002        1       192.168.0.1        2        4      392
0000000000000002        1       192.168.0.2        3        2      196
0000000000000002        2       192.168.0.3        1        4      392
0000000000000002        3       192.168.0.3        1        2      196
datapath         port     rx-pkts  rx-bytes rx-error tx-pkts  tx-bytes tx-error
---------------- -------- -------- -------- -------- -------- -------- --------
0000000000000003        1       11      798        0      817    63882        0
0000000000000003        2      845    53410        0      846    53470        0
0000000000000003        3      843    53214        0      844    53274        0
datapath         in-port  eth-dst           out-port packets  bytes
---------------- -------- ----------------- -------- -------- --------
0000000000000003        1       192.168.0.1        2        4      392
0000000000000003        1       192.168.0.3        3        1       98
0000000000000003        2       192.168.0.2        1        4      392
0000000000000003        3       192.168.0.2        1        2      196
discovery--->==================================== discovery ====================================
discovery---> cls: [(1, 2), (1, 3), (2, 3)]
discovery--->=============================================================================
==================================== link detector ====================================

----------------------------
src    dst :    delay
1 <---> 2 : 2.643585205078125
1 <---> 3 : 2.1390914916992188
2 <---> 3 : 2.7163028717041016
2 <---> 1 : 2.5131702423095703
3 <---> 2 : 2.335071563720703
3 <---> 1 : 2.933502197265625
==================================== link detector ====================================

----------------------------
src    dst :    delay
1 <---> 2 : 2.9773712158203125
1 <---> 3 : 4.400014877319336
2 <---> 3 : 4.112720489501953
2 <---> 1 : 3.7386417388916016
3 <---> 2 : 2.7256011962890625
3 <---> 1 : 3.303050994873047
datapath         port     rx-pkts  rx-bytes rx-error tx-pkts  tx-bytes tx-error
---------------- -------- -------- -------- -------- -------- -------- --------
0000000000000001        1       10      868        0      827    64666        0
0000000000000001        2      852    53830        0      851    53770        0
0000000000000001        3      852    53830        0      850    53710        0
datapath         in-port  eth-dst           out-port packets  bytes
---------------- -------- ----------------- -------- -------- --------
0000000000000001        1       192.168.0.2        2        3      294
0000000000000001        1       192.168.0.3        3        3      294
0000000000000001        2       192.168.0.1        1        4      392
0000000000000001        3       192.168.0.1        1        4      392
datapath         port     rx-pkts  rx-bytes rx-error tx-pkts  tx-bytes tx-error
---------------- -------- -------- -------- -------- -------- -------- --------
0000000000000003        1       11      798        0      823    64350        0
0000000000000003        2      851    53770        0      852    53830        0
0000000000000003        3      848    53514        0      849    53574        0
datapath         in-port  eth-dst           out-port packets  bytes
---------------- -------- ----------------- -------- -------- --------
0000000000000003        1       192.168.0.1        2        4      392
0000000000000003        1       192.168.0.3        3        1       98
0000000000000003        2       192.168.0.2        1        4      392
0000000000000003        3       192.168.0.2        1        2      196
datapath         port     rx-pkts  rx-bytes rx-error tx-pkts  tx-bytes tx-error
---------------- -------- -------- -------- -------- -------- -------- --------
0000000000000002        1       11      798        0      825    64452        0
0000000000000002        2      850    53710        0      852    53830        0
0000000000000002        3      849    53574        0      848    53514        0
datapath         in-port  eth-dst           out-port packets  bytes
---------------- -------- ----------------- -------- -------- --------
0000000000000002        1       192.168.0.1        2        4      392
0000000000000002        1       192.168.0.2        3        2      196
0000000000000002        2       192.168.0.3        1        4      392
0000000000000002        3       192.168.0.3        1        2      196
discovery--->==================================== discovery ====================================
discovery---> cls: [(1, 2), (1, 3), (2, 3)]
discovery--->=============================================================================
==================================== link detector ====================================

----------------------------
src    dst :    delay
1 <---> 2 : 3.3605098724365234
1 <---> 3 : 3.2339096069335938
2 <---> 3 : 3.2303333282470703
2 <---> 1 : 3.4682750701904297
3 <---> 2 : 3.977060317993164
3 <---> 1 : 3.186941146850586
==================================== link detector ====================================

----------------------------
src    dst :    delay
1 <---> 2 : 2.3245811462402344
1 <---> 3 : 2.489805221557617
2 <---> 3 : 2.717733383178711
2 <---> 1 : 2.167940139770508
3 <---> 2 : 2.772092819213867
3 <---> 1 : 3.551483154296875
datapath         port     rx-pkts  rx-bytes rx-error tx-pkts  tx-bytes tx-error
---------------- -------- -------- -------- -------- -------- -------- --------
0000000000000001        1       10      868        0      832    65056        0
0000000000000001        2      857    54130        0      856    54070        0
0000000000000001        3      857    54130        0      856    54070        0
datapath         in-port  eth-dst           out-port packets  bytes
---------------- -------- ----------------- -------- -------- --------
0000000000000001        1       192.168.0.2        2        3      294
0000000000000001        1       192.168.0.3        3        3      294
0000000000000001        2       192.168.0.1        1        4      392
0000000000000001        3       192.168.0.1        1        4      392
datapath         port     rx-pkts  rx-bytes rx-error tx-pkts  tx-bytes tx-error
---------------- -------- -------- -------- -------- -------- -------- --------
0000000000000002        1       11      798        0      831    64920        0
0000000000000002        2      856    54070        0      857    54130        0
0000000000000002        3      855    53934        0      854    53874        0
datapath         in-port  eth-dst           out-port packets  bytes
---------------- -------- ----------------- -------- -------- --------
0000000000000002        1       192.168.0.1        2        4      392
0000000000000002        1       192.168.0.2        3        2      196
0000000000000002        2       192.168.0.3        1        4      392
0000000000000002        3       192.168.0.3        1        2      196
datapath         port     rx-pkts  rx-bytes rx-error tx-pkts  tx-bytes tx-error
---------------- -------- -------- -------- -------- -------- -------- --------
0000000000000003        1       11      798        0      828    64740        0
0000000000000003        2      856    54070        0      857    54130        0
0000000000000003        3      854    53874        0      855    53934        0
datapath         in-port  eth-dst           out-port packets  bytes
---------------- -------- ----------------- -------- -------- --------
0000000000000003        1       192.168.0.1        2        4      392
0000000000000003        1       192.168.0.3        3        1       98
0000000000000003        2       192.168.0.2        1        4      392
0000000000000003        3       192.168.0.2        1        2      196
discovery--->==================================== discovery ====================================
discovery---> cls: [(1, 2), (1, 3), (2, 3)]
discovery--->=============================================================================
==================================== link detector ====================================

----------------------------
src    dst :    delay
1 <---> 2 : 2.942800521850586
1 <---> 3 : 4.415988922119141
2 <---> 3 : 2.9191970825195312
2 <---> 1 : 2.394437789916992
3 <---> 2 : 3.315448760986328
3 <---> 1 : 3.086090087890625
datapath         port     rx-pkts  rx-bytes rx-error tx-pkts  tx-bytes tx-error
---------------- -------- -------- -------- -------- -------- -------- --------
0000000000000001        1       10      868        0      838    65524        0
0000000000000001        2      863    54490        0      862    54430        0
0000000000000001        3      863    54490        0      862    54430        0
datapath         in-port  eth-dst           out-port packets  bytes
---------------- -------- ----------------- -------- -------- --------
0000000000000001        1       192.168.0.2        2        3      294
0000000000000001        1       192.168.0.3        3        3      294
0000000000000001        2       192.168.0.1        1        4      392
0000000000000001        3       192.168.0.1        1        4      392
datapath         port     rx-pkts  rx-bytes rx-error tx-pkts  tx-bytes tx-error
---------------- -------- -------- -------- -------- -------- -------- --------
0000000000000003        1       11      798        0      834    65208        0
0000000000000003        2      862    54430        0      863    54490        0
0000000000000003        3      860    54234        0      860    54234        0
datapath         in-port  eth-dst           out-port packets  bytes
---------------- -------- ----------------- -------- -------- --------
0000000000000003        1       192.168.0.1        2        4      392
0000000000000003        1       192.168.0.3        3        1       98
0000000000000003        2       192.168.0.2        1        4      392
0000000000000003        3       192.168.0.2        1        2      196
datapath         port     rx-pkts  rx-bytes rx-error tx-pkts  tx-bytes tx-error
---------------- -------- -------- -------- -------- -------- -------- --------
0000000000000002        1       11      798        0      836    65310        0
0000000000000002        2      862    54430        0      863    54490        0
0000000000000002        3      860    54234        0      860    54234        0
datapath         in-port  eth-dst           out-port packets  bytes
---------------- -------- ----------------- -------- -------- --------
0000000000000002        1       192.168.0.1        2        4      392
0000000000000002        1       192.168.0.2        3        2      196
0000000000000002        2       192.168.0.3        1        4      392
0000000000000002        3       192.168.0.3        1        2      196
discovery--->==================================== discovery ====================================
discovery---> cls: [(1, 2), (1, 3), (2, 3)]
discovery--->=============================================================================
==================================== link detector ====================================

----------------------------
src    dst :    delay
1 <---> 2 : 4.014730453491211
1 <---> 3 : 2.3627281188964844
2 <---> 3 : 3.1461715698242188
2 <---> 1 : 2.5453567504882812
3 <---> 2 : 3.105640411376953
3 <---> 1 : 2.719879150390625
==================================== link detector ====================================

----------------------------
src    dst :    delay
1 <---> 2 : 3.244161605834961
1 <---> 3 : 2.9268264770507812
2 <---> 3 : 2.761363983154297
2 <---> 1 : 4.0302276611328125
3 <---> 2 : 3.5088062286376953
3 <---> 1 : 3.1175613403320312
datapath         port     rx-pkts  rx-bytes rx-error tx-pkts  tx-bytes tx-error
---------------- -------- -------- -------- -------- -------- -------- --------
0000000000000001        1       10      868        0      843    65914        0
0000000000000001        2      868    54790        0      867    54730        0
0000000000000001        3      868    54790        0      867    54730        0
datapath         in-port  eth-dst           out-port packets  bytes
---------------- -------- ----------------- -------- -------- --------
0000000000000001        1       192.168.0.2        2        3      294
0000000000000001        1       192.168.0.3        3        3      294
0000000000000001        2       192.168.0.1        1        4      392
0000000000000001        3       192.168.0.1        1        4      392
datapath         port     rx-pkts  rx-bytes rx-error tx-pkts  tx-bytes tx-error
---------------- -------- -------- -------- -------- -------- -------- --------
0000000000000003        1       11      798        0      839    65598        0
0000000000000003        2      867    54730        0      868    54790        0
0000000000000003        3      865    54534        0      866    54594        0
datapath         in-port  eth-dst           out-port packets  bytes
---------------- -------- ----------------- -------- -------- --------
0000000000000003        1       192.168.0.1        2        4      392
0000000000000003        1       192.168.0.3        3        1       98
0000000000000003        2       192.168.0.2        1        4      392
0000000000000003        3       192.168.0.2        1        2      196
datapath         port     rx-pkts  rx-bytes rx-error tx-pkts  tx-bytes tx-error
---------------- -------- -------- -------- -------- -------- -------- --------
0000000000000002        1       11      798        0      842    65778        0
0000000000000002        2      867    54730        0      868    54790        0
0000000000000002        3      866    54594        0      865    54534        0
datapath         in-port  eth-dst           out-port packets  bytes
---------------- -------- ----------------- -------- -------- --------
0000000000000002        1       192.168.0.1        2        4      392
0000000000000002        1       192.168.0.2        3        2      196
0000000000000002        2       192.168.0.3        1        4      392
0000000000000002        3       192.168.0.3        1        2      196
discovery--->==================================== discovery ====================================
discovery---> cls: [(1, 2), (1, 3), (2, 3)]
discovery--->=============================================================================
==================================== link detector ====================================

----------------------------
src    dst :    delay
1 <---> 2 : 2.6853084564208984
1 <---> 3 : 2.992868423461914
2 <---> 3 : 2.760648727416992
2 <---> 1 : 4.366397857666016
3 <---> 2 : 3.4656524658203125
3 <---> 1 : 3.027200698852539
datapath         port     rx-pkts  rx-bytes rx-error tx-pkts  tx-bytes tx-error
---------------- -------- -------- -------- -------- -------- -------- --------
0000000000000001        1       10      868        0      849    66382        0
0000000000000001        2      874    55150        0      873    55090        0
0000000000000001        3      874    55150        0      873    55090        0
datapath         in-port  eth-dst           out-port packets  bytes
---------------- -------- ----------------- -------- -------- --------
0000000000000001        1       192.168.0.2        2        3      294
0000000000000001        1       192.168.0.3        3        3      294
0000000000000001        2       192.168.0.1        1        4      392
0000000000000001        3       192.168.0.1        1        4      392
datapath         port     rx-pkts  rx-bytes rx-error tx-pkts  tx-bytes tx-error
---------------- -------- -------- -------- -------- -------- -------- --------
0000000000000003        1       11      798        0      845    66066        0
0000000000000003        2      873    55090        0      874    55150        0
0000000000000003        3      871    54894        0      872    54954        0
datapath         in-port  eth-dst           out-port packets  bytes
---------------- -------- ----------------- -------- -------- --------
0000000000000003        1       192.168.0.1        2        4      392
0000000000000003        1       192.168.0.3        3        1       98
0000000000000003        2       192.168.0.2        1        4      392
0000000000000003        3       192.168.0.2        1        2      196
datapath         port     rx-pkts  rx-bytes rx-error tx-pkts  tx-bytes tx-error
---------------- -------- -------- -------- -------- -------- -------- --------
0000000000000002        1       11      798        0      847    66168        0
0000000000000002        2      873    55090        0      874    55150        0
0000000000000002        3      872    54954        0      871    54894        0
datapath         in-port  eth-dst           out-port packets  bytes
---------------- -------- ----------------- -------- -------- --------
0000000000000002        1       192.168.0.1        2        4      392
0000000000000002        1       192.168.0.2        3        2      196
0000000000000002        2       192.168.0.3        1        4      392
0000000000000002        3       192.168.0.3        1        2      196
discovery--->==================================== discovery ====================================
discovery---> cls: [(1, 2), (1, 3), (2, 3)]
discovery--->=============================================================================
==================================== link detector ====================================

----------------------------
src    dst :    delay
1 <---> 2 : 3.535747528076172
1 <---> 3 : 3.12042236328125
2 <---> 3 : 3.656148910522461
2 <---> 1 : 3.0672550201416016
3 <---> 2 : 3.5796165466308594
3 <---> 1 : 2.739429473876953
==================================== link detector ====================================

----------------------------
src    dst :    delay
1 <---> 2 : 3.6001205444335938
1 <---> 3 : 3.5746097564697266
2 <---> 3 : 2.6929378509521484
2 <---> 1 : 3.4515857696533203
3 <---> 2 : 2.874612808227539
3 <---> 1 : 3.019094467163086
datapath         port     rx-pkts  rx-bytes rx-error tx-pkts  tx-bytes tx-error
---------------- -------- -------- -------- -------- -------- -------- --------
0000000000000001        1       10      868        0      855    66850        0
0000000000000001        2      880    55510        0      878    55390        0
0000000000000001        3      879    55450        0      878    55390        0
datapath         in-port  eth-dst           out-port packets  bytes
---------------- -------- ----------------- -------- -------- --------
0000000000000001        1       192.168.0.2        2        3      294
0000000000000001        1       192.168.0.3        3        3      294
0000000000000001        2       192.168.0.1        1        4      392
0000000000000001        3       192.168.0.1        1        4      392
datapath         port     rx-pkts  rx-bytes rx-error tx-pkts  tx-bytes tx-error
---------------- -------- -------- -------- -------- -------- -------- --------
0000000000000002        1       11      798        0      853    66636        0
0000000000000002        2      878    55390        0      879    55450        0
0000000000000002        3      877    55254        0      876    55194        0
datapath         in-port  eth-dst           out-port packets  bytes
---------------- -------- ----------------- -------- -------- --------
0000000000000002        1       192.168.0.1        2        4      392
0000000000000002        1       192.168.0.2        3        2      196
0000000000000002        2       192.168.0.3        1        4      392
0000000000000002        3       192.168.0.3        1        2      196
datapath         port     rx-pkts  rx-bytes rx-error tx-pkts  tx-bytes tx-error
---------------- -------- -------- -------- -------- -------- -------- --------
0000000000000003        1       11      798        0      850    66456        0
0000000000000003        2      878    55390        0      880    55510        0
0000000000000003        3      876    55194        0      877    55254        0
datapath         in-port  eth-dst           out-port packets  bytes
---------------- -------- ----------------- -------- -------- --------
0000000000000003        1       192.168.0.1        2        4      392
0000000000000003        1       192.168.0.3        3        1       98
0000000000000003        2       192.168.0.2        1        4      392
0000000000000003        3       192.168.0.2        1        2      196
discovery--->==================================== discovery ====================================
discovery---> cls: [(1, 2), (1, 3), (2, 3)]
discovery--->=============================================================================
==================================== link detector ====================================

----------------------------
src    dst :    delay
1 <---> 2 : 2.591371536254883
1 <---> 3 : 3.982067108154297
2 <---> 3 : 3.3757686614990234
2 <---> 1 : 3.8497447967529297
3 <---> 2 : 4.015207290649414
3 <---> 1 : 3.012418746948242
datapath         port     rx-pkts  rx-bytes rx-error tx-pkts  tx-bytes tx-error
---------------- -------- -------- -------- -------- -------- -------- --------
0000000000000001        1       10      868        0      860    67240        0
0000000000000001        2      885    55810        0      884    55750        0
0000000000000001        3      885    55810        0      884    55750        0
datapath         in-port  eth-dst           out-port packets  bytes
---------------- -------- ----------------- -------- -------- --------
0000000000000001        1       192.168.0.2        2        3      294
0000000000000001        1       192.168.0.3        3        3      294
0000000000000001        2       192.168.0.1        1        4      392
0000000000000001        3       192.168.0.1        1        4      392
datapath         port     rx-pkts  rx-bytes rx-error tx-pkts  tx-bytes tx-error
---------------- -------- -------- -------- -------- -------- -------- --------
0000000000000002        1       11      798        0      858    67026        0
0000000000000002        2      884    55750        0      885    55810        0
0000000000000002        3      883    55614        0      882    55554        0
datapath         in-port  eth-dst           out-port packets  bytes
---------------- -------- ----------------- -------- -------- --------
0000000000000002        1       192.168.0.1        2        4      392
0000000000000002        1       192.168.0.2        3        2      196
0000000000000002        2       192.168.0.3        1        4      392
0000000000000002        3       192.168.0.3        1        2      196
datapath         port     rx-pkts  rx-bytes rx-error tx-pkts  tx-bytes tx-error
---------------- -------- -------- -------- -------- -------- -------- --------
0000000000000003        1       11      798        0      856    66924        0
0000000000000003        2      884    55750        0      885    55810        0
0000000000000003        3      882    55554        0      883    55614        0
datapath         in-port  eth-dst           out-port packets  bytes
---------------- -------- ----------------- -------- -------- --------
0000000000000003        1       192.168.0.1        2        4      392
0000000000000003        1       192.168.0.3        3        1       98
0000000000000003        2       192.168.0.2        1        4      392
0000000000000003        3       192.168.0.2        1        2      196
discovery--->==================================== discovery ====================================
discovery---> cls: [(1, 2), (1, 3), (2, 3)]
discovery--->=============================================================================
==================================== link detector ====================================

----------------------------
src    dst :    delay
1 <---> 2 : 3.0448436737060547
1 <---> 3 : 4.215717315673828
2 <---> 3 : 3.021240234375
2 <---> 1 : 2.641916275024414
3 <---> 2 : 4.068851470947266
3 <---> 1 : 3.325223922729492
==================================== link detector ====================================

----------------------------
src    dst :    delay
1 <---> 2 : 3.6575794219970703
1 <---> 3 : 3.0357837677001953
2 <---> 3 : 2.9294490814208984
2 <---> 1 : 3.3855438232421875
3 <---> 2 : 3.996610641479492
3 <---> 1 : 3.116607666015625
datapath         port     rx-pkts  rx-bytes rx-error tx-pkts  tx-bytes tx-error
---------------- -------- -------- -------- -------- -------- -------- --------
0000000000000001        1       10      868        0      866    67708        0
0000000000000001        2      891    56170        0      889    56050        0
0000000000000001        3      890    56110        0      889    56050        0
datapath         in-port  eth-dst           out-port packets  bytes
---------------- -------- ----------------- -------- -------- --------
0000000000000001        1       192.168.0.2        2        3      294
0000000000000001        1       192.168.0.3        3        3      294
0000000000000001        2       192.168.0.1        1        4      392
0000000000000001        3       192.168.0.1        1        4      392
datapath         port     rx-pkts  rx-bytes rx-error tx-pkts  tx-bytes tx-error
---------------- -------- -------- -------- -------- -------- -------- --------
0000000000000002        1       11      798        0      864    67494        0
0000000000000002        2      889    56050        0      890    56110        0
0000000000000002        3      888    55914        0      887    55854        0
datapath         in-port  eth-dst           out-port packets  bytes
---------------- -------- ----------------- -------- -------- --------
0000000000000002        1       192.168.0.1        2        4      392
0000000000000002        1       192.168.0.2        3        2      196
0000000000000002        2       192.168.0.3        1        4      392
0000000000000002        3       192.168.0.3        1        2      196
datapath         port     rx-pkts  rx-bytes rx-error tx-pkts  tx-bytes tx-error
---------------- -------- -------- -------- -------- -------- -------- --------
0000000000000003        1       11      798        0      862    67392        0
0000000000000003        2      889    56050        0      891    56170        0
0000000000000003        3      887    55854        0      888    55914        0
datapath         in-port  eth-dst           out-port packets  bytes
---------------- -------- ----------------- -------- -------- --------
0000000000000003        1       192.168.0.1        2        4      392
0000000000000003        1       192.168.0.3        3        1       98
0000000000000003        2       192.168.0.2        1        4      392
0000000000000003        3       192.168.0.2        1        2      196
discovery--->==================================== discovery ====================================
discovery---> cls: [(1, 2), (1, 3), (2, 3)]
discovery--->=============================================================================
==================================== link detector ====================================

----------------------------
src    dst :    delay
1 <---> 2 : 2.956390380859375
1 <---> 3 : 2.9489994049072266
2 <---> 3 : 4.2018890380859375
2 <---> 1 : 2.977132797241211
3 <---> 2 : 2.656698226928711
3 <---> 1 : 4.11534309387207
==================================== link detector ====================================

----------------------------
src    dst :    delay
1 <---> 2 : 3.043651580810547
1 <---> 3 : 4.678010940551758
2 <---> 3 : 3.8781166076660156
2 <---> 1 : 4.800081253051758
3 <---> 2 : 4.005670547485352
3 <---> 1 : 2.801179885864258
datapath         port     rx-pkts  rx-bytes rx-error tx-pkts  tx-bytes tx-error
---------------- -------- -------- -------- -------- -------- -------- --------
0000000000000001        1       10      868        0      871    68098        0
0000000000000001        2      896    56470        0      895    56410        0
0000000000000001        3      896    56470        0      895    56410        0
datapath         in-port  eth-dst           out-port packets  bytes
---------------- -------- ----------------- -------- -------- --------
0000000000000001        1       192.168.0.2        2        3      294
0000000000000001        1       192.168.0.3        3        3      294
0000000000000001        2       192.168.0.1        1        4      392
0000000000000001        3       192.168.0.1        1        4      392
datapath         port     rx-pkts  rx-bytes rx-error tx-pkts  tx-bytes tx-error
---------------- -------- -------- -------- -------- -------- -------- --------
0000000000000003        1       11      798        0      867    67782        0
0000000000000003        2      895    56410        0      896    56470        0
0000000000000003        3      893    56214        0      894    56274        0
datapath         in-port  eth-dst           out-port packets  bytes
---------------- -------- ----------------- -------- -------- --------
0000000000000003        1       192.168.0.1        2        4      392
0000000000000003        1       192.168.0.3        3        1       98
0000000000000003        2       192.168.0.2        1        4      392
0000000000000003        3       192.168.0.2        1        2      196
datapath         port     rx-pkts  rx-bytes rx-error tx-pkts  tx-bytes tx-error
---------------- -------- -------- -------- -------- -------- -------- --------
0000000000000002        1       11      798        0      869    67884        0
0000000000000002        2      895    56410        0      896    56470        0
0000000000000002        3      894    56274        0      893    56214        0
datapath         in-port  eth-dst           out-port packets  bytes
---------------- -------- ----------------- -------- -------- --------
0000000000000002        1       192.168.0.1        2        4      392
0000000000000002        1       192.168.0.2        3        2      196
0000000000000002        2       192.168.0.3        1        4      392
0000000000000002        3       192.168.0.3        1        2      196
discovery--->==================================== discovery ====================================
discovery---> cls: [(1, 2), (1, 3), (2, 3)]
discovery--->=============================================================================
==================================== link detector ====================================

----------------------------
src    dst :    delay
1 <---> 2 : 3.1442642211914062
1 <---> 3 : 3.1359195709228516
2 <---> 3 : 3.645181655883789
2 <---> 1 : 3.300189971923828
3 <---> 2 : 3.4334659576416016
3 <---> 1 : 3.2262802124023438
datapath         port     rx-pkts  rx-bytes rx-error tx-pkts  tx-bytes tx-error
---------------- -------- -------- -------- -------- -------- -------- --------
0000000000000002        1       11      798        0      875    68352        0
0000000000000002        2      900    56710        0      902    56830        0
0000000000000002        3      899    56574        0      898    56514        0
datapath         in-port  eth-dst           out-port packets  bytes
---------------- -------- ----------------- -------- -------- --------
0000000000000002        1       192.168.0.1        2        4      392
0000000000000002        1       192.168.0.2        3        2      196
0000000000000002        2       192.168.0.3        1        4      392
0000000000000002        3       192.168.0.3        1        2      196
datapath         port     rx-pkts  rx-bytes rx-error tx-pkts  tx-bytes tx-error
---------------- -------- -------- -------- -------- -------- -------- --------
0000000000000003        1       11      798        0      873    68250        0
0000000000000003        2      901    56770        0      902    56830        0
0000000000000003        3      898    56514        0      899    56574        0
datapath         in-port  eth-dst           out-port packets  bytes
---------------- -------- ----------------- -------- -------- --------
0000000000000003        1       192.168.0.1        2        4      392
0000000000000003        1       192.168.0.3        3        1       98
0000000000000003        2       192.168.0.2        1        4      392
0000000000000003        3       192.168.0.2        1        2      196
datapath         port     rx-pkts  rx-bytes rx-error tx-pkts  tx-bytes tx-error
---------------- -------- -------- -------- -------- -------- -------- --------
0000000000000001        1       10      868        0      877    68566        0
0000000000000001        2      902    56830        0      901    56770        0
0000000000000001        3      902    56830        0      900    56710        0
datapath         in-port  eth-dst           out-port packets  bytes
---------------- -------- ----------------- -------- -------- --------
0000000000000001        1       192.168.0.2        2        3      294
0000000000000001        1       192.168.0.3        3        3      294
0000000000000001        2       192.168.0.1        1        4      392
0000000000000001        3       192.168.0.1        1        4      392
discovery--->==================================== discovery ====================================
discovery---> cls: [(1, 2), (1, 3), (2, 3)]
discovery--->=============================================================================
==================================== link detector ====================================

----------------------------
src    dst :    delay
1 <---> 2 : 2.455472946166992
1 <---> 3 : 3.432750701904297
2 <---> 3 : 4.106760025024414
2 <---> 1 : 3.2613277435302734
3 <---> 2 : 3.198385238647461
3 <---> 1 : 3.451108932495117
==================================== link detector ====================================

----------------------------
src    dst :    delay
1 <---> 2 : 2.9952526092529297
1 <---> 3 : 4.107236862182617
2 <---> 3 : 3.0281543731689453
2 <---> 1 : 3.7708282470703125
3 <---> 2 : 2.9706954956054688
3 <---> 1 : 3.0956268310546875
datapath         port     rx-pkts  rx-bytes rx-error tx-pkts  tx-bytes tx-error
---------------- -------- -------- -------- -------- -------- -------- --------
0000000000000001        1       10      868        0      882    68956        0
0000000000000001        2      907    57130        0      906    57070        0
0000000000000001        3      907    57130        0      906    57070        0
datapath         in-port  eth-dst           out-port packets  bytes
---------------- -------- ----------------- -------- -------- --------
0000000000000001        1       192.168.0.2        2        3      294
0000000000000001        1       192.168.0.3        3        3      294
0000000000000001        2       192.168.0.1        1        4      392
0000000000000001        3       192.168.0.1        1        4      392
datapath         port     rx-pkts  rx-bytes rx-error tx-pkts  tx-bytes tx-error
---------------- -------- -------- -------- -------- -------- -------- --------
0000000000000002        1       11      798        0      881    68820        0
0000000000000002        2      906    57070        0      907    57130        0
0000000000000002        3      905    56934        0      904    56874        0
datapath         in-port  eth-dst           out-port packets  bytes
---------------- -------- ----------------- -------- -------- --------
0000000000000002        1       192.168.0.1        2        4      392
0000000000000002        1       192.168.0.2        3        2      196
0000000000000002        2       192.168.0.3        1        4      392
0000000000000002        3       192.168.0.3        1        2      196
datapath         port     rx-pkts  rx-bytes rx-error tx-pkts  tx-bytes tx-error
---------------- -------- -------- -------- -------- -------- -------- --------
0000000000000003        1       11      798        0      878    68640        0
0000000000000003        2      906    57070        0      907    57130        0
0000000000000003        3      904    56874        0      905    56934        0
datapath         in-port  eth-dst           out-port packets  bytes
---------------- -------- ----------------- -------- -------- --------
0000000000000003        1       192.168.0.1        2        4      392
0000000000000003        1       192.168.0.3        3        1       98
0000000000000003        2       192.168.0.2        1        4      392
0000000000000003        3       192.168.0.2        1        2      196
discovery--->==================================== discovery ====================================
discovery---> cls: [(1, 2), (1, 3), (2, 3)]
discovery--->=============================================================================
==================================== link detector ====================================

----------------------------
src    dst :    delay
1 <---> 2 : 2.1886825561523438
1 <---> 3 : 4.114389419555664
2 <---> 3 : 4.050016403198242
2 <---> 1 : 3.2019615173339844
3 <---> 2 : 4.136562347412109
3 <---> 1 : 4.012346267700195
datapath         port     rx-pkts  rx-bytes rx-error tx-pkts  tx-bytes tx-error
---------------- -------- -------- -------- -------- -------- -------- --------
0000000000000001        1       10      868        0      888    69424        0
0000000000000001        2      913    57490        0      912    57430        0
0000000000000001        3      913    57490        0      912    57430        0
datapath         in-port  eth-dst           out-port packets  bytes
---------------- -------- ----------------- -------- -------- --------
0000000000000001        1       192.168.0.2        2        3      294
0000000000000001        1       192.168.0.3        3        3      294
0000000000000001        2       192.168.0.1        1        4      392
0000000000000001        3       192.168.0.1        1        4      392
datapath         port     rx-pkts  rx-bytes rx-error tx-pkts  tx-bytes tx-error
---------------- -------- -------- -------- -------- -------- -------- --------
0000000000000003        1       11      798        0      884    69108        0
0000000000000003        2      912    57430        0      913    57490        0
0000000000000003        3      909    57174        0      910    57234        0
datapath         in-port  eth-dst           out-port packets  bytes
---------------- -------- ----------------- -------- -------- --------
0000000000000003        1       192.168.0.1        2        4      392
0000000000000003        1       192.168.0.3        3        1       98
0000000000000003        2       192.168.0.2        1        4      392
0000000000000003        3       192.168.0.2        1        2      196
datapath         port     rx-pkts  rx-bytes rx-error tx-pkts  tx-bytes tx-error
---------------- -------- -------- -------- -------- -------- -------- --------
0000000000000002        1       11      798        0      886    69210        0
0000000000000002        2      912    57430        0      913    57490        0
0000000000000002        3      910    57234        0      909    57174        0
datapath         in-port  eth-dst           out-port packets  bytes
---------------- -------- ----------------- -------- -------- --------
0000000000000002        1       192.168.0.1        2        4      392
0000000000000002        1       192.168.0.2        3        2      196
0000000000000002        2       192.168.0.3        1        4      392
0000000000000002        3       192.168.0.3        1        2      196
discovery--->==================================== discovery ====================================
discovery---> cls: [(1, 2), (1, 3), (2, 3)]
discovery--->=============================================================================
==================================== link detector ====================================

----------------------------
src    dst :    delay
1 <---> 2 : 3.4151077270507812
1 <---> 3 : 4.012346267700195
2 <---> 3 : 3.2296180725097656
2 <---> 1 : 2.732515335083008
3 <---> 2 : 2.9108524322509766
3 <---> 1 : 4.000425338745117
==================================== link detector ====================================

----------------------------
src    dst :    delay
1 <---> 2 : 3.1523704528808594
1 <---> 3 : 2.240896224975586
2 <---> 3 : 2.767801284790039
2 <---> 1 : 3.234386444091797
3 <---> 2 : 3.6072731018066406
3 <---> 1 : 3.133535385131836
datapath         port     rx-pkts  rx-bytes rx-error tx-pkts  tx-bytes tx-error
---------------- -------- -------- -------- -------- -------- -------- --------
0000000000000001        1       10      868        0      893    69814        0
0000000000000001        2      918    57790        0      917    57730        0
0000000000000001        3      918    57790        0      917    57730        0
datapath         in-port  eth-dst           out-port packets  bytes
---------------- -------- ----------------- -------- -------- --------
0000000000000001        1       192.168.0.2        2        3      294
0000000000000001        1       192.168.0.3        3        3      294
0000000000000001        2       192.168.0.1        1        4      392
0000000000000001        3       192.168.0.1        1        4      392
datapath         port     rx-pkts  rx-bytes rx-error tx-pkts  tx-bytes tx-error
---------------- -------- -------- -------- -------- -------- -------- --------
0000000000000003        1       11      798        0      889    69498        0
0000000000000003        2      917    57730        0      918    57790        0
0000000000000003        3      915    57534        0      916    57594        0
datapath         in-port  eth-dst           out-port packets  bytes
---------------- -------- ----------------- -------- -------- --------
0000000000000003        1       192.168.0.1        2        4      392
0000000000000003        1       192.168.0.3        3        1       98
0000000000000003        2       192.168.0.2        1        4      392
0000000000000003        3       192.168.0.2        1        2      196
datapath         port     rx-pkts  rx-bytes rx-error tx-pkts  tx-bytes tx-error
---------------- -------- -------- -------- -------- -------- -------- --------
0000000000000002        1       11      798        0      892    69678        0
0000000000000002        2      917    57730        0      918    57790        0
0000000000000002        3      916    57594        0      915    57534        0
datapath         in-port  eth-dst           out-port packets  bytes
---------------- -------- ----------------- -------- -------- --------
0000000000000002        1       192.168.0.1        2        4      392
0000000000000002        1       192.168.0.2        3        2      196
0000000000000002        2       192.168.0.3        1        4      392
0000000000000002        3       192.168.0.3        1        2      196
discovery--->==================================== discovery ====================================
discovery---> cls: [(1, 2), (1, 3), (2, 3)]
discovery--->=============================================================================
==================================== link detector ====================================

----------------------------
src    dst :    delay
1 <---> 2 : 2.9807090759277344
1 <---> 3 : 2.6895999908447266
2 <---> 3 : 2.367734909057617
2 <---> 1 : 2.959012985229492
3 <---> 2 : 2.850055694580078
3 <---> 1 : 3.1991004943847656
==================================== link detector ====================================

----------------------------
src    dst :    delay
1 <---> 2 : 2.3293495178222656
1 <---> 3 : 3.786325454711914
2 <---> 3 : 4.130125045776367
2 <---> 1 : 3.777027130126953
3 <---> 2 : 4.484891891479492
3 <---> 1 : 4.061460494995117
datapath         port     rx-pkts  rx-bytes rx-error tx-pkts  tx-bytes tx-error
---------------- -------- -------- -------- -------- -------- -------- --------
0000000000000001        1       10      868        0      899    70282        0
0000000000000001        2      924    58150        0      923    58090        0
0000000000000001        3      924    58150        0      923    58090        0
datapath         in-port  eth-dst           out-port packets  bytes
---------------- -------- ----------------- -------- -------- --------
0000000000000001        1       192.168.0.2        2        3      294
0000000000000001        1       192.168.0.3        3        3      294
0000000000000001        2       192.168.0.1        1        4      392
0000000000000001        3       192.168.0.1        1        4      392
datapath         port     rx-pkts  rx-bytes rx-error tx-pkts  tx-bytes tx-error
---------------- -------- -------- -------- -------- -------- -------- --------
0000000000000002        1       11      798        0      897    70068        0
0000000000000002        2      923    58090        0      924    58150        0
0000000000000002        3      922    57954        0      921    57894        0
datapath         in-port  eth-dst           out-port packets  bytes
---------------- -------- ----------------- -------- -------- --------
0000000000000002        1       192.168.0.1        2        4      392
0000000000000002        1       192.168.0.2        3        2      196
0000000000000002        2       192.168.0.3        1        4      392
0000000000000002        3       192.168.0.3        1        2      196
datapath         port     rx-pkts  rx-bytes rx-error tx-pkts  tx-bytes tx-error
---------------- -------- -------- -------- -------- -------- -------- --------
0000000000000003        1       11      798        0      895    69966        0
0000000000000003        2      923    58090        0      924    58150        0
0000000000000003        3      921    57894        0      922    57954        0
datapath         in-port  eth-dst           out-port packets  bytes
---------------- -------- ----------------- -------- -------- --------
0000000000000003        1       192.168.0.1        2        4      392
0000000000000003        1       192.168.0.3        3        1       98
0000000000000003        2       192.168.0.2        1        4      392
0000000000000003        3       192.168.0.2        1        2      196
discovery--->==================================== discovery ====================================
discovery---> cls: [(1, 2), (1, 3), (2, 3)]
discovery--->=============================================================================
==================================== link detector ====================================

----------------------------
src    dst :    delay
1 <---> 2 : 3.1304359436035156
1 <---> 3 : 3.3059120178222656
2 <---> 3 : 3.107309341430664
2 <---> 1 : 3.094196319580078
3 <---> 2 : 2.362489700317383
3 <---> 1 : 3.0095577239990234
datapath         port     rx-pkts  rx-bytes rx-error tx-pkts  tx-bytes tx-error
---------------- -------- -------- -------- -------- -------- -------- --------
0000000000000001        1       10      868        0      905    70750        0
0000000000000001        2      929    58450        0      928    58390        0
0000000000000001        3      929    58450        0      928    58390        0
datapath         in-port  eth-dst           out-port packets  bytes
---------------- -------- ----------------- -------- -------- --------
0000000000000001        1       192.168.0.2        2        3      294
0000000000000001        1       192.168.0.3        3        3      294
0000000000000001        2       192.168.0.1        1        4      392
0000000000000001        3       192.168.0.1        1        4      392
datapath         port     rx-pkts  rx-bytes rx-error tx-pkts  tx-bytes tx-error
---------------- -------- -------- -------- -------- -------- -------- --------
0000000000000002        1       11      798        0      903    70536        0
0000000000000002        2      928    58390        0      929    58450        0
0000000000000002        3      927    58254        0      926    58194        0
datapath         in-port  eth-dst           out-port packets  bytes
---------------- -------- ----------------- -------- -------- --------
0000000000000002        1       192.168.0.1        2        4      392
0000000000000002        1       192.168.0.2        3        2      196
0000000000000002        2       192.168.0.3        1        4      392
0000000000000002        3       192.168.0.3        1        2      196
datapath         port     rx-pkts  rx-bytes rx-error tx-pkts  tx-bytes tx-error
---------------- -------- -------- -------- -------- -------- -------- --------
0000000000000003        1       11      798        0      900    70356        0
0000000000000003        2      928    58390        0      929    58450        0
0000000000000003        3      926    58194        0      927    58254        0
datapath         in-port  eth-dst           out-port packets  bytes
---------------- -------- ----------------- -------- -------- --------
0000000000000003        1       192.168.0.1        2        4      392
0000000000000003        1       192.168.0.3        3        1       98
0000000000000003        2       192.168.0.2        1        4      392
0000000000000003        3       192.168.0.2        1        2      196
discovery--->==================================== discovery ====================================
discovery---> cls: [(1, 2), (1, 3), (2, 3)]
discovery--->=============================================================================
==================================== link detector ====================================

----------------------------
src    dst :    delay
1 <---> 2 : 3.171682357788086
1 <---> 3 : 2.328157424926758
2 <---> 3 : 2.742767333984375
2 <---> 1 : 3.147125244140625
3 <---> 2 : 2.6590824127197266
3 <---> 1 : 2.9523372650146484
==================================== link detector ====================================

----------------------------
src    dst :    delay
1 <---> 2 : 3.0450820922851562
1 <---> 3 : 3.0117034912109375
2 <---> 3 : 3.197908401489258
2 <---> 1 : 2.9311180114746094
3 <---> 2 : 3.505229949951172
3 <---> 1 : 3.1533241271972656
datapath         port     rx-pkts  rx-bytes rx-error tx-pkts  tx-bytes tx-error
---------------- -------- -------- -------- -------- -------- -------- --------
0000000000000001        1       10      868        0      910    71140        0
0000000000000001        2      935    58810        0      934    58750        0
0000000000000001        3      935    58810        0      934    58750        0
datapath         in-port  eth-dst           out-port packets  bytes
---------------- -------- ----------------- -------- -------- --------
0000000000000001        1       192.168.0.2        2        3      294
0000000000000001        1       192.168.0.3        3        3      294
0000000000000001        2       192.168.0.1        1        4      392
0000000000000001        3       192.168.0.1        1        4      392
datapath         port     rx-pkts  rx-bytes rx-error tx-pkts  tx-bytes tx-error
---------------- -------- -------- -------- -------- -------- -------- --------
0000000000000003        1       11      798        0      906    70824        0
0000000000000003        2      934    58750        0      935    58810        0
0000000000000003        3      932    58554        0      933    58614        0
datapath         in-port  eth-dst           out-port packets  bytes
---------------- -------- ----------------- -------- -------- --------
0000000000000003        1       192.168.0.1        2        4      392
0000000000000003        1       192.168.0.3        3        1       98
0000000000000003        2       192.168.0.2        1        4      392
0000000000000003        3       192.168.0.2        1        2      196
datapath         port     rx-pkts  rx-bytes rx-error tx-pkts  tx-bytes tx-error
---------------- -------- -------- -------- -------- -------- -------- --------
0000000000000002        1       11      798        0      908    70926        0
0000000000000002        2      934    58750        0      935    58810        0
0000000000000002        3      933    58614        0      932    58554        0
datapath         in-port  eth-dst           out-port packets  bytes
---------------- -------- ----------------- -------- -------- --------
0000000000000002        1       192.168.0.1        2        4      392
0000000000000002        1       192.168.0.2        3        2      196
0000000000000002        2       192.168.0.3        1        4      392
0000000000000002        3       192.168.0.3        1        2      196
discovery--->==================================== discovery ====================================
discovery---> cls: [(1, 2), (1, 3), (2, 3)]
discovery--->=============================================================================
==================================== link detector ====================================

----------------------------
src    dst :    delay
1 <---> 2 : 3.4737586975097656
1 <---> 3 : 3.1774044036865234
2 <---> 3 : 3.4673213958740234
2 <---> 1 : 3.605365753173828
3 <---> 2 : 3.5622119903564453
3 <---> 1 : 3.0794143676757812
datapath         port     rx-pkts  rx-bytes rx-error tx-pkts  tx-bytes tx-error
---------------- -------- -------- -------- -------- -------- -------- --------
0000000000000001        1       10      868        0      916    71608        0
0000000000000001        2      941    59170        0      939    59050        0
0000000000000001        3      940    59110        0      939    59050        0
datapath         in-port  eth-dst           out-port packets  bytes
---------------- -------- ----------------- -------- -------- --------
0000000000000001        1       192.168.0.2        2        3      294
0000000000000001        1       192.168.0.3        3        3      294
0000000000000001        2       192.168.0.1        1        4      392
0000000000000001        3       192.168.0.1        1        4      392
datapath         port     rx-pkts  rx-bytes rx-error tx-pkts  tx-bytes tx-error
---------------- -------- -------- -------- -------- -------- -------- --------
0000000000000002        1       11      798        0      914    71394        0
0000000000000002        2      939    59050        0      940    59110        0
0000000000000002        3      938    58914        0      937    58854        0
datapath         in-port  eth-dst           out-port packets  bytes
---------------- -------- ----------------- -------- -------- --------
0000000000000002        1       192.168.0.1        2        4      392
0000000000000002        1       192.168.0.2        3        2      196
0000000000000002        2       192.168.0.3        1        4      392
0000000000000002        3       192.168.0.3        1        2      196
datapath         port     rx-pkts  rx-bytes rx-error tx-pkts  tx-bytes tx-error
---------------- -------- -------- -------- -------- -------- -------- --------
0000000000000003        1       11      798        0      911    71214        0
0000000000000003        2      939    59050        0      941    59170        0
0000000000000003        3      937    58854        0      938    58914        0
datapath         in-port  eth-dst           out-port packets  bytes
---------------- -------- ----------------- -------- -------- --------
0000000000000003        1       192.168.0.1        2        4      392
0000000000000003        1       192.168.0.3        3        1       98
0000000000000003        2       192.168.0.2        1        4      392
0000000000000003        3       192.168.0.2        1        2      196
discovery--->==================================== discovery ====================================
discovery---> cls: [(1, 2), (1, 3), (2, 3)]
discovery--->=============================================================================
==================================== link detector ====================================

----------------------------
src    dst :    delay
1 <---> 2 : 2.5098323822021484
1 <---> 3 : 2.135753631591797
2 <---> 3 : 3.1960010528564453
2 <---> 1 : 2.1829605102539062
3 <---> 2 : 2.7627944946289062
3 <---> 1 : 2.3665428161621094
==================================== link detector ====================================

----------------------------
src    dst :    delay
1 <---> 2 : 3.915548324584961
1 <---> 3 : 2.6361942291259766
2 <---> 3 : 3.839731216430664
2 <---> 1 : 3.262042999267578
3 <---> 2 : 3.9069652557373047
3 <---> 1 : 2.933979034423828
datapath         port     rx-pkts  rx-bytes rx-error tx-pkts  tx-bytes tx-error
---------------- -------- -------- -------- -------- -------- -------- --------
0000000000000001        1       10      868        0      921    71998        0
0000000000000001        2      946    59470        0      945    59410        0
0000000000000001        3      946    59470        0      945    59410        0
datapath         in-port  eth-dst           out-port packets  bytes
---------------- -------- ----------------- -------- -------- --------
0000000000000001        1       192.168.0.2        2        3      294
0000000000000001        1       192.168.0.3        3        3      294
0000000000000001        2       192.168.0.1        1        4      392
0000000000000001        3       192.168.0.1        1        4      392
datapath         port     rx-pkts  rx-bytes rx-error tx-pkts  tx-bytes tx-error
---------------- -------- -------- -------- -------- -------- -------- --------
0000000000000003        1       11      798        0      917    71682        0
0000000000000003        2      945    59410        0      946    59470        0
0000000000000003        3      943    59214        0      944    59274        0
datapath         in-port  eth-dst           out-port packets  bytes
---------------- -------- ----------------- -------- -------- --------
0000000000000003        1       192.168.0.1        2        4      392
0000000000000003        1       192.168.0.3        3        1       98
0000000000000003        2       192.168.0.2        1        4      392
0000000000000003        3       192.168.0.2        1        2      196
datapath         port     rx-pkts  rx-bytes rx-error tx-pkts  tx-bytes tx-error
---------------- -------- -------- -------- -------- -------- -------- --------
0000000000000002        1       11      798        0      919    71784        0
0000000000000002        2      945    59410        0      946    59470        0
0000000000000002        3      944    59274        0      943    59214        0
datapath         in-port  eth-dst           out-port packets  bytes
---------------- -------- ----------------- -------- -------- --------
0000000000000002        1       192.168.0.1        2        4      392
0000000000000002        1       192.168.0.2        3        2      196
0000000000000002        2       192.168.0.3        1        4      392
0000000000000002        3       192.168.0.3        1        2      196
discovery--->==================================== discovery ====================================
discovery---> cls: [(1, 2), (1, 3), (2, 3)]
discovery--->=============================================================================
==================================== link detector ====================================

----------------------------
src    dst :    delay
1 <---> 2 : 2.1042823791503906
1 <---> 3 : 2.376079559326172
2 <---> 3 : 2.2270679473876953
2 <---> 1 : 3.0393600463867188
3 <---> 2 : 3.458738327026367
3 <---> 1 : 4.171609878540039
==================================== link detector ====================================

----------------------------
src    dst :    delay
1 <---> 2 : 2.896547317504883
1 <---> 3 : 3.7512779235839844
2 <---> 3 : 3.1654834747314453
2 <---> 1 : 2.9287338256835938
3 <---> 2 : 3.0651092529296875
3 <---> 1 : 2.4805068969726562
datapath         port     rx-pkts  rx-bytes rx-error tx-pkts  tx-bytes tx-error
---------------- -------- -------- -------- -------- -------- -------- --------
0000000000000001        1       10      868        0      927    72466        0
0000000000000001        2      952    59830        0      951    59770        0
0000000000000001        3      951    59770        0      950    59710        0
datapath         in-port  eth-dst           out-port packets  bytes
---------------- -------- ----------------- -------- -------- --------
0000000000000001        1       192.168.0.2        2        3      294
0000000000000001        1       192.168.0.3        3        3      294
0000000000000001        2       192.168.0.1        1        4      392
0000000000000001        3       192.168.0.1        1        4      392
datapath         port     rx-pkts  rx-bytes rx-error tx-pkts  tx-bytes tx-error
---------------- -------- -------- -------- -------- -------- -------- --------
0000000000000003        1       11      798        0      923    72150        0
0000000000000003        2      951    59770        0      952    59830        0
0000000000000003        3      948    59514        0      949    59574        0
datapath         in-port  eth-dst           out-port packets  bytes
---------------- -------- ----------------- -------- -------- --------
0000000000000003        1       192.168.0.1        2        4      392
0000000000000003        1       192.168.0.3        3        1       98
0000000000000003        2       192.168.0.2        1        4      392
0000000000000003        3       192.168.0.2        1        2      196
datapath         port     rx-pkts  rx-bytes rx-error tx-pkts  tx-bytes tx-error
---------------- -------- -------- -------- -------- -------- -------- --------
0000000000000002        1       11      798        0      925    72252        0
0000000000000002        2      950    59710        0      951    59770        0
0000000000000002        3      949    59574        0      948    59514        0
datapath         in-port  eth-dst           out-port packets  bytes
---------------- -------- ----------------- -------- -------- --------
0000000000000002        1       192.168.0.1        2        4      392
0000000000000002        1       192.168.0.2        3        2      196
0000000000000002        2       192.168.0.3        1        4      392
0000000000000002        3       192.168.0.3        1        2      196
discovery--->==================================== discovery ====================================
discovery---> cls: [(1, 2), (1, 3), (2, 3)]
discovery--->=============================================================================
==================================== link detector ====================================

----------------------------
src    dst :    delay
1 <---> 2 : 3.986358642578125
1 <---> 3 : 3.3516883850097656
2 <---> 3 : 3.190755844116211
2 <---> 1 : 3.4029483795166016
3 <---> 2 : 3.5381317138671875
3 <---> 1 : 2.5687217712402344
datapath         port     rx-pkts  rx-bytes rx-error tx-pkts  tx-bytes tx-error
---------------- -------- -------- -------- -------- -------- -------- --------
0000000000000001        1       10      868        0      932    72856        0
0000000000000001        2      957    60130        0      956    60070        0
0000000000000001        3      957    60130        0      956    60070        0
datapath         in-port  eth-dst           out-port packets  bytes
---------------- -------- ----------------- -------- -------- --------
0000000000000001        1       192.168.0.2        2        3      294
0000000000000001        1       192.168.0.3        3        3      294
0000000000000001        2       192.168.0.1        1        4      392
0000000000000001        3       192.168.0.1        1        4      392
datapath         port     rx-pkts  rx-bytes rx-error tx-pkts  tx-bytes tx-error
---------------- -------- -------- -------- -------- -------- -------- --------
0000000000000003        1       11      798        0      928    72540        0
0000000000000003        2      956    60070        0      957    60130        0
0000000000000003        3      954    59874        0      955    59934        0
datapath         in-port  eth-dst           out-port packets  bytes
---------------- -------- ----------------- -------- -------- --------
0000000000000003        1       192.168.0.1        2        4      392
0000000000000003        1       192.168.0.3        3        1       98
0000000000000003        2       192.168.0.2        1        4      392
0000000000000003        3       192.168.0.2        1        2      196
datapath         port     rx-pkts  rx-bytes rx-error tx-pkts  tx-bytes tx-error
---------------- -------- -------- -------- -------- -------- -------- --------
0000000000000002        1       11      798        0      931    72720        0
0000000000000002        2      956    60070        0      957    60130        0
0000000000000002        3      955    59934        0      954    59874        0
datapath         in-port  eth-dst           out-port packets  bytes
---------------- -------- ----------------- -------- -------- --------
0000000000000002        1       192.168.0.1        2        4      392
0000000000000002        1       192.168.0.2        3        2      196
0000000000000002        2       192.168.0.3        1        4      392
0000000000000002        3       192.168.0.3        1        2      196
discovery--->==================================== discovery ====================================
discovery---> cls: [(1, 2), (1, 3), (2, 3)]
discovery--->=============================================================================
==================================== link detector ====================================

----------------------------
src    dst :    delay
1 <---> 2 : 3.1061172485351562
1 <---> 3 : 3.7453174591064453
2 <---> 3 : 2.6874542236328125
2 <---> 1 : 4.20379638671875
3 <---> 2 : 3.108501434326172
3 <---> 1 : 3.3082962036132812
==================================== link detector ====================================

----------------------------
src    dst :    delay
1 <---> 2 : 3.0350685119628906
1 <---> 3 : 2.9785633087158203
2 <---> 3 : 2.974987030029297
2 <---> 1 : 3.41033935546875
3 <---> 2 : 2.2859573364257812
3 <---> 1 : 4.018545150756836
datapath         port     rx-pkts  rx-bytes rx-error tx-pkts  tx-bytes tx-error
---------------- -------- -------- -------- -------- -------- -------- --------
0000000000000001        1       10      868        0      938    73324        0
0000000000000001        2      963    60490        0      962    60430        0
0000000000000001        3      963    60490        0      962    60430        0
datapath         in-port  eth-dst           out-port packets  bytes
---------------- -------- ----------------- -------- -------- --------
0000000000000001        1       192.168.0.2        2        3      294
0000000000000001        1       192.168.0.3        3        3      294
0000000000000001        2       192.168.0.1        1        4      392
0000000000000001        3       192.168.0.1        1        4      392
datapath         port     rx-pkts  rx-bytes rx-error tx-pkts  tx-bytes tx-error
---------------- -------- -------- -------- -------- -------- -------- --------
0000000000000003        1       11      798        0      934    73008        0
0000000000000003        2      962    60430        0      963    60490        0
0000000000000003        3      959    60174        0      960    60234        0
datapath         in-port  eth-dst           out-port packets  bytes
---------------- -------- ----------------- -------- -------- --------
0000000000000003        1       192.168.0.1        2        4      392
0000000000000003        1       192.168.0.3        3        1       98
0000000000000003        2       192.168.0.2        1        4      392
0000000000000003        3       192.168.0.2        1        2      196
datapath         port     rx-pkts  rx-bytes rx-error tx-pkts  tx-bytes tx-error
---------------- -------- -------- -------- -------- -------- -------- --------
0000000000000002        1       11      798        0      936    73110        0
0000000000000002        2      962    60430        0      963    60490        0
0000000000000002        3      960    60234        0      959    60174        0
datapath         in-port  eth-dst           out-port packets  bytes
---------------- -------- ----------------- -------- -------- --------
0000000000000002        1       192.168.0.1        2        4      392
0000000000000002        1       192.168.0.2        3        2      196
0000000000000002        2       192.168.0.3        1        4      392
0000000000000002        3       192.168.0.3        1        2      196
discovery--->==================================== discovery ====================================
discovery---> cls: [(1, 2), (1, 3), (2, 3)]
discovery--->=============================================================================
---> OFPPortStatus received: reason=MODIFY desc=OFPPort(port_no=2,hw_addr='4e:5f:8b:b6:f1:4b',name=b'ap1-eth2',config=0,state=0,curr=2112,advertised=0,supported=0,peer=0,curr_speed=10000000,max_speed=0)
---> OFPPortStatus received: reason=DELETE desc=OFPPort(port_no=2,hw_addr='4e:5f:8b:b6:f1:4b',name=b'ap1-eth2',config=0,state=0,curr=2112,advertised=0,supported=0,peer=0,curr_speed=10000000,max_speed=0)
---> OFPPortStatus received: reason=MODIFY desc=OFPPort(port_no=2,hw_addr='0e:8f:95:fb:3a:b9',name=b'ap2-eth2',config=0,state=0,curr=2112,advertised=0,supported=0,peer=0,curr_speed=10000000,max_speed=0)
---> OFPPortStatus received: reason=MODIFY desc=OFPPort(port_no=2,hw_addr='00:00:00:00:00:00',name=b'ap2-eth2',config=1,state=1,curr=0,advertised=0,supported=0,peer=0,curr_speed=0,max_speed=0)
---> OFPPortStatus received: reason=DELETE desc=OFPPort(port_no=2,hw_addr='00:00:00:00:00:00',name=b'ap2-eth2',config=1,state=1,curr=0,advertised=0,supported=0,peer=0,curr_speed=0,max_speed=0)
---> OFPPortStatus received: reason=MODIFY desc=OFPPort(port_no=1,hw_addr='10:00:00:00:00:00',name=b'ap1-wlan1',config=0,state=4,curr=0,advertised=0,supported=0,peer=0,curr_speed=0,max_speed=0)
---> OFPPortStatus received: reason=MODIFY desc=OFPPort(port_no=1,hw_addr='20:00:00:00:00:00',name=b'ap2-wlan1',config=0,state=4,curr=0,advertised=0,supported=0,peer=0,curr_speed=0,max_speed=0)
---> OFPPortStatus received: reason=DELETE desc=OFPPort(port_no=3,hw_addr='02:23:cf:95:c7:a2',name=b'ap1-eth3',config=0,state=4,curr=2112,advertised=0,supported=0,peer=0,curr_speed=10000000,max_speed=0)
---> OFPPortStatus received: reason=DELETE desc=OFPPort(port_no=2,hw_addr='e2:b7:dc:6f:e5:3e',name=b'ap3-eth2',config=0,state=4,curr=2112,advertised=0,supported=0,peer=0,curr_speed=10000000,max_speed=0)
---> OFPPortStatus received: reason=DELETE desc=OFPPort(port_no=3,hw_addr='d2:38:8c:b5:af:e7',name=b'ap2-eth3',config=0,state=4,curr=2112,advertised=0,supported=0,peer=0,curr_speed=10000000,max_speed=0)
---> OFPPortStatus received: reason=DELETE desc=OFPPort(port_no=3,hw_addr='92:23:85:00:aa:8d',name=b'ap3-eth3',config=0,state=4,curr=2112,advertised=0,supported=0,peer=0,curr_speed=10000000,max_speed=0)
==================================== link detector ====================================

----------------------------
src    dst :    delay
1 <---> 2 : 3.553152084350586
1 <---> 3 : 4.348993301391602
2 <---> 3 : 2.9730796813964844
2 <---> 1 : 4.900217056274414
3 <---> 2 : 3.2553672790527344
3 <---> 1 : 4.103899002075195
discovery--->==================================== discovery ====================================
discovery---> cls: []
discovery--->=============================================================================
==================================== link detector ====================================

----------------------------
src    dst :    delay
1 <---> 2 : 3.553152084350586
1 <---> 3 : 4.348993301391602
2 <---> 3 : 2.9730796813964844
2 <---> 1 : 4.900217056274414
3 <---> 2 : 3.2553672790527344
3 <---> 1 : 4.103899002075195
==================================== link detector ====================================

----------------------------
src    dst :    delay
1 <---> 2 : 3.553152084350586
1 <---> 3 : 4.348993301391602
2 <---> 3 : 2.9730796813964844
2 <---> 1 : 4.900217056274414
3 <---> 2 : 3.2553672790527344
3 <---> 1 : 4.103899002075195
discovery--->==================================== discovery ====================================
discovery---> cls: []
discovery--->=============================================================================
==================================== link detector ====================================

----------------------------
src    dst :    delay
1 <---> 2 : 3.553152084350586
1 <---> 3 : 4.348993301391602
2 <---> 3 : 2.9730796813964844
2 <---> 1 : 4.900217056274414
3 <---> 2 : 3.2553672790527344
3 <---> 1 : 4.103899002075195
discovery--->==================================== discovery ====================================
discovery---> cls: []
discovery--->=============================================================================
==================================== link detector ====================================

----------------------------
src    dst :    delay
1 <---> 2 : 3.553152084350586
1 <---> 3 : 4.348993301391602
2 <---> 3 : 2.9730796813964844
2 <---> 1 : 4.900217056274414
3 <---> 2 : 3.2553672790527344
3 <---> 1 : 4.103899002075195
