loading app network_structure.py
Matplotlib created a temporary config/cache directory at /tmp/matplotlib-a40h8w9x because the default path (/home/terry/.config/matplotlib) is not a writable directory; it is highly recommended to set the MPLCONFIGDIR environment variable to a writable directory, in particular to speed up the import of Matplotlib and to better support multiprocessing.
Generating new fontManager, this may take some time...
Failed to extract font properties from /usr/share/fonts/truetype/noto/NotoColorEmoji.ttf: In FT2Font: Can not load face.  Unknown file format.
loading app network_monitor.py
loading app network_delay.py
loading app network_shortest_path.py
loading app arp_handler.py
loading app ryu.controller.ofp_handler
instantiating app None of Switches
creating context switches
instantiating app network_structure.py of NetworkStructure
instantiating app network_monitor.py of NetworkMonitor
instantiating app network_delay.py of NetworkDelay
instantiating app network_shortest_path.py of NetworkShortestPath
instantiating app arp_handler.py of ArpHandler
instantiating app ryu.controller.ofp_handler of OFPHandler
discovery---> AccessPoint: 1 connected
discovery---> AccessPoint: 2 connected
discovery---> AccessPoint: 3 connected
monitor---->register datapath: 1000000000000003
monitor---->register datapath: 1000000000000001
monitor---->register datapath: 1000000000000002
==================================== link detector ====================================

----------------------------
src    dst :    delay
1 <---> 2 : 2.7353763580322266
1 <---> 3 : 3.7300586700439453
2 <---> 3 : 3.821134567260742
2 <---> 1 : 4.628419876098633
3 <---> 2 : 2.7153491973876953
3 <---> 1 : 3.5457611083984375
discovery--->==================================== discovery ====================================
discovery---> cls: [(1, 2), (1, 3), (2, 3)]
discovery--->=============================================================================
datapath         port     rx-pkts  rx-bytes rx-error tx-pkts  tx-bytes tx-error
---------------- -------- -------- -------- -------- -------- -------- --------
0000000000000002        1        0        0        0        5      390        0
0000000000000002        2       25     3230        0       25     3230        0
0000000000000002        3       25     3230        0       24     3170        0
datapath         in-port  eth-dst           out-port packets  bytes
---------------- -------- ----------------- -------- -------- --------
datapath         port     rx-pkts  rx-bytes rx-error tx-pkts  tx-bytes tx-error
---------------- -------- -------- -------- -------- -------- -------- --------
0000000000000003        1        0        0        0        5      390        0
0000000000000003        2       25     3230        0       25     3230        0
0000000000000003        3       24     3170        0       25     3230        0
datapath         in-port  eth-dst           out-port packets  bytes
---------------- -------- ----------------- -------- -------- --------
datapath         port     rx-pkts  rx-bytes rx-error tx-pkts  tx-bytes tx-error
---------------- -------- -------- -------- -------- -------- -------- --------
0000000000000001        1        0        0        0        6      468        0
0000000000000001        2       25     3230        0       25     3230        0
0000000000000001        3       25     3230        0       25     3230        0
datapath         in-port  eth-dst           out-port packets  bytes
---------------- -------- ----------------- -------- -------- --------
==================================== link detector ====================================

----------------------------
src    dst :    delay
1 <---> 2 : 2.1665096282958984
1 <---> 3 : 2.167940139770508
2 <---> 3 : 2.489805221557617
2 <---> 1 : 2.8345584869384766
3 <---> 2 : 2.164125442504883
3 <---> 1 : 2.277374267578125
==================================== link detector ====================================

----------------------------
src    dst :    delay
1 <---> 2 : 2.5491714477539062
1 <---> 3 : 2.391338348388672
2 <---> 3 : 2.703428268432617
2 <---> 1 : 4.055500030517578
3 <---> 2 : 2.6521682739257812
3 <---> 1 : 2.6252269744873047
discovery--->==================================== discovery ====================================
discovery---> cls: [(1, 2), (1, 3), (2, 3)]
discovery--->=============================================================================
datapath         port     rx-pkts  rx-bytes rx-error tx-pkts  tx-bytes tx-error
---------------- -------- -------- -------- -------- -------- -------- --------
0000000000000002        1        0        0        0       11      858        0
0000000000000002        2       31     3600        0       31     3590        0
0000000000000002        3       32     3660        0       31     3600        0
datapath         in-port  eth-dst           out-port packets  bytes
---------------- -------- ----------------- -------- -------- --------
datapath         port     rx-pkts  rx-bytes rx-error tx-pkts  tx-bytes tx-error
---------------- -------- -------- -------- -------- -------- -------- --------
0000000000000003        1        0        0        0       11      858        0
0000000000000003        2       31     3600        0       32     3660        0
0000000000000003        3       31     3600        0       32     3660        0
datapath         in-port  eth-dst           out-port packets  bytes
---------------- -------- ----------------- -------- -------- --------
datapath         port     rx-pkts  rx-bytes rx-error tx-pkts  tx-bytes tx-error
---------------- -------- -------- -------- -------- -------- -------- --------
0000000000000001        1        0        0        0       11      858        0
0000000000000001        2       32     3660        0       31     3600        0
0000000000000001        3       31     3590        0       31     3600        0
datapath         in-port  eth-dst           out-port packets  bytes
---------------- -------- ----------------- -------- -------- --------
==================================== link detector ====================================

----------------------------
src    dst :    delay
1 <---> 2 : 3.8003921508789062
1 <---> 3 : 3.6754608154296875
2 <---> 3 : 3.5054683685302734
2 <---> 1 : 3.8111209869384766
3 <---> 2 : 4.130363464355469
3 <---> 1 : 2.876758575439453
discovery--->==================================== discovery ====================================
discovery---> cls: [(1, 2), (1, 3), (2, 3)]
discovery--->=============================================================================
datapath         port     rx-pkts  rx-bytes rx-error tx-pkts  tx-bytes tx-error
---------------- -------- -------- -------- -------- -------- -------- --------
0000000000000002        1        0        0        0       17     1326        0
0000000000000002        2       38     4163        0       38     4163        0
0000000000000002        3       38     4163        0       38     4163        0
datapath         in-port  eth-dst           out-port packets  bytes
---------------- -------- ----------------- -------- -------- --------
datapath         port     rx-pkts  rx-bytes rx-error tx-pkts  tx-bytes tx-error
---------------- -------- -------- -------- -------- -------- -------- --------
0000000000000001        1        0        0        0       17     1326        0
0000000000000001        2       38     4163        0       38     4163        0
0000000000000001        3       38     4163        0       38     4163        0
datapath         in-port  eth-dst           out-port packets  bytes
---------------- -------- ----------------- -------- -------- --------
datapath         port     rx-pkts  rx-bytes rx-error tx-pkts  tx-bytes tx-error
---------------- -------- -------- -------- -------- -------- -------- --------
0000000000000003        1        0        0        0       16     1248        0
0000000000000003        2       38     4163        0       38     4163        0
0000000000000003        3       38     4163        0       38     4163        0
datapath         in-port  eth-dst           out-port packets  bytes
---------------- -------- ----------------- -------- -------- --------
==================================== link detector ====================================

----------------------------
src    dst :    delay
1 <---> 2 : 4.105091094970703
1 <---> 3 : 4.171609878540039
2 <---> 3 : 4.163026809692383
2 <---> 1 : 3.0660629272460938
3 <---> 2 : 3.8557052612304688
3 <---> 1 : 3.0639171600341797
shortest=====>[PATH] [192.168.0.1 <----> 192.168.0.2]: [1, 3]
shortest=====>[PATH] [192.168.0.1 <----> 192.168.0.3]: [1, 2]
shortest=====>[PATH] [192.168.0.2 <----> 192.168.0.3]: [3, 2]
==================================== link detector ====================================

----------------------------
src    dst :    delay
1 <---> 2 : 3.1418800354003906
1 <---> 3 : 3.1883716583251953
2 <---> 3 : 4.090785980224609
2 <---> 1 : 3.412961959838867
3 <---> 2 : 3.4193992614746094
3 <---> 1 : 3.4797191619873047
discovery--->==================================== discovery ====================================
discovery---> cls: [(1, 2), (1, 3), (2, 3)]
discovery--->=============================================================================
datapath         port     rx-pkts  rx-bytes rx-error tx-pkts  tx-bytes tx-error
---------------- -------- -------- -------- -------- -------- -------- --------
0000000000000002        1        8      560        0       33     2618        0
0000000000000002        2       50     4869        0       51     4929        0
0000000000000002        3       51     4929        0       50     4869        0
datapath         in-port  eth-dst           out-port packets  bytes
---------------- -------- ----------------- -------- -------- --------
0000000000000002        1       192.168.0.1        2        2      196
0000000000000002        1       192.168.0.2        3        2      196
0000000000000002        2       192.168.0.3        1        2      196
0000000000000002        3       192.168.0.3        1        2      196
datapath         port     rx-pkts  rx-bytes rx-error tx-pkts  tx-bytes tx-error
---------------- -------- -------- -------- -------- -------- -------- --------
0000000000000003        1        8      560        0       31     2498        0
0000000000000003        2       50     4869        0       51     4929        0
0000000000000003        3       50     4869        0       51     4929        0
datapath         in-port  eth-dst           out-port packets  bytes
---------------- -------- ----------------- -------- -------- --------
0000000000000003        1       192.168.0.1        2        2      196
0000000000000003        1       192.168.0.3        3        1       98
0000000000000003        2       192.168.0.2        1        2      196
0000000000000003        3       192.168.0.2        1        2      196
datapath         port     rx-pkts  rx-bytes rx-error tx-pkts  tx-bytes tx-error
---------------- -------- -------- -------- -------- -------- -------- --------
0000000000000001        1        6      476        0       34     2660        0
0000000000000001        2       51     4929        0       50     4869        0
0000000000000001        3       51     4929        0       50     4869        0
datapath         in-port  eth-dst           out-port packets  bytes
---------------- -------- ----------------- -------- -------- --------
0000000000000001        1       192.168.0.2        2        1       98
0000000000000001        1       192.168.0.3        3        1       98
0000000000000001        2       192.168.0.1        1        2      196
0000000000000001        3       192.168.0.1        1        2      196
==================================== link detector ====================================

----------------------------
src    dst :    delay
1 <---> 2 : 3.8449764251708984
1 <---> 3 : 3.7636756896972656
2 <---> 3 : 3.2749176025390625
2 <---> 1 : 2.9785633087158203
3 <---> 2 : 4.176616668701172
3 <---> 1 : 3.854036331176758
discovery--->==================================== discovery ====================================
discovery---> cls: [(1, 2), (1, 3), (2, 3)]
discovery--->=============================================================================
datapath         port     rx-pkts  rx-bytes rx-error tx-pkts  tx-bytes tx-error
---------------- -------- -------- -------- -------- -------- -------- --------
0000000000000002        1        9      602        0       40     3164        0
0000000000000002        2       56     5229        0       56     5229        0
0000000000000002        3       56     5229        0       56     5229        0
datapath         in-port  eth-dst           out-port packets  bytes
---------------- -------- ----------------- -------- -------- --------
0000000000000002        1       192.168.0.1        2        2      196
0000000000000002        1       192.168.0.2        3        2      196
0000000000000002        2       192.168.0.3        1        2      196
0000000000000002        3       192.168.0.3        1        2      196
datapath         port     rx-pkts  rx-bytes rx-error tx-pkts  tx-bytes tx-error
---------------- -------- -------- -------- -------- -------- -------- --------
0000000000000001        1        6      476        0       40     3128        0
0000000000000001        2       58     5359        0       56     5229        0
0000000000000001        3       56     5229        0       56     5229        0
datapath         in-port  eth-dst           out-port packets  bytes
---------------- -------- ----------------- -------- -------- --------
0000000000000001        1       192.168.0.2        2        1       98
0000000000000001        1       192.168.0.3        3        1       98
0000000000000001        2       192.168.0.1        1        2      196
0000000000000001        3       192.168.0.1        1        2      196
datapath         port     rx-pkts  rx-bytes rx-error tx-pkts  tx-bytes tx-error
---------------- -------- -------- -------- -------- -------- -------- --------
0000000000000003        1        9      602        0       38     3044        0
0000000000000003        2       56     5229        0       58     5359        0
0000000000000003        3       56     5229        0       56     5229        0
datapath         in-port  eth-dst           out-port packets  bytes
---------------- -------- ----------------- -------- -------- --------
0000000000000003        1       192.168.0.1        2        2      196
0000000000000003        1       192.168.0.3        3        1       98
0000000000000003        2       192.168.0.2        1        2      196
0000000000000003        3       192.168.0.2        1        2      196
==================================== link detector ====================================

----------------------------
src    dst :    delay
1 <---> 2 : 3.270864486694336
1 <---> 3 : 2.6302337646484375
2 <---> 3 : 3.7555694580078125
2 <---> 1 : 3.062725067138672
3 <---> 2 : 2.8371810913085938
3 <---> 1 : 3.3767223358154297
==================================== link detector ====================================

----------------------------
src    dst :    delay
1 <---> 2 : 3.215312957763672
1 <---> 3 : 4.164934158325195
2 <---> 3 : 3.503561019897461
2 <---> 1 : 2.700328826904297
3 <---> 2 : 4.0836334228515625
3 <---> 1 : 3.985881805419922
discovery--->==================================== discovery ====================================
discovery---> cls: [(1, 2), (1, 3), (2, 3)]
discovery--->=============================================================================
datapath         port     rx-pkts  rx-bytes rx-error tx-pkts  tx-bytes tx-error
---------------- -------- -------- -------- -------- -------- -------- --------
0000000000000002        1       11      798        0       47     3786        0
0000000000000002        2       65     5998        0       66     6058        0
0000000000000002        3       64     5862        0       63     5802        0
datapath         in-port  eth-dst           out-port packets  bytes
---------------- -------- ----------------- -------- -------- --------
0000000000000002        1       192.168.0.1        2        4      392
0000000000000002        1       192.168.0.2        3        2      196
0000000000000002        2       192.168.0.3        1        4      392
0000000000000002        3       192.168.0.3        1        2      196
datapath         port     rx-pkts  rx-bytes rx-error tx-pkts  tx-bytes tx-error
---------------- -------- -------- -------- -------- -------- -------- --------
0000000000000001        1       10      868        0       49     3982        0
0000000000000001        2       66     6058        0       65     5998        0
0000000000000001        3       66     6058        0       65     5998        0
datapath         in-port  eth-dst           out-port packets  bytes
---------------- -------- ----------------- -------- -------- --------
0000000000000001        1       192.168.0.2        2        3      294
0000000000000001        1       192.168.0.3        3        3      294
0000000000000001        2       192.168.0.1        1        4      392
0000000000000001        3       192.168.0.1        1        4      392
datapath         port     rx-pkts  rx-bytes rx-error tx-pkts  tx-bytes tx-error
---------------- -------- -------- -------- -------- -------- -------- --------
0000000000000003        1       11      798        0       45     3666        0
0000000000000003        2       65     5998        0       66     6058        0
0000000000000003        3       63     5802        0       64     5862        0
datapath         in-port  eth-dst           out-port packets  bytes
---------------- -------- ----------------- -------- -------- --------
0000000000000003        1       192.168.0.1        2        4      392
0000000000000003        1       192.168.0.3        3        1       98
0000000000000003        2       192.168.0.2        1        4      392
0000000000000003        3       192.168.0.2        1        2      196
==================================== link detector ====================================

----------------------------
src    dst :    delay
1 <---> 2 : 4.23121452331543
1 <---> 3 : 4.10771369934082
2 <---> 3 : 4.192829132080078
2 <---> 1 : 2.3932456970214844
3 <---> 2 : 4.086971282958984
3 <---> 1 : 4.031181335449219
==================================== link detector ====================================

----------------------------
src    dst :    delay
1 <---> 2 : 2.7425289154052734
1 <---> 3 : 4.072666168212891
2 <---> 3 : 3.830432891845703
2 <---> 1 : 2.665996551513672
3 <---> 2 : 4.2209625244140625
3 <---> 1 : 4.12750244140625
datapath         port     rx-pkts  rx-bytes rx-error tx-pkts  tx-bytes tx-error
---------------- -------- -------- -------- -------- -------- -------- --------
0000000000000002        1       11      798        0       53     4254        0
0000000000000002        2       71     6358        0       72     6418        0
0000000000000002        3       70     6222        0       69     6162        0
datapath         in-port  eth-dst           out-port packets  bytes
---------------- -------- ----------------- -------- -------- --------
0000000000000002        1       192.168.0.1        2        4      392
0000000000000002        1       192.168.0.2        3        2      196
0000000000000002        2       192.168.0.3        1        4      392
0000000000000002        3       192.168.0.3        1        2      196
datapath         port     rx-pkts  rx-bytes rx-error tx-pkts  tx-bytes tx-error
---------------- -------- -------- -------- -------- -------- -------- --------
0000000000000003        1       11      798        0       51     4134        0
0000000000000003        2       71     6358        0       72     6418        0
0000000000000003        3       69     6162        0       70     6222        0
datapath         in-port  eth-dst           out-port packets  bytes
---------------- -------- ----------------- -------- -------- --------
0000000000000003        1       192.168.0.1        2        4      392
0000000000000003        1       192.168.0.3        3        1       98
0000000000000003        2       192.168.0.2        1        4      392
0000000000000003        3       192.168.0.2        1        2      196
datapath         port     rx-pkts  rx-bytes rx-error tx-pkts  tx-bytes tx-error
---------------- -------- -------- -------- -------- -------- -------- --------
0000000000000001        1       10      868        0       55     4450        0
0000000000000001        2       72     6418        0       71     6358        0
0000000000000001        3       72     6418        0       71     6358        0
datapath         in-port  eth-dst           out-port packets  bytes
---------------- -------- ----------------- -------- -------- --------
0000000000000001        1       192.168.0.2        2        3      294
0000000000000001        1       192.168.0.3        3        3      294
0000000000000001        2       192.168.0.1        1        4      392
0000000000000001        3       192.168.0.1        1        4      392
discovery--->==================================== discovery ====================================
discovery---> cls: [(1, 2), (1, 3), (2, 3)]
discovery--->=============================================================================
==================================== link detector ====================================

----------------------------
src    dst :    delay
1 <---> 2 : 4.207134246826172
1 <---> 3 : 2.7832984924316406
2 <---> 3 : 3.9527416229248047
2 <---> 1 : 4.0645599365234375
3 <---> 2 : 2.672910690307617
3 <---> 1 : 4.012107849121094
datapath         port     rx-pkts  rx-bytes rx-error tx-pkts  tx-bytes tx-error
---------------- -------- -------- -------- -------- -------- -------- --------
0000000000000002        1       11      798        0       58     4644        0
0000000000000002        2       77     6718        0       77     6718        0
0000000000000002        3       75     6522        0       74     6462        0
datapath         in-port  eth-dst           out-port packets  bytes
---------------- -------- ----------------- -------- -------- --------
0000000000000002        1       192.168.0.1        2        4      392
0000000000000002        1       192.168.0.2        3        2      196
0000000000000002        2       192.168.0.3        1        4      392
0000000000000002        3       192.168.0.3        1        2      196
datapath         port     rx-pkts  rx-bytes rx-error tx-pkts  tx-bytes tx-error
---------------- -------- -------- -------- -------- -------- -------- --------
0000000000000001        1       10      868        0       60     4840        0
0000000000000001        2       77     6718        0       76     6658        0
0000000000000001        3       77     6718        0       77     6718        0
datapath         in-port  eth-dst           out-port packets  bytes
---------------- -------- ----------------- -------- -------- --------
0000000000000001        1       192.168.0.2        2        3      294
0000000000000001        1       192.168.0.3        3        3      294
0000000000000001        2       192.168.0.1        1        4      392
0000000000000001        3       192.168.0.1        1        4      392
datapath         port     rx-pkts  rx-bytes rx-error tx-pkts  tx-bytes tx-error
---------------- -------- -------- -------- -------- -------- -------- --------
0000000000000003        1       11      798        0       56     4524        0
0000000000000003        2       76     6658        0       77     6718        0
0000000000000003        3       74     6462        0       75     6522        0
datapath         in-port  eth-dst           out-port packets  bytes
---------------- -------- ----------------- -------- -------- --------
0000000000000003        1       192.168.0.1        2        4      392
0000000000000003        1       192.168.0.3        3        1       98
0000000000000003        2       192.168.0.2        1        4      392
0000000000000003        3       192.168.0.2        1        2      196
discovery--->==================================== discovery ====================================
discovery---> cls: [(1, 2), (1, 3), (2, 3)]
discovery--->=============================================================================
==================================== link detector ====================================

----------------------------
src    dst :    delay
1 <---> 2 : 2.6078224182128906
1 <---> 3 : 2.9969215393066406
2 <---> 3 : 3.789186477661133
2 <---> 1 : 2.6214122772216797
3 <---> 2 : 3.5490989685058594
3 <---> 1 : 4.164218902587891
==================================== link detector ====================================

----------------------------
src    dst :    delay
1 <---> 2 : 4.083395004272461
1 <---> 3 : 2.913951873779297
2 <---> 3 : 4.345178604125977
2 <---> 1 : 4.036426544189453
3 <---> 2 : 4.147052764892578
3 <---> 1 : 2.4156570434570312
datapath         port     rx-pkts  rx-bytes rx-error tx-pkts  tx-bytes tx-error
---------------- -------- -------- -------- -------- -------- -------- --------
0000000000000002        1       11      798        0       64     5112        0
0000000000000002        2       82     7018        0       83     7078        0
0000000000000002        3       81     6882        0       80     6822        0
datapath         in-port  eth-dst           out-port packets  bytes
---------------- -------- ----------------- -------- -------- --------
0000000000000002        1       192.168.0.1        2        4      392
0000000000000002        1       192.168.0.2        3        2      196
0000000000000002        2       192.168.0.3        1        4      392
0000000000000002        3       192.168.0.3        1        2      196
datapath         port     rx-pkts  rx-bytes rx-error tx-pkts  tx-bytes tx-error
---------------- -------- -------- -------- -------- -------- -------- --------
0000000000000001        1       10      868        0       66     5308        0
0000000000000001        2       83     7078        0       82     7018        0
0000000000000001        3       83     7078        0       82     7018        0
datapath         in-port  eth-dst           out-port packets  bytes
---------------- -------- ----------------- -------- -------- --------
0000000000000001        1       192.168.0.2        2        3      294
0000000000000001        1       192.168.0.3        3        3      294
0000000000000001        2       192.168.0.1        1        4      392
0000000000000001        3       192.168.0.1        1        4      392
datapath         port     rx-pkts  rx-bytes rx-error tx-pkts  tx-bytes tx-error
---------------- -------- -------- -------- -------- -------- -------- --------
0000000000000003        1       11      798        0       62     4992        0
0000000000000003        2       82     7018        0       83     7078        0
0000000000000003        3       80     6822        0       81     6882        0
datapath         in-port  eth-dst           out-port packets  bytes
---------------- -------- ----------------- -------- -------- --------
0000000000000003        1       192.168.0.1        2        4      392
0000000000000003        1       192.168.0.3        3        1       98
0000000000000003        2       192.168.0.2        1        4      392
0000000000000003        3       192.168.0.2        1        2      196
discovery--->==================================== discovery ====================================
discovery---> cls: [(1, 2), (1, 3), (2, 3)]
discovery--->=============================================================================
==================================== link detector ====================================

----------------------------
src    dst :    delay
1 <---> 2 : 4.245758056640625
1 <---> 3 : 3.418445587158203
2 <---> 3 : 3.066539764404297
2 <---> 1 : 4.004001617431641
3 <---> 2 : 2.8269290924072266
3 <---> 1 : 2.5072097778320312
datapath         port     rx-pkts  rx-bytes rx-error tx-pkts  tx-bytes tx-error
---------------- -------- -------- -------- -------- -------- -------- --------
0000000000000002        1       11      798        0       69     5502        0
0000000000000002        2       88     7378        0       88     7378        0
0000000000000002        3       86     7182        0       85     7122        0
datapath         in-port  eth-dst           out-port packets  bytes
---------------- -------- ----------------- -------- -------- --------
0000000000000002        1       192.168.0.1        2        4      392
0000000000000002        1       192.168.0.2        3        2      196
0000000000000002        2       192.168.0.3        1        4      392
0000000000000002        3       192.168.0.3        1        2      196
datapath         port     rx-pkts  rx-bytes rx-error tx-pkts  tx-bytes tx-error
---------------- -------- -------- -------- -------- -------- -------- --------
0000000000000001        1       10      868        0       72     5776        0
0000000000000001        2       88     7378        0       88     7378        0
0000000000000001        3       88     7378        0       88     7378        0
datapath         in-port  eth-dst           out-port packets  bytes
---------------- -------- ----------------- -------- -------- --------
0000000000000001        1       192.168.0.2        2        3      294
0000000000000001        1       192.168.0.3        3        3      294
0000000000000001        2       192.168.0.1        1        4      392
0000000000000001        3       192.168.0.1        1        4      392
datapath         port     rx-pkts  rx-bytes rx-error tx-pkts  tx-bytes tx-error
---------------- -------- -------- -------- -------- -------- -------- --------
0000000000000003        1       11      798        0       67     5382        0
0000000000000003        2       88     7378        0       88     7378        0
0000000000000003        3       85     7122        0       86     7182        0
datapath         in-port  eth-dst           out-port packets  bytes
---------------- -------- ----------------- -------- -------- --------
0000000000000003        1       192.168.0.1        2        4      392
0000000000000003        1       192.168.0.3        3        1       98
0000000000000003        2       192.168.0.2        1        4      392
0000000000000003        3       192.168.0.2        1        2      196
discovery--->==================================== discovery ====================================
discovery---> cls: [(1, 2), (1, 3), (2, 3)]
discovery--->=============================================================================
==================================== link detector ====================================

----------------------------
src    dst :    delay
1 <---> 2 : 2.702951431274414
1 <---> 3 : 3.3965110778808594
2 <---> 3 : 3.299236297607422
2 <---> 1 : 3.251791000366211
3 <---> 2 : 2.784252166748047
3 <---> 1 : 4.310131072998047
==================================== link detector ====================================

----------------------------
src    dst :    delay
1 <---> 2 : 4.099607467651367
1 <---> 3 : 2.6311874389648438
2 <---> 3 : 3.77655029296875
2 <---> 1 : 2.4747848510742188
3 <---> 2 : 4.123210906982422
3 <---> 1 : 2.531766891479492
datapath         port     rx-pkts  rx-bytes rx-error tx-pkts  tx-bytes tx-error
---------------- -------- -------- -------- -------- -------- -------- --------
0000000000000002        1       11      798        0       75     5970        0
0000000000000002        2       93     7678        0       94     7738        0
0000000000000002        3       92     7542        0       91     7482        0
datapath         in-port  eth-dst           out-port packets  bytes
---------------- -------- ----------------- -------- -------- --------
0000000000000002        1       192.168.0.1        2        4      392
0000000000000002        1       192.168.0.2        3        2      196
0000000000000002        2       192.168.0.3        1        4      392
0000000000000002        3       192.168.0.3        1        2      196
datapath         port     rx-pkts  rx-bytes rx-error tx-pkts  tx-bytes tx-error
---------------- -------- -------- -------- -------- -------- -------- --------
0000000000000001        1       10      868        0       77     6166        0
0000000000000001        2       94     7738        0       93     7678        0
0000000000000001        3       94     7738        0       93     7678        0
datapath         in-port  eth-dst           out-port packets  bytes
---------------- -------- ----------------- -------- -------- --------
0000000000000001        1       192.168.0.2        2        3      294
0000000000000001        1       192.168.0.3        3        3      294
0000000000000001        2       192.168.0.1        1        4      392
0000000000000001        3       192.168.0.1        1        4      392
datapath         port     rx-pkts  rx-bytes rx-error tx-pkts  tx-bytes tx-error
---------------- -------- -------- -------- -------- -------- -------- --------
0000000000000003        1       11      798        0       73     5850        0
0000000000000003        2       93     7678        0       94     7738        0
0000000000000003        3       91     7482        0       92     7542        0
datapath         in-port  eth-dst           out-port packets  bytes
---------------- -------- ----------------- -------- -------- --------
0000000000000003        1       192.168.0.1        2        4      392
0000000000000003        1       192.168.0.3        3        1       98
0000000000000003        2       192.168.0.2        1        4      392
0000000000000003        3       192.168.0.2        1        2      196
discovery--->==================================== discovery ====================================
discovery---> cls: [(1, 2), (1, 3), (2, 3)]
discovery--->=============================================================================
==================================== link detector ====================================

----------------------------
src    dst :    delay
1 <---> 2 : 2.8901100158691406
1 <---> 3 : 3.976106643676758
2 <---> 3 : 2.6786327362060547
2 <---> 1 : 4.153251647949219
3 <---> 2 : 2.7773380279541016
3 <---> 1 : 4.369258880615234
==================================== link detector ====================================

----------------------------
src    dst :    delay
1 <---> 2 : 3.050565719604492
1 <---> 3 : 2.6760101318359375
2 <---> 3 : 2.133607864379883
2 <---> 1 : 2.9227733612060547
3 <---> 2 : 3.542184829711914
3 <---> 1 : 3.8208961486816406
datapath         port     rx-pkts  rx-bytes rx-error tx-pkts  tx-bytes tx-error
---------------- -------- -------- -------- -------- -------- -------- --------
0000000000000002        1       11      798        0       81     6438        0
0000000000000002        2       99     8038        0       99     8038        0
0000000000000002        3       97     7842        0       98     7912        0
datapath         in-port  eth-dst           out-port packets  bytes
---------------- -------- ----------------- -------- -------- --------
0000000000000002        1       192.168.0.1        2        4      392
0000000000000002        1       192.168.0.2        3        2      196
0000000000000002        2       192.168.0.3        1        4      392
0000000000000002        3       192.168.0.3        1        2      196
datapath         port     rx-pkts  rx-bytes rx-error tx-pkts  tx-bytes tx-error
---------------- -------- -------- -------- -------- -------- -------- --------
0000000000000001        1       10      868        0       83     6634        0
0000000000000001        2      100     8108        0       99     8038        0
0000000000000001        3       99     8038        0       99     8038        0
datapath         in-port  eth-dst           out-port packets  bytes
---------------- -------- ----------------- -------- -------- --------
0000000000000001        1       192.168.0.2        2        3      294
0000000000000001        1       192.168.0.3        3        3      294
0000000000000001        2       192.168.0.1        1        4      392
0000000000000001        3       192.168.0.1        1        4      392
datapath         port     rx-pkts  rx-bytes rx-error tx-pkts  tx-bytes tx-error
---------------- -------- -------- -------- -------- -------- -------- --------
0000000000000003        1       11      798        0       78     6240        0
0000000000000003        2       99     8038        0      100     8108        0
0000000000000003        3       98     7912        0       97     7842        0
datapath         in-port  eth-dst           out-port packets  bytes
---------------- -------- ----------------- -------- -------- --------
0000000000000003        1       192.168.0.1        2        4      392
0000000000000003        1       192.168.0.3        3        1       98
0000000000000003        2       192.168.0.2        1        4      392
0000000000000003        3       192.168.0.2        1        2      196
discovery--->==================================== discovery ====================================
discovery---> cls: [(1, 2), (1, 3), (2, 3)]
discovery--->=============================================================================
---> OFPPortStatus received: reason=MODIFY desc=OFPPort(port_no=1,hw_addr='30:00:00:00:00:00',name=b'ap3-wlan1',config=0,state=4,curr=0,advertised=0,supported=0,peer=0,curr_speed=0,max_speed=0)
==================================== link detector ====================================

----------------------------
src    dst :    delay
1 <---> 2 : 4.2266845703125
1 <---> 3 : 2.148866653442383
2 <---> 3 : 2.231121063232422
2 <---> 1 : 2.331256866455078
3 <---> 2 : 2.243518829345703
3 <---> 1 : 2.207517623901367
datapath         port     rx-pkts  rx-bytes rx-error tx-pkts  tx-bytes tx-error
---------------- -------- -------- -------- -------- -------- -------- --------
0000000000000002        1       11      798        0       87     6906        0
0000000000000002        2      106     8611        0      107     8671        0
0000000000000002        3      105     8475        0      104     8415        0
datapath         in-port  eth-dst           out-port packets  bytes
---------------- -------- ----------------- -------- -------- --------
0000000000000002        1       192.168.0.1        2        4      392
0000000000000002        1       192.168.0.2        3        2      196
0000000000000002        2       192.168.0.3        1        4      392
0000000000000002        3       192.168.0.3        1        2      196
datapath         port     rx-pkts  rx-bytes rx-error tx-pkts  tx-bytes tx-error
---------------- -------- -------- -------- -------- -------- -------- --------
0000000000000003        1       11      798        0       84     6708        0
0000000000000003        2      106     8611        0      107     8671        0
0000000000000003        3      104     8415        0      105     8475        0
datapath         in-port  eth-dst           out-port packets  bytes
---------------- -------- ----------------- -------- -------- --------
0000000000000003        1       192.168.0.1        2        4      392
0000000000000003        1       192.168.0.3        3        1       98
0000000000000003        2       192.168.0.2        1        4      392
0000000000000003        3       192.168.0.2        1        2      196
datapath         port     rx-pkts  rx-bytes rx-error tx-pkts  tx-bytes tx-error
---------------- -------- -------- -------- -------- -------- -------- --------
0000000000000001        1       10      868        0       88     7024        0
0000000000000001        2      107     8671        0      106     8611        0
0000000000000001        3      107     8671        0      106     8611        0
datapath         in-port  eth-dst           out-port packets  bytes
---------------- -------- ----------------- -------- -------- --------
0000000000000001        1       192.168.0.2        2        3      294
0000000000000001        1       192.168.0.3        3        3      294
0000000000000001        2       192.168.0.1        1        4      392
0000000000000001        3       192.168.0.1        1        4      392
discovery--->==================================== discovery ====================================
discovery---> cls: [(1, 2), (1, 3), (2, 3)]
discovery--->=============================================================================
==================================== link detector ====================================

----------------------------
src    dst :    delay
1 <---> 2 : 2.6018619537353516
1 <---> 3 : 2.736806869506836
2 <---> 3 : 3.1409263610839844
2 <---> 1 : 3.100872039794922
3 <---> 2 : 3.1189918518066406
3 <---> 1 : 3.1249523162841797
==================================== link detector ====================================

----------------------------
src    dst :    delay
1 <---> 2 : 3.759145736694336
1 <---> 3 : 2.9146671295166016
2 <---> 3 : 4.245996475219727
2 <---> 1 : 3.2999515533447266
3 <---> 2 : 3.429412841796875
3 <---> 1 : 4.055976867675781
datapath         port     rx-pkts  rx-bytes rx-error tx-pkts  tx-bytes tx-error
---------------- -------- -------- -------- -------- -------- -------- --------
0000000000000003        1       11      798        0       90     7176        0
0000000000000003        2      112     8971        0      112     8971        0
0000000000000003        3      110     8775        0      110     8775        0
datapath         in-port  eth-dst           out-port packets  bytes
---------------- -------- ----------------- -------- -------- --------
0000000000000003        1       192.168.0.1        2        4      392
0000000000000003        1       192.168.0.3        3        1       98
0000000000000003        2       192.168.0.2        1        4      392
0000000000000003        3       192.168.0.2        1        2      196
datapath         port     rx-pkts  rx-bytes rx-error tx-pkts  tx-bytes tx-error
---------------- -------- -------- -------- -------- -------- -------- --------
0000000000000002        1       11      798        0       92     7296        0
0000000000000002        2      112     8971        0      112     8971        0
0000000000000002        3      110     8775        0      110     8775        0
datapath         in-port  eth-dst           out-port packets  bytes
---------------- -------- ----------------- -------- -------- --------
0000000000000002        1       192.168.0.1        2        4      392
0000000000000002        1       192.168.0.2        3        2      196
0000000000000002        2       192.168.0.3        1        4      392
0000000000000002        3       192.168.0.3        1        2      196
datapath         port     rx-pkts  rx-bytes rx-error tx-pkts  tx-bytes tx-error
---------------- -------- -------- -------- -------- -------- -------- --------
0000000000000001        1       10      868        0       94     7492        0
0000000000000001        2      112     8971        0      112     8971        0
0000000000000001        3      112     8971        0      112     8971        0
datapath         in-port  eth-dst           out-port packets  bytes
---------------- -------- ----------------- -------- -------- --------
0000000000000001        1       192.168.0.2        2        3      294
0000000000000001        1       192.168.0.3        3        3      294
0000000000000001        2       192.168.0.1        1        4      392
0000000000000001        3       192.168.0.1        1        4      392
discovery--->==================================== discovery ====================================
discovery---> cls: [(1, 2), (1, 3), (2, 3)]
discovery--->=============================================================================
==================================== link detector ====================================

----------------------------
src    dst :    delay
1 <---> 2 : 2.4573802947998047
1 <---> 3 : 3.328561782836914
2 <---> 3 : 2.6907920837402344
2 <---> 1 : 4.035234451293945
3 <---> 2 : 2.774953842163086
3 <---> 1 : 2.7022361755371094
datapath         port     rx-pkts  rx-bytes rx-error tx-pkts  tx-bytes tx-error
---------------- -------- -------- -------- -------- -------- -------- --------
0000000000000002        1       11      798        0       98     7764        0
0000000000000002        2      117     9271        0      118     9331        0
0000000000000002        3      116     9135        0      115     9075        0
datapath         in-port  eth-dst           out-port packets  bytes
---------------- -------- ----------------- -------- -------- --------
0000000000000002        1       192.168.0.1        2        4      392
0000000000000002        1       192.168.0.2        3        2      196
0000000000000002        2       192.168.0.3        1        4      392
0000000000000002        3       192.168.0.3        1        2      196
datapath         port     rx-pkts  rx-bytes rx-error tx-pkts  tx-bytes tx-error
---------------- -------- -------- -------- -------- -------- -------- --------
0000000000000001        1       10      868        0       99     7882        0
0000000000000001        2      118     9331        0      117     9271        0
0000000000000001        3      118     9331        0      117     9271        0
datapath         in-port  eth-dst           out-port packets  bytes
---------------- -------- ----------------- -------- -------- --------
0000000000000001        1       192.168.0.2        2        3      294
0000000000000001        1       192.168.0.3        3        3      294
0000000000000001        2       192.168.0.1        1        4      392
0000000000000001        3       192.168.0.1        1        4      392
datapath         port     rx-pkts  rx-bytes rx-error tx-pkts  tx-bytes tx-error
---------------- -------- -------- -------- -------- -------- -------- --------
0000000000000003        1       11      798        0       95     7566        0
0000000000000003        2      117     9271        0      118     9331        0
0000000000000003        3      115     9075        0      116     9135        0
datapath         in-port  eth-dst           out-port packets  bytes
---------------- -------- ----------------- -------- -------- --------
0000000000000003        1       192.168.0.1        2        4      392
0000000000000003        1       192.168.0.3        3        1       98
0000000000000003        2       192.168.0.2        1        4      392
0000000000000003        3       192.168.0.2        1        2      196
discovery--->==================================== discovery ====================================
discovery---> cls: [(1, 2), (1, 3), (2, 3)]
discovery--->=============================================================================
==================================== link detector ====================================

----------------------------
src    dst :    delay
1 <---> 2 : 3.8924217224121094
1 <---> 3 : 2.844095230102539
2 <---> 3 : 3.9970874786376953
2 <---> 1 : 2.582073211669922
3 <---> 2 : 4.081487655639648
3 <---> 1 : 4.1790008544921875
==================================== link detector ====================================

----------------------------
src    dst :    delay
1 <---> 2 : 4.272937774658203
1 <---> 3 : 3.470182418823242
2 <---> 3 : 3.377676010131836
2 <---> 1 : 3.194570541381836
3 <---> 2 : 3.6840438842773438
3 <---> 1 : 2.7437210083007812
datapath         port     rx-pkts  rx-bytes rx-error tx-pkts  tx-bytes tx-error
---------------- -------- -------- -------- -------- -------- -------- --------
0000000000000002        1       11      798        0      103     8154        0
0000000000000002        2      123     9631        0      124     9691        0
0000000000000002        3      121     9435        0      121     9435        0
datapath         in-port  eth-dst           out-port packets  bytes
---------------- -------- ----------------- -------- -------- --------
0000000000000002        1       192.168.0.1        2        4      392
0000000000000002        1       192.168.0.2        3        2      196
0000000000000002        2       192.168.0.3        1        4      392
0000000000000002        3       192.168.0.3        1        2      196
datapath         port     rx-pkts  rx-bytes rx-error tx-pkts  tx-bytes tx-error
---------------- -------- -------- -------- -------- -------- -------- --------
0000000000000001        1       10      868        0      105     8350        0
0000000000000001        2      124     9691        0      123     9631        0
0000000000000001        3      124     9691        0      123     9631        0
datapath         in-port  eth-dst           out-port packets  bytes
---------------- -------- ----------------- -------- -------- --------
0000000000000001        1       192.168.0.2        2        3      294
0000000000000001        1       192.168.0.3        3        3      294
0000000000000001        2       192.168.0.1        1        4      392
0000000000000001        3       192.168.0.1        1        4      392
datapath         port     rx-pkts  rx-bytes rx-error tx-pkts  tx-bytes tx-error
---------------- -------- -------- -------- -------- -------- -------- --------
0000000000000003        1       11      798        0      101     8034        0
0000000000000003        2      123     9631        0      124     9691        0
0000000000000003        3      121     9435        0      121     9435        0
datapath         in-port  eth-dst           out-port packets  bytes
---------------- -------- ----------------- -------- -------- --------
0000000000000003        1       192.168.0.1        2        4      392
0000000000000003        1       192.168.0.3        3        1       98
0000000000000003        2       192.168.0.2        1        4      392
0000000000000003        3       192.168.0.2        1        2      196
discovery--->==================================== discovery ====================================
discovery---> cls: [(1, 2), (1, 3), (2, 3)]
discovery--->=============================================================================
==================================== link detector ====================================

----------------------------
src    dst :    delay
1 <---> 2 : 2.6197433471679688
1 <---> 3 : 4.257440567016602
2 <---> 3 : 2.3665428161621094
2 <---> 1 : 2.645254135131836
3 <---> 2 : 4.102230072021484
3 <---> 1 : 4.190206527709961
datapath         port     rx-pkts  rx-bytes rx-error tx-pkts  tx-bytes tx-error
---------------- -------- -------- -------- -------- -------- -------- --------
0000000000000003        1       11      798        0      106     8424        0
0000000000000003        2      128     9931        0      129     9991        0
0000000000000003        3      126     9735        0      127     9795        0
datapath         in-port  eth-dst           out-port packets  bytes
---------------- -------- ----------------- -------- -------- --------
0000000000000003        1       192.168.0.1        2        4      392
0000000000000003        1       192.168.0.3        3        1       98
0000000000000003        2       192.168.0.2        1        4      392
0000000000000003        3       192.168.0.2        1        2      196
datapath         port     rx-pkts  rx-bytes rx-error tx-pkts  tx-bytes tx-error
---------------- -------- -------- -------- -------- -------- -------- --------
0000000000000002        1       11      798        0      109     8622        0
0000000000000002        2      129     9991        0      129     9991        0
0000000000000002        3      127     9795        0      126     9735        0
datapath         in-port  eth-dst           out-port packets  bytes
---------------- -------- ----------------- -------- -------- --------
0000000000000002        1       192.168.0.1        2        4      392
0000000000000002        1       192.168.0.2        3        2      196
0000000000000002        2       192.168.0.3        1        4      392
0000000000000002        3       192.168.0.3        1        2      196
datapath         port     rx-pkts  rx-bytes rx-error tx-pkts  tx-bytes tx-error
---------------- -------- -------- -------- -------- -------- -------- --------
0000000000000001        1       10      868        0      110     8740        0
0000000000000001        2      129     9991        0      128     9931        0
0000000000000001        3      129     9991        0      129     9991        0
datapath         in-port  eth-dst           out-port packets  bytes
---------------- -------- ----------------- -------- -------- --------
0000000000000001        1       192.168.0.2        2        3      294
0000000000000001        1       192.168.0.3        3        3      294
0000000000000001        2       192.168.0.1        1        4      392
0000000000000001        3       192.168.0.1        1        4      392
discovery--->==================================== discovery ====================================
discovery---> cls: [(1, 2), (1, 3), (2, 3)]
discovery--->=============================================================================
==================================== link detector ====================================

----------------------------
src    dst :    delay
1 <---> 2 : 4.838466644287109
1 <---> 3 : 2.655029296875
2 <---> 3 : 3.520488739013672
2 <---> 1 : 3.4296512603759766
3 <---> 2 : 2.7840137481689453
3 <---> 1 : 3.561258316040039
==================================== link detector ====================================

----------------------------
src    dst :    delay
1 <---> 2 : 4.160642623901367
1 <---> 3 : 3.1185150146484375
2 <---> 3 : 3.7071704864501953
2 <---> 1 : 4.154443740844727
3 <---> 2 : 3.1659603118896484
3 <---> 1 : 3.948211669921875
datapath         port     rx-pkts  rx-bytes rx-error tx-pkts  tx-bytes tx-error
---------------- -------- -------- -------- -------- -------- -------- --------
0000000000000002        1       11      798        0      114     9012        0
0000000000000002        2      134    10291        0      135    10351        0
0000000000000002        3      133    10155        0      132    10095        0
datapath         in-port  eth-dst           out-port packets  bytes
---------------- -------- ----------------- -------- -------- --------
0000000000000002        1       192.168.0.1        2        4      392
0000000000000002        1       192.168.0.2        3        2      196
0000000000000002        2       192.168.0.3        1        4      392
0000000000000002        3       192.168.0.3        1        2      196
datapath         port     rx-pkts  rx-bytes rx-error tx-pkts  tx-bytes tx-error
---------------- -------- -------- -------- -------- -------- -------- --------
0000000000000001        1       10      868        0      116     9208        0
0000000000000001        2      135    10351        0      134    10291        0
0000000000000001        3      135    10351        0      134    10291        0
datapath         in-port  eth-dst           out-port packets  bytes
---------------- -------- ----------------- -------- -------- --------
0000000000000001        1       192.168.0.2        2        3      294
0000000000000001        1       192.168.0.3        3        3      294
0000000000000001        2       192.168.0.1        1        4      392
0000000000000001        3       192.168.0.1        1        4      392
datapath         port     rx-pkts  rx-bytes rx-error tx-pkts  tx-bytes tx-error
---------------- -------- -------- -------- -------- -------- -------- --------
0000000000000003        1       11      798        0      112     8892        0
0000000000000003        2      134    10291        0      135    10351        0
0000000000000003        3      132    10095        0      133    10155        0
datapath         in-port  eth-dst           out-port packets  bytes
---------------- -------- ----------------- -------- -------- --------
0000000000000003        1       192.168.0.1        2        4      392
0000000000000003        1       192.168.0.3        3        1       98
0000000000000003        2       192.168.0.2        1        4      392
0000000000000003        3       192.168.0.2        1        2      196
discovery--->==================================== discovery ====================================
discovery---> cls: [(1, 2), (1, 3), (2, 3)]
discovery--->=============================================================================
==================================== link detector ====================================

----------------------------
src    dst :    delay
1 <---> 2 : 2.621889114379883
1 <---> 3 : 2.773761749267578
2 <---> 3 : 3.5674571990966797
2 <---> 1 : 3.4241676330566406
3 <---> 2 : 3.0431747436523438
3 <---> 1 : 3.5271644592285156
==================================== link detector ====================================

----------------------------
src    dst :    delay
1 <---> 2 : 4.107236862182617
1 <---> 3 : 3.007650375366211
2 <---> 3 : 4.155397415161133
2 <---> 1 : 3.5352706909179688
3 <---> 2 : 3.670215606689453
3 <---> 1 : 3.5512447357177734
datapath         port     rx-pkts  rx-bytes rx-error tx-pkts  tx-bytes tx-error
---------------- -------- -------- -------- -------- -------- -------- --------
0000000000000002        1       11      798        0      120     9480        0
0000000000000002        2      140    10651        0      140    10651        0
0000000000000002        3      138    10455        0      137    10395        0
datapath         in-port  eth-dst           out-port packets  bytes
---------------- -------- ----------------- -------- -------- --------
0000000000000002        1       192.168.0.1        2        4      392
0000000000000002        1       192.168.0.2        3        2      196
0000000000000002        2       192.168.0.3        1        4      392
0000000000000002        3       192.168.0.3        1        2      196
datapath         port     rx-pkts  rx-bytes rx-error tx-pkts  tx-bytes tx-error
---------------- -------- -------- -------- -------- -------- -------- --------
0000000000000001        1       10      868        0      121     9598        0
0000000000000001        2      140    10651        0      140    10651        0
0000000000000001        3      140    10651        0      140    10651        0
datapath         in-port  eth-dst           out-port packets  bytes
---------------- -------- ----------------- -------- -------- --------
0000000000000001        1       192.168.0.2        2        3      294
0000000000000001        1       192.168.0.3        3        3      294
0000000000000001        2       192.168.0.1        1        4      392
0000000000000001        3       192.168.0.1        1        4      392
datapath         port     rx-pkts  rx-bytes rx-error tx-pkts  tx-bytes tx-error
---------------- -------- -------- -------- -------- -------- -------- --------
0000000000000003        1       11      798        0      117     9282        0
0000000000000003        2      140    10651        0      140    10651        0
0000000000000003        3      137    10395        0      138    10455        0
datapath         in-port  eth-dst           out-port packets  bytes
---------------- -------- ----------------- -------- -------- --------
0000000000000003        1       192.168.0.1        2        4      392
0000000000000003        1       192.168.0.3        3        1       98
0000000000000003        2       192.168.0.2        1        4      392
0000000000000003        3       192.168.0.2        1        2      196
discovery--->==================================== discovery ====================================
discovery---> cls: [(1, 2), (1, 3), (2, 3)]
discovery--->=============================================================================
==================================== link detector ====================================

----------------------------
src    dst :    delay
1 <---> 2 : 4.093647003173828
1 <---> 3 : 3.9491653442382812
2 <---> 3 : 3.2737255096435547
2 <---> 1 : 3.0889511108398438
3 <---> 2 : 3.2231807708740234
3 <---> 1 : 3.4422874450683594
datapath         port     rx-pkts  rx-bytes rx-error tx-pkts  tx-bytes tx-error
---------------- -------- -------- -------- -------- -------- -------- --------
0000000000000002        1       11      798        0      126     9948        0
0000000000000002        2      145    10951        0      146    11011        0
0000000000000002        3      144    10815        0      143    10755        0
datapath         in-port  eth-dst           out-port packets  bytes
---------------- -------- ----------------- -------- -------- --------
0000000000000002        1       192.168.0.1        2        4      392
0000000000000002        1       192.168.0.2        3        2      196
0000000000000002        2       192.168.0.3        1        4      392
0000000000000002        3       192.168.0.3        1        2      196
datapath         port     rx-pkts  rx-bytes rx-error tx-pkts  tx-bytes tx-error
---------------- -------- -------- -------- -------- -------- -------- --------
0000000000000003        1       11      798        0      123     9750        0
0000000000000003        2      145    10951        0      146    11011        0
0000000000000003        3      143    10755        0      144    10815        0
datapath         in-port  eth-dst           out-port packets  bytes
---------------- -------- ----------------- -------- -------- --------
0000000000000003        1       192.168.0.1        2        4      392
0000000000000003        1       192.168.0.3        3        1       98
0000000000000003        2       192.168.0.2        1        4      392
0000000000000003        3       192.168.0.2        1        2      196
datapath         port     rx-pkts  rx-bytes rx-error tx-pkts  tx-bytes tx-error
---------------- -------- -------- -------- -------- -------- -------- --------
0000000000000001        1       10      868        0      127    10066        0
0000000000000001        2      146    11011        0      145    10951        0
0000000000000001        3      146    11011        0      145    10951        0
datapath         in-port  eth-dst           out-port packets  bytes
---------------- -------- ----------------- -------- -------- --------
0000000000000001        1       192.168.0.2        2        3      294
0000000000000001        1       192.168.0.3        3        3      294
0000000000000001        2       192.168.0.1        1        4      392
0000000000000001        3       192.168.0.1        1        4      392
discovery--->==================================== discovery ====================================
discovery---> cls: [(1, 2), (1, 3), (2, 3)]
discovery--->=============================================================================
==================================== link detector ====================================

----------------------------
src    dst :    delay
1 <---> 2 : 2.164125442504883
1 <---> 3 : 2.1817684173583984
2 <---> 3 : 2.287626266479492
2 <---> 1 : 2.2683143615722656
3 <---> 2 : 2.201557159423828
3 <---> 1 : 2.2957324981689453
==================================== link detector ====================================

----------------------------
src    dst :    delay
1 <---> 2 : 3.4933090209960938
1 <---> 3 : 3.612041473388672
2 <---> 3 : 3.6613941192626953
2 <---> 1 : 2.975940704345703
3 <---> 2 : 4.153728485107422
3 <---> 1 : 3.15093994140625
datapath         port     rx-pkts  rx-bytes rx-error tx-pkts  tx-bytes tx-error
---------------- -------- -------- -------- -------- -------- -------- --------
0000000000000002        1       11      798        0      131    10338        0
0000000000000002        2      151    11311        0      151    11311        0
0000000000000002        3      149    11115        0      149    11115        0
datapath         in-port  eth-dst           out-port packets  bytes
---------------- -------- ----------------- -------- -------- --------
0000000000000002        1       192.168.0.1        2        4      392
0000000000000002        1       192.168.0.2        3        2      196
0000000000000002        2       192.168.0.3        1        4      392
0000000000000002        3       192.168.0.3        1        2      196
datapath         port     rx-pkts  rx-bytes rx-error tx-pkts  tx-bytes tx-error
---------------- -------- -------- -------- -------- -------- -------- --------
0000000000000001        1       10      868        0      133    10534        0
0000000000000001        2      151    11311        0      151    11311        0
0000000000000001        3      151    11311        0      151    11311        0
datapath         in-port  eth-dst           out-port packets  bytes
---------------- -------- ----------------- -------- -------- --------
0000000000000001        1       192.168.0.2        2        3      294
0000000000000001        1       192.168.0.3        3        3      294
0000000000000001        2       192.168.0.1        1        4      392
0000000000000001        3       192.168.0.1        1        4      392
datapath         port     rx-pkts  rx-bytes rx-error tx-pkts  tx-bytes tx-error
---------------- -------- -------- -------- -------- -------- -------- --------
0000000000000003        1       11      798        0      128    10140        0
0000000000000003        2      151    11311        0      151    11311        0
0000000000000003        3      149    11115        0      149    11115        0
datapath         in-port  eth-dst           out-port packets  bytes
---------------- -------- ----------------- -------- -------- --------
0000000000000003        1       192.168.0.1        2        4      392
0000000000000003        1       192.168.0.3        3        1       98
0000000000000003        2       192.168.0.2        1        4      392
0000000000000003        3       192.168.0.2        1        2      196
discovery--->==================================== discovery ====================================
discovery---> cls: [(1, 2), (1, 3), (2, 3)]
discovery--->=============================================================================
==================================== link detector ====================================

----------------------------
src    dst :    delay
1 <---> 2 : 3.0672550201416016
1 <---> 3 : 2.7222633361816406
2 <---> 3 : 2.903461456298828
2 <---> 1 : 4.099130630493164
3 <---> 2 : 2.4471282958984375
3 <---> 1 : 2.856731414794922
datapath         port     rx-pkts  rx-bytes rx-error tx-pkts  tx-bytes tx-error
---------------- -------- -------- -------- -------- -------- -------- --------
0000000000000002        1       11      798        0      137    10806        0
0000000000000002        2      156    11611        0      157    11671        0
0000000000000002        3      155    11475        0      154    11415        0
datapath         in-port  eth-dst           out-port packets  bytes
---------------- -------- ----------------- -------- -------- --------
0000000000000002        1       192.168.0.1        2        4      392
0000000000000002        1       192.168.0.2        3        2      196
0000000000000002        2       192.168.0.3        1        4      392
0000000000000002        3       192.168.0.3        1        2      196
datapath         port     rx-pkts  rx-bytes rx-error tx-pkts  tx-bytes tx-error
---------------- -------- -------- -------- -------- -------- -------- --------
0000000000000003        1       11      798        0      134    10608        0
0000000000000003        2      156    11611        0      157    11671        0
0000000000000003        3      154    11415        0      155    11475        0
datapath         in-port  eth-dst           out-port packets  bytes
---------------- -------- ----------------- -------- -------- --------
0000000000000003        1       192.168.0.1        2        4      392
0000000000000003        1       192.168.0.3        3        1       98
0000000000000003        2       192.168.0.2        1        4      392
0000000000000003        3       192.168.0.2        1        2      196
datapath         port     rx-pkts  rx-bytes rx-error tx-pkts  tx-bytes tx-error
---------------- -------- -------- -------- -------- -------- -------- --------
0000000000000001        1       10      868        0      138    10924        0
0000000000000001        2      157    11671        0      156    11611        0
0000000000000001        3      157    11671        0      156    11611        0
datapath         in-port  eth-dst           out-port packets  bytes
---------------- -------- ----------------- -------- -------- --------
0000000000000001        1       192.168.0.2        2        3      294
0000000000000001        1       192.168.0.3        3        3      294
0000000000000001        2       192.168.0.1        1        4      392
0000000000000001        3       192.168.0.1        1        4      392
discovery--->==================================== discovery ====================================
discovery---> cls: [(1, 2), (1, 3), (2, 3)]
discovery--->=============================================================================
==================================== link detector ====================================

----------------------------
src    dst :    delay
1 <---> 2 : 3.974437713623047
1 <---> 3 : 2.6578903198242188
2 <---> 3 : 3.756999969482422
2 <---> 1 : 4.10151481628418
3 <---> 2 : 3.0939579010009766
3 <---> 1 : 4.200935363769531
==================================== link detector ====================================

----------------------------
src    dst :    delay
1 <---> 2 : 2.9916763305664062
1 <---> 3 : 3.0128955841064453
2 <---> 3 : 3.167390823364258
2 <---> 1 : 3.1321048736572266
3 <---> 2 : 3.0472278594970703
3 <---> 1 : 3.1249523162841797
datapath         port     rx-pkts  rx-bytes rx-error tx-pkts  tx-bytes tx-error
---------------- -------- -------- -------- -------- -------- -------- --------
0000000000000002        1       11      798        0      142    11196        0
0000000000000002        2      162    11971        0      162    11971        0
0000000000000002        3      160    11775        0      160    11775        0
datapath         in-port  eth-dst           out-port packets  bytes
---------------- -------- ----------------- -------- -------- --------
0000000000000002        1       192.168.0.1        2        4      392
0000000000000002        1       192.168.0.2        3        2      196
0000000000000002        2       192.168.0.3        1        4      392
0000000000000002        3       192.168.0.3        1        2      196
datapath         port     rx-pkts  rx-bytes rx-error tx-pkts  tx-bytes tx-error
---------------- -------- -------- -------- -------- -------- -------- --------
0000000000000001        1       10      868        0      144    11392        0
0000000000000001        2      162    11971        0      162    11971        0
0000000000000001        3      162    11971        0      162    11971        0
datapath         in-port  eth-dst           out-port packets  bytes
---------------- -------- ----------------- -------- -------- --------
0000000000000001        1       192.168.0.2        2        3      294
0000000000000001        1       192.168.0.3        3        3      294
0000000000000001        2       192.168.0.1        1        4      392
0000000000000001        3       192.168.0.1        1        4      392
datapath         port     rx-pkts  rx-bytes rx-error tx-pkts  tx-bytes tx-error
---------------- -------- -------- -------- -------- -------- -------- --------
0000000000000003        1       11      798        0      140    11076        0
0000000000000003        2      162    11971        0      162    11971        0
0000000000000003        3      160    11775        0      160    11775        0
datapath         in-port  eth-dst           out-port packets  bytes
---------------- -------- ----------------- -------- -------- --------
0000000000000003        1       192.168.0.1        2        4      392
0000000000000003        1       192.168.0.3        3        1       98
0000000000000003        2       192.168.0.2        1        4      392
0000000000000003        3       192.168.0.2        1        2      196
discovery--->==================================== discovery ====================================
discovery---> cls: [(1, 2), (1, 3), (2, 3)]
discovery--->=============================================================================
==================================== link detector ====================================

----------------------------
src    dst :    delay
1 <---> 2 : 2.4635791778564453
1 <---> 3 : 2.2335052490234375
2 <---> 3 : 2.2776126861572266
2 <---> 1 : 2.366304397583008
3 <---> 2 : 4.155397415161133
3 <---> 1 : 4.3964385986328125
==================================== link detector ====================================

----------------------------
src    dst :    delay
1 <---> 2 : 3.431081771850586
1 <---> 3 : 3.144979476928711
2 <---> 3 : 3.0670166015625
2 <---> 1 : 4.12440299987793
3 <---> 2 : 3.199338912963867
3 <---> 1 : 4.040956497192383
datapath         port     rx-pkts  rx-bytes rx-error tx-pkts  tx-bytes tx-error
---------------- -------- -------- -------- -------- -------- -------- --------
0000000000000002        1       11      798        0      148    11664        0
0000000000000002        2      167    12271        0      168    12331        0
0000000000000002        3      166    12135        0      165    12075        0
datapath         in-port  eth-dst           out-port packets  bytes
---------------- -------- ----------------- -------- -------- --------
0000000000000002        1       192.168.0.1        2        4      392
0000000000000002        1       192.168.0.2        3        2      196
0000000000000002        2       192.168.0.3        1        4      392
0000000000000002        3       192.168.0.3        1        2      196
datapath         port     rx-pkts  rx-bytes rx-error tx-pkts  tx-bytes tx-error
---------------- -------- -------- -------- -------- -------- -------- --------
0000000000000001        1       10      868        0      149    11782        0
0000000000000001        2      168    12331        0      167    12271        0
0000000000000001        3      168    12331        0      167    12271        0
datapath         in-port  eth-dst           out-port packets  bytes
---------------- -------- ----------------- -------- -------- --------
0000000000000001        1       192.168.0.2        2        3      294
0000000000000001        1       192.168.0.3        3        3      294
0000000000000001        2       192.168.0.1        1        4      392
0000000000000001        3       192.168.0.1        1        4      392
datapath         port     rx-pkts  rx-bytes rx-error tx-pkts  tx-bytes tx-error
---------------- -------- -------- -------- -------- -------- -------- --------
0000000000000003        1       11      798        0      145    11466        0
0000000000000003        2      167    12271        0      168    12331        0
0000000000000003        3      165    12075        0      166    12135        0
datapath         in-port  eth-dst           out-port packets  bytes
---------------- -------- ----------------- -------- -------- --------
0000000000000003        1       192.168.0.1        2        4      392
0000000000000003        1       192.168.0.3        3        1       98
0000000000000003        2       192.168.0.2        1        4      392
0000000000000003        3       192.168.0.2        1        2      196
discovery--->==================================== discovery ====================================
discovery---> cls: [(1, 2), (1, 3), (2, 3)]
discovery--->=============================================================================
==================================== link detector ====================================

----------------------------
src    dst :    delay
1 <---> 2 : 3.2842159271240234
1 <---> 3 : 3.27301025390625
2 <---> 3 : 2.83050537109375
2 <---> 1 : 3.950834274291992
3 <---> 2 : 3.7560462951660156
3 <---> 1 : 3.1740665435791016
datapath         port     rx-pkts  rx-bytes rx-error tx-pkts  tx-bytes tx-error
---------------- -------- -------- -------- -------- -------- -------- --------
0000000000000002        1       11      798        0      153    12054        0
0000000000000002        2      174    12834        0      175    12894        0
0000000000000002        3      172    12638        0      172    12638        0
datapath         in-port  eth-dst           out-port packets  bytes
---------------- -------- ----------------- -------- -------- --------
0000000000000002        1       192.168.0.1        2        4      392
0000000000000002        1       192.168.0.2        3        2      196
0000000000000002        2       192.168.0.3        1        4      392
0000000000000002        3       192.168.0.3        1        2      196
datapath         port     rx-pkts  rx-bytes rx-error tx-pkts  tx-bytes tx-error
---------------- -------- -------- -------- -------- -------- -------- --------
0000000000000001        1       10      868        0      155    12250        0
0000000000000001        2      176    12964        0      174    12834        0
0000000000000001        3      175    12894        0      174    12834        0
datapath         in-port  eth-dst           out-port packets  bytes
---------------- -------- ----------------- -------- -------- --------
0000000000000001        1       192.168.0.2        2        3      294
0000000000000001        1       192.168.0.3        3        3      294
0000000000000001        2       192.168.0.1        1        4      392
0000000000000001        3       192.168.0.1        1        4      392
datapath         port     rx-pkts  rx-bytes rx-error tx-pkts  tx-bytes tx-error
---------------- -------- -------- -------- -------- -------- -------- --------
0000000000000003        1       11      798        0      151    11934        0
0000000000000003        2      174    12834        0      176    12964        0
0000000000000003        3      172    12638        0      172    12638        0
datapath         in-port  eth-dst           out-port packets  bytes
---------------- -------- ----------------- -------- -------- --------
0000000000000003        1       192.168.0.1        2        4      392
0000000000000003        1       192.168.0.3        3        1       98
0000000000000003        2       192.168.0.2        1        4      392
0000000000000003        3       192.168.0.2        1        2      196
discovery--->==================================== discovery ====================================
discovery---> cls: [(1, 2), (1, 3), (2, 3)]
discovery--->=============================================================================
==================================== link detector ====================================

----------------------------
src    dst :    delay
1 <---> 2 : 2.9745101928710938
1 <---> 3 : 2.948760986328125
2 <---> 3 : 4.179477691650391
2 <---> 1 : 2.617359161376953
3 <---> 2 : 4.080057144165039
3 <---> 1 : 3.9827823638916016
==================================== link detector ====================================

----------------------------
src    dst :    delay
1 <---> 2 : 2.6581287384033203
1 <---> 3 : 3.8290023803710938
2 <---> 3 : 4.047393798828125
2 <---> 1 : 2.7680397033691406
3 <---> 2 : 3.9043426513671875
3 <---> 1 : 4.268407821655273
datapath         port     rx-pkts  rx-bytes rx-error tx-pkts  tx-bytes tx-error
---------------- -------- -------- -------- -------- -------- -------- --------
0000000000000002        1       11      798        0      159    12522        0
0000000000000002        2      179    13134        0      180    13194        0
0000000000000002        3      179    13068        0      178    13008        0
datapath         in-port  eth-dst           out-port packets  bytes
---------------- -------- ----------------- -------- -------- --------
0000000000000002        1       192.168.0.1        2        4      392
0000000000000002        1       192.168.0.2        3        2      196
0000000000000002        2       192.168.0.3        1        4      392
0000000000000002        3       192.168.0.3        1        2      196
datapath         port     rx-pkts  rx-bytes rx-error tx-pkts  tx-bytes tx-error
---------------- -------- -------- -------- -------- -------- -------- --------
0000000000000003        1       11      798        0      156    12324        0
0000000000000003        2      179    13134        0      181    13264        0
0000000000000003        3      178    13008        0      179    13068        0
datapath         in-port  eth-dst           out-port packets  bytes
---------------- -------- ----------------- -------- -------- --------
0000000000000003        1       192.168.0.1        2        4      392
0000000000000003        1       192.168.0.3        3        1       98
0000000000000003        2       192.168.0.2        1        4      392
0000000000000003        3       192.168.0.2        1        2      196
datapath         port     rx-pkts  rx-bytes rx-error tx-pkts  tx-bytes tx-error
---------------- -------- -------- -------- -------- -------- -------- --------
0000000000000001        1       10      868        0      160    12640        0
0000000000000001        2      181    13264        0      179    13134        0
0000000000000001        3      180    13194        0      179    13134        0
datapath         in-port  eth-dst           out-port packets  bytes
---------------- -------- ----------------- -------- -------- --------
0000000000000001        1       192.168.0.2        2        3      294
0000000000000001        1       192.168.0.3        3        3      294
0000000000000001        2       192.168.0.1        1        4      392
0000000000000001        3       192.168.0.1        1        4      392
discovery--->==================================== discovery ====================================
discovery---> cls: [(1, 2), (1, 3), (2, 3)]
discovery--->=============================================================================
==================================== link detector ====================================

----------------------------
src    dst :    delay
1 <---> 2 : 4.194021224975586
1 <---> 3 : 3.9815902709960938
2 <---> 3 : 4.193782806396484
2 <---> 1 : 3.6194324493408203
3 <---> 2 : 3.8442611694335938
3 <---> 1 : 2.6755332946777344
datapath         port     rx-pkts  rx-bytes rx-error tx-pkts  tx-bytes tx-error
---------------- -------- -------- -------- -------- -------- -------- --------
0000000000000001        1       10      868        0      166    13108        0
0000000000000001        2      187    13624        0      186    13564        0
0000000000000001        3      187    13624        0      186    13564        0
datapath         in-port  eth-dst           out-port packets  bytes
---------------- -------- ----------------- -------- -------- --------
0000000000000001        1       192.168.0.2        2        3      294
0000000000000001        1       192.168.0.3        3        3      294
0000000000000001        2       192.168.0.1        1        4      392
0000000000000001        3       192.168.0.1        1        4      392
datapath         port     rx-pkts  rx-bytes rx-error tx-pkts  tx-bytes tx-error
---------------- -------- -------- -------- -------- -------- -------- --------
0000000000000002        1       11      798        0      164    12912        0
0000000000000002        2      186    13564        0      187    13624        0
0000000000000002        3      185    13428        0      184    13368        0
datapath         in-port  eth-dst           out-port packets  bytes
---------------- -------- ----------------- -------- -------- --------
0000000000000002        1       192.168.0.1        2        4      392
0000000000000002        1       192.168.0.2        3        2      196
0000000000000002        2       192.168.0.3        1        4      392
0000000000000002        3       192.168.0.3        1        2      196
datapath         port     rx-pkts  rx-bytes rx-error tx-pkts  tx-bytes tx-error
---------------- -------- -------- -------- -------- -------- -------- --------
0000000000000003        1       11      798        0      162    12792        0
0000000000000003        2      186    13564        0      187    13624        0
0000000000000003        3      184    13368        0      185    13428        0
datapath         in-port  eth-dst           out-port packets  bytes
---------------- -------- ----------------- -------- -------- --------
0000000000000003        1       192.168.0.1        2        4      392
0000000000000003        1       192.168.0.3        3        1       98
0000000000000003        2       192.168.0.2        1        4      392
0000000000000003        3       192.168.0.2        1        2      196
discovery--->==================================== discovery ====================================
discovery---> cls: [(1, 2), (1, 3), (2, 3)]
discovery--->=============================================================================
==================================== link detector ====================================

----------------------------
src    dst :    delay
1 <---> 2 : 4.054784774780273
1 <---> 3 : 2.4230480194091797
2 <---> 3 : 2.5310516357421875
2 <---> 1 : 3.1697750091552734
3 <---> 2 : 3.276348114013672
3 <---> 1 : 4.453420639038086
==================================== link detector ====================================

----------------------------
src    dst :    delay
1 <---> 2 : 3.847837448120117
1 <---> 3 : 2.923250198364258
2 <---> 3 : 4.144906997680664
2 <---> 1 : 3.9479732513427734
3 <---> 2 : 2.7153491973876953
3 <---> 1 : 3.9911270141601562
---> OFPPortStatus received: reason=MODIFY desc=OFPPort(port_no=1,hw_addr='30:00:00:00:00:00',name=b'ap3-wlan1',config=0,state=4,curr=0,advertised=0,supported=0,peer=0,curr_speed=0,max_speed=0)
datapath         port     rx-pkts  rx-bytes rx-error tx-pkts  tx-bytes tx-error
---------------- -------- -------- -------- -------- -------- -------- --------
0000000000000001        1       10      868        0      171    13498        0
0000000000000001        2      192    13924        0      192    13924        0
0000000000000001        3      192    13924        0      192    13924        0
datapath         in-port  eth-dst           out-port packets  bytes
---------------- -------- ----------------- -------- -------- --------
0000000000000001        1       192.168.0.2        2        3      294
0000000000000001        1       192.168.0.3        3        3      294
0000000000000001        2       192.168.0.1        1        4      392
0000000000000001        3       192.168.0.1        1        4      392
datapath         port     rx-pkts  rx-bytes rx-error tx-pkts  tx-bytes tx-error
---------------- -------- -------- -------- -------- -------- -------- --------
0000000000000003        1       11      798        0      167    13182        0
0000000000000003        2      192    13924        0      192    13924        0
0000000000000003        3      189    13668        0      190    13728        0
datapath         in-port  eth-dst           out-port packets  bytes
---------------- -------- ----------------- -------- -------- --------
0000000000000003        1       192.168.0.1        2        4      392
0000000000000003        1       192.168.0.3        3        1       98
0000000000000003        2       192.168.0.2        1        4      392
0000000000000003        3       192.168.0.2        1        2      196
datapath         port     rx-pkts  rx-bytes rx-error tx-pkts  tx-bytes tx-error
---------------- -------- -------- -------- -------- -------- -------- --------
0000000000000002        1       11      798        0      170    13380        0
0000000000000002        2      192    13924        0      192    13924        0
0000000000000002        3      190    13728        0      189    13668        0
datapath         in-port  eth-dst           out-port packets  bytes
---------------- -------- ----------------- -------- -------- --------
0000000000000002        1       192.168.0.1        2        4      392
0000000000000002        1       192.168.0.2        3        2      196
0000000000000002        2       192.168.0.3        1        4      392
0000000000000002        3       192.168.0.3        1        2      196
discovery--->==================================== discovery ====================================
discovery---> cls: [(1, 2), (1, 3), (2, 3)]
discovery--->=============================================================================
==================================== link detector ====================================

----------------------------
src    dst :    delay
1 <---> 2 : 3.9834976196289062
1 <---> 3 : 2.5606155395507812
2 <---> 3 : 2.648591995239258
2 <---> 1 : 2.6307106018066406
3 <---> 2 : 2.7260780334472656
3 <---> 1 : 4.016637802124023
datapath         port     rx-pkts  rx-bytes rx-error tx-pkts  tx-bytes tx-error
---------------- -------- -------- -------- -------- -------- -------- --------
0000000000000002        1       11      798        0      176    13848        0
0000000000000002        2      197    14224        0      198    14284        0
0000000000000002        3      196    14088        0      195    14028        0
datapath         in-port  eth-dst           out-port packets  bytes
---------------- -------- ----------------- -------- -------- --------
0000000000000002        1       192.168.0.1        2        4      392
0000000000000002        1       192.168.0.2        3        2      196
0000000000000002        2       192.168.0.3        1        4      392
0000000000000002        3       192.168.0.3        1        2      196
datapath         port     rx-pkts  rx-bytes rx-error tx-pkts  tx-bytes tx-error
---------------- -------- -------- -------- -------- -------- -------- --------
0000000000000003        1       11      798        0      173    13650        0
0000000000000003        2      197    14224        0      198    14284        0
0000000000000003        3      195    14028        0      196    14088        0
datapath         in-port  eth-dst           out-port packets  bytes
---------------- -------- ----------------- -------- -------- --------
0000000000000003        1       192.168.0.1        2        4      392
0000000000000003        1       192.168.0.3        3        1       98
0000000000000003        2       192.168.0.2        1        4      392
0000000000000003        3       192.168.0.2        1        2      196
datapath         port     rx-pkts  rx-bytes rx-error tx-pkts  tx-bytes tx-error
---------------- -------- -------- -------- -------- -------- -------- --------
0000000000000001        1       10      868        0      177    13966        0
0000000000000001        2      198    14284        0      197    14224        0
0000000000000001        3      198    14284        0      197    14224        0
datapath         in-port  eth-dst           out-port packets  bytes
---------------- -------- ----------------- -------- -------- --------
0000000000000001        1       192.168.0.2        2        3      294
0000000000000001        1       192.168.0.3        3        3      294
0000000000000001        2       192.168.0.1        1        4      392
0000000000000001        3       192.168.0.1        1        4      392
discovery--->==================================== discovery ====================================
discovery---> cls: [(1, 2), (1, 3), (2, 3)]
discovery--->=============================================================================
==================================== link detector ====================================

----------------------------
src    dst :    delay
1 <---> 2 : 3.1948089599609375
1 <---> 3 : 3.5400390625
2 <---> 3 : 3.996133804321289
2 <---> 1 : 3.556489944458008
3 <---> 2 : 2.425670623779297
3 <---> 1 : 2.705097198486328
==================================== link detector ====================================

----------------------------
src    dst :    delay
1 <---> 2 : 2.772808074951172
1 <---> 3 : 2.9783248901367188
2 <---> 3 : 3.111124038696289
2 <---> 1 : 2.6526451110839844
3 <---> 2 : 3.460407257080078
3 <---> 1 : 3.9610862731933594
datapath         port     rx-pkts  rx-bytes rx-error tx-pkts  tx-bytes tx-error
---------------- -------- -------- -------- -------- -------- -------- --------
0000000000000002        1       11      798        0      182    14316        0
0000000000000002        2      203    14584        0      203    14584        0
0000000000000002        3      201    14388        0      200    14328        0
datapath         in-port  eth-dst           out-port packets  bytes
---------------- -------- ----------------- -------- -------- --------
0000000000000002        1       192.168.0.1        2        4      392
0000000000000002        1       192.168.0.2        3        2      196
0000000000000002        2       192.168.0.3        1        4      392
0000000000000002        3       192.168.0.3        1        2      196
datapath         port     rx-pkts  rx-bytes rx-error tx-pkts  tx-bytes tx-error
---------------- -------- -------- -------- -------- -------- -------- --------
0000000000000003        1       11      798        0      178    14040        0
0000000000000003        2      203    14584        0      203    14584        0
0000000000000003        3      200    14328        0      201    14388        0
datapath         in-port  eth-dst           out-port packets  bytes
---------------- -------- ----------------- -------- -------- --------
0000000000000003        1       192.168.0.1        2        4      392
0000000000000003        1       192.168.0.3        3        1       98
0000000000000003        2       192.168.0.2        1        4      392
0000000000000003        3       192.168.0.2        1        2      196
datapath         port     rx-pkts  rx-bytes rx-error tx-pkts  tx-bytes tx-error
---------------- -------- -------- -------- -------- -------- -------- --------
0000000000000001        1       10      868        0      183    14434        0
0000000000000001        2      203    14584        0      203    14584        0
0000000000000001        3      203    14584        0      203    14584        0
datapath         in-port  eth-dst           out-port packets  bytes
---------------- -------- ----------------- -------- -------- --------
0000000000000001        1       192.168.0.2        2        3      294
0000000000000001        1       192.168.0.3        3        3      294
0000000000000001        2       192.168.0.1        1        4      392
0000000000000001        3       192.168.0.1        1        4      392
discovery--->==================================== discovery ====================================
discovery---> cls: [(1, 2), (1, 3), (2, 3)]
discovery--->=============================================================================
==================================== link detector ====================================

----------------------------
src    dst :    delay
1 <---> 2 : 4.065036773681641
1 <---> 3 : 4.054546356201172
2 <---> 3 : 4.097700119018555
2 <---> 1 : 2.7070045471191406
3 <---> 2 : 4.497051239013672
3 <---> 1 : 2.730846405029297
==================================== link detector ====================================

----------------------------
src    dst :    delay
1 <---> 2 : 3.0455589294433594
1 <---> 3 : 4.157066345214844
2 <---> 3 : 3.9587020874023438
2 <---> 1 : 3.731966018676758
3 <---> 2 : 3.0350685119628906
3 <---> 1 : 3.6857128143310547
datapath         port     rx-pkts  rx-bytes rx-error tx-pkts  tx-bytes tx-error
---------------- -------- -------- -------- -------- -------- -------- --------
0000000000000002        1       11      798        0      187    14706        0
0000000000000002        2      208    14884        0      209    14944        0
0000000000000002        3      207    14748        0      206    14688        0
datapath         in-port  eth-dst           out-port packets  bytes
---------------- -------- ----------------- -------- -------- --------
0000000000000002        1       192.168.0.1        2        4      392
0000000000000002        1       192.168.0.2        3        2      196
0000000000000002        2       192.168.0.3        1        4      392
0000000000000002        3       192.168.0.3        1        2      196
datapath         port     rx-pkts  rx-bytes rx-error tx-pkts  tx-bytes tx-error
---------------- -------- -------- -------- -------- -------- -------- --------
0000000000000003        1       11      798        0      184    14508        0
0000000000000003        2      208    14884        0      209    14944        0
0000000000000003        3      206    14688        0      207    14748        0
datapath         in-port  eth-dst           out-port packets  bytes
---------------- -------- ----------------- -------- -------- --------
0000000000000003        1       192.168.0.1        2        4      392
0000000000000003        1       192.168.0.3        3        1       98
0000000000000003        2       192.168.0.2        1        4      392
0000000000000003        3       192.168.0.2        1        2      196
datapath         port     rx-pkts  rx-bytes rx-error tx-pkts  tx-bytes tx-error
---------------- -------- -------- -------- -------- -------- -------- --------
0000000000000001        1       10      868        0      188    14824        0
0000000000000001        2      209    14944        0      208    14884        0
0000000000000001        3      209    14944        0      208    14884        0
datapath         in-port  eth-dst           out-port packets  bytes
---------------- -------- ----------------- -------- -------- --------
0000000000000001        1       192.168.0.2        2        3      294
0000000000000001        1       192.168.0.3        3        3      294
0000000000000001        2       192.168.0.1        1        4      392
0000000000000001        3       192.168.0.1        1        4      392
discovery--->==================================== discovery ====================================
discovery---> cls: [(1, 2), (1, 3), (2, 3)]
discovery--->=============================================================================
==================================== link detector ====================================

----------------------------
src    dst :    delay
1 <---> 2 : 3.9796829223632812
1 <---> 3 : 3.165006637573242
2 <---> 3 : 2.628803253173828
2 <---> 1 : 4.195451736450195
3 <---> 2 : 4.212617874145508
3 <---> 1 : 4.077911376953125
datapath         port     rx-pkts  rx-bytes rx-error tx-pkts  tx-bytes tx-error
---------------- -------- -------- -------- -------- -------- -------- --------
0000000000000002        1       11      798        0      193    15174        0
0000000000000002        2      214    15244        0      214    15244        0
0000000000000002        3      212    15048        0      212    15048        0
datapath         in-port  eth-dst           out-port packets  bytes
---------------- -------- ----------------- -------- -------- --------
0000000000000002        1       192.168.0.1        2        4      392
0000000000000002        1       192.168.0.2        3        2      196
0000000000000002        2       192.168.0.3        1        4      392
0000000000000002        3       192.168.0.3        1        2      196
datapath         port     rx-pkts  rx-bytes rx-error tx-pkts  tx-bytes tx-error
---------------- -------- -------- -------- -------- -------- -------- --------
0000000000000003        1       11      798        0      189    14898        0
0000000000000003        2      214    15244        0      214    15244        0
0000000000000003        3      212    15048        0      212    15048        0
datapath         in-port  eth-dst           out-port packets  bytes
---------------- -------- ----------------- -------- -------- --------
0000000000000003        1       192.168.0.1        2        4      392
0000000000000003        1       192.168.0.3        3        1       98
0000000000000003        2       192.168.0.2        1        4      392
0000000000000003        3       192.168.0.2        1        2      196
datapath         port     rx-pkts  rx-bytes rx-error tx-pkts  tx-bytes tx-error
---------------- -------- -------- -------- -------- -------- -------- --------
0000000000000001        1       10      868        0      194    15292        0
0000000000000001        2      214    15244        0      214    15244        0
0000000000000001        3      214    15244        0      214    15244        0
datapath         in-port  eth-dst           out-port packets  bytes
---------------- -------- ----------------- -------- -------- --------
0000000000000001        1       192.168.0.2        2        3      294
0000000000000001        1       192.168.0.3        3        3      294
0000000000000001        2       192.168.0.1        1        4      392
0000000000000001        3       192.168.0.1        1        4      392
discovery--->==================================== discovery ====================================
discovery---> cls: [(1, 2), (1, 3), (2, 3)]
discovery--->=============================================================================
==================================== link detector ====================================

----------------------------
src    dst :    delay
1 <---> 2 : 4.084110260009766
1 <---> 3 : 3.0241012573242188
2 <---> 3 : 4.170656204223633
2 <---> 1 : 3.118276596069336
3 <---> 2 : 4.281520843505859
3 <---> 1 : 3.0927658081054688
==================================== link detector ====================================

----------------------------
src    dst :    delay
1 <---> 2 : 4.1332244873046875
1 <---> 3 : 4.186391830444336
2 <---> 3 : 4.508495330810547
2 <---> 1 : 4.157304763793945
3 <---> 2 : 2.645254135131836
3 <---> 1 : 4.026174545288086
datapath         port     rx-pkts  rx-bytes rx-error tx-pkts  tx-bytes tx-error
---------------- -------- -------- -------- -------- -------- -------- --------
0000000000000002        1       11      798        0      198    15564        0
0000000000000002        2      219    15544        0      220    15604        0
0000000000000002        3      218    15408        0      217    15348        0
datapath         in-port  eth-dst           out-port packets  bytes
---------------- -------- ----------------- -------- -------- --------
0000000000000002        1       192.168.0.1        2        4      392
0000000000000002        1       192.168.0.2        3        2      196
0000000000000002        2       192.168.0.3        1        4      392
0000000000000002        3       192.168.0.3        1        2      196
datapath         port     rx-pkts  rx-bytes rx-error tx-pkts  tx-bytes tx-error
---------------- -------- -------- -------- -------- -------- -------- --------
0000000000000001        1       10      868        0      199    15682        0
0000000000000001        2      220    15604        0      219    15544        0
0000000000000001        3      220    15604        0      219    15544        0
datapath         in-port  eth-dst           out-port packets  bytes
---------------- -------- ----------------- -------- -------- --------
0000000000000001        1       192.168.0.2        2        3      294
0000000000000001        1       192.168.0.3        3        3      294
0000000000000001        2       192.168.0.1        1        4      392
0000000000000001        3       192.168.0.1        1        4      392
datapath         port     rx-pkts  rx-bytes rx-error tx-pkts  tx-bytes tx-error
---------------- -------- -------- -------- -------- -------- -------- --------
0000000000000003        1       11      798        0      195    15366        0
0000000000000003        2      219    15544        0      220    15604        0
0000000000000003        3      217    15348        0      218    15408        0
datapath         in-port  eth-dst           out-port packets  bytes
---------------- -------- ----------------- -------- -------- --------
0000000000000003        1       192.168.0.1        2        4      392
0000000000000003        1       192.168.0.3        3        1       98
0000000000000003        2       192.168.0.2        1        4      392
0000000000000003        3       192.168.0.2        1        2      196
discovery--->==================================== discovery ====================================
discovery---> cls: [(1, 2), (1, 3), (2, 3)]
discovery--->=============================================================================
==================================== link detector ====================================

----------------------------
src    dst :    delay
1 <---> 2 : 4.010438919067383
1 <---> 3 : 3.885507583618164
2 <---> 3 : 3.3817291259765625
2 <---> 1 : 3.024578094482422
3 <---> 2 : 3.84521484375
3 <---> 1 : 3.1003952026367188
datapath         port     rx-pkts  rx-bytes rx-error tx-pkts  tx-bytes tx-error
---------------- -------- -------- -------- -------- -------- -------- --------
0000000000000002        1       11      798        0      204    16032        0
0000000000000002        2      225    15904        0      225    15904        0
0000000000000002        3      223    15708        0      223    15708        0
datapath         in-port  eth-dst           out-port packets  bytes
---------------- -------- ----------------- -------- -------- --------
0000000000000002        1       192.168.0.1        2        4      392
0000000000000002        1       192.168.0.2        3        2      196
0000000000000002        2       192.168.0.3        1        4      392
0000000000000002        3       192.168.0.3        1        2      196
datapath         port     rx-pkts  rx-bytes rx-error tx-pkts  tx-bytes tx-error
---------------- -------- -------- -------- -------- -------- -------- --------
0000000000000001        1       10      868        0      205    16150        0
0000000000000001        2      226    15964        0      225    15904        0
0000000000000001        3      225    15904        0      225    15904        0
datapath         in-port  eth-dst           out-port packets  bytes
---------------- -------- ----------------- -------- -------- --------
0000000000000001        1       192.168.0.2        2        3      294
0000000000000001        1       192.168.0.3        3        3      294
0000000000000001        2       192.168.0.1        1        4      392
0000000000000001        3       192.168.0.1        1        4      392
datapath         port     rx-pkts  rx-bytes rx-error tx-pkts  tx-bytes tx-error
---------------- -------- -------- -------- -------- -------- -------- --------
0000000000000003        1       11      798        0      201    15834        0
0000000000000003        2      225    15904        0      226    15964        0
0000000000000003        3      223    15708        0      223    15708        0
datapath         in-port  eth-dst           out-port packets  bytes
---------------- -------- ----------------- -------- -------- --------
0000000000000003        1       192.168.0.1        2        4      392
0000000000000003        1       192.168.0.3        3        1       98
0000000000000003        2       192.168.0.2        1        4      392
0000000000000003        3       192.168.0.2        1        2      196
discovery--->==================================== discovery ====================================
discovery---> cls: [(1, 2), (1, 3), (2, 3)]
discovery--->=============================================================================
==================================== link detector ====================================

----------------------------
src    dst :    delay
1 <---> 2 : 2.720355987548828
1 <---> 3 : 4.120588302612305
2 <---> 3 : 3.1948089599609375
2 <---> 1 : 2.4955272674560547
3 <---> 2 : 3.489255905151367
3 <---> 1 : 3.7665367126464844
---> OFPPortStatus received: reason=MODIFY desc=OFPPort(port_no=1,hw_addr='10:00:00:00:00:00',name=b'ap1-wlan1',config=0,state=4,curr=0,advertised=0,supported=0,peer=0,curr_speed=0,max_speed=0)
---> OFPPortStatus received: reason=MODIFY desc=OFPPort(port_no=1,hw_addr='20:00:00:00:00:00',name=b'ap2-wlan1',config=0,state=4,curr=0,advertised=0,supported=0,peer=0,curr_speed=0,max_speed=0)
---> OFPPortStatus received: reason=MODIFY desc=OFPPort(port_no=2,hw_addr='0e:8f:95:fb:3a:b9',name=b'ap2-eth2',config=0,state=4,curr=2112,advertised=0,supported=0,peer=0,curr_speed=10000000,max_speed=0)
---> OFPPortStatus received: reason=MODIFY desc=OFPPort(port_no=2,hw_addr='4e:5f:8b:b6:f1:4b',name=b'ap1-eth2',config=0,state=4,curr=2112,advertised=0,supported=0,peer=0,curr_speed=10000000,max_speed=0)
---> OFPPortStatus received: reason=MODIFY desc=OFPPort(port_no=2,hw_addr='e2:b7:dc:6f:e5:3e',name=b'ap3-eth2',config=0,state=4,curr=2112,advertised=0,supported=0,peer=0,curr_speed=10000000,max_speed=0)
---> OFPPortStatus received: reason=MODIFY desc=OFPPort(port_no=3,hw_addr='02:23:cf:95:c7:a2',name=b'ap1-eth3',config=0,state=4,curr=2112,advertised=0,supported=0,peer=0,curr_speed=10000000,max_speed=0)
---> OFPPortStatus received: reason=MODIFY desc=OFPPort(port_no=3,hw_addr='92:23:85:00:aa:8d',name=b'ap3-eth3',config=0,state=4,curr=2112,advertised=0,supported=0,peer=0,curr_speed=10000000,max_speed=0)
---> OFPPortStatus received: reason=MODIFY desc=OFPPort(port_no=3,hw_addr='d2:38:8c:b5:af:e7',name=b'ap2-eth3',config=0,state=4,curr=2112,advertised=0,supported=0,peer=0,curr_speed=10000000,max_speed=0)
==================================== link detector ====================================

----------------------------
src    dst :    delay
1 <---> 2 : 2.6941299438476562
1 <---> 3 : 4.528999328613281
2 <---> 3 : 2.6328563690185547
2 <---> 1 : 3.216266632080078
3 <---> 2 : 2.566099166870117
3 <---> 1 : 2.610445022583008
datapath         port     rx-pkts  rx-bytes rx-error tx-pkts  tx-bytes tx-error
---------------- -------- -------- -------- -------- -------- -------- --------
0000000000000002        1       11      798        0      209    16422        0
0000000000000002        2      230    16204        0      232    16324        0
0000000000000002        3      229    16068        0      228    16008        0
datapath         in-port  eth-dst           out-port packets  bytes
---------------- -------- ----------------- -------- -------- --------
0000000000000002        1       192.168.0.1        2        4      392
0000000000000002        1       192.168.0.2        3        2      196
0000000000000002        2       192.168.0.3        1        4      392
0000000000000002        3       192.168.0.3        1        2      196
datapath         port     rx-pkts  rx-bytes rx-error tx-pkts  tx-bytes tx-error
---------------- -------- -------- -------- -------- -------- -------- --------
0000000000000001        1       10      868        0      211    16618        0
0000000000000001        2      232    16324        0      231    16264        0
0000000000000001        3      232    16324        0      230    16204        0
datapath         in-port  eth-dst           out-port packets  bytes
---------------- -------- ----------------- -------- -------- --------
0000000000000001        1       192.168.0.2        2        3      294
0000000000000001        1       192.168.0.3        3        3      294
0000000000000001        2       192.168.0.1        1        4      392
0000000000000001        3       192.168.0.1        1        4      392
datapath         port     rx-pkts  rx-bytes rx-error tx-pkts  tx-bytes tx-error
---------------- -------- -------- -------- -------- -------- -------- --------
0000000000000003        1       11      798        0      207    16302        0
0000000000000003        2      231    16264        0      232    16324        0
0000000000000003        3      228    16008        0      229    16068        0
datapath         in-port  eth-dst           out-port packets  bytes
---------------- -------- ----------------- -------- -------- --------
0000000000000003        1       192.168.0.1        2        4      392
0000000000000003        1       192.168.0.3        3        1       98
0000000000000003        2       192.168.0.2        1        4      392
0000000000000003        3       192.168.0.2        1        2      196
discovery--->==================================== discovery ====================================
discovery---> cls: [(1, 2), (1, 3), (2, 3)]
discovery--->=============================================================================
==================================== link detector ====================================

----------------------------
src    dst :    delay
1 <---> 2 : 3.7147998809814453
1 <---> 3 : 3.329038619995117
2 <---> 3 : 2.894163131713867
2 <---> 1 : 3.769397735595703
3 <---> 2 : 3.0128955841064453
3 <---> 1 : 4.022359848022461
==================================== link detector ====================================

----------------------------
src    dst :    delay
1 <---> 2 : 2.6671886444091797
1 <---> 3 : 4.117012023925781
2 <---> 3 : 4.098176956176758
2 <---> 1 : 4.445314407348633
3 <---> 2 : 4.136085510253906
3 <---> 1 : 4.098415374755859
datapath         port     rx-pkts  rx-bytes rx-error tx-pkts  tx-bytes tx-error
---------------- -------- -------- -------- -------- -------- -------- --------
0000000000000001        1       10      868        0      216    17008        0
0000000000000001        2      237    16624        0      236    16564        0
0000000000000001        3      237    16624        0      236    16564        0
datapath         in-port  eth-dst           out-port packets  bytes
---------------- -------- ----------------- -------- -------- --------
0000000000000001        1       192.168.0.2        2        3      294
0000000000000001        1       192.168.0.3        3        3      294
0000000000000001        2       192.168.0.1        1        4      392
0000000000000001        3       192.168.0.1        1        4      392
datapath         port     rx-pkts  rx-bytes rx-error tx-pkts  tx-bytes tx-error
---------------- -------- -------- -------- -------- -------- -------- --------
0000000000000002        1       11      798        0      215    16890        0
0000000000000002        2      236    16564        0      237    16624        0
0000000000000002        3      235    16428        0      234    16368        0
datapath         in-port  eth-dst           out-port packets  bytes
---------------- -------- ----------------- -------- -------- --------
0000000000000002        1       192.168.0.1        2        4      392
0000000000000002        1       192.168.0.2        3        2      196
0000000000000002        2       192.168.0.3        1        4      392
0000000000000002        3       192.168.0.3        1        2      196
datapath         port     rx-pkts  rx-bytes rx-error tx-pkts  tx-bytes tx-error
---------------- -------- -------- -------- -------- -------- -------- --------
0000000000000003        1       11      798        0      212    16692        0
0000000000000003        2      236    16564        0      237    16624        0
0000000000000003        3      234    16368        0      235    16428        0
datapath         in-port  eth-dst           out-port packets  bytes
---------------- -------- ----------------- -------- -------- --------
0000000000000003        1       192.168.0.1        2        4      392
0000000000000003        1       192.168.0.3        3        1       98
0000000000000003        2       192.168.0.2        1        4      392
0000000000000003        3       192.168.0.2        1        2      196
discovery--->==================================== discovery ====================================
discovery---> cls: [(1, 2), (1, 3), (2, 3)]
discovery--->=============================================================================
==================================== link detector ====================================

----------------------------
src    dst :    delay
1 <---> 2 : 2.6466846466064453
1 <---> 3 : 2.7017593383789062
2 <---> 3 : 4.004240036010742
2 <---> 1 : 4.125118255615234
3 <---> 2 : 3.157377243041992
3 <---> 1 : 3.3111572265625
datapath         port     rx-pkts  rx-bytes rx-error tx-pkts  tx-bytes tx-error
---------------- -------- -------- -------- -------- -------- -------- --------
0000000000000001        1       10      868        0      222    17476        0
0000000000000001        2      243    16984        0      242    16924        0
0000000000000001        3      243    16984        0      242    16924        0
datapath         in-port  eth-dst           out-port packets  bytes
---------------- -------- ----------------- -------- -------- --------
0000000000000001        1       192.168.0.2        2        3      294
0000000000000001        1       192.168.0.3        3        3      294
0000000000000001        2       192.168.0.1        1        4      392
0000000000000001        3       192.168.0.1        1        4      392
datapath         port     rx-pkts  rx-bytes rx-error tx-pkts  tx-bytes tx-error
---------------- -------- -------- -------- -------- -------- -------- --------
0000000000000002        1       11      798        0      220    17280        0
0000000000000002        2      242    16924        0      243    16984        0
0000000000000002        3      240    16728        0      240    16728        0
datapath         in-port  eth-dst           out-port packets  bytes
---------------- -------- ----------------- -------- -------- --------
0000000000000002        1       192.168.0.1        2        4      392
0000000000000002        1       192.168.0.2        3        2      196
0000000000000002        2       192.168.0.3        1        4      392
0000000000000002        3       192.168.0.3        1        2      196
datapath         port     rx-pkts  rx-bytes rx-error tx-pkts  tx-bytes tx-error
---------------- -------- -------- -------- -------- -------- -------- --------
0000000000000003        1       11      798        0      218    17160        0
0000000000000003        2      242    16924        0      243    16984        0
0000000000000003        3      240    16728        0      240    16728        0
datapath         in-port  eth-dst           out-port packets  bytes
---------------- -------- ----------------- -------- -------- --------
0000000000000003        1       192.168.0.1        2        4      392
0000000000000003        1       192.168.0.3        3        1       98
0000000000000003        2       192.168.0.2        1        4      392
0000000000000003        3       192.168.0.2        1        2      196
discovery--->==================================== discovery ====================================
discovery---> cls: [(1, 2), (1, 3), (2, 3)]
discovery--->=============================================================================
==================================== link detector ====================================

----------------------------
src    dst :    delay
1 <---> 2 : 2.9761791229248047
1 <---> 3 : 3.1664371490478516
2 <---> 3 : 2.9540061950683594
2 <---> 1 : 3.1626224517822266
3 <---> 2 : 4.02522087097168
3 <---> 1 : 2.7866363525390625
==================================== link detector ====================================

----------------------------
src    dst :    delay
1 <---> 2 : 2.6907920837402344
1 <---> 3 : 4.123687744140625
2 <---> 3 : 4.367828369140625
2 <---> 1 : 3.4608840942382812
3 <---> 2 : 2.427339553833008
3 <---> 1 : 2.561330795288086
datapath         port     rx-pkts  rx-bytes rx-error tx-pkts  tx-bytes tx-error
---------------- -------- -------- -------- -------- -------- -------- --------
0000000000000002        1       11      798        0      226    17748        0
0000000000000002        2      247    17224        0      248    17284        0
0000000000000002        3      246    17088        0      245    17028        0
datapath         in-port  eth-dst           out-port packets  bytes
---------------- -------- ----------------- -------- -------- --------
0000000000000002        1       192.168.0.1        2        4      392
0000000000000002        1       192.168.0.2        3        2      196
0000000000000002        2       192.168.0.3        1        4      392
0000000000000002        3       192.168.0.3        1        2      196
datapath         port     rx-pkts  rx-bytes rx-error tx-pkts  tx-bytes tx-error
---------------- -------- -------- -------- -------- -------- -------- --------
0000000000000001        1       10      868        0      227    17866        0
0000000000000001        2      248    17284        0      247    17224        0
0000000000000001        3      248    17284        0      247    17224        0
datapath         in-port  eth-dst           out-port packets  bytes
---------------- -------- ----------------- -------- -------- --------
0000000000000001        1       192.168.0.2        2        3      294
0000000000000001        1       192.168.0.3        3        3      294
0000000000000001        2       192.168.0.1        1        4      392
0000000000000001        3       192.168.0.1        1        4      392
datapath         port     rx-pkts  rx-bytes rx-error tx-pkts  tx-bytes tx-error
---------------- -------- -------- -------- -------- -------- -------- --------
0000000000000003        1       11      798        0      223    17550        0
0000000000000003        2      247    17224        0      248    17284        0
0000000000000003        3      245    17028        0      246    17088        0
datapath         in-port  eth-dst           out-port packets  bytes
---------------- -------- ----------------- -------- -------- --------
0000000000000003        1       192.168.0.1        2        4      392
0000000000000003        1       192.168.0.3        3        1       98
0000000000000003        2       192.168.0.2        1        4      392
0000000000000003        3       192.168.0.2        1        2      196
discovery--->==================================== discovery ====================================
discovery---> cls: [(1, 2), (1, 3), (2, 3)]
discovery--->=============================================================================
==================================== link detector ====================================

----------------------------
src    dst :    delay
1 <---> 2 : 3.133058547973633
1 <---> 3 : 3.1769275665283203
2 <---> 3 : 3.0536651611328125
2 <---> 1 : 3.118753433227539
3 <---> 2 : 3.241300582885742
3 <---> 1 : 4.128217697143555
datapath         port     rx-pkts  rx-bytes rx-error tx-pkts  tx-bytes tx-error
---------------- -------- -------- -------- -------- -------- -------- --------
0000000000000002        1       11      798        0      231    18138        0
0000000000000002        2      253    17584        0      254    17644        0
0000000000000002        3      252    17448        0      251    17388        0
datapath         in-port  eth-dst           out-port packets  bytes
---------------- -------- ----------------- -------- -------- --------
0000000000000002        1       192.168.0.1        2        4      392
0000000000000002        1       192.168.0.2        3        2      196
0000000000000002        2       192.168.0.3        1        4      392
0000000000000002        3       192.168.0.3        1        2      196
datapath         port     rx-pkts  rx-bytes rx-error tx-pkts  tx-bytes tx-error
---------------- -------- -------- -------- -------- -------- -------- --------
0000000000000003        1       11      798        0      229    18018        0
0000000000000003        2      253    17584        0      254    17644        0
0000000000000003        3      251    17388        0      252    17448        0
datapath         in-port  eth-dst           out-port packets  bytes
---------------- -------- ----------------- -------- -------- --------
0000000000000003        1       192.168.0.1        2        4      392
0000000000000003        1       192.168.0.3        3        1       98
0000000000000003        2       192.168.0.2        1        4      392
0000000000000003        3       192.168.0.2        1        2      196
datapath         port     rx-pkts  rx-bytes rx-error tx-pkts  tx-bytes tx-error
---------------- -------- -------- -------- -------- -------- -------- --------
0000000000000001        1       10      868        0      233    18334        0
0000000000000001        2      254    17644        0      253    17584        0
0000000000000001        3      254    17644        0      253    17584        0
datapath         in-port  eth-dst           out-port packets  bytes
---------------- -------- ----------------- -------- -------- --------
0000000000000001        1       192.168.0.2        2        3      294
0000000000000001        1       192.168.0.3        3        3      294
0000000000000001        2       192.168.0.1        1        4      392
0000000000000001        3       192.168.0.1        1        4      392
discovery--->==================================== discovery ====================================
discovery---> cls: [(1, 2), (1, 3), (2, 3)]
discovery--->=============================================================================
==================================== link detector ====================================

----------------------------
src    dst :    delay
1 <---> 2 : 3.409147262573242
1 <---> 3 : 3.309011459350586
2 <---> 3 : 3.5517215728759766
2 <---> 1 : 3.194570541381836
3 <---> 2 : 3.0226707458496094
3 <---> 1 : 3.742218017578125
==================================== link detector ====================================

----------------------------
src    dst :    delay
1 <---> 2 : 2.7098655700683594
1 <---> 3 : 2.819061279296875
2 <---> 3 : 3.22723388671875
2 <---> 1 : 4.108428955078125
3 <---> 2 : 2.9931068420410156
3 <---> 1 : 3.0007362365722656
datapath         port     rx-pkts  rx-bytes rx-error tx-pkts  tx-bytes tx-error
---------------- -------- -------- -------- -------- -------- -------- --------
0000000000000002        1       11      798        0      237    18606        0
0000000000000002        2      258    17884        0      259    17944        0
0000000000000002        3      257    17748        0      256    17688        0
datapath         in-port  eth-dst           out-port packets  bytes
---------------- -------- ----------------- -------- -------- --------
0000000000000002        1       192.168.0.1        2        4      392
0000000000000002        1       192.168.0.2        3        2      196
0000000000000002        2       192.168.0.3        1        4      392
0000000000000002        3       192.168.0.3        1        2      196
datapath         port     rx-pkts  rx-bytes rx-error tx-pkts  tx-bytes tx-error
---------------- -------- -------- -------- -------- -------- -------- --------
0000000000000003        1       11      798        0      234    18408        0
0000000000000003        2      258    17884        0      259    17944        0
0000000000000003        3      256    17688        0      257    17748        0
datapath         in-port  eth-dst           out-port packets  bytes
---------------- -------- ----------------- -------- -------- --------
0000000000000003        1       192.168.0.1        2        4      392
0000000000000003        1       192.168.0.3        3        1       98
0000000000000003        2       192.168.0.2        1        4      392
0000000000000003        3       192.168.0.2        1        2      196
datapath         port     rx-pkts  rx-bytes rx-error tx-pkts  tx-bytes tx-error
---------------- -------- -------- -------- -------- -------- -------- --------
0000000000000001        1       10      868        0      239    18802        0
0000000000000001        2      259    17944        0      258    17884        0
0000000000000001        3      259    17944        0      258    17884        0
datapath         in-port  eth-dst           out-port packets  bytes
---------------- -------- ----------------- -------- -------- --------
0000000000000001        1       192.168.0.2        2        3      294
0000000000000001        1       192.168.0.3        3        3      294
0000000000000001        2       192.168.0.1        1        4      392
0000000000000001        3       192.168.0.1        1        4      392
discovery--->==================================== discovery ====================================
discovery---> cls: [(1, 2), (1, 3), (2, 3)]
discovery--->=============================================================================
==================================== link detector ====================================

----------------------------
src    dst :    delay
1 <---> 2 : 2.591371536254883
1 <---> 3 : 3.109455108642578
2 <---> 3 : 3.3316612243652344
2 <---> 1 : 3.437042236328125
3 <---> 2 : 2.4595260620117188
3 <---> 1 : 3.6084651947021484
==================================== link detector ====================================

----------------------------
src    dst :    delay
1 <---> 2 : 3.739595413208008
1 <---> 3 : 2.3424625396728516
2 <---> 3 : 3.8568973541259766
2 <---> 1 : 2.5565624237060547
3 <---> 2 : 3.0736923217773438
3 <---> 1 : 2.670764923095703
datapath         port     rx-pkts  rx-bytes rx-error tx-pkts  tx-bytes tx-error
---------------- -------- -------- -------- -------- -------- -------- --------
0000000000000002        1       11      798        0      243    19074        0
0000000000000002        2      264    18244        0      265    18304        0
0000000000000002        3      263    18108        0      262    18048        0
datapath         in-port  eth-dst           out-port packets  bytes
---------------- -------- ----------------- -------- -------- --------
0000000000000002        1       192.168.0.1        2        4      392
0000000000000002        1       192.168.0.2        3        2      196
0000000000000002        2       192.168.0.3        1        4      392
0000000000000002        3       192.168.0.3        1        2      196
datapath         port     rx-pkts  rx-bytes rx-error tx-pkts  tx-bytes tx-error
---------------- -------- -------- -------- -------- -------- -------- --------
0000000000000003        1       11      798        0      240    18876        0
0000000000000003        2      264    18244        0      265    18304        0
0000000000000003        3      262    18048        0      263    18108        0
datapath         in-port  eth-dst           out-port packets  bytes
---------------- -------- ----------------- -------- -------- --------
0000000000000003        1       192.168.0.1        2        4      392
0000000000000003        1       192.168.0.3        3        1       98
0000000000000003        2       192.168.0.2        1        4      392
0000000000000003        3       192.168.0.2        1        2      196
datapath         port     rx-pkts  rx-bytes rx-error tx-pkts  tx-bytes tx-error
---------------- -------- -------- -------- -------- -------- -------- --------
0000000000000001        1       10      868        0      244    19192        0
0000000000000001        2      265    18304        0      264    18244        0
0000000000000001        3      265    18304        0      264    18244        0
datapath         in-port  eth-dst           out-port packets  bytes
---------------- -------- ----------------- -------- -------- --------
0000000000000001        1       192.168.0.2        2        3      294
0000000000000001        1       192.168.0.3        3        3      294
0000000000000001        2       192.168.0.1        1        4      392
0000000000000001        3       192.168.0.1        1        4      392
discovery--->==================================== discovery ====================================
discovery---> cls: [(1, 2), (1, 3), (2, 3)]
discovery--->=============================================================================
==================================== link detector ====================================

----------------------------
src    dst :    delay
1 <---> 2 : 2.9299259185791016
1 <---> 3 : 3.3195018768310547
2 <---> 3 : 2.7747154235839844
2 <---> 1 : 2.7480125427246094
3 <---> 2 : 2.8846263885498047
3 <---> 1 : 3.615856170654297
datapath         port     rx-pkts  rx-bytes rx-error tx-pkts  tx-bytes tx-error
---------------- -------- -------- -------- -------- -------- -------- --------
0000000000000002        1       11      798        0      248    19464        0
0000000000000002        2      269    18544        0      270    18604        0
0000000000000002        3      268    18408        0      267    18348        0
datapath         in-port  eth-dst           out-port packets  bytes
---------------- -------- ----------------- -------- -------- --------
0000000000000002        1       192.168.0.1        2        4      392
0000000000000002        1       192.168.0.2        3        2      196
0000000000000002        2       192.168.0.3        1        4      392
0000000000000002        3       192.168.0.3        1        2      196
datapath         port     rx-pkts  rx-bytes rx-error tx-pkts  tx-bytes tx-error
---------------- -------- -------- -------- -------- -------- -------- --------
0000000000000001        1       10      868        0      250    19660        0
0000000000000001        2      270    18604        0      269    18544        0
0000000000000001        3      270    18604        0      269    18544        0
datapath         in-port  eth-dst           out-port packets  bytes
---------------- -------- ----------------- -------- -------- --------
0000000000000001        1       192.168.0.2        2        3      294
0000000000000001        1       192.168.0.3        3        3      294
0000000000000001        2       192.168.0.1        1        4      392
0000000000000001        3       192.168.0.1        1        4      392
datapath         port     rx-pkts  rx-bytes rx-error tx-pkts  tx-bytes tx-error
---------------- -------- -------- -------- -------- -------- -------- --------
0000000000000003        1       11      798        0      246    19344        0
0000000000000003        2      269    18544        0      270    18604        0
0000000000000003        3      267    18348        0      268    18408        0
datapath         in-port  eth-dst           out-port packets  bytes
---------------- -------- ----------------- -------- -------- --------
0000000000000003        1       192.168.0.1        2        4      392
0000000000000003        1       192.168.0.3        3        1       98
0000000000000003        2       192.168.0.2        1        4      392
0000000000000003        3       192.168.0.2        1        2      196
discovery--->==================================== discovery ====================================
discovery---> cls: [(1, 2), (1, 3), (2, 3)]
discovery--->=============================================================================
==================================== link detector ====================================

----------------------------
src    dst :    delay
1 <---> 2 : 3.5839080810546875
1 <---> 3 : 3.0851364135742188
2 <---> 3 : 3.0133724212646484
2 <---> 1 : 3.688812255859375
3 <---> 2 : 4.058361053466797
3 <---> 1 : 3.142833709716797
==================================== link detector ====================================

----------------------------
src    dst :    delay
1 <---> 2 : 4.132986068725586
1 <---> 3 : 2.8450489044189453
2 <---> 3 : 3.142118453979492
2 <---> 1 : 4.087686538696289
3 <---> 2 : 3.9415359497070312
3 <---> 1 : 2.611875534057617
datapath         port     rx-pkts  rx-bytes rx-error tx-pkts  tx-bytes tx-error
---------------- -------- -------- -------- -------- -------- -------- --------
0000000000000002        1       11      798        0      254    19932        0
0000000000000002        2      275    18904        0      276    18964        0
0000000000000002        3      274    18768        0      273    18708        0
datapath         in-port  eth-dst           out-port packets  bytes
---------------- -------- ----------------- -------- -------- --------
0000000000000002        1       192.168.0.1        2        4      392
0000000000000002        1       192.168.0.2        3        2      196
0000000000000002        2       192.168.0.3        1        4      392
0000000000000002        3       192.168.0.3        1        2      196
datapath         port     rx-pkts  rx-bytes rx-error tx-pkts  tx-bytes tx-error
---------------- -------- -------- -------- -------- -------- -------- --------
0000000000000001        1       10      868        0      255    20050        0
0000000000000001        2      276    18964        0      275    18904        0
0000000000000001        3      276    18964        0      275    18904        0
datapath         in-port  eth-dst           out-port packets  bytes
---------------- -------- ----------------- -------- -------- --------
0000000000000001        1       192.168.0.2        2        3      294
0000000000000001        1       192.168.0.3        3        3      294
0000000000000001        2       192.168.0.1        1        4      392
0000000000000001        3       192.168.0.1        1        4      392
datapath         port     rx-pkts  rx-bytes rx-error tx-pkts  tx-bytes tx-error
---------------- -------- -------- -------- -------- -------- -------- --------
0000000000000003        1       11      798        0      251    19734        0
0000000000000003        2      275    18904        0      276    18964        0
0000000000000003        3      273    18708        0      274    18768        0
datapath         in-port  eth-dst           out-port packets  bytes
---------------- -------- ----------------- -------- -------- --------
0000000000000003        1       192.168.0.1        2        4      392
0000000000000003        1       192.168.0.3        3        1       98
0000000000000003        2       192.168.0.2        1        4      392
0000000000000003        3       192.168.0.2        1        2      196
discovery--->==================================== discovery ====================================
discovery---> cls: [(1, 2), (1, 3), (2, 3)]
discovery--->=============================================================================
==================================== link detector ====================================

----------------------------
src    dst :    delay
1 <---> 2 : 4.014253616333008
1 <---> 3 : 4.1484832763671875
2 <---> 3 : 4.0836334228515625
2 <---> 1 : 2.6121139526367188
3 <---> 2 : 2.6602745056152344
3 <---> 1 : 2.7093887329101562
datapath         port     rx-pkts  rx-bytes rx-error tx-pkts  tx-bytes tx-error
---------------- -------- -------- -------- -------- -------- -------- --------
0000000000000002        1       11      798        0      259    20322        0
0000000000000002        2      280    19204        0      281    19264        0
0000000000000002        3      279    19068        0      278    19008        0
datapath         in-port  eth-dst           out-port packets  bytes
---------------- -------- ----------------- -------- -------- --------
0000000000000002        1       192.168.0.1        2        4      392
0000000000000002        1       192.168.0.2        3        2      196
0000000000000002        2       192.168.0.3        1        4      392
0000000000000002        3       192.168.0.3        1        2      196
datapath         port     rx-pkts  rx-bytes rx-error tx-pkts  tx-bytes tx-error
---------------- -------- -------- -------- -------- -------- -------- --------
0000000000000003        1       11      798        0      257    20202        0
0000000000000003        2      281    19264        0      282    19324        0
0000000000000003        3      278    19008        0      279    19068        0
datapath         in-port  eth-dst           out-port packets  bytes
---------------- -------- ----------------- -------- -------- --------
0000000000000003        1       192.168.0.1        2        4      392
0000000000000003        1       192.168.0.3        3        1       98
0000000000000003        2       192.168.0.2        1        4      392
0000000000000003        3       192.168.0.2        1        2      196
datapath         port     rx-pkts  rx-bytes rx-error tx-pkts  tx-bytes tx-error
---------------- -------- -------- -------- -------- -------- -------- --------
0000000000000001        1       10      868        0      261    20518        0
0000000000000001        2      282    19324        0      281    19264        0
0000000000000001        3      281    19264        0      280    19204        0
datapath         in-port  eth-dst           out-port packets  bytes
---------------- -------- ----------------- -------- -------- --------
0000000000000001        1       192.168.0.2        2        3      294
0000000000000001        1       192.168.0.3        3        3      294
0000000000000001        2       192.168.0.1        1        4      392
0000000000000001        3       192.168.0.1        1        4      392
discovery--->==================================== discovery ====================================
discovery---> cls: [(1, 2), (1, 3), (2, 3)]
discovery--->=============================================================================
==================================== link detector ====================================

----------------------------
src    dst :    delay
1 <---> 2 : 2.9647350311279297
1 <---> 3 : 2.9544830322265625
2 <---> 3 : 3.4720897674560547
2 <---> 1 : 2.866506576538086
3 <---> 2 : 3.4379959106445312
3 <---> 1 : 2.7332305908203125
==================================== link detector ====================================

----------------------------
src    dst :    delay
1 <---> 2 : 4.034280776977539
1 <---> 3 : 4.038333892822266
2 <---> 3 : 2.794981002807617
2 <---> 1 : 2.683877944946289
3 <---> 2 : 2.9761791229248047
3 <---> 1 : 4.157304763793945
datapath         port     rx-pkts  rx-bytes rx-error tx-pkts  tx-bytes tx-error
---------------- -------- -------- -------- -------- -------- -------- --------
0000000000000002        1       11      798        0      265    20790        0
0000000000000002        2      286    19564        0      287    19624        0
0000000000000002        3      285    19428        0      284    19368        0
datapath         in-port  eth-dst           out-port packets  bytes
---------------- -------- ----------------- -------- -------- --------
0000000000000002        1       192.168.0.1        2        4      392
0000000000000002        1       192.168.0.2        3        2      196
0000000000000002        2       192.168.0.3        1        4      392
0000000000000002        3       192.168.0.3        1        2      196
datapath         port     rx-pkts  rx-bytes rx-error tx-pkts  tx-bytes tx-error
---------------- -------- -------- -------- -------- -------- -------- --------
0000000000000003        1       11      798        0      262    20592        0
0000000000000003        2      286    19564        0      287    19624        0
0000000000000003        3      284    19368        0      285    19428        0
datapath         in-port  eth-dst           out-port packets  bytes
---------------- -------- ----------------- -------- -------- --------
0000000000000003        1       192.168.0.1        2        4      392
0000000000000003        1       192.168.0.3        3        1       98
0000000000000003        2       192.168.0.2        1        4      392
0000000000000003        3       192.168.0.2        1        2      196
datapath         port     rx-pkts  rx-bytes rx-error tx-pkts  tx-bytes tx-error
---------------- -------- -------- -------- -------- -------- -------- --------
0000000000000001        1       10      868        0      266    20908        0
0000000000000001        2      287    19624        0      286    19564        0
0000000000000001        3      287    19624        0      286    19564        0
datapath         in-port  eth-dst           out-port packets  bytes
---------------- -------- ----------------- -------- -------- --------
0000000000000001        1       192.168.0.2        2        3      294
0000000000000001        1       192.168.0.3        3        3      294
0000000000000001        2       192.168.0.1        1        4      392
0000000000000001        3       192.168.0.1        1        4      392
discovery--->==================================== discovery ====================================
discovery---> cls: [(1, 2), (1, 3), (2, 3)]
discovery--->=============================================================================
==================================== link detector ====================================

----------------------------
src    dst :    delay
1 <---> 2 : 3.2846927642822266
1 <---> 3 : 4.067420959472656
2 <---> 3 : 4.055976867675781
2 <---> 1 : 2.3827552795410156
3 <---> 2 : 4.160404205322266
3 <---> 1 : 4.153251647949219
datapath         port     rx-pkts  rx-bytes rx-error tx-pkts  tx-bytes tx-error
---------------- -------- -------- -------- -------- -------- -------- --------
0000000000000002        1       11      798        0      270    21180        0
0000000000000002        2      292    19924        0      293    19984        0
0000000000000002        3      290    19728        0      289    19668        0
datapath         in-port  eth-dst           out-port packets  bytes
---------------- -------- ----------------- -------- -------- --------
0000000000000002        1       192.168.0.1        2        4      392
0000000000000002        1       192.168.0.2        3        2      196
0000000000000002        2       192.168.0.3        1        4      392
0000000000000002        3       192.168.0.3        1        2      196
datapath         port     rx-pkts  rx-bytes rx-error tx-pkts  tx-bytes tx-error
---------------- -------- -------- -------- -------- -------- -------- --------
0000000000000003        1       11      798        0      268    21060        0
0000000000000003        2      292    19924        0      293    19984        0
0000000000000003        3      289    19668        0      290    19728        0
datapath         in-port  eth-dst           out-port packets  bytes
---------------- -------- ----------------- -------- -------- --------
0000000000000003        1       192.168.0.1        2        4      392
0000000000000003        1       192.168.0.3        3        1       98
0000000000000003        2       192.168.0.2        1        4      392
0000000000000003        3       192.168.0.2        1        2      196
datapath         port     rx-pkts  rx-bytes rx-error tx-pkts  tx-bytes tx-error
---------------- -------- -------- -------- -------- -------- -------- --------
0000000000000001        1       10      868        0      272    21376        0
0000000000000001        2      293    19984        0      292    19924        0
0000000000000001        3      293    19984        0      292    19924        0
datapath         in-port  eth-dst           out-port packets  bytes
---------------- -------- ----------------- -------- -------- --------
0000000000000001        1       192.168.0.2        2        3      294
0000000000000001        1       192.168.0.3        3        3      294
0000000000000001        2       192.168.0.1        1        4      392
0000000000000001        3       192.168.0.1        1        4      392
discovery--->==================================== discovery ====================================
discovery---> cls: [(1, 2), (1, 3), (2, 3)]
discovery--->=============================================================================
==================================== link detector ====================================

----------------------------
src    dst :    delay
1 <---> 2 : 2.702474594116211
1 <---> 3 : 4.065752029418945
2 <---> 3 : 4.480838775634766
2 <---> 1 : 3.995656967163086
3 <---> 2 : 2.9952526092529297
3 <---> 1 : 2.645730972290039
==================================== link detector ====================================

----------------------------
src    dst :    delay
1 <---> 2 : 4.061698913574219
1 <---> 3 : 3.5898685455322266
2 <---> 3 : 2.7828216552734375
2 <---> 1 : 3.4542083740234375
3 <---> 2 : 3.7178993225097656
3 <---> 1 : 3.489971160888672
datapath         port     rx-pkts  rx-bytes rx-error tx-pkts  tx-bytes tx-error
---------------- -------- -------- -------- -------- -------- -------- --------
0000000000000002        1       11      798        0      276    21648        0
0000000000000002        2      297    20224        0      298    20284        0
0000000000000002        3      296    20088        0      295    20028        0
datapath         in-port  eth-dst           out-port packets  bytes
---------------- -------- ----------------- -------- -------- --------
0000000000000002        1       192.168.0.1        2        4      392
0000000000000002        1       192.168.0.2        3        2      196
0000000000000002        2       192.168.0.3        1        4      392
0000000000000002        3       192.168.0.3        1        2      196
datapath         port     rx-pkts  rx-bytes rx-error tx-pkts  tx-bytes tx-error
---------------- -------- -------- -------- -------- -------- -------- --------
0000000000000001        1       10      868        0      277    21766        0
0000000000000001        2      298    20284        0      297    20224        0
0000000000000001        3      298    20284        0      297    20224        0
datapath         in-port  eth-dst           out-port packets  bytes
---------------- -------- ----------------- -------- -------- --------
0000000000000001        1       192.168.0.2        2        3      294
0000000000000001        1       192.168.0.3        3        3      294
0000000000000001        2       192.168.0.1        1        4      392
0000000000000001        3       192.168.0.1        1        4      392
datapath         port     rx-pkts  rx-bytes rx-error tx-pkts  tx-bytes tx-error
---------------- -------- -------- -------- -------- -------- -------- --------
0000000000000003        1       11      798        0      273    21450        0
0000000000000003        2      297    20224        0      298    20284        0
0000000000000003        3      295    20028        0      296    20088        0
datapath         in-port  eth-dst           out-port packets  bytes
---------------- -------- ----------------- -------- -------- --------
0000000000000003        1       192.168.0.1        2        4      392
0000000000000003        1       192.168.0.3        3        1       98
0000000000000003        2       192.168.0.2        1        4      392
0000000000000003        3       192.168.0.2        1        2      196
discovery--->==================================== discovery ====================================
discovery---> cls: [(1, 2), (1, 3), (2, 3)]
discovery--->=============================================================================
==================================== link detector ====================================

----------------------------
src    dst :    delay
1 <---> 2 : 4.456043243408203
1 <---> 3 : 2.415895462036133
2 <---> 3 : 4.068613052368164
2 <---> 1 : 2.5658607482910156
3 <---> 2 : 2.681255340576172
3 <---> 1 : 4.281759262084961
==================================== link detector ====================================

----------------------------
src    dst :    delay
1 <---> 2 : 4.0187835693359375
1 <---> 3 : 4.1942596435546875
2 <---> 3 : 2.7132034301757812
2 <---> 1 : 2.705812454223633
3 <---> 2 : 4.0607452392578125
3 <---> 1 : 4.323482513427734
datapath         port     rx-pkts  rx-bytes rx-error tx-pkts  tx-bytes tx-error
---------------- -------- -------- -------- -------- -------- -------- --------
0000000000000002        1       11      798        0      281    22038        0
0000000000000002        2      303    20584        0      304    20644        0
0000000000000002        3      302    20448        0      301    20388        0
datapath         in-port  eth-dst           out-port packets  bytes
---------------- -------- ----------------- -------- -------- --------
0000000000000002        1       192.168.0.1        2        4      392
0000000000000002        1       192.168.0.2        3        2      196
0000000000000002        2       192.168.0.3        1        4      392
0000000000000002        3       192.168.0.3        1        2      196
datapath         port     rx-pkts  rx-bytes rx-error tx-pkts  tx-bytes tx-error
---------------- -------- -------- -------- -------- -------- -------- --------
0000000000000003        1       11      798        0      279    21918        0
0000000000000003        2      303    20584        0      304    20644        0
0000000000000003        3      301    20388        0      302    20448        0
datapath         in-port  eth-dst           out-port packets  bytes
---------------- -------- ----------------- -------- -------- --------
0000000000000003        1       192.168.0.1        2        4      392
0000000000000003        1       192.168.0.3        3        1       98
0000000000000003        2       192.168.0.2        1        4      392
0000000000000003        3       192.168.0.2        1        2      196
datapath         port     rx-pkts  rx-bytes rx-error tx-pkts  tx-bytes tx-error
---------------- -------- -------- -------- -------- -------- -------- --------
0000000000000001        1       10      868        0      283    22234        0
0000000000000001        2      304    20644        0      303    20584        0
0000000000000001        3      304    20644        0      303    20584        0
datapath         in-port  eth-dst           out-port packets  bytes
---------------- -------- ----------------- -------- -------- --------
0000000000000001        1       192.168.0.2        2        3      294
0000000000000001        1       192.168.0.3        3        3      294
0000000000000001        2       192.168.0.1        1        4      392
0000000000000001        3       192.168.0.1        1        4      392
discovery--->==================================== discovery ====================================
discovery---> cls: [(1, 2), (1, 3), (2, 3)]
discovery--->=============================================================================
==================================== link detector ====================================

----------------------------
src    dst :    delay
1 <---> 2 : 2.3958683013916016
1 <---> 3 : 2.1965503692626953
2 <---> 3 : 2.5348663330078125
2 <---> 1 : 2.325296401977539
3 <---> 2 : 2.4492740631103516
3 <---> 1 : 2.3894309997558594
datapath         port     rx-pkts  rx-bytes rx-error tx-pkts  tx-bytes tx-error
---------------- -------- -------- -------- -------- -------- -------- --------
0000000000000002        1       11      798        0      287    22506        0
0000000000000002        2      308    20884        0      309    20944        0
0000000000000002        3      307    20748        0      306    20688        0
datapath         in-port  eth-dst           out-port packets  bytes
---------------- -------- ----------------- -------- -------- --------
0000000000000002        1       192.168.0.1        2        4      392
0000000000000002        1       192.168.0.2        3        2      196
0000000000000002        2       192.168.0.3        1        4      392
0000000000000002        3       192.168.0.3        1        2      196
datapath         port     rx-pkts  rx-bytes rx-error tx-pkts  tx-bytes tx-error
---------------- -------- -------- -------- -------- -------- -------- --------
0000000000000001        1       10      868        0      288    22624        0
0000000000000001        2      310    21014        0      308    20884        0
0000000000000001        3      309    20944        0      308    20884        0
datapath         in-port  eth-dst           out-port packets  bytes
---------------- -------- ----------------- -------- -------- --------
0000000000000001        1       192.168.0.2        2        3      294
0000000000000001        1       192.168.0.3        3        3      294
0000000000000001        2       192.168.0.1        1        4      392
0000000000000001        3       192.168.0.1        1        4      392
datapath         port     rx-pkts  rx-bytes rx-error tx-pkts  tx-bytes tx-error
---------------- -------- -------- -------- -------- -------- -------- --------
0000000000000003        1       11      798        0      284    22308        0
0000000000000003        2      308    20884        0      310    21014        0
0000000000000003        3      306    20688        0      307    20748        0
datapath         in-port  eth-dst           out-port packets  bytes
---------------- -------- ----------------- -------- -------- --------
0000000000000003        1       192.168.0.1        2        4      392
0000000000000003        1       192.168.0.3        3        1       98
0000000000000003        2       192.168.0.2        1        4      392
0000000000000003        3       192.168.0.2        1        2      196
discovery--->==================================== discovery ====================================
discovery---> cls: [(1, 2), (1, 3), (2, 3)]
discovery--->=============================================================================
==================================== link detector ====================================

----------------------------
src    dst :    delay
1 <---> 2 : 3.606081008911133
1 <---> 3 : 4.041910171508789
2 <---> 3 : 4.093647003173828
2 <---> 1 : 2.6450157165527344
3 <---> 2 : 3.125429153442383
3 <---> 1 : 4.495143890380859
==================================== link detector ====================================

----------------------------
src    dst :    delay
1 <---> 2 : 4.064798355102539
1 <---> 3 : 3.9272308349609375
2 <---> 3 : 2.6848316192626953
2 <---> 1 : 2.649068832397461
3 <---> 2 : 3.0715465545654297
3 <---> 1 : 4.1904449462890625
datapath         port     rx-pkts  rx-bytes rx-error tx-pkts  tx-bytes tx-error
---------------- -------- -------- -------- -------- -------- -------- --------
0000000000000002        1       11      798        0      293    22974        0
0000000000000002        2      314    21244        0      315    21304        0
0000000000000002        3      313    21108        0      312    21048        0
datapath         in-port  eth-dst           out-port packets  bytes
---------------- -------- ----------------- -------- -------- --------
0000000000000002        1       192.168.0.1        2        4      392
0000000000000002        1       192.168.0.2        3        2      196
0000000000000002        2       192.168.0.3        1        4      392
0000000000000002        3       192.168.0.3        1        2      196
datapath         port     rx-pkts  rx-bytes rx-error tx-pkts  tx-bytes tx-error
---------------- -------- -------- -------- -------- -------- -------- --------
0000000000000003        1       11      798        0      290    22776        0
0000000000000003        2      314    21244        0      316    21374        0
0000000000000003        3      312    21048        0      313    21108        0
datapath         in-port  eth-dst           out-port packets  bytes
---------------- -------- ----------------- -------- -------- --------
0000000000000003        1       192.168.0.1        2        4      392
0000000000000003        1       192.168.0.3        3        1       98
0000000000000003        2       192.168.0.2        1        4      392
0000000000000003        3       192.168.0.2        1        2      196
datapath         port     rx-pkts  rx-bytes rx-error tx-pkts  tx-bytes tx-error
---------------- -------- -------- -------- -------- -------- -------- --------
0000000000000001        1       10      868        0      294    23092        0
0000000000000001        2      316    21374        0      314    21244        0
0000000000000001        3      315    21304        0      314    21244        0
datapath         in-port  eth-dst           out-port packets  bytes
---------------- -------- ----------------- -------- -------- --------
0000000000000001        1       192.168.0.2        2        3      294
0000000000000001        1       192.168.0.3        3        3      294
0000000000000001        2       192.168.0.1        1        4      392
0000000000000001        3       192.168.0.1        1        4      392
discovery--->==================================== discovery ====================================
discovery---> cls: [(1, 2), (1, 3), (2, 3)]
discovery--->=============================================================================
==================================== link detector ====================================

----------------------------
src    dst :    delay
1 <---> 2 : 2.597808837890625
1 <---> 3 : 3.4894943237304688
2 <---> 3 : 4.149675369262695
2 <---> 1 : 4.011392593383789
3 <---> 2 : 4.1675567626953125
3 <---> 1 : 2.6311874389648438
datapath         port     rx-pkts  rx-bytes rx-error tx-pkts  tx-bytes tx-error
---------------- -------- -------- -------- -------- -------- -------- --------
0000000000000002        1       11      798        0      298    23364        0
0000000000000002        2      320    21747        0      321    21807        0
0000000000000002        3      319    21611        0      318    21551        0
datapath         in-port  eth-dst           out-port packets  bytes
---------------- -------- ----------------- -------- -------- --------
0000000000000002        1       192.168.0.1        2        4      392
0000000000000002        1       192.168.0.2        3        2      196
0000000000000002        2       192.168.0.3        1        4      392
0000000000000002        3       192.168.0.3        1        2      196
datapath         port     rx-pkts  rx-bytes rx-error tx-pkts  tx-bytes tx-error
---------------- -------- -------- -------- -------- -------- -------- --------
0000000000000003        1       11      798        0      296    23244        0
0000000000000003        2      320    21747        0      322    21877        0
0000000000000003        3      318    21551        0      319    21611        0
datapath         in-port  eth-dst           out-port packets  bytes
---------------- -------- ----------------- -------- -------- --------
0000000000000003        1       192.168.0.1        2        4      392
0000000000000003        1       192.168.0.3        3        1       98
0000000000000003        2       192.168.0.2        1        4      392
0000000000000003        3       192.168.0.2        1        2      196
datapath         port     rx-pkts  rx-bytes rx-error tx-pkts  tx-bytes tx-error
---------------- -------- -------- -------- -------- -------- -------- --------
0000000000000001        1       10      868        0      300    23560        0
0000000000000001        2      322    21877        0      320    21747        0
0000000000000001        3      321    21807        0      320    21747        0
datapath         in-port  eth-dst           out-port packets  bytes
---------------- -------- ----------------- -------- -------- --------
0000000000000001        1       192.168.0.2        2        3      294
0000000000000001        1       192.168.0.3        3        3      294
0000000000000001        2       192.168.0.1        1        4      392
0000000000000001        3       192.168.0.1        1        4      392
discovery--->==================================== discovery ====================================
discovery---> cls: [(1, 2), (1, 3), (2, 3)]
discovery--->=============================================================================
==================================== link detector ====================================

----------------------------
src    dst :    delay
1 <---> 2 : 3.9768218994140625
1 <---> 3 : 3.267049789428711
2 <---> 3 : 3.5490989685058594
2 <---> 1 : 3.2138824462890625
3 <---> 2 : 3.010272979736328
3 <---> 1 : 3.698110580444336
==================================== link detector ====================================

----------------------------
src    dst :    delay
1 <---> 2 : 2.747058868408203
1 <---> 3 : 3.8766860961914062
2 <---> 3 : 4.206418991088867
2 <---> 1 : 3.987550735473633
3 <---> 2 : 3.1163692474365234
3 <---> 1 : 2.565145492553711
datapath         port     rx-pkts  rx-bytes rx-error tx-pkts  tx-bytes tx-error
---------------- -------- -------- -------- -------- -------- -------- --------
0000000000000002        1       11      798        0      304    23832        0
0000000000000002        2      326    22107        0      327    22167        0
0000000000000002        3      326    22041        0      324    21911        0
datapath         in-port  eth-dst           out-port packets  bytes
---------------- -------- ----------------- -------- -------- --------
0000000000000002        1       192.168.0.1        2        4      392
0000000000000002        1       192.168.0.2        3        2      196
0000000000000002        2       192.168.0.3        1        4      392
0000000000000002        3       192.168.0.3        1        2      196
datapath         port     rx-pkts  rx-bytes rx-error tx-pkts  tx-bytes tx-error
---------------- -------- -------- -------- -------- -------- -------- --------
0000000000000001        1       10      868        0      305    23950        0
0000000000000001        2      328    22237        0      326    22107        0
0000000000000001        3      327    22167        0      326    22107        0
datapath         in-port  eth-dst           out-port packets  bytes
---------------- -------- ----------------- -------- -------- --------
0000000000000001        1       192.168.0.2        2        3      294
0000000000000001        1       192.168.0.3        3        3      294
0000000000000001        2       192.168.0.1        1        4      392
0000000000000001        3       192.168.0.1        1        4      392
datapath         port     rx-pkts  rx-bytes rx-error tx-pkts  tx-bytes tx-error
---------------- -------- -------- -------- -------- -------- -------- --------
0000000000000003        1       11      798        0      301    23634        0
0000000000000003        2      326    22107        0      328    22237        0
0000000000000003        3      324    21911        0      326    22041        0
datapath         in-port  eth-dst           out-port packets  bytes
---------------- -------- ----------------- -------- -------- --------
0000000000000003        1       192.168.0.1        2        4      392
0000000000000003        1       192.168.0.3        3        1       98
0000000000000003        2       192.168.0.2        1        4      392
0000000000000003        3       192.168.0.2        1        2      196
discovery--->==================================== discovery ====================================
discovery---> cls: [(1, 2), (1, 3), (2, 3)]
discovery--->=============================================================================
==================================== link detector ====================================

----------------------------
src    dst :    delay
1 <---> 2 : 3.9930343627929688
1 <---> 3 : 2.324819564819336
2 <---> 3 : 3.126859664916992
2 <---> 1 : 4.04667854309082
3 <---> 2 : 2.9306411743164062
3 <---> 1 : 2.707958221435547
==================================== link detector ====================================

----------------------------
src    dst :    delay
1 <---> 2 : 4.033803939819336
1 <---> 3 : 4.009008407592773
2 <---> 3 : 2.6702880859375
2 <---> 1 : 2.6662349700927734
3 <---> 2 : 4.034280776977539
3 <---> 1 : 4.171609878540039
datapath         port     rx-pkts  rx-bytes rx-error tx-pkts  tx-bytes tx-error
---------------- -------- -------- -------- -------- -------- -------- --------
0000000000000002        1       11      798        0      309    24222        0
0000000000000002        2      331    22407        0      332    22467        0
0000000000000002        3      331    22341        0      329    22211        0
datapath         in-port  eth-dst           out-port packets  bytes
---------------- -------- ----------------- -------- -------- --------
0000000000000002        1       192.168.0.1        2        4      392
0000000000000002        1       192.168.0.2        3        2      196
0000000000000002        2       192.168.0.3        1        4      392
0000000000000002        3       192.168.0.3        1        2      196
datapath         port     rx-pkts  rx-bytes rx-error tx-pkts  tx-bytes tx-error
---------------- -------- -------- -------- -------- -------- -------- --------
0000000000000003        1       11      798        0      307    24102        0
0000000000000003        2      332    22467        0      334    22597        0
0000000000000003        3      329    22211        0      331    22341        0
datapath         in-port  eth-dst           out-port packets  bytes
---------------- -------- ----------------- -------- -------- --------
0000000000000003        1       192.168.0.1        2        4      392
0000000000000003        1       192.168.0.3        3        1       98
0000000000000003        2       192.168.0.2        1        4      392
0000000000000003        3       192.168.0.2        1        2      196
datapath         port     rx-pkts  rx-bytes rx-error tx-pkts  tx-bytes tx-error
---------------- -------- -------- -------- -------- -------- -------- --------
0000000000000001        1       10      868        0      311    24418        0
0000000000000001        2      334    22597        0      332    22467        0
0000000000000001        3      332    22467        0      331    22407        0
datapath         in-port  eth-dst           out-port packets  bytes
---------------- -------- ----------------- -------- -------- --------
0000000000000001        1       192.168.0.2        2        3      294
0000000000000001        1       192.168.0.3        3        3      294
0000000000000001        2       192.168.0.1        1        4      392
0000000000000001        3       192.168.0.1        1        4      392
discovery--->==================================== discovery ====================================
discovery---> cls: [(1, 2), (1, 3), (2, 3)]
discovery--->=============================================================================
==================================== link detector ====================================

----------------------------
src    dst :    delay
1 <---> 2 : 3.1692981719970703
1 <---> 3 : 2.407550811767578
2 <---> 3 : 2.2842884063720703
2 <---> 1 : 4.055261611938477
3 <---> 2 : 3.7887096405029297
3 <---> 1 : 4.253625869750977
datapath         port     rx-pkts  rx-bytes rx-error tx-pkts  tx-bytes tx-error
---------------- -------- -------- -------- -------- -------- -------- --------
0000000000000002        1       11      798        0      315    24690        0
0000000000000002        2      337    22767        0      339    22897        0
0000000000000002        3      337    22701        0      336    22641        0
datapath         in-port  eth-dst           out-port packets  bytes
---------------- -------- ----------------- -------- -------- --------
0000000000000002        1       192.168.0.1        2        4      392
0000000000000002        1       192.168.0.2        3        2      196
0000000000000002        2       192.168.0.3        1        4      392
0000000000000002        3       192.168.0.3        1        2      196
datapath         port     rx-pkts  rx-bytes rx-error tx-pkts  tx-bytes tx-error
---------------- -------- -------- -------- -------- -------- -------- --------
0000000000000003        1       11      798        0      312    24492        0
0000000000000003        2      338    22837        0      339    22897        0
0000000000000003        3      336    22641        0      337    22701        0
datapath         in-port  eth-dst           out-port packets  bytes
---------------- -------- ----------------- -------- -------- --------
0000000000000003        1       192.168.0.1        2        4      392
0000000000000003        1       192.168.0.3        3        1       98
0000000000000003        2       192.168.0.2        1        4      392
0000000000000003        3       192.168.0.2        1        2      196
datapath         port     rx-pkts  rx-bytes rx-error tx-pkts  tx-bytes tx-error
---------------- -------- -------- -------- -------- -------- -------- --------
0000000000000001        1       10      868        0      316    24808        0
0000000000000001        2      339    22897        0      338    22837        0
0000000000000001        3      339    22897        0      337    22767        0
datapath         in-port  eth-dst           out-port packets  bytes
---------------- -------- ----------------- -------- -------- --------
0000000000000001        1       192.168.0.2        2        3      294
0000000000000001        1       192.168.0.3        3        3      294
0000000000000001        2       192.168.0.1        1        4      392
0000000000000001        3       192.168.0.1        1        4      392
discovery--->==================================== discovery ====================================
discovery---> cls: [(1, 2), (1, 3), (2, 3)]
discovery--->=============================================================================
==================================== link detector ====================================

----------------------------
src    dst :    delay
1 <---> 2 : 3.3261775970458984
1 <---> 3 : 3.2830238342285156
2 <---> 3 : 3.9434432983398438
2 <---> 1 : 3.222942352294922
3 <---> 2 : 2.6404857635498047
3 <---> 1 : 3.262758255004883
==================================== link detector ====================================

----------------------------
src    dst :    delay
1 <---> 2 : 2.7685165405273438
1 <---> 3 : 2.9671192169189453
2 <---> 3 : 2.7337074279785156
2 <---> 1 : 4.071712493896484
3 <---> 2 : 2.7277469635009766
3 <---> 1 : 2.599954605102539
datapath         port     rx-pkts  rx-bytes rx-error tx-pkts  tx-bytes tx-error
---------------- -------- -------- -------- -------- -------- -------- --------
0000000000000001        1       10      868        0      322    25276        0
0000000000000001        2      345    23257        0      344    23197        0
0000000000000001        3      345    23257        0      342    23067        0
datapath         in-port  eth-dst           out-port packets  bytes
---------------- -------- ----------------- -------- -------- --------
0000000000000001        1       192.168.0.2        2        3      294
0000000000000001        1       192.168.0.3        3        3      294
0000000000000001        2       192.168.0.1        1        4      392
0000000000000001        3       192.168.0.1        1        4      392
datapath         port     rx-pkts  rx-bytes rx-error tx-pkts  tx-bytes tx-error
---------------- -------- -------- -------- -------- -------- -------- --------
0000000000000002        1       11      798        0      320    25080        0
0000000000000002        2      342    23067        0      345    23257        0
0000000000000002        3      342    23001        0      341    22941        0
datapath         in-port  eth-dst           out-port packets  bytes
---------------- -------- ----------------- -------- -------- --------
0000000000000002        1       192.168.0.1        2        4      392
0000000000000002        1       192.168.0.2        3        2      196
0000000000000002        2       192.168.0.3        1        4      392
0000000000000002        3       192.168.0.3        1        2      196
datapath         port     rx-pkts  rx-bytes rx-error tx-pkts  tx-bytes tx-error
---------------- -------- -------- -------- -------- -------- -------- --------
0000000000000003        1       11      798        0      318    24960        0
0000000000000003        2      344    23197        0      345    23257        0
0000000000000003        3      341    22941        0      342    23001        0
datapath         in-port  eth-dst           out-port packets  bytes
---------------- -------- ----------------- -------- -------- --------
0000000000000003        1       192.168.0.1        2        4      392
0000000000000003        1       192.168.0.3        3        1       98
0000000000000003        2       192.168.0.2        1        4      392
0000000000000003        3       192.168.0.2        1        2      196
discovery--->==================================== discovery ====================================
discovery---> cls: [(1, 2), (1, 3), (2, 3)]
discovery--->=============================================================================
==================================== link detector ====================================

----------------------------
src    dst :    delay
1 <---> 2 : 3.1859874725341797
1 <---> 3 : 2.842426300048828
2 <---> 3 : 4.073381423950195
2 <---> 1 : 4.1484832763671875
3 <---> 2 : 3.5889148712158203
3 <---> 1 : 2.850055694580078
datapath         port     rx-pkts  rx-bytes rx-error tx-pkts  tx-bytes tx-error
---------------- -------- -------- -------- -------- -------- -------- --------
0000000000000002        1       11      798        0      326    25548        0
0000000000000002        2      348    23427        0      350    23557        0
0000000000000002        3      348    23361        0      347    23301        0
datapath         in-port  eth-dst           out-port packets  bytes
---------------- -------- ----------------- -------- -------- --------
0000000000000002        1       192.168.0.1        2        4      392
0000000000000002        1       192.168.0.2        3        2      196
0000000000000002        2       192.168.0.3        1        4      392
0000000000000002        3       192.168.0.3        1        2      196
datapath         port     rx-pkts  rx-bytes rx-error tx-pkts  tx-bytes tx-error
---------------- -------- -------- -------- -------- -------- -------- --------
0000000000000003        1       11      798        0      323    25350        0
0000000000000003        2      349    23497        0      350    23557        0
0000000000000003        3      347    23301        0      348    23361        0
datapath         in-port  eth-dst           out-port packets  bytes
---------------- -------- ----------------- -------- -------- --------
0000000000000003        1       192.168.0.1        2        4      392
0000000000000003        1       192.168.0.3        3        1       98
0000000000000003        2       192.168.0.2        1        4      392
0000000000000003        3       192.168.0.2        1        2      196
datapath         port     rx-pkts  rx-bytes rx-error tx-pkts  tx-bytes tx-error
---------------- -------- -------- -------- -------- -------- -------- --------
0000000000000001        1       10      868        0      327    25666        0
0000000000000001        2      350    23557        0      349    23497        0
0000000000000001        3      350    23557        0      348    23427        0
datapath         in-port  eth-dst           out-port packets  bytes
---------------- -------- ----------------- -------- -------- --------
0000000000000001        1       192.168.0.2        2        3      294
0000000000000001        1       192.168.0.3        3        3      294
0000000000000001        2       192.168.0.1        1        4      392
0000000000000001        3       192.168.0.1        1        4      392
discovery--->==================================== discovery ====================================
discovery---> cls: [(1, 2), (1, 3), (2, 3)]
discovery--->=============================================================================
==================================== link detector ====================================

----------------------------
src    dst :    delay
1 <---> 2 : 2.385854721069336
1 <---> 3 : 3.1557083129882812
2 <---> 3 : 2.5787353515625
2 <---> 1 : 2.3679733276367188
3 <---> 2 : 4.048585891723633
3 <---> 1 : 3.2219886779785156
==================================== link detector ====================================

----------------------------
src    dst :    delay
1 <---> 2 : 3.024578094482422
1 <---> 3 : 3.9968490600585938
2 <---> 3 : 4.533052444458008
2 <---> 1 : 2.7124881744384766
3 <---> 2 : 2.3958683013916016
3 <---> 1 : 4.017114639282227
datapath         port     rx-pkts  rx-bytes rx-error tx-pkts  tx-bytes tx-error
---------------- -------- -------- -------- -------- -------- -------- --------
0000000000000002        1       11      798        0      331    25938        0
0000000000000002        2      355    23857        0      356    23917        0
0000000000000002        3      353    23661        0      353    23661        0
datapath         in-port  eth-dst           out-port packets  bytes
---------------- -------- ----------------- -------- -------- --------
0000000000000002        1       192.168.0.1        2        4      392
0000000000000002        1       192.168.0.2        3        2      196
0000000000000002        2       192.168.0.3        1        4      392
0000000000000002        3       192.168.0.3        1        2      196
datapath         port     rx-pkts  rx-bytes rx-error tx-pkts  tx-bytes tx-error
---------------- -------- -------- -------- -------- -------- -------- --------
0000000000000001        1       10      868        0      333    26134        0
0000000000000001        2      356    23917        0      355    23857        0
0000000000000001        3      356    23917        0      355    23857        0
datapath         in-port  eth-dst           out-port packets  bytes
---------------- -------- ----------------- -------- -------- --------
0000000000000001        1       192.168.0.2        2        3      294
0000000000000001        1       192.168.0.3        3        3      294
0000000000000001        2       192.168.0.1        1        4      392
0000000000000001        3       192.168.0.1        1        4      392
datapath         port     rx-pkts  rx-bytes rx-error tx-pkts  tx-bytes tx-error
---------------- -------- -------- -------- -------- -------- -------- --------
0000000000000003        1       11      798        0      329    25818        0
0000000000000003        2      355    23857        0      356    23917        0
0000000000000003        3      353    23661        0      353    23661        0
datapath         in-port  eth-dst           out-port packets  bytes
---------------- -------- ----------------- -------- -------- --------
0000000000000003        1       192.168.0.1        2        4      392
0000000000000003        1       192.168.0.3        3        1       98
0000000000000003        2       192.168.0.2        1        4      392
0000000000000003        3       192.168.0.2        1        2      196
discovery--->==================================== discovery ====================================
discovery---> cls: [(1, 2), (1, 3), (2, 3)]
discovery--->=============================================================================
==================================== link detector ====================================

----------------------------
src    dst :    delay
1 <---> 2 : 3.436565399169922
1 <---> 3 : 3.5207271575927734
2 <---> 3 : 2.817392349243164
2 <---> 1 : 3.5305023193359375
3 <---> 2 : 2.8314590454101562
3 <---> 1 : 3.534555435180664
datapath         port     rx-pkts  rx-bytes rx-error tx-pkts  tx-bytes tx-error
---------------- -------- -------- -------- -------- -------- -------- --------
0000000000000002        1       11      798        0      337    26406        0
0000000000000002        2      360    24157        0      361    24217        0
0000000000000002        3      359    24021        0      358    23961        0
datapath         in-port  eth-dst           out-port packets  bytes
---------------- -------- ----------------- -------- -------- --------
0000000000000002        1       192.168.0.1        2        4      392
0000000000000002        1       192.168.0.2        3        2      196
0000000000000002        2       192.168.0.3        1        4      392
0000000000000002        3       192.168.0.3        1        2      196
datapath         port     rx-pkts  rx-bytes rx-error tx-pkts  tx-bytes tx-error
---------------- -------- -------- -------- -------- -------- -------- --------
0000000000000003        1       11      798        0      334    26208        0
0000000000000003        2      360    24157        0      361    24217        0
0000000000000003        3      358    23961        0      359    24021        0
datapath         in-port  eth-dst           out-port packets  bytes
---------------- -------- ----------------- -------- -------- --------
0000000000000003        1       192.168.0.1        2        4      392
0000000000000003        1       192.168.0.3        3        1       98
0000000000000003        2       192.168.0.2        1        4      392
0000000000000003        3       192.168.0.2        1        2      196
datapath         port     rx-pkts  rx-bytes rx-error tx-pkts  tx-bytes tx-error
---------------- -------- -------- -------- -------- -------- -------- --------
0000000000000001        1       10      868        0      338    26524        0
0000000000000001        2      361    24217        0      360    24157        0
0000000000000001        3      361    24217        0      360    24157        0
datapath         in-port  eth-dst           out-port packets  bytes
---------------- -------- ----------------- -------- -------- --------
0000000000000001        1       192.168.0.2        2        3      294
0000000000000001        1       192.168.0.3        3        3      294
0000000000000001        2       192.168.0.1        1        4      392
0000000000000001        3       192.168.0.1        1        4      392
discovery--->==================================== discovery ====================================
discovery---> cls: [(1, 2), (1, 3), (2, 3)]
discovery--->=============================================================================
==================================== link detector ====================================

----------------------------
src    dst :    delay
1 <---> 2 : 3.9365291595458984
1 <---> 3 : 2.660989761352539
2 <---> 3 : 4.0283203125
2 <---> 1 : 4.032611846923828
3 <---> 2 : 4.138469696044922
3 <---> 1 : 4.037141799926758
==================================== link detector ====================================

----------------------------
src    dst :    delay
1 <---> 2 : 2.7234554290771484
1 <---> 3 : 4.222869873046875
2 <---> 3 : 3.591775894165039
2 <---> 1 : 3.377676010131836
3 <---> 2 : 2.9578208923339844
3 <---> 1 : 4.128932952880859
datapath         port     rx-pkts  rx-bytes rx-error tx-pkts  tx-bytes tx-error
---------------- -------- -------- -------- -------- -------- -------- --------
0000000000000002        1       11      798        0      343    26874        0
0000000000000002        2      366    24517        0      367    24577        0
0000000000000002        3      365    24381        0      364    24321        0
datapath         in-port  eth-dst           out-port packets  bytes
---------------- -------- ----------------- -------- -------- --------
0000000000000002        1       192.168.0.1        2        4      392
0000000000000002        1       192.168.0.2        3        2      196
0000000000000002        2       192.168.0.3        1        4      392
0000000000000002        3       192.168.0.3        1        2      196
datapath         port     rx-pkts  rx-bytes rx-error tx-pkts  tx-bytes tx-error
---------------- -------- -------- -------- -------- -------- -------- --------
0000000000000001        1       10      868        0      344    26992        0
0000000000000001        2      367    24577        0      366    24517        0
0000000000000001        3      367    24577        0      366    24517        0
datapath         in-port  eth-dst           out-port packets  bytes
---------------- -------- ----------------- -------- -------- --------
0000000000000001        1       192.168.0.2        2        3      294
0000000000000001        1       192.168.0.3        3        3      294
0000000000000001        2       192.168.0.1        1        4      392
0000000000000001        3       192.168.0.1        1        4      392
datapath         port     rx-pkts  rx-bytes rx-error tx-pkts  tx-bytes tx-error
---------------- -------- -------- -------- -------- -------- -------- --------
0000000000000003        1       11      798        0      340    26676        0
0000000000000003        2      366    24517        0      367    24577        0
0000000000000003        3      364    24321        0      365    24381        0
datapath         in-port  eth-dst           out-port packets  bytes
---------------- -------- ----------------- -------- -------- --------
0000000000000003        1       192.168.0.1        2        4      392
0000000000000003        1       192.168.0.3        3        1       98
0000000000000003        2       192.168.0.2        1        4      392
0000000000000003        3       192.168.0.2        1        2      196
discovery--->==================================== discovery ====================================
discovery---> cls: [(1, 2), (1, 3), (2, 3)]
discovery--->=============================================================================
==================================== link detector ====================================

----------------------------
src    dst :    delay
1 <---> 2 : 2.679586410522461
1 <---> 3 : 4.065990447998047
2 <---> 3 : 3.0548572540283203
2 <---> 1 : 3.429889678955078
3 <---> 2 : 4.123210906982422
3 <---> 1 : 2.966165542602539
==================================== link detector ====================================

----------------------------
src    dst :    delay
1 <---> 2 : 4.032135009765625
1 <---> 3 : 2.8998851776123047
2 <---> 3 : 3.068685531616211
2 <---> 1 : 2.8722286224365234
3 <---> 2 : 3.2427310943603516
3 <---> 1 : 3.4072399139404297
datapath         port     rx-pkts  rx-bytes rx-error tx-pkts  tx-bytes tx-error
---------------- -------- -------- -------- -------- -------- -------- --------
0000000000000001        1       10      868        0      350    27460        0
0000000000000001        2      372    24877        0      371    24817        0
0000000000000001        3      372    24877        0      371    24817        0
datapath         in-port  eth-dst           out-port packets  bytes
---------------- -------- ----------------- -------- -------- --------
0000000000000001        1       192.168.0.2        2        3      294
0000000000000001        1       192.168.0.3        3        3      294
0000000000000001        2       192.168.0.1        1        4      392
0000000000000001        3       192.168.0.1        1        4      392
datapath         port     rx-pkts  rx-bytes rx-error tx-pkts  tx-bytes tx-error
---------------- -------- -------- -------- -------- -------- -------- --------
0000000000000003        1       11      798        0      345    27066        0
0000000000000003        2      371    24817        0      372    24877        0
0000000000000003        3      369    24621        0      370    24681        0
datapath         in-port  eth-dst           out-port packets  bytes
---------------- -------- ----------------- -------- -------- --------
0000000000000003        1       192.168.0.1        2        4      392
0000000000000003        1       192.168.0.3        3        1       98
0000000000000003        2       192.168.0.2        1        4      392
0000000000000003        3       192.168.0.2        1        2      196
datapath         port     rx-pkts  rx-bytes rx-error tx-pkts  tx-bytes tx-error
---------------- -------- -------- -------- -------- -------- -------- --------
0000000000000002        1       11      798        0      348    27264        0
0000000000000002        2      371    24817        0      372    24877        0
0000000000000002        3      370    24681        0      369    24621        0
datapath         in-port  eth-dst           out-port packets  bytes
---------------- -------- ----------------- -------- -------- --------
0000000000000002        1       192.168.0.1        2        4      392
0000000000000002        1       192.168.0.2        3        2      196
0000000000000002        2       192.168.0.3        1        4      392
0000000000000002        3       192.168.0.3        1        2      196
discovery--->==================================== discovery ====================================
discovery---> cls: [(1, 2), (1, 3), (2, 3)]
discovery--->=============================================================================
==================================== link detector ====================================

----------------------------
src    dst :    delay
1 <---> 2 : 3.9207935333251953
1 <---> 3 : 2.9935836791992188
2 <---> 3 : 2.7751922607421875
2 <---> 1 : 4.105806350708008
3 <---> 2 : 4.0760040283203125
3 <---> 1 : 3.2808780670166016
datapath         port     rx-pkts  rx-bytes rx-error tx-pkts  tx-bytes tx-error
---------------- -------- -------- -------- -------- -------- -------- --------
0000000000000002        1       11      798        0      354    27732        0
0000000000000002        2      377    25177        0      378    25237        0
0000000000000002        3      376    25041        0      375    24981        0
datapath         in-port  eth-dst           out-port packets  bytes
---------------- -------- ----------------- -------- -------- --------
0000000000000002        1       192.168.0.1        2        4      392
0000000000000002        1       192.168.0.2        3        2      196
0000000000000002        2       192.168.0.3        1        4      392
0000000000000002        3       192.168.0.3        1        2      196
datapath         port     rx-pkts  rx-bytes rx-error tx-pkts  tx-bytes tx-error
---------------- -------- -------- -------- -------- -------- -------- --------
0000000000000001        1       10      868        0      355    27850        0
0000000000000001        2      378    25237        0      377    25177        0
0000000000000001        3      378    25237        0      377    25177        0
datapath         in-port  eth-dst           out-port packets  bytes
---------------- -------- ----------------- -------- -------- --------
0000000000000001        1       192.168.0.2        2        3      294
0000000000000001        1       192.168.0.3        3        3      294
0000000000000001        2       192.168.0.1        1        4      392
0000000000000001        3       192.168.0.1        1        4      392
datapath         port     rx-pkts  rx-bytes rx-error tx-pkts  tx-bytes tx-error
---------------- -------- -------- -------- -------- -------- -------- --------
0000000000000003        1       11      798        0      351    27534        0
0000000000000003        2      377    25177        0      378    25237        0
0000000000000003        3      375    24981        0      376    25041        0
datapath         in-port  eth-dst           out-port packets  bytes
---------------- -------- ----------------- -------- -------- --------
0000000000000003        1       192.168.0.1        2        4      392
0000000000000003        1       192.168.0.3        3        1       98
0000000000000003        2       192.168.0.2        1        4      392
0000000000000003        3       192.168.0.2        1        2      196
discovery--->==================================== discovery ====================================
discovery---> cls: [(1, 2), (1, 3), (2, 3)]
discovery--->=============================================================================
==================================== link detector ====================================

----------------------------
src    dst :    delay
1 <---> 2 : 3.032684326171875
1 <---> 3 : 2.589702606201172
2 <---> 3 : 3.7555694580078125
2 <---> 1 : 4.040718078613281
3 <---> 2 : 2.6450157165527344
3 <---> 1 : 2.621173858642578
==================================== link detector ====================================

----------------------------
src    dst :    delay
1 <---> 2 : 3.1290054321289062
1 <---> 3 : 2.634286880493164
2 <---> 3 : 3.5250186920166016
2 <---> 1 : 4.20379638671875
3 <---> 2 : 3.833293914794922
3 <---> 1 : 4.1255950927734375
datapath         port     rx-pkts  rx-bytes rx-error tx-pkts  tx-bytes tx-error
---------------- -------- -------- -------- -------- -------- -------- --------
0000000000000002        1       11      798        0      359    28122        0
0000000000000002        2      382    25477        0      383    25537        0
0000000000000002        3      381    25341        0      380    25281        0
datapath         in-port  eth-dst           out-port packets  bytes
---------------- -------- ----------------- -------- -------- --------
0000000000000002        1       192.168.0.1        2        4      392
0000000000000002        1       192.168.0.2        3        2      196
0000000000000002        2       192.168.0.3        1        4      392
0000000000000002        3       192.168.0.3        1        2      196
datapath         port     rx-pkts  rx-bytes rx-error tx-pkts  tx-bytes tx-error
---------------- -------- -------- -------- -------- -------- -------- --------
0000000000000003        1       11      798        0      357    28002        0
0000000000000003        2      382    25477        0      384    25597        0
0000000000000003        3      380    25281        0      381    25341        0
datapath         in-port  eth-dst           out-port packets  bytes
---------------- -------- ----------------- -------- -------- --------
0000000000000003        1       192.168.0.1        2        4      392
0000000000000003        1       192.168.0.3        3        1       98
0000000000000003        2       192.168.0.2        1        4      392
0000000000000003        3       192.168.0.2        1        2      196
datapath         port     rx-pkts  rx-bytes rx-error tx-pkts  tx-bytes tx-error
---------------- -------- -------- -------- -------- -------- -------- --------
0000000000000001        1       10      868        0      361    28318        0
0000000000000001        2      384    25597        0      382    25477        0
0000000000000001        3      383    25537        0      382    25477        0
datapath         in-port  eth-dst           out-port packets  bytes
---------------- -------- ----------------- -------- -------- --------
0000000000000001        1       192.168.0.2        2        3      294
0000000000000001        1       192.168.0.3        3        3      294
0000000000000001        2       192.168.0.1        1        4      392
0000000000000001        3       192.168.0.1        1        4      392
discovery--->==================================== discovery ====================================
discovery---> cls: [(1, 2), (1, 3), (2, 3)]
discovery--->=============================================================================
==================================== link detector ====================================

----------------------------
src    dst :    delay
1 <---> 2 : 2.621889114379883
1 <---> 3 : 4.095554351806641
2 <---> 3 : 3.212451934814453
2 <---> 1 : 3.1960010528564453
3 <---> 2 : 4.0607452392578125
3 <---> 1 : 3.577709197998047
datapath         port     rx-pkts  rx-bytes rx-error tx-pkts  tx-bytes tx-error
---------------- -------- -------- -------- -------- -------- -------- --------
0000000000000002        1       11      798        0      365    28590        0
0000000000000002        2      388    25837        0      389    25897        0
0000000000000002        3      387    25701        0      386    25641        0
datapath         in-port  eth-dst           out-port packets  bytes
---------------- -------- ----------------- -------- -------- --------
0000000000000002        1       192.168.0.1        2        4      392
0000000000000002        1       192.168.0.2        3        2      196
0000000000000002        2       192.168.0.3        1        4      392
0000000000000002        3       192.168.0.3        1        2      196
datapath         port     rx-pkts  rx-bytes rx-error tx-pkts  tx-bytes tx-error
---------------- -------- -------- -------- -------- -------- -------- --------
0000000000000001        1       10      868        0      366    28708        0
0000000000000001        2      389    25897        0      388    25837        0
0000000000000001        3      389    25897        0      388    25837        0
datapath         in-port  eth-dst           out-port packets  bytes
---------------- -------- ----------------- -------- -------- --------
0000000000000001        1       192.168.0.2        2        3      294
0000000000000001        1       192.168.0.3        3        3      294
0000000000000001        2       192.168.0.1        1        4      392
0000000000000001        3       192.168.0.1        1        4      392
datapath         port     rx-pkts  rx-bytes rx-error tx-pkts  tx-bytes tx-error
---------------- -------- -------- -------- -------- -------- -------- --------
0000000000000003        1       11      798        0      362    28392        0
0000000000000003        2      388    25837        0      389    25897        0
0000000000000003        3      386    25641        0      387    25701        0
datapath         in-port  eth-dst           out-port packets  bytes
---------------- -------- ----------------- -------- -------- --------
0000000000000003        1       192.168.0.1        2        4      392
0000000000000003        1       192.168.0.3        3        1       98
0000000000000003        2       192.168.0.2        1        4      392
0000000000000003        3       192.168.0.2        1        2      196
discovery--->==================================== discovery ====================================
discovery---> cls: [(1, 2), (1, 3), (2, 3)]
discovery--->=============================================================================
==================================== link detector ====================================

----------------------------
src    dst :    delay
1 <---> 2 : 3.9174556732177734
1 <---> 3 : 3.513336181640625
2 <---> 3 : 2.6772022247314453
2 <---> 1 : 3.6089420318603516
3 <---> 2 : 2.9876232147216797
3 <---> 1 : 3.9796829223632812
==================================== link detector ====================================

----------------------------
src    dst :    delay
1 <---> 2 : 2.7382373809814453
1 <---> 3 : 4.062414169311523
2 <---> 3 : 3.4923553466796875
2 <---> 1 : 4.05430793762207
3 <---> 2 : 4.184484481811523
3 <---> 1 : 2.665996551513672
datapath         port     rx-pkts  rx-bytes rx-error tx-pkts  tx-bytes tx-error
---------------- -------- -------- -------- -------- -------- -------- --------
0000000000000001        1       10      868        0      372    29176        0
0000000000000001        2      395    26257        0      394    26197        0
0000000000000001        3      395    26257        0      393    26137        0
datapath         in-port  eth-dst           out-port packets  bytes
---------------- -------- ----------------- -------- -------- --------
0000000000000001        1       192.168.0.2        2        3      294
0000000000000001        1       192.168.0.3        3        3      294
0000000000000001        2       192.168.0.1        1        4      392
0000000000000001        3       192.168.0.1        1        4      392
datapath         port     rx-pkts  rx-bytes rx-error tx-pkts  tx-bytes tx-error
---------------- -------- -------- -------- -------- -------- -------- --------
0000000000000002        1       11      798        0      370    28980        0
0000000000000002        2      393    26137        0      395    26257        0
0000000000000002        3      392    26001        0      391    25941        0
datapath         in-port  eth-dst           out-port packets  bytes
---------------- -------- ----------------- -------- -------- --------
0000000000000002        1       192.168.0.1        2        4      392
0000000000000002        1       192.168.0.2        3        2      196
0000000000000002        2       192.168.0.3        1        4      392
0000000000000002        3       192.168.0.3        1        2      196
datapath         port     rx-pkts  rx-bytes rx-error tx-pkts  tx-bytes tx-error
---------------- -------- -------- -------- -------- -------- -------- --------
0000000000000003        1       11      798        0      368    28860        0
0000000000000003        2      394    26197        0      395    26257        0
0000000000000003        3      391    25941        0      392    26001        0
datapath         in-port  eth-dst           out-port packets  bytes
---------------- -------- ----------------- -------- -------- --------
0000000000000003        1       192.168.0.1        2        4      392
0000000000000003        1       192.168.0.3        3        1       98
0000000000000003        2       192.168.0.2        1        4      392
0000000000000003        3       192.168.0.2        1        2      196
discovery--->==================================== discovery ====================================
discovery---> cls: [(1, 2), (1, 3), (2, 3)]
discovery--->=============================================================================
==================================== link detector ====================================

----------------------------
src    dst :    delay
1 <---> 2 : 3.087759017944336
1 <---> 3 : 3.6928653717041016
2 <---> 3 : 2.6438236236572266
2 <---> 1 : 3.663301467895508
3 <---> 2 : 4.219770431518555
3 <---> 1 : 2.7306079864501953
==================================== link detector ====================================

----------------------------
src    dst :    delay
1 <---> 2 : 2.341747283935547
1 <---> 3 : 2.195596694946289
2 <---> 3 : 2.747058868408203
2 <---> 1 : 2.4271011352539062
3 <---> 2 : 2.8994083404541016
3 <---> 1 : 3.5948753356933594
datapath         port     rx-pkts  rx-bytes rx-error tx-pkts  tx-bytes tx-error
---------------- -------- -------- -------- -------- -------- -------- --------
0000000000000002        1       11      798        0      376    29448        0
0000000000000002        2      399    26497        0      400    26557        0
0000000000000002        3      398    26361        0      397    26301        0
datapath         in-port  eth-dst           out-port packets  bytes
---------------- -------- ----------------- -------- -------- --------
0000000000000002        1       192.168.0.1        2        4      392
0000000000000002        1       192.168.0.2        3        2      196
0000000000000002        2       192.168.0.3        1        4      392
0000000000000002        3       192.168.0.3        1        2      196
datapath         port     rx-pkts  rx-bytes rx-error tx-pkts  tx-bytes tx-error
---------------- -------- -------- -------- -------- -------- -------- --------
0000000000000003        1       11      798        0      373    29250        0
0000000000000003        2      399    26497        0      400    26557        0
0000000000000003        3      397    26301        0      398    26361        0
datapath         in-port  eth-dst           out-port packets  bytes
---------------- -------- ----------------- -------- -------- --------
0000000000000003        1       192.168.0.1        2        4      392
0000000000000003        1       192.168.0.3        3        1       98
0000000000000003        2       192.168.0.2        1        4      392
0000000000000003        3       192.168.0.2        1        2      196
datapath         port     rx-pkts  rx-bytes rx-error tx-pkts  tx-bytes tx-error
---------------- -------- -------- -------- -------- -------- -------- --------
0000000000000001        1       10      868        0      377    29566        0
0000000000000001        2      400    26557        0      399    26497        0
0000000000000001        3      400    26557        0      399    26497        0
datapath         in-port  eth-dst           out-port packets  bytes
---------------- -------- ----------------- -------- -------- --------
0000000000000001        1       192.168.0.2        2        3      294
0000000000000001        1       192.168.0.3        3        3      294
0000000000000001        2       192.168.0.1        1        4      392
0000000000000001        3       192.168.0.1        1        4      392
discovery--->==================================== discovery ====================================
discovery---> cls: [(1, 2), (1, 3), (2, 3)]
discovery--->=============================================================================
==================================== link detector ====================================

----------------------------
src    dst :    delay
1 <---> 2 : 2.950429916381836
1 <---> 3 : 3.0357837677001953
2 <---> 3 : 2.62451171875
2 <---> 1 : 2.5599002838134766
3 <---> 2 : 3.9556026458740234
3 <---> 1 : 3.877401351928711
datapath         port     rx-pkts  rx-bytes rx-error tx-pkts  tx-bytes tx-error
---------------- -------- -------- -------- -------- -------- -------- --------
0000000000000002        1       11      798        0      381    29838        0
0000000000000002        2      405    26857        0      406    26917        0
0000000000000002        3      403    26661        0      403    26661        0
datapath         in-port  eth-dst           out-port packets  bytes
---------------- -------- ----------------- -------- -------- --------
0000000000000002        1       192.168.0.1        2        4      392
0000000000000002        1       192.168.0.2        3        2      196
0000000000000002        2       192.168.0.3        1        4      392
0000000000000002        3       192.168.0.3        1        2      196
datapath         port     rx-pkts  rx-bytes rx-error tx-pkts  tx-bytes tx-error
---------------- -------- -------- -------- -------- -------- -------- --------
0000000000000001        1       10      868        0      383    30034        0
0000000000000001        2      406    26917        0      405    26857        0
0000000000000001        3      406    26917        0      405    26857        0
datapath         in-port  eth-dst           out-port packets  bytes
---------------- -------- ----------------- -------- -------- --------
0000000000000001        1       192.168.0.2        2        3      294
0000000000000001        1       192.168.0.3        3        3      294
0000000000000001        2       192.168.0.1        1        4      392
0000000000000001        3       192.168.0.1        1        4      392
datapath         port     rx-pkts  rx-bytes rx-error tx-pkts  tx-bytes tx-error
---------------- -------- -------- -------- -------- -------- -------- --------
0000000000000003        1       11      798        0      379    29718        0
0000000000000003        2      405    26857        0      406    26917        0
0000000000000003        3      403    26661        0      403    26661        0
datapath         in-port  eth-dst           out-port packets  bytes
---------------- -------- ----------------- -------- -------- --------
0000000000000003        1       192.168.0.1        2        4      392
0000000000000003        1       192.168.0.3        3        1       98
0000000000000003        2       192.168.0.2        1        4      392
0000000000000003        3       192.168.0.2        1        2      196
discovery--->==================================== discovery ====================================
discovery---> cls: [(1, 2), (1, 3), (2, 3)]
discovery--->=============================================================================
==================================== link detector ====================================

----------------------------
src    dst :    delay
1 <---> 2 : 2.9540061950683594
1 <---> 3 : 4.135847091674805
2 <---> 3 : 4.811525344848633
2 <---> 1 : 3.9823055267333984
3 <---> 2 : 2.7332305908203125
3 <---> 1 : 4.006624221801758
==================================== link detector ====================================

----------------------------
src    dst :    delay
1 <---> 2 : 4.002094268798828
1 <---> 3 : 2.6459693908691406
2 <---> 3 : 2.6581287384033203
2 <---> 1 : 3.9260387420654297
3 <---> 2 : 4.086017608642578
3 <---> 1 : 3.294706344604492
---> OFPPortStatus received: reason=MODIFY desc=OFPPort(port_no=1,hw_addr='10:00:00:00:00:00',name=b'ap1-wlan1',config=0,state=4,curr=0,advertised=0,supported=0,peer=0,curr_speed=0,max_speed=0)
---> OFPPortStatus received: reason=MODIFY desc=OFPPort(port_no=1,hw_addr='20:00:00:00:00:00',name=b'ap2-wlan1',config=0,state=4,curr=0,advertised=0,supported=0,peer=0,curr_speed=0,max_speed=0)
datapath         port     rx-pkts  rx-bytes rx-error tx-pkts  tx-bytes tx-error
---------------- -------- -------- -------- -------- -------- -------- --------
0000000000000002        1       11      798        0      387    30306        0
0000000000000002        2      410    27157        0      411    27217        0
0000000000000002        3      409    27021        0      408    26961        0
datapath         in-port  eth-dst           out-port packets  bytes
---------------- -------- ----------------- -------- -------- --------
0000000000000002        1       192.168.0.1        2        4      392
0000000000000002        1       192.168.0.2        3        2      196
0000000000000002        2       192.168.0.3        1        4      392
0000000000000002        3       192.168.0.3        1        2      196
datapath         port     rx-pkts  rx-bytes rx-error tx-pkts  tx-bytes tx-error
---------------- -------- -------- -------- -------- -------- -------- --------
0000000000000003        1       11      798        0      385    30186        0
0000000000000003        2      410    27157        0      411    27217        0
0000000000000003        3      408    26961        0      409    27021        0
datapath         in-port  eth-dst           out-port packets  bytes
---------------- -------- ----------------- -------- -------- --------
0000000000000003        1       192.168.0.1        2        4      392
0000000000000003        1       192.168.0.3        3        1       98
0000000000000003        2       192.168.0.2        1        4      392
0000000000000003        3       192.168.0.2        1        2      196
datapath         port     rx-pkts  rx-bytes rx-error tx-pkts  tx-bytes tx-error
---------------- -------- -------- -------- -------- -------- -------- --------
0000000000000001        1       10      868        0      389    30502        0
0000000000000001        2      411    27217        0      410    27157        0
0000000000000001        3      411    27217        0      410    27157        0
datapath         in-port  eth-dst           out-port packets  bytes
---------------- -------- ----------------- -------- -------- --------
0000000000000001        1       192.168.0.2        2        3      294
0000000000000001        1       192.168.0.3        3        3      294
0000000000000001        2       192.168.0.1        1        4      392
0000000000000001        3       192.168.0.1        1        4      392
---> OFPPortStatus received: reason=MODIFY desc=OFPPort(port_no=2,hw_addr='0e:8f:95:fb:3a:b9',name=b'ap2-eth2',config=0,state=4,curr=2112,advertised=0,supported=0,peer=0,curr_speed=10000000,max_speed=0)
discovery--->==================================== discovery ====================================
discovery---> cls: [(1, 2), (1, 3), (2, 3)]
discovery--->=============================================================================
---> OFPPortStatus received: reason=MODIFY desc=OFPPort(port_no=2,hw_addr='4e:5f:8b:b6:f1:4b',name=b'ap1-eth2',config=0,state=4,curr=2112,advertised=0,supported=0,peer=0,curr_speed=10000000,max_speed=0)
---> OFPPortStatus received: reason=MODIFY desc=OFPPort(port_no=2,hw_addr='e2:b7:dc:6f:e5:3e',name=b'ap3-eth2',config=0,state=4,curr=2112,advertised=0,supported=0,peer=0,curr_speed=10000000,max_speed=0)
---> OFPPortStatus received: reason=MODIFY desc=OFPPort(port_no=3,hw_addr='02:23:cf:95:c7:a2',name=b'ap1-eth3',config=0,state=4,curr=2112,advertised=0,supported=0,peer=0,curr_speed=10000000,max_speed=0)
---> OFPPortStatus received: reason=MODIFY desc=OFPPort(port_no=3,hw_addr='92:23:85:00:aa:8d',name=b'ap3-eth3',config=0,state=4,curr=2112,advertised=0,supported=0,peer=0,curr_speed=10000000,max_speed=0)
---> OFPPortStatus received: reason=MODIFY desc=OFPPort(port_no=3,hw_addr='d2:38:8c:b5:af:e7',name=b'ap2-eth3',config=0,state=4,curr=2112,advertised=0,supported=0,peer=0,curr_speed=10000000,max_speed=0)
==================================== link detector ====================================

----------------------------
src    dst :    delay
1 <---> 2 : 4.187345504760742
1 <---> 3 : 3.4475326538085938
2 <---> 3 : 3.880739212036133
2 <---> 1 : 2.4204254150390625
3 <---> 2 : 2.7735233306884766
3 <---> 1 : 2.933502197265625
datapath         port     rx-pkts  rx-bytes rx-error tx-pkts  tx-bytes tx-error
---------------- -------- -------- -------- -------- -------- -------- --------
0000000000000002        1       11      798        0      393    30774        0
0000000000000002        2      416    27517        0      417    27577        0
0000000000000002        3      415    27381        0      414    27321        0
datapath         in-port  eth-dst           out-port packets  bytes
---------------- -------- ----------------- -------- -------- --------
0000000000000002        1       192.168.0.1        2        4      392
0000000000000002        1       192.168.0.2        3        2      196
0000000000000002        2       192.168.0.3        1        4      392
0000000000000002        3       192.168.0.3        1        2      196
datapath         port     rx-pkts  rx-bytes rx-error tx-pkts  tx-bytes tx-error
---------------- -------- -------- -------- -------- -------- -------- --------
0000000000000001        1       10      868        0      394    30892        0
0000000000000001        2      417    27577        0      416    27517        0
0000000000000001        3      417    27577        0      416    27517        0
datapath         in-port  eth-dst           out-port packets  bytes
---------------- -------- ----------------- -------- -------- --------
0000000000000001        1       192.168.0.2        2        3      294
0000000000000001        1       192.168.0.3        3        3      294
0000000000000001        2       192.168.0.1        1        4      392
0000000000000001        3       192.168.0.1        1        4      392
datapath         port     rx-pkts  rx-bytes rx-error tx-pkts  tx-bytes tx-error
---------------- -------- -------- -------- -------- -------- -------- --------
0000000000000003        1       11      798        0      390    30576        0
0000000000000003        2      416    27517        0      417    27577        0
0000000000000003        3      414    27321        0      415    27381        0
datapath         in-port  eth-dst           out-port packets  bytes
---------------- -------- ----------------- -------- -------- --------
0000000000000003        1       192.168.0.1        2        4      392
0000000000000003        1       192.168.0.3        3        1       98
0000000000000003        2       192.168.0.2        1        4      392
0000000000000003        3       192.168.0.2        1        2      196
discovery--->==================================== discovery ====================================
discovery---> cls: [(1, 2), (1, 3), (2, 3)]
discovery--->=============================================================================
==================================== link detector ====================================

----------------------------
src    dst :    delay
1 <---> 2 : 3.0503273010253906
1 <---> 3 : 2.6373863220214844
2 <---> 3 : 2.2513866424560547
2 <---> 1 : 4.098415374755859
3 <---> 2 : 3.5521984100341797
3 <---> 1 : 4.042387008666992
==================================== link detector ====================================

----------------------------
src    dst :    delay
1 <---> 2 : 3.937244415283203
1 <---> 3 : 3.316164016723633
2 <---> 3 : 4.30750846862793
2 <---> 1 : 3.2951831817626953
3 <---> 2 : 2.500295639038086
3 <---> 1 : 3.335714340209961
datapath         port     rx-pkts  rx-bytes rx-error tx-pkts  tx-bytes tx-error
---------------- -------- -------- -------- -------- -------- -------- --------
0000000000000002        1       11      798        0      398    31164        0
0000000000000002        2      421    27817        0      422    27877        0
0000000000000002        3      420    27681        0      419    27621        0
datapath         in-port  eth-dst           out-port packets  bytes
---------------- -------- ----------------- -------- -------- --------
0000000000000002        1       192.168.0.1        2        4      392
0000000000000002        1       192.168.0.2        3        2      196
0000000000000002        2       192.168.0.3        1        4      392
0000000000000002        3       192.168.0.3        1        2      196
datapath         port     rx-pkts  rx-bytes rx-error tx-pkts  tx-bytes tx-error
---------------- -------- -------- -------- -------- -------- -------- --------
0000000000000003        1       11      798        0      396    31044        0
0000000000000003        2      421    27817        0      423    27937        0
0000000000000003        3      419    27621        0      420    27681        0
datapath         in-port  eth-dst           out-port packets  bytes
---------------- -------- ----------------- -------- -------- --------
0000000000000003        1       192.168.0.1        2        4      392
0000000000000003        1       192.168.0.3        3        1       98
0000000000000003        2       192.168.0.2        1        4      392
0000000000000003        3       192.168.0.2        1        2      196
datapath         port     rx-pkts  rx-bytes rx-error tx-pkts  tx-bytes tx-error
---------------- -------- -------- -------- -------- -------- -------- --------
0000000000000001        1       10      868        0      400    31360        0
0000000000000001        2      423    27937        0      421    27817        0
0000000000000001        3      422    27877        0      421    27817        0
datapath         in-port  eth-dst           out-port packets  bytes
---------------- -------- ----------------- -------- -------- --------
0000000000000001        1       192.168.0.2        2        3      294
0000000000000001        1       192.168.0.3        3        3      294
0000000000000001        2       192.168.0.1        1        4      392
0000000000000001        3       192.168.0.1        1        4      392
discovery--->==================================== discovery ====================================
discovery---> cls: [(1, 2), (1, 3), (2, 3)]
discovery--->=============================================================================
==================================== link detector ====================================

----------------------------
src    dst :    delay
1 <---> 2 : 2.5892257690429688
1 <---> 3 : 5.944728851318359
2 <---> 3 : 2.4611949920654297
2 <---> 1 : 2.908945083618164
3 <---> 2 : 2.366781234741211
3 <---> 1 : 4.231691360473633
datapath         port     rx-pkts  rx-bytes rx-error tx-pkts  tx-bytes tx-error
---------------- -------- -------- -------- -------- -------- -------- --------
0000000000000002        1       11      798        0      404    31632        0
0000000000000002        2      427    28177        0      428    28237        0
0000000000000002        3      426    28041        0      425    27981        0
datapath         in-port  eth-dst           out-port packets  bytes
---------------- -------- ----------------- -------- -------- --------
0000000000000002        1       192.168.0.1        2        4      392
0000000000000002        1       192.168.0.2        3        2      196
0000000000000002        2       192.168.0.3        1        4      392
0000000000000002        3       192.168.0.3        1        2      196
datapath         port     rx-pkts  rx-bytes rx-error tx-pkts  tx-bytes tx-error
---------------- -------- -------- -------- -------- -------- -------- --------
0000000000000003        1       11      798        0      401    31434        0
0000000000000003        2      427    28177        0      428    28237        0
0000000000000003        3      425    27981        0      426    28041        0
datapath         in-port  eth-dst           out-port packets  bytes
---------------- -------- ----------------- -------- -------- --------
0000000000000003        1       192.168.0.1        2        4      392
0000000000000003        1       192.168.0.3        3        1       98
0000000000000003        2       192.168.0.2        1        4      392
0000000000000003        3       192.168.0.2        1        2      196
datapath         port     rx-pkts  rx-bytes rx-error tx-pkts  tx-bytes tx-error
---------------- -------- -------- -------- -------- -------- -------- --------
0000000000000001        1       10      868        0      405    31750        0
0000000000000001        2      428    28237        0      427    28177        0
0000000000000001        3      428    28237        0      427    28177        0
datapath         in-port  eth-dst           out-port packets  bytes
---------------- -------- ----------------- -------- -------- --------
0000000000000001        1       192.168.0.2        2        3      294
0000000000000001        1       192.168.0.3        3        3      294
0000000000000001        2       192.168.0.1        1        4      392
0000000000000001        3       192.168.0.1        1        4      392
discovery--->==================================== discovery ====================================
discovery---> cls: [(1, 2), (1, 3), (2, 3)]
discovery--->=============================================================================
==================================== link detector ====================================

----------------------------
src    dst :    delay
1 <---> 2 : 3.5011768341064453
1 <---> 3 : 3.5614967346191406
2 <---> 3 : 3.549337387084961
2 <---> 1 : 3.539562225341797
3 <---> 2 : 3.203153610229492
3 <---> 1 : 3.481149673461914
==================================== link detector ====================================

----------------------------
src    dst :    delay
1 <---> 2 : 4.00233268737793
1 <---> 3 : 3.543853759765625
2 <---> 3 : 4.059314727783203
2 <---> 1 : 2.9184818267822266
3 <---> 2 : 4.015207290649414
3 <---> 1 : 3.515481948852539
datapath         port     rx-pkts  rx-bytes rx-error tx-pkts  tx-bytes tx-error
---------------- -------- -------- -------- -------- -------- -------- --------
0000000000000003        1       11      798        0      407    31902        0
0000000000000003        2      433    28537        0      434    28597        0
0000000000000003        3      430    28281        0      431    28341        0
datapath         in-port  eth-dst           out-port packets  bytes
---------------- -------- ----------------- -------- -------- --------
0000000000000003        1       192.168.0.1        2        4      392
0000000000000003        1       192.168.0.3        3        1       98
0000000000000003        2       192.168.0.2        1        4      392
0000000000000003        3       192.168.0.2        1        2      196
datapath         port     rx-pkts  rx-bytes rx-error tx-pkts  tx-bytes tx-error
---------------- -------- -------- -------- -------- -------- -------- --------
0000000000000002        1       11      798        0      409    32022        0
0000000000000002        2      432    28477        0      434    28597        0
0000000000000002        3      431    28341        0      430    28281        0
datapath         in-port  eth-dst           out-port packets  bytes
---------------- -------- ----------------- -------- -------- --------
0000000000000002        1       192.168.0.1        2        4      392
0000000000000002        1       192.168.0.2        3        2      196
0000000000000002        2       192.168.0.3        1        4      392
0000000000000002        3       192.168.0.3        1        2      196
datapath         port     rx-pkts  rx-bytes rx-error tx-pkts  tx-bytes tx-error
---------------- -------- -------- -------- -------- -------- -------- --------
0000000000000001        1       10      868        0      411    32218        0
0000000000000001        2      434    28597        0      433    28537        0
0000000000000001        3      434    28597        0      432    28477        0
datapath         in-port  eth-dst           out-port packets  bytes
---------------- -------- ----------------- -------- -------- --------
0000000000000001        1       192.168.0.2        2        3      294
0000000000000001        1       192.168.0.3        3        3      294
0000000000000001        2       192.168.0.1        1        4      392
0000000000000001        3       192.168.0.1        1        4      392
discovery--->==================================== discovery ====================================
discovery---> cls: [(1, 2), (1, 3), (2, 3)]
discovery--->=============================================================================
==================================== link detector ====================================

----------------------------
src    dst :    delay
1 <---> 2 : 4.017829895019531
1 <---> 3 : 4.017353057861328
2 <---> 3 : 4.172801971435547
2 <---> 1 : 4.004478454589844
3 <---> 2 : 2.6161670684814453
3 <---> 1 : 4.195451736450195
==================================== link detector ====================================

----------------------------
src    dst :    delay
1 <---> 2 : 3.146648406982422
1 <---> 3 : 4.019498825073242
2 <---> 3 : 2.8345584869384766
2 <---> 1 : 4.140138626098633
3 <---> 2 : 2.6726722717285156
3 <---> 1 : 4.0283203125
datapath         port     rx-pkts  rx-bytes rx-error tx-pkts  tx-bytes tx-error
---------------- -------- -------- -------- -------- -------- -------- --------
0000000000000002        1       11      798        0      415    32490        0
0000000000000002        2      438    28837        0      439    28897        0
0000000000000002        3      437    28701        0      436    28641        0
datapath         in-port  eth-dst           out-port packets  bytes
---------------- -------- ----------------- -------- -------- --------
0000000000000002        1       192.168.0.1        2        4      392
0000000000000002        1       192.168.0.2        3        2      196
0000000000000002        2       192.168.0.3        1        4      392
0000000000000002        3       192.168.0.3        1        2      196
datapath         port     rx-pkts  rx-bytes rx-error tx-pkts  tx-bytes tx-error
---------------- -------- -------- -------- -------- -------- -------- --------
0000000000000003        1       11      798        0      412    32292        0
0000000000000003        2      438    28837        0      439    28897        0
0000000000000003        3      436    28641        0      437    28701        0
datapath         in-port  eth-dst           out-port packets  bytes
---------------- -------- ----------------- -------- -------- --------
0000000000000003        1       192.168.0.1        2        4      392
0000000000000003        1       192.168.0.3        3        1       98
0000000000000003        2       192.168.0.2        1        4      392
0000000000000003        3       192.168.0.2        1        2      196
datapath         port     rx-pkts  rx-bytes rx-error tx-pkts  tx-bytes tx-error
---------------- -------- -------- -------- -------- -------- -------- --------
0000000000000001        1       10      868        0      416    32608        0
0000000000000001        2      439    28897        0      438    28837        0
0000000000000001        3      439    28897        0      438    28837        0
datapath         in-port  eth-dst           out-port packets  bytes
---------------- -------- ----------------- -------- -------- --------
0000000000000001        1       192.168.0.2        2        3      294
0000000000000001        1       192.168.0.3        3        3      294
0000000000000001        2       192.168.0.1        1        4      392
0000000000000001        3       192.168.0.1        1        4      392
discovery--->==================================== discovery ====================================
discovery---> cls: [(1, 2), (1, 3), (2, 3)]
discovery--->=============================================================================
==================================== link detector ====================================

----------------------------
src    dst :    delay
1 <---> 2 : 4.120588302612305
1 <---> 3 : 4.06193733215332
2 <---> 3 : 3.979921340942383
2 <---> 1 : 2.675771713256836
3 <---> 2 : 3.3109188079833984
3 <---> 1 : 4.10008430480957
datapath         port     rx-pkts  rx-bytes rx-error tx-pkts  tx-bytes tx-error
---------------- -------- -------- -------- -------- -------- -------- --------
0000000000000002        1       11      798        0      420    32880        0
0000000000000002        2      444    29197        0      445    29257        0
0000000000000002        3      442    29001        0      442    29001        0
datapath         in-port  eth-dst           out-port packets  bytes
---------------- -------- ----------------- -------- -------- --------
0000000000000002        1       192.168.0.1        2        4      392
0000000000000002        1       192.168.0.2        3        2      196
0000000000000002        2       192.168.0.3        1        4      392
0000000000000002        3       192.168.0.3        1        2      196
datapath         port     rx-pkts  rx-bytes rx-error tx-pkts  tx-bytes tx-error
---------------- -------- -------- -------- -------- -------- -------- --------
0000000000000003        1       11      798        0      418    32760        0
0000000000000003        2      444    29197        0      445    29257        0
0000000000000003        3      442    29001        0      442    29001        0
datapath         in-port  eth-dst           out-port packets  bytes
---------------- -------- ----------------- -------- -------- --------
0000000000000003        1       192.168.0.1        2        4      392
0000000000000003        1       192.168.0.3        3        1       98
0000000000000003        2       192.168.0.2        1        4      392
0000000000000003        3       192.168.0.2        1        2      196
datapath         port     rx-pkts  rx-bytes rx-error tx-pkts  tx-bytes tx-error
---------------- -------- -------- -------- -------- -------- -------- --------
0000000000000001        1       10      868        0      422    33076        0
0000000000000001        2      445    29257        0      444    29197        0
0000000000000001        3      445    29257        0      444    29197        0
datapath         in-port  eth-dst           out-port packets  bytes
---------------- -------- ----------------- -------- -------- --------
0000000000000001        1       192.168.0.2        2        3      294
0000000000000001        1       192.168.0.3        3        3      294
0000000000000001        2       192.168.0.1        1        4      392
0000000000000001        3       192.168.0.1        1        4      392
discovery--->==================================== discovery ====================================
discovery---> cls: [(1, 2), (1, 3), (2, 3)]
discovery--->=============================================================================
==================================== link detector ====================================

----------------------------
src    dst :    delay
1 <---> 2 : 4.079580307006836
1 <---> 3 : 2.6922225952148438
2 <---> 3 : 4.00543212890625
2 <---> 1 : 4.012584686279297
3 <---> 2 : 2.8085708618164062
3 <---> 1 : 4.124641418457031
==================================== link detector ====================================

----------------------------
src    dst :    delay
1 <---> 2 : 3.993511199951172
1 <---> 3 : 4.044771194458008
2 <---> 3 : 4.076242446899414
2 <---> 1 : 2.561807632446289
3 <---> 2 : 2.698659896850586
3 <---> 1 : 4.219293594360352
datapath         port     rx-pkts  rx-bytes rx-error tx-pkts  tx-bytes tx-error
---------------- -------- -------- -------- -------- -------- -------- --------
0000000000000002        1       11      798        0      426    33348        0
0000000000000002        2      449    29497        0      450    29557        0
0000000000000002        3      448    29361        0      447    29301        0
datapath         in-port  eth-dst           out-port packets  bytes
---------------- -------- ----------------- -------- -------- --------
0000000000000002        1       192.168.0.1        2        4      392
0000000000000002        1       192.168.0.2        3        2      196
0000000000000002        2       192.168.0.3        1        4      392
0000000000000002        3       192.168.0.3        1        2      196
datapath         port     rx-pkts  rx-bytes rx-error tx-pkts  tx-bytes tx-error
---------------- -------- -------- -------- -------- -------- -------- --------
0000000000000003        1       11      798        0      423    33150        0
0000000000000003        2      449    29497        0      450    29557        0
0000000000000003        3      447    29301        0      448    29361        0
datapath         in-port  eth-dst           out-port packets  bytes
---------------- -------- ----------------- -------- -------- --------
0000000000000003        1       192.168.0.1        2        4      392
0000000000000003        1       192.168.0.3        3        1       98
0000000000000003        2       192.168.0.2        1        4      392
0000000000000003        3       192.168.0.2        1        2      196
datapath         port     rx-pkts  rx-bytes rx-error tx-pkts  tx-bytes tx-error
---------------- -------- -------- -------- -------- -------- -------- --------
0000000000000001        1       10      868        0      427    33466        0
0000000000000001        2      450    29557        0      449    29497        0
0000000000000001        3      450    29557        0      449    29497        0
datapath         in-port  eth-dst           out-port packets  bytes
---------------- -------- ----------------- -------- -------- --------
0000000000000001        1       192.168.0.2        2        3      294
0000000000000001        1       192.168.0.3        3        3      294
0000000000000001        2       192.168.0.1        1        4      392
0000000000000001        3       192.168.0.1        1        4      392
discovery--->==================================== discovery ====================================
discovery---> cls: [(1, 2), (1, 3), (2, 3)]
discovery--->=============================================================================
==================================== link detector ====================================

----------------------------
src    dst :    delay
1 <---> 2 : 2.6395320892333984
1 <---> 3 : 4.116535186767578
2 <---> 3 : 4.040241241455078
2 <---> 1 : 4.0149688720703125
3 <---> 2 : 4.156589508056641
3 <---> 1 : 2.6705265045166016
datapath         port     rx-pkts  rx-bytes rx-error tx-pkts  tx-bytes tx-error
---------------- -------- -------- -------- -------- -------- -------- --------
0000000000000002        1       11      798        0      431    33738        0
0000000000000002        2      455    29857        0      456    29917        0
0000000000000002        3      454    29721        0      453    29661        0
datapath         in-port  eth-dst           out-port packets  bytes
---------------- -------- ----------------- -------- -------- --------
0000000000000002        1       192.168.0.1        2        4      392
0000000000000002        1       192.168.0.2        3        2      196
0000000000000002        2       192.168.0.3        1        4      392
0000000000000002        3       192.168.0.3        1        2      196
datapath         port     rx-pkts  rx-bytes rx-error tx-pkts  tx-bytes tx-error
---------------- -------- -------- -------- -------- -------- -------- --------
0000000000000003        1       11      798        0      429    33618        0
0000000000000003        2      455    29857        0      456    29917        0
0000000000000003        3      453    29661        0      454    29721        0
datapath         in-port  eth-dst           out-port packets  bytes
---------------- -------- ----------------- -------- -------- --------
0000000000000003        1       192.168.0.1        2        4      392
0000000000000003        1       192.168.0.3        3        1       98
0000000000000003        2       192.168.0.2        1        4      392
0000000000000003        3       192.168.0.2        1        2      196
datapath         port     rx-pkts  rx-bytes rx-error tx-pkts  tx-bytes tx-error
---------------- -------- -------- -------- -------- -------- -------- --------
0000000000000001        1       10      868        0      433    33934        0
0000000000000001        2      456    29917        0      455    29857        0
0000000000000001        3      456    29917        0      455    29857        0
datapath         in-port  eth-dst           out-port packets  bytes
---------------- -------- ----------------- -------- -------- --------
0000000000000001        1       192.168.0.2        2        3      294
0000000000000001        1       192.168.0.3        3        3      294
0000000000000001        2       192.168.0.1        1        4      392
0000000000000001        3       192.168.0.1        1        4      392
discovery--->==================================== discovery ====================================
discovery---> cls: [(1, 2), (1, 3), (2, 3)]
discovery--->=============================================================================
==================================== link detector ====================================

----------------------------
src    dst :    delay
1 <---> 2 : 3.4766197204589844
1 <---> 3 : 4.178524017333984
2 <---> 3 : 3.4623146057128906
2 <---> 1 : 2.5911331176757812
3 <---> 2 : 3.5347938537597656
3 <---> 1 : 2.8481483459472656
==================================== link detector ====================================

----------------------------
src    dst :    delay
1 <---> 2 : 3.667593002319336
1 <---> 3 : 4.091978073120117
2 <---> 3 : 3.553152084350586
2 <---> 1 : 3.108978271484375
3 <---> 2 : 3.977537155151367
3 <---> 1 : 3.1905174255371094
datapath         port     rx-pkts  rx-bytes rx-error tx-pkts  tx-bytes tx-error
---------------- -------- -------- -------- -------- -------- -------- --------
0000000000000001        1       10      868        0      439    34402        0
0000000000000001        2      461    30217        0      460    30157        0
0000000000000001        3      461    30217        0      460    30157        0
datapath         in-port  eth-dst           out-port packets  bytes
---------------- -------- ----------------- -------- -------- --------
0000000000000001        1       192.168.0.2        2        3      294
0000000000000001        1       192.168.0.3        3        3      294
0000000000000001        2       192.168.0.1        1        4      392
0000000000000001        3       192.168.0.1        1        4      392
datapath         port     rx-pkts  rx-bytes rx-error tx-pkts  tx-bytes tx-error
---------------- -------- -------- -------- -------- -------- -------- --------
0000000000000002        1       11      798        0      437    34206        0
0000000000000002        2      460    30157        0      461    30217        0
0000000000000002        3      459    30021        0      458    29961        0
datapath         in-port  eth-dst           out-port packets  bytes
---------------- -------- ----------------- -------- -------- --------
0000000000000002        1       192.168.0.1        2        4      392
0000000000000002        1       192.168.0.2        3        2      196
0000000000000002        2       192.168.0.3        1        4      392
0000000000000002        3       192.168.0.3        1        2      196
datapath         port     rx-pkts  rx-bytes rx-error tx-pkts  tx-bytes tx-error
---------------- -------- -------- -------- -------- -------- -------- --------
0000000000000003        1       11      798        0      434    34008        0
0000000000000003        2      460    30157        0      461    30217        0
0000000000000003        3      458    29961        0      459    30021        0
datapath         in-port  eth-dst           out-port packets  bytes
---------------- -------- ----------------- -------- -------- --------
0000000000000003        1       192.168.0.1        2        4      392
0000000000000003        1       192.168.0.3        3        1       98
0000000000000003        2       192.168.0.2        1        4      392
0000000000000003        3       192.168.0.2        1        2      196
discovery--->==================================== discovery ====================================
discovery---> cls: [(1, 2), (1, 3), (2, 3)]
discovery--->=============================================================================
==================================== link detector ====================================

----------------------------
src    dst :    delay
1 <---> 2 : 2.4933815002441406
1 <---> 3 : 2.7265548706054688
2 <---> 3 : 2.4940967559814453
2 <---> 1 : 4.085779190063477
3 <---> 2 : 4.158973693847656
3 <---> 1 : 3.9250850677490234
==================================== link detector ====================================

----------------------------
src    dst :    delay
1 <---> 2 : 3.313779830932617
1 <---> 3 : 2.379894256591797
2 <---> 3 : 2.871274948120117
2 <---> 1 : 3.269672393798828
3 <---> 2 : 4.078865051269531
3 <---> 1 : 4.065036773681641
datapath         port     rx-pkts  rx-bytes rx-error tx-pkts  tx-bytes tx-error
---------------- -------- -------- -------- -------- -------- -------- --------
0000000000000001        1       10      868        0      444    34792        0
0000000000000001        2      467    30577        0      466    30517        0
0000000000000001        3      467    30577        0      466    30517        0
datapath         in-port  eth-dst           out-port packets  bytes
---------------- -------- ----------------- -------- -------- --------
0000000000000001        1       192.168.0.2        2        3      294
0000000000000001        1       192.168.0.3        3        3      294
0000000000000001        2       192.168.0.1        1        4      392
0000000000000001        3       192.168.0.1        1        4      392
datapath         port     rx-pkts  rx-bytes rx-error tx-pkts  tx-bytes tx-error
---------------- -------- -------- -------- -------- -------- -------- --------
0000000000000002        1       11      798        0      442    34596        0
0000000000000002        2      466    30517        0      467    30577        0
0000000000000002        3      465    30381        0      464    30321        0
datapath         in-port  eth-dst           out-port packets  bytes
---------------- -------- ----------------- -------- -------- --------
0000000000000002        1       192.168.0.1        2        4      392
0000000000000002        1       192.168.0.2        3        2      196
0000000000000002        2       192.168.0.3        1        4      392
0000000000000002        3       192.168.0.3        1        2      196
datapath         port     rx-pkts  rx-bytes rx-error tx-pkts  tx-bytes tx-error
---------------- -------- -------- -------- -------- -------- -------- --------
0000000000000003        1       11      798        0      440    34476        0
0000000000000003        2      466    30517        0      467    30577        0
0000000000000003        3      464    30321        0      465    30381        0
datapath         in-port  eth-dst           out-port packets  bytes
---------------- -------- ----------------- -------- -------- --------
0000000000000003        1       192.168.0.1        2        4      392
0000000000000003        1       192.168.0.3        3        1       98
0000000000000003        2       192.168.0.2        1        4      392
0000000000000003        3       192.168.0.2        1        2      196
discovery--->==================================== discovery ====================================
discovery---> cls: [(1, 2), (1, 3), (2, 3)]
discovery--->=============================================================================
==================================== link detector ====================================

----------------------------
src    dst :    delay
1 <---> 2 : 2.3927688598632812
1 <---> 3 : 2.199888229370117
2 <---> 3 : 2.3665428161621094
2 <---> 1 : 2.321958541870117
3 <---> 2 : 2.115011215209961
3 <---> 1 : 2.403736114501953
datapath         port     rx-pkts  rx-bytes rx-error tx-pkts  tx-bytes tx-error
---------------- -------- -------- -------- -------- -------- -------- --------
0000000000000002        1       11      798        0      448    35064        0
0000000000000002        2      471    30817        0      472    30877        0
0000000000000002        3      470    30681        0      469    30621        0
datapath         in-port  eth-dst           out-port packets  bytes
---------------- -------- ----------------- -------- -------- --------
0000000000000002        1       192.168.0.1        2        4      392
0000000000000002        1       192.168.0.2        3        2      196
0000000000000002        2       192.168.0.3        1        4      392
0000000000000002        3       192.168.0.3        1        2      196
datapath         port     rx-pkts  rx-bytes rx-error tx-pkts  tx-bytes tx-error
---------------- -------- -------- -------- -------- -------- -------- --------
0000000000000001        1       10      868        0      450    35260        0
0000000000000001        2      473    30937        0      471    30817        0
0000000000000001        3      472    30877        0      471    30817        0
datapath         in-port  eth-dst           out-port packets  bytes
---------------- -------- ----------------- -------- -------- --------
0000000000000001        1       192.168.0.2        2        3      294
0000000000000001        1       192.168.0.3        3        3      294
0000000000000001        2       192.168.0.1        1        4      392
0000000000000001        3       192.168.0.1        1        4      392
datapath         port     rx-pkts  rx-bytes rx-error tx-pkts  tx-bytes tx-error
---------------- -------- -------- -------- -------- -------- -------- --------
0000000000000003        1       11      798        0      446    34944        0
0000000000000003        2      471    30817        0      473    30937        0
0000000000000003        3      469    30621        0      470    30681        0
datapath         in-port  eth-dst           out-port packets  bytes
---------------- -------- ----------------- -------- -------- --------
0000000000000003        1       192.168.0.1        2        4      392
0000000000000003        1       192.168.0.3        3        1       98
0000000000000003        2       192.168.0.2        1        4      392
0000000000000003        3       192.168.0.2        1        2      196
discovery--->==================================== discovery ====================================
discovery---> cls: [(1, 2), (1, 3), (2, 3)]
discovery--->=============================================================================
==================================== link detector ====================================

----------------------------
src    dst :    delay
1 <---> 2 : 3.758668899536133
1 <---> 3 : 2.913951873779297
2 <---> 3 : 3.996610641479492
2 <---> 1 : 3.1387805938720703
3 <---> 2 : 2.4247169494628906
3 <---> 1 : 2.721071243286133
==================================== link detector ====================================

----------------------------
src    dst :    delay
1 <---> 2 : 3.8444995880126953
1 <---> 3 : 3.982067108154297
2 <---> 3 : 2.9876232147216797
2 <---> 1 : 3.9920806884765625
3 <---> 2 : 3.011465072631836
3 <---> 1 : 2.689838409423828
datapath         port     rx-pkts  rx-bytes rx-error tx-pkts  tx-bytes tx-error
---------------- -------- -------- -------- -------- -------- -------- --------
0000000000000001        1       10      868        0      455    35650        0
0000000000000001        2      478    31237        0      477    31177        0
0000000000000001        3      478    31237        0      477    31177        0
datapath         in-port  eth-dst           out-port packets  bytes
---------------- -------- ----------------- -------- -------- --------
0000000000000001        1       192.168.0.2        2        3      294
0000000000000001        1       192.168.0.3        3        3      294
0000000000000001        2       192.168.0.1        1        4      392
0000000000000001        3       192.168.0.1        1        4      392
datapath         port     rx-pkts  rx-bytes rx-error tx-pkts  tx-bytes tx-error
---------------- -------- -------- -------- -------- -------- -------- --------
0000000000000003        1       11      798        0      451    35334        0
0000000000000003        2      477    31177        0      478    31237        0
0000000000000003        3      475    30981        0      476    31041        0
datapath         in-port  eth-dst           out-port packets  bytes
---------------- -------- ----------------- -------- -------- --------
0000000000000003        1       192.168.0.1        2        4      392
0000000000000003        1       192.168.0.3        3        1       98
0000000000000003        2       192.168.0.2        1        4      392
0000000000000003        3       192.168.0.2        1        2      196
datapath         port     rx-pkts  rx-bytes rx-error tx-pkts  tx-bytes tx-error
---------------- -------- -------- -------- -------- -------- -------- --------
0000000000000002        1       11      798        0      454    35532        0
0000000000000002        2      477    31177        0      478    31237        0
0000000000000002        3      476    31041        0      475    30981        0
datapath         in-port  eth-dst           out-port packets  bytes
---------------- -------- ----------------- -------- -------- --------
0000000000000002        1       192.168.0.1        2        4      392
0000000000000002        1       192.168.0.2        3        2      196
0000000000000002        2       192.168.0.3        1        4      392
0000000000000002        3       192.168.0.3        1        2      196
discovery--->==================================== discovery ====================================
discovery---> cls: [(1, 2), (1, 3), (2, 3)]
discovery--->=============================================================================
==================================== link detector ====================================

----------------------------
src    dst :    delay
1 <---> 2 : 2.6428699493408203
1 <---> 3 : 4.093170166015625
2 <---> 3 : 3.993988037109375
2 <---> 1 : 4.117727279663086
3 <---> 2 : 4.144430160522461
3 <---> 1 : 4.061460494995117
datapath         port     rx-pkts  rx-bytes rx-error tx-pkts  tx-bytes tx-error
---------------- -------- -------- -------- -------- -------- -------- --------
0000000000000002        1       11      798        0      459    35922        0
0000000000000002        2      482    31477        0      484    31597        0
0000000000000002        3      481    31341        0      480    31281        0
datapath         in-port  eth-dst           out-port packets  bytes
---------------- -------- ----------------- -------- -------- --------
0000000000000002        1       192.168.0.1        2        4      392
0000000000000002        1       192.168.0.2        3        2      196
0000000000000002        2       192.168.0.3        1        4      392
0000000000000002        3       192.168.0.3        1        2      196
datapath         port     rx-pkts  rx-bytes rx-error tx-pkts  tx-bytes tx-error
---------------- -------- -------- -------- -------- -------- -------- --------
0000000000000001        1       10      868        0      461    36118        0
0000000000000001        2      484    31597        0      483    31537        0
0000000000000001        3      484    31597        0      482    31477        0
datapath         in-port  eth-dst           out-port packets  bytes
---------------- -------- ----------------- -------- -------- --------
0000000000000001        1       192.168.0.2        2        3      294
0000000000000001        1       192.168.0.3        3        3      294
0000000000000001        2       192.168.0.1        1        4      392
0000000000000001        3       192.168.0.1        1        4      392
datapath         port     rx-pkts  rx-bytes rx-error tx-pkts  tx-bytes tx-error
---------------- -------- -------- -------- -------- -------- -------- --------
0000000000000003        1       11      798        0      457    35802        0
0000000000000003        2      483    31537        0      484    31597        0
0000000000000003        3      480    31281        0      481    31341        0
datapath         in-port  eth-dst           out-port packets  bytes
---------------- -------- ----------------- -------- -------- --------
0000000000000003        1       192.168.0.1        2        4      392
0000000000000003        1       192.168.0.3        3        1       98
0000000000000003        2       192.168.0.2        1        4      392
0000000000000003        3       192.168.0.2        1        2      196
discovery--->==================================== discovery ====================================
discovery---> cls: [(1, 2), (1, 3), (2, 3)]
discovery--->=============================================================================
==================================== link detector ====================================

----------------------------
src    dst :    delay
1 <---> 2 : 2.6400089263916016
1 <---> 3 : 2.6586055755615234
2 <---> 3 : 3.0624866485595703
2 <---> 1 : 4.025936126708984
3 <---> 2 : 4.259586334228516
3 <---> 1 : 4.097223281860352
==================================== link detector ====================================

----------------------------
src    dst :    delay
1 <---> 2 : 2.973318099975586
1 <---> 3 : 3.0138492584228516
2 <---> 3 : 4.220008850097656
2 <---> 1 : 4.00543212890625
3 <---> 2 : 2.719402313232422
3 <---> 1 : 4.042863845825195
datapath         port     rx-pkts  rx-bytes rx-error tx-pkts  tx-bytes tx-error
---------------- -------- -------- -------- -------- -------- -------- --------
0000000000000002        1       11      798        0      465    36390        0
0000000000000002        2      488    31837        0      489    31897        0
0000000000000002        3      487    31701        0      486    31641        0
datapath         in-port  eth-dst           out-port packets  bytes
---------------- -------- ----------------- -------- -------- --------
0000000000000002        1       192.168.0.1        2        4      392
0000000000000002        1       192.168.0.2        3        2      196
0000000000000002        2       192.168.0.3        1        4      392
0000000000000002        3       192.168.0.3        1        2      196
datapath         port     rx-pkts  rx-bytes rx-error tx-pkts  tx-bytes tx-error
---------------- -------- -------- -------- -------- -------- -------- --------
0000000000000001        1       10      868        0      466    36508        0
0000000000000001        2      489    31897        0      488    31837        0
0000000000000001        3      489    31897        0      488    31837        0
datapath         in-port  eth-dst           out-port packets  bytes
---------------- -------- ----------------- -------- -------- --------
0000000000000001        1       192.168.0.2        2        3      294
0000000000000001        1       192.168.0.3        3        3      294
0000000000000001        2       192.168.0.1        1        4      392
0000000000000001        3       192.168.0.1        1        4      392
datapath         port     rx-pkts  rx-bytes rx-error tx-pkts  tx-bytes tx-error
---------------- -------- -------- -------- -------- -------- -------- --------
0000000000000003        1       11      798        0      462    36192        0
0000000000000003        2      488    31837        0      489    31897        0
0000000000000003        3      486    31641        0      487    31701        0
datapath         in-port  eth-dst           out-port packets  bytes
---------------- -------- ----------------- -------- -------- --------
0000000000000003        1       192.168.0.1        2        4      392
0000000000000003        1       192.168.0.3        3        1       98
0000000000000003        2       192.168.0.2        1        4      392
0000000000000003        3       192.168.0.2        1        2      196
discovery--->==================================== discovery ====================================
discovery---> cls: [(1, 2), (1, 3), (2, 3)]
discovery--->=============================================================================
==================================== link detector ====================================

----------------------------
src    dst :    delay
1 <---> 2 : 4.160881042480469
1 <---> 3 : 3.9942264556884766
2 <---> 3 : 4.021167755126953
2 <---> 1 : 2.638578414916992
3 <---> 2 : 2.984762191772461
3 <---> 1 : 2.434253692626953
==================================== link detector ====================================

----------------------------
src    dst :    delay
1 <---> 2 : 4.041910171508789
1 <---> 3 : 2.70843505859375
2 <---> 3 : 4.092931747436523
2 <---> 1 : 2.935647964477539
3 <---> 2 : 2.7060508728027344
3 <---> 1 : 3.022909164428711
datapath         port     rx-pkts  rx-bytes rx-error tx-pkts  tx-bytes tx-error
---------------- -------- -------- -------- -------- -------- -------- --------
0000000000000002        1       11      798        0      470    36780        0
0000000000000002        2      494    32197        0      495    32257        0
0000000000000002        3      492    32001        0      491    31941        0
datapath         in-port  eth-dst           out-port packets  bytes
---------------- -------- ----------------- -------- -------- --------
0000000000000002        1       192.168.0.1        2        4      392
0000000000000002        1       192.168.0.2        3        2      196
0000000000000002        2       192.168.0.3        1        4      392
0000000000000002        3       192.168.0.3        1        2      196
datapath         port     rx-pkts  rx-bytes rx-error tx-pkts  tx-bytes tx-error
---------------- -------- -------- -------- -------- -------- -------- --------
0000000000000001        1       10      868        0      472    36976        0
0000000000000001        2      495    32257        0      494    32197        0
0000000000000001        3      495    32257        0      494    32197        0
datapath         in-port  eth-dst           out-port packets  bytes
---------------- -------- ----------------- -------- -------- --------
0000000000000001        1       192.168.0.2        2        3      294
0000000000000001        1       192.168.0.3        3        3      294
0000000000000001        2       192.168.0.1        1        4      392
0000000000000001        3       192.168.0.1        1        4      392
datapath         port     rx-pkts  rx-bytes rx-error tx-pkts  tx-bytes tx-error
---------------- -------- -------- -------- -------- -------- -------- --------
0000000000000003        1       11      798        0      468    36660        0
0000000000000003        2      494    32197        0      495    32257        0
0000000000000003        3      491    31941        0      492    32001        0
datapath         in-port  eth-dst           out-port packets  bytes
---------------- -------- ----------------- -------- -------- --------
0000000000000003        1       192.168.0.1        2        4      392
0000000000000003        1       192.168.0.3        3        1       98
0000000000000003        2       192.168.0.2        1        4      392
0000000000000003        3       192.168.0.2        1        2      196
discovery--->==================================== discovery ====================================
discovery---> cls: [(1, 2), (1, 3), (2, 3)]
discovery--->=============================================================================
==================================== link detector ====================================

----------------------------
src    dst :    delay
1 <---> 2 : 4.212617874145508
1 <---> 3 : 4.050731658935547
2 <---> 3 : 3.3864974975585938
2 <---> 1 : 2.6764869689941406
3 <---> 2 : 3.0984878540039062
3 <---> 1 : 4.076480865478516
datapath         port     rx-pkts  rx-bytes rx-error tx-pkts  tx-bytes tx-error
---------------- -------- -------- -------- -------- -------- -------- --------
0000000000000002        1       11      798        0      476    37248        0
0000000000000002        2      499    32497        0      500    32557        0
0000000000000002        3      498    32361        0      497    32301        0
datapath         in-port  eth-dst           out-port packets  bytes
---------------- -------- ----------------- -------- -------- --------
0000000000000002        1       192.168.0.1        2        4      392
0000000000000002        1       192.168.0.2        3        2      196
0000000000000002        2       192.168.0.3        1        4      392
0000000000000002        3       192.168.0.3        1        2      196
datapath         port     rx-pkts  rx-bytes rx-error tx-pkts  tx-bytes tx-error
---------------- -------- -------- -------- -------- -------- -------- --------
0000000000000001        1       10      868        0      477    37366        0
0000000000000001        2      500    32557        0      499    32497        0
0000000000000001        3      500    32557        0      499    32497        0
datapath         in-port  eth-dst           out-port packets  bytes
---------------- -------- ----------------- -------- -------- --------
0000000000000001        1       192.168.0.2        2        3      294
0000000000000001        1       192.168.0.3        3        3      294
0000000000000001        2       192.168.0.1        1        4      392
0000000000000001        3       192.168.0.1        1        4      392
datapath         port     rx-pkts  rx-bytes rx-error tx-pkts  tx-bytes tx-error
---------------- -------- -------- -------- -------- -------- -------- --------
0000000000000003        1       11      798        0      473    37050        0
0000000000000003        2      499    32497        0      500    32557        0
0000000000000003        3      497    32301        0      498    32361        0
datapath         in-port  eth-dst           out-port packets  bytes
---------------- -------- ----------------- -------- -------- --------
0000000000000003        1       192.168.0.1        2        4      392
0000000000000003        1       192.168.0.3        3        1       98
0000000000000003        2       192.168.0.2        1        4      392
0000000000000003        3       192.168.0.2        1        2      196
discovery--->==================================== discovery ====================================
discovery---> cls: [(1, 2), (1, 3), (2, 3)]
discovery--->=============================================================================
==================================== link detector ====================================

----------------------------
src    dst :    delay
1 <---> 2 : 3.0672550201416016
1 <---> 3 : 3.123760223388672
2 <---> 3 : 2.6636123657226562
2 <---> 1 : 2.9478073120117188
3 <---> 2 : 3.454446792602539
3 <---> 1 : 3.153562545776367
==================================== link detector ====================================

----------------------------
src    dst :    delay
1 <---> 2 : 3.8013458251953125
1 <---> 3 : 3.774404525756836
2 <---> 3 : 2.678394317626953
2 <---> 1 : 2.519369125366211
3 <---> 2 : 3.545999526977539
3 <---> 1 : 3.524303436279297
datapath         port     rx-pkts  rx-bytes rx-error tx-pkts  tx-bytes tx-error
---------------- -------- -------- -------- -------- -------- -------- --------
0000000000000002        1       11      798        0      481    37638        0
0000000000000002        2      505    32857        0      506    32917        0
0000000000000002        3      504    32721        0      503    32661        0
datapath         in-port  eth-dst           out-port packets  bytes
---------------- -------- ----------------- -------- -------- --------
0000000000000002        1       192.168.0.1        2        4      392
0000000000000002        1       192.168.0.2        3        2      196
0000000000000002        2       192.168.0.3        1        4      392
0000000000000002        3       192.168.0.3        1        2      196
datapath         port     rx-pkts  rx-bytes rx-error tx-pkts  tx-bytes tx-error
---------------- -------- -------- -------- -------- -------- -------- --------
0000000000000003        1       11      798        0      479    37518        0
0000000000000003        2      505    32857        0      506    32917        0
0000000000000003        3      503    32661        0      504    32721        0
datapath         in-port  eth-dst           out-port packets  bytes
---------------- -------- ----------------- -------- -------- --------
0000000000000003        1       192.168.0.1        2        4      392
0000000000000003        1       192.168.0.3        3        1       98
0000000000000003        2       192.168.0.2        1        4      392
0000000000000003        3       192.168.0.2        1        2      196
datapath         port     rx-pkts  rx-bytes rx-error tx-pkts  tx-bytes tx-error
---------------- -------- -------- -------- -------- -------- -------- --------
0000000000000001        1       10      868        0      483    37834        0
0000000000000001        2      506    32917        0      505    32857        0
0000000000000001        3      506    32917        0      505    32857        0
datapath         in-port  eth-dst           out-port packets  bytes
---------------- -------- ----------------- -------- -------- --------
0000000000000001        1       192.168.0.2        2        3      294
0000000000000001        1       192.168.0.3        3        3      294
0000000000000001        2       192.168.0.1        1        4      392
0000000000000001        3       192.168.0.1        1        4      392
discovery--->==================================== discovery ====================================
discovery---> cls: [(1, 2), (1, 3), (2, 3)]
discovery--->=============================================================================
==================================== link detector ====================================

----------------------------
src    dst :    delay
1 <---> 2 : 2.565145492553711
1 <---> 3 : 4.316806793212891
2 <---> 3 : 4.271030426025391
2 <---> 1 : 4.071474075317383
3 <---> 2 : 3.373861312866211
3 <---> 1 : 2.594470977783203
datapath         port     rx-pkts  rx-bytes rx-error tx-pkts  tx-bytes tx-error
---------------- -------- -------- -------- -------- -------- -------- --------
0000000000000002        1       11      798        0      487    38106        0
0000000000000002        2      510    33157        0      511    33217        0
0000000000000002        3      509    33021        0      508    32961        0
datapath         in-port  eth-dst           out-port packets  bytes
---------------- -------- ----------------- -------- -------- --------
0000000000000002        1       192.168.0.1        2        4      392
0000000000000002        1       192.168.0.2        3        2      196
0000000000000002        2       192.168.0.3        1        4      392
0000000000000002        3       192.168.0.3        1        2      196
datapath         port     rx-pkts  rx-bytes rx-error tx-pkts  tx-bytes tx-error
---------------- -------- -------- -------- -------- -------- -------- --------
0000000000000001        1       10      868        0      489    38302        0
0000000000000001        2      511    33217        0      510    33157        0
0000000000000001        3      511    33217        0      510    33157        0
datapath         in-port  eth-dst           out-port packets  bytes
---------------- -------- ----------------- -------- -------- --------
0000000000000001        1       192.168.0.2        2        3      294
0000000000000001        1       192.168.0.3        3        3      294
0000000000000001        2       192.168.0.1        1        4      392
0000000000000001        3       192.168.0.1        1        4      392
datapath         port     rx-pkts  rx-bytes rx-error tx-pkts  tx-bytes tx-error
---------------- -------- -------- -------- -------- -------- -------- --------
0000000000000003        1       11      798        0      484    37908        0
0000000000000003        2      510    33157        0      511    33217        0
0000000000000003        3      508    32961        0      509    33021        0
datapath         in-port  eth-dst           out-port packets  bytes
---------------- -------- ----------------- -------- -------- --------
0000000000000003        1       192.168.0.1        2        4      392
0000000000000003        1       192.168.0.3        3        1       98
0000000000000003        2       192.168.0.2        1        4      392
0000000000000003        3       192.168.0.2        1        2      196
discovery--->==================================== discovery ====================================
discovery---> cls: [(1, 2), (1, 3), (2, 3)]
discovery--->=============================================================================
==================================== link detector ====================================

----------------------------
src    dst :    delay
1 <---> 2 : 3.953695297241211
1 <---> 3 : 3.6690235137939453
2 <---> 3 : 2.875804901123047
2 <---> 1 : 4.320621490478516
3 <---> 2 : 4.865407943725586
3 <---> 1 : 2.742290496826172
==================================== link detector ====================================

----------------------------
src    dst :    delay
1 <---> 2 : 4.231929779052734
1 <---> 3 : 3.398418426513672
2 <---> 3 : 4.047155380249023
2 <---> 1 : 3.076791763305664
3 <---> 2 : 2.7811527252197266
3 <---> 1 : 3.9327144622802734
datapath         port     rx-pkts  rx-bytes rx-error tx-pkts  tx-bytes tx-error
---------------- -------- -------- -------- -------- -------- -------- --------
0000000000000002        1       11      798        0      492    38496        0
0000000000000002        2      516    33517        0      517    33577        0
0000000000000002        3      515    33381        0      514    33321        0
datapath         in-port  eth-dst           out-port packets  bytes
---------------- -------- ----------------- -------- -------- --------
0000000000000002        1       192.168.0.1        2        4      392
0000000000000002        1       192.168.0.2        3        2      196
0000000000000002        2       192.168.0.3        1        4      392
0000000000000002        3       192.168.0.3        1        2      196
datapath         port     rx-pkts  rx-bytes rx-error tx-pkts  tx-bytes tx-error
---------------- -------- -------- -------- -------- -------- -------- --------
0000000000000001        1       10      868        0      494    38692        0
0000000000000001        2      517    33577        0      516    33517        0
0000000000000001        3      517    33577        0      516    33517        0
datapath         in-port  eth-dst           out-port packets  bytes
---------------- -------- ----------------- -------- -------- --------
0000000000000001        1       192.168.0.2        2        3      294
0000000000000001        1       192.168.0.3        3        3      294
0000000000000001        2       192.168.0.1        1        4      392
0000000000000001        3       192.168.0.1        1        4      392
datapath         port     rx-pkts  rx-bytes rx-error tx-pkts  tx-bytes tx-error
---------------- -------- -------- -------- -------- -------- -------- --------
0000000000000003        1       11      798        0      490    38376        0
0000000000000003        2      516    33517        0      517    33577        0
0000000000000003        3      514    33321        0      515    33381        0
datapath         in-port  eth-dst           out-port packets  bytes
---------------- -------- ----------------- -------- -------- --------
0000000000000003        1       192.168.0.1        2        4      392
0000000000000003        1       192.168.0.3        3        1       98
0000000000000003        2       192.168.0.2        1        4      392
0000000000000003        3       192.168.0.2        1        2      196
discovery--->==================================== discovery ====================================
discovery---> cls: [(1, 2), (1, 3), (2, 3)]
discovery--->=============================================================================
==================================== link detector ====================================

----------------------------
src    dst :    delay
1 <---> 2 : 2.930879592895508
1 <---> 3 : 3.028392791748047
2 <---> 3 : 3.2258033752441406
2 <---> 1 : 3.287076950073242
3 <---> 2 : 3.0057430267333984
3 <---> 1 : 2.6650428771972656
datapath         port     rx-pkts  rx-bytes rx-error tx-pkts  tx-bytes tx-error
---------------- -------- -------- -------- -------- -------- -------- --------
0000000000000002        1       11      798        0      498    38964        0
0000000000000002        2      521    33817        0      522    33877        0
0000000000000002        3      520    33681        0      519    33621        0
datapath         in-port  eth-dst           out-port packets  bytes
---------------- -------- ----------------- -------- -------- --------
0000000000000002        1       192.168.0.1        2        4      392
0000000000000002        1       192.168.0.2        3        2      196
0000000000000002        2       192.168.0.3        1        4      392
0000000000000002        3       192.168.0.3        1        2      196
datapath         port     rx-pkts  rx-bytes rx-error tx-pkts  tx-bytes tx-error
---------------- -------- -------- -------- -------- -------- -------- --------
0000000000000001        1       10      868        0      500    39160        0
0000000000000001        2      522    33877        0      521    33817        0
0000000000000001        3      522    33877        0      521    33817        0
datapath         in-port  eth-dst           out-port packets  bytes
---------------- -------- ----------------- -------- -------- --------
0000000000000001        1       192.168.0.2        2        3      294
0000000000000001        1       192.168.0.3        3        3      294
0000000000000001        2       192.168.0.1        1        4      392
0000000000000001        3       192.168.0.1        1        4      392
datapath         port     rx-pkts  rx-bytes rx-error tx-pkts  tx-bytes tx-error
---------------- -------- -------- -------- -------- -------- -------- --------
0000000000000003        1       11      798        0      496    38844        0
0000000000000003        2      521    33817        0      522    33877        0
0000000000000003        3      519    33621        0      520    33681        0
datapath         in-port  eth-dst           out-port packets  bytes
---------------- -------- ----------------- -------- -------- --------
0000000000000003        1       192.168.0.1        2        4      392
0000000000000003        1       192.168.0.3        3        1       98
0000000000000003        2       192.168.0.2        1        4      392
0000000000000003        3       192.168.0.2        1        2      196
discovery--->==================================== discovery ====================================
discovery---> cls: [(1, 2), (1, 3), (2, 3)]
discovery--->=============================================================================
==================================== link detector ====================================

----------------------------
src    dst :    delay
1 <---> 2 : 3.990650177001953
1 <---> 3 : 2.629995346069336
2 <---> 3 : 4.256248474121094
2 <---> 1 : 2.2902488708496094
3 <---> 2 : 2.758502960205078
3 <---> 1 : 4.138946533203125
==================================== link detector ====================================

----------------------------
src    dst :    delay
1 <---> 2 : 2.661466598510742
1 <---> 3 : 4.005193710327148
2 <---> 3 : 4.115581512451172
2 <---> 1 : 4.130840301513672
3 <---> 2 : 2.755880355834961
3 <---> 1 : 2.6628971099853516
datapath         port     rx-pkts  rx-bytes rx-error tx-pkts  tx-bytes tx-error
---------------- -------- -------- -------- -------- -------- -------- --------
0000000000000002        1       11      798        0      504    39432        0
0000000000000002        2      527    34177        0      528    34237        0
0000000000000002        3      526    34041        0      525    33981        0
datapath         in-port  eth-dst           out-port packets  bytes
---------------- -------- ----------------- -------- -------- --------
0000000000000002        1       192.168.0.1        2        4      392
0000000000000002        1       192.168.0.2        3        2      196
0000000000000002        2       192.168.0.3        1        4      392
0000000000000002        3       192.168.0.3        1        2      196
datapath         port     rx-pkts  rx-bytes rx-error tx-pkts  tx-bytes tx-error
---------------- -------- -------- -------- -------- -------- -------- --------
0000000000000001        1       10      868        0      505    39550        0
0000000000000001        2      528    34237        0      527    34177        0
0000000000000001        3      528    34237        0      527    34177        0
datapath         in-port  eth-dst           out-port packets  bytes
---------------- -------- ----------------- -------- -------- --------
0000000000000001        1       192.168.0.2        2        3      294
0000000000000001        1       192.168.0.3        3        3      294
0000000000000001        2       192.168.0.1        1        4      392
0000000000000001        3       192.168.0.1        1        4      392
datapath         port     rx-pkts  rx-bytes rx-error tx-pkts  tx-bytes tx-error
---------------- -------- -------- -------- -------- -------- -------- --------
0000000000000003        1       11      798        0      501    39234        0
0000000000000003        2      527    34177        0      528    34237        0
0000000000000003        3      525    33981        0      526    34041        0
datapath         in-port  eth-dst           out-port packets  bytes
---------------- -------- ----------------- -------- -------- --------
0000000000000003        1       192.168.0.1        2        4      392
0000000000000003        1       192.168.0.3        3        1       98
0000000000000003        2       192.168.0.2        1        4      392
0000000000000003        3       192.168.0.2        1        2      196
discovery--->==================================== discovery ====================================
discovery---> cls: [(1, 2), (1, 3), (2, 3)]
discovery--->=============================================================================
==================================== link detector ====================================

----------------------------
src    dst :    delay
1 <---> 2 : 3.0226707458496094
1 <---> 3 : 2.5589466094970703
2 <---> 3 : 3.5626888275146484
2 <---> 1 : 4.2400360107421875
3 <---> 2 : 3.509521484375
3 <---> 1 : 4.122734069824219
