loading app network_structure.py
Matplotlib created a temporary config/cache directory at /tmp/matplotlib-50wx9gyc because the default path (/home/terry/.config/matplotlib) is not a writable directory; it is highly recommended to set the MPLCONFIGDIR environment variable to a writable directory, in particular to speed up the import of Matplotlib and to better support multiprocessing.
Generating new fontManager, this may take some time...
Failed to extract font properties from /usr/share/fonts/truetype/noto/NotoColorEmoji.ttf: In FT2Font: Can not load face.  Unknown file format.
loading app network_monitor.py
loading app network_delay.py
loading app network_shortest_path.py
loading app arp_handler.py
loading app ryu.controller.ofp_handler
instantiating app None of Switches
creating context switches
instantiating app network_structure.py of NetworkStructure
instantiating app network_monitor.py of NetworkMonitor
instantiating app network_delay.py of NetworkDelay
instantiating app network_shortest_path.py of NetworkShortestPath
instantiating app arp_handler.py of ArpHandler
instantiating app ryu.controller.ofp_handler of OFPHandler
discovery---> AccessPoint: 1 connected
discovery---> AccessPoint: 2 connected
discovery---> AccessPoint: 3 connected
monitor---->register datapath: 1000000000000001
monitor---->register datapath: 1000000000000003
monitor---->register datapath: 1000000000000002
==================================== link detector ====================================

----------------------------
src    dst :    delay
2 <---> 3 : 7.0362091064453125
2 <---> 1 : 8.956670761108398
1 <---> 3 : 8.317232131958008
1 <---> 2 : 8.79216194152832
3 <---> 1 : 8.181095123291016
3 <---> 2 : 7.529020309448242
discovery--->==================================== discovery ====================================
discovery---> cls: [(2, 3), (2, 1), (3, 1)]
discovery--->=============================================================================
datapath         port     rx-pkts  rx-bytes rx-error tx-pkts  tx-bytes tx-error
---------------- -------- -------- -------- -------- -------- -------- --------
0000000000000001        1        0        0        0        5      390        0
0000000000000001        2       25     3230        0       24     3170        0
0000000000000001        3       24     3170        0       25     3230        0
datapath         in-port  eth-dst           out-port packets  bytes
---------------- -------- ----------------- -------- -------- --------
datapath         port     rx-pkts  rx-bytes rx-error tx-pkts  tx-bytes tx-error
---------------- -------- -------- -------- -------- -------- -------- --------
0000000000000003        1        0        0        0        5      390        0
0000000000000003        2       24     3170        0       25     3230        0
0000000000000003        3       25     3230        0       25     3230        0
datapath         in-port  eth-dst           out-port packets  bytes
---------------- -------- ----------------- -------- -------- --------
datapath         port     rx-pkts  rx-bytes rx-error tx-pkts  tx-bytes tx-error
---------------- -------- -------- -------- -------- -------- -------- --------
0000000000000002        1        0        0        0        5      390        0
0000000000000002        2       25     3230        0       24     3170        0
0000000000000002        3       25     3230        0       25     3230        0
datapath         in-port  eth-dst           out-port packets  bytes
---------------- -------- ----------------- -------- -------- --------
==================================== link detector ====================================

----------------------------
src    dst :    delay
2 <---> 3 : 7.5893402099609375
2 <---> 1 : 10.189533233642578
1 <---> 3 : 6.592988967895508
1 <---> 2 : 10.04648208618164
3 <---> 1 : 6.693840026855469
3 <---> 2 : 6.901741027832031
==================================== link detector ====================================

----------------------------
src    dst :    delay
2 <---> 3 : 6.441831588745117
2 <---> 1 : 10.01429557800293
1 <---> 3 : 7.002353668212891
1 <---> 2 : 9.527444839477539
3 <---> 1 : 7.549524307250977
3 <---> 2 : 7.070064544677734
discovery--->==================================== discovery ====================================
discovery---> cls: [(2, 3), (2, 1), (3, 1)]
discovery--->=============================================================================
datapath         port     rx-pkts  rx-bytes rx-error tx-pkts  tx-bytes tx-error
---------------- -------- -------- -------- -------- -------- -------- --------
0000000000000001        1        0        0        0       11      858        0
0000000000000001        2       32     3660        0       31     3600        0
0000000000000001        3       31     3600        0       32     3660        0
datapath         in-port  eth-dst           out-port packets  bytes
---------------- -------- ----------------- -------- -------- --------
datapath         port     rx-pkts  rx-bytes rx-error tx-pkts  tx-bytes tx-error
---------------- -------- -------- -------- -------- -------- -------- --------
0000000000000002        1        0        0        0       11      858        0
0000000000000002        2       32     3660        0       31     3600        0
0000000000000002        3       32     3660        0       31     3600        0
datapath         in-port  eth-dst           out-port packets  bytes
---------------- -------- ----------------- -------- -------- --------
datapath         port     rx-pkts  rx-bytes rx-error tx-pkts  tx-bytes tx-error
---------------- -------- -------- -------- -------- -------- -------- --------
0000000000000003        1        0        0        0       11      858        0
0000000000000003        2       31     3600        0       32     3660        0
0000000000000003        3       31     3600        0       32     3660        0
datapath         in-port  eth-dst           out-port packets  bytes
---------------- -------- ----------------- -------- -------- --------
==================================== link detector ====================================

----------------------------
src    dst :    delay
2 <---> 3 : 7.974863052368164
2 <---> 1 : 8.635520935058594
1 <---> 3 : 8.012771606445312
1 <---> 2 : 8.109569549560547
3 <---> 1 : 7.590055465698242
3 <---> 2 : 8.226156234741211
discovery--->==================================== discovery ====================================
discovery---> cls: [(2, 3), (2, 1), (3, 1)]
discovery--->=============================================================================
datapath         port     rx-pkts  rx-bytes rx-error tx-pkts  tx-bytes tx-error
---------------- -------- -------- -------- -------- -------- -------- --------
0000000000000001        1        0        0        0       16     1248        0
0000000000000001        2       38     4163        0       37     4103        0
0000000000000001        3       38     4163        0       38     4163        0
datapath         in-port  eth-dst           out-port packets  bytes
---------------- -------- ----------------- -------- -------- --------
datapath         port     rx-pkts  rx-bytes rx-error tx-pkts  tx-bytes tx-error
---------------- -------- -------- -------- -------- -------- -------- --------
0000000000000002        1        0        0        0       17     1326        0
0000000000000002        2       38     4163        0       38     4163        0
0000000000000002        3       38     4163        0       38     4163        0
datapath         in-port  eth-dst           out-port packets  bytes
---------------- -------- ----------------- -------- -------- --------
datapath         port     rx-pkts  rx-bytes rx-error tx-pkts  tx-bytes tx-error
---------------- -------- -------- -------- -------- -------- -------- --------
0000000000000003        1        0        0        0       16     1248        0
0000000000000003        2       37     4103        0       38     4163        0
0000000000000003        3       38     4163        0       38     4163        0
datapath         in-port  eth-dst           out-port packets  bytes
---------------- -------- ----------------- -------- -------- --------
==================================== link detector ====================================

----------------------------
src    dst :    delay
2 <---> 3 : 8.121013641357422
2 <---> 1 : 8.672237396240234
1 <---> 3 : 7.80487060546875
1 <---> 2 : 9.171724319458008
3 <---> 1 : 7.470130920410156
3 <---> 2 : 7.153987884521484
shortest=====>[PATH] [192.168.0.1 <----> 192.168.0.2]: [1, 3]
shortest=====>[PATH] [192.168.0.1 <----> 192.168.0.3]: [1, 2]
shortest=====>[PATH] [192.168.0.2 <----> 192.168.0.3]: [3, 2]
==================================== link detector ====================================

----------------------------
src    dst :    delay
2 <---> 3 : 6.400108337402344
2 <---> 1 : 10.338783264160156
1 <---> 3 : 7.185220718383789
1 <---> 2 : 9.591817855834961
3 <---> 1 : 7.476806640625
3 <---> 2 : 6.995201110839844
datapath         port     rx-pkts  rx-bytes rx-error tx-pkts  tx-bytes tx-error
---------------- -------- -------- -------- -------- -------- -------- --------
0000000000000001        1        6      476        0       34     2732        0
0000000000000001        2       50     4923        0       47     4743        0
0000000000000001        3       47     4743        0       48     4803        0
datapath         in-port  eth-dst           out-port packets  bytes
---------------- -------- ----------------- -------- -------- --------
0000000000000001        1       192.168.0.2        2        1       98
0000000000000001        1       192.168.0.3        3        1       98
0000000000000001        2       192.168.0.1        1        2      196
0000000000000001        3       192.168.0.1        1        2      196
discovery--->==================================== discovery ====================================
discovery---> cls: [(2, 3), (2, 1), (3, 1)]
discovery--->=============================================================================
datapath         port     rx-pkts  rx-bytes rx-error tx-pkts  tx-bytes tx-error
---------------- -------- -------- -------- -------- -------- -------- --------
0000000000000003        1        6      476        0       29     2378        0
0000000000000003        2       47     4743        0       50     4923        0
0000000000000003        3       49     4863        0       48     4803        0
datapath         in-port  eth-dst           out-port packets  bytes
---------------- -------- ----------------- -------- -------- --------
0000000000000003        1       192.168.0.1        2        2      196
0000000000000003        1       192.168.0.3        3        1       98
0000000000000003        2       192.168.0.2        1        2      196
0000000000000003        3       192.168.0.2        1        2      196
datapath         port     rx-pkts  rx-bytes rx-error tx-pkts  tx-bytes tx-error
---------------- -------- -------- -------- -------- -------- -------- --------
0000000000000002        1        6      476        0       30     2438        0
0000000000000002        2       48     4803        0       47     4743        0
0000000000000002        3       48     4803        0       49     4863        0
datapath         in-port  eth-dst           out-port packets  bytes
---------------- -------- ----------------- -------- -------- --------
0000000000000002        1       192.168.0.1        2        2      196
0000000000000002        1       192.168.0.2        3        2      196
0000000000000002        2       192.168.0.3        1        2      196
0000000000000002        3       192.168.0.3        1        2      196
==================================== link detector ====================================

----------------------------
src    dst :    delay
2 <---> 3 : 7.233142852783203
2 <---> 1 : 9.189605712890625
1 <---> 3 : 7.181406021118164
1 <---> 2 : 9.796142578125
3 <---> 1 : 7.874250411987305
3 <---> 2 : 7.194757461547852
datapath         port     rx-pkts  rx-bytes rx-error tx-pkts  tx-bytes tx-error
---------------- -------- -------- -------- -------- -------- -------- --------
0000000000000001        1        6      476        0       40     3200        0
0000000000000001        2       56     5293        0       53     5103        0
0000000000000001        3       53     5103        0       54     5173        0
datapath         in-port  eth-dst           out-port packets  bytes
---------------- -------- ----------------- -------- -------- --------
0000000000000001        1       192.168.0.2        2        1       98
0000000000000001        1       192.168.0.3        3        1       98
0000000000000001        2       192.168.0.1        1        2      196
0000000000000001        3       192.168.0.1        1        2      196
discovery--->==================================== discovery ====================================
discovery---> cls: [(2, 3), (2, 1), (3, 1)]
discovery--->=============================================================================
datapath         port     rx-pkts  rx-bytes rx-error tx-pkts  tx-bytes tx-error
---------------- -------- -------- -------- -------- -------- -------- --------
0000000000000002        1        6      476        0       36     2906        0
0000000000000002        2       54     5173        0       53     5103        0
0000000000000002        3       53     5103        0       55     5223        0
datapath         in-port  eth-dst           out-port packets  bytes
---------------- -------- ----------------- -------- -------- --------
0000000000000002        1       192.168.0.1        2        2      196
0000000000000002        1       192.168.0.2        3        2      196
0000000000000002        2       192.168.0.3        1        2      196
0000000000000002        3       192.168.0.3        1        2      196
datapath         port     rx-pkts  rx-bytes rx-error tx-pkts  tx-bytes tx-error
---------------- -------- -------- -------- -------- -------- -------- --------
0000000000000003        1        6      476        0       34     2768        0
0000000000000003        2       53     5103        0       56     5293        0
0000000000000003        3       55     5223        0       53     5103        0
datapath         in-port  eth-dst           out-port packets  bytes
---------------- -------- ----------------- -------- -------- --------
0000000000000003        1       192.168.0.1        2        2      196
0000000000000003        1       192.168.0.3        3        1       98
0000000000000003        2       192.168.0.2        1        2      196
0000000000000003        3       192.168.0.2        1        2      196
==================================== link detector ====================================

----------------------------
src    dst :    delay
2 <---> 3 : 6.858587265014648
2 <---> 1 : 9.991884231567383
1 <---> 3 : 6.499052047729492
1 <---> 2 : 8.893966674804688
3 <---> 1 : 6.725788116455078
3 <---> 2 : 7.2307586669921875
==================================== link detector ====================================

----------------------------
src    dst :    delay
2 <---> 3 : 7.201910018920898
2 <---> 1 : 9.60993766784668
1 <---> 3 : 7.4939727783203125
1 <---> 2 : 9.608983993530273
3 <---> 1 : 8.380413055419922
3 <---> 2 : 7.427215576171875
datapath         port     rx-pkts  rx-bytes rx-error tx-pkts  tx-bytes tx-error
---------------- -------- -------- -------- -------- -------- -------- --------
0000000000000001        1        6      476        0       45     3590        0
0000000000000001        2       63     5856        0       60     5676        0
0000000000000001        3       60     5676        0       61     5736        0
datapath         in-port  eth-dst           out-port packets  bytes
---------------- -------- ----------------- -------- -------- --------
0000000000000001        1       192.168.0.2        2        1       98
0000000000000001        1       192.168.0.3        3        1       98
0000000000000001        2       192.168.0.1        1        2      196
0000000000000001        3       192.168.0.1        1        2      196
datapath         port     rx-pkts  rx-bytes rx-error tx-pkts  tx-bytes tx-error
---------------- -------- -------- -------- -------- -------- -------- --------
0000000000000003        1        6      476        0       40     3236        0
0000000000000003        2       60     5676        0       63     5856        0
0000000000000003        3       62     5796        0       61     5736        0
datapath         in-port  eth-dst           out-port packets  bytes
---------------- -------- ----------------- -------- -------- --------
0000000000000003        1       192.168.0.1        2        2      196
0000000000000003        1       192.168.0.3        3        1       98
0000000000000003        2       192.168.0.2        1        2      196
0000000000000003        3       192.168.0.2        1        2      196
datapath         port     rx-pkts  rx-bytes rx-error tx-pkts  tx-bytes tx-error
---------------- -------- -------- -------- -------- -------- -------- --------
0000000000000002        1        6      476        0       41     3296        0
0000000000000002        2       61     5736        0       60     5676        0
0000000000000002        3       61     5736        0       62     5796        0
datapath         in-port  eth-dst           out-port packets  bytes
---------------- -------- ----------------- -------- -------- --------
0000000000000002        1       192.168.0.1        2        2      196
0000000000000002        1       192.168.0.2        3        2      196
0000000000000002        2       192.168.0.3        1        2      196
0000000000000002        3       192.168.0.3        1        2      196
discovery--->==================================== discovery ====================================
discovery---> cls: [(2, 3), (2, 1), (3, 1)]
discovery--->=============================================================================
==================================== link detector ====================================

----------------------------
src    dst :    delay
2 <---> 3 : 7.521390914916992
2 <---> 1 : 8.496522903442383
1 <---> 3 : 8.234977722167969
1 <---> 2 : 9.509086608886719
3 <---> 1 : 7.122039794921875
3 <---> 2 : 8.033037185668945
==================================== link detector ====================================

----------------------------
src    dst :    delay
2 <---> 3 : 6.592988967895508
2 <---> 1 : 9.175777435302734
1 <---> 3 : 7.006645202636719
1 <---> 2 : 9.940385818481445
3 <---> 1 : 6.240606307983398
3 <---> 2 : 7.974147796630859
datapath         port     rx-pkts  rx-bytes rx-error tx-pkts  tx-bytes tx-error
---------------- -------- -------- -------- -------- -------- -------- --------
0000000000000001        1        6      476        0       51     4058        0
0000000000000001        2       68     6156        0       66     6036        0
0000000000000001        3       66     6036        0       66     6036        0
datapath         in-port  eth-dst           out-port packets  bytes
---------------- -------- ----------------- -------- -------- --------
0000000000000001        1       192.168.0.2        2        1       98
0000000000000001        1       192.168.0.3        3        1       98
0000000000000001        2       192.168.0.1        1        2      196
0000000000000001        3       192.168.0.1        1        2      196
datapath         port     rx-pkts  rx-bytes rx-error tx-pkts  tx-bytes tx-error
---------------- -------- -------- -------- -------- -------- -------- --------
0000000000000002        1        6      476        0       47     3764        0
0000000000000002        2       66     6036        0       66     6036        0
0000000000000002        3       67     6096        0       68     6156        0
datapath         in-port  eth-dst           out-port packets  bytes
---------------- -------- ----------------- -------- -------- --------
0000000000000002        1       192.168.0.1        2        2      196
0000000000000002        1       192.168.0.2        3        2      196
0000000000000002        2       192.168.0.3        1        2      196
0000000000000002        3       192.168.0.3        1        2      196
datapath         port     rx-pkts  rx-bytes rx-error tx-pkts  tx-bytes tx-error
---------------- -------- -------- -------- -------- -------- -------- --------
0000000000000003        1        6      476        0       46     3704        0
0000000000000003        2       66     6036        0       68     6156        0
0000000000000003        3       68     6156        0       67     6096        0
datapath         in-port  eth-dst           out-port packets  bytes
---------------- -------- ----------------- -------- -------- --------
0000000000000003        1       192.168.0.1        2        2      196
0000000000000003        1       192.168.0.3        3        1       98
0000000000000003        2       192.168.0.2        1        2      196
0000000000000003        3       192.168.0.2        1        2      196
discovery--->==================================== discovery ====================================
discovery---> cls: [(2, 3), (2, 1), (3, 1)]
discovery--->=============================================================================
==================================== link detector ====================================

----------------------------
src    dst :    delay
2 <---> 3 : 8.265495300292969
2 <---> 1 : 8.666515350341797
1 <---> 3 : 7.294416427612305
1 <---> 2 : 9.651899337768555
3 <---> 1 : 7.544279098510742
3 <---> 2 : 7.5550079345703125
datapath         port     rx-pkts  rx-bytes rx-error tx-pkts  tx-bytes tx-error
---------------- -------- -------- -------- -------- -------- -------- --------
0000000000000001        1        6      476        0       56     4448        0
0000000000000001        2       74     6516        0       71     6336        0
0000000000000001        3       71     6336        0       72     6396        0
datapath         in-port  eth-dst           out-port packets  bytes
---------------- -------- ----------------- -------- -------- --------
0000000000000001        1       192.168.0.2        2        1       98
0000000000000001        1       192.168.0.3        3        1       98
0000000000000001        2       192.168.0.1        1        2      196
0000000000000001        3       192.168.0.1        1        2      196
datapath         port     rx-pkts  rx-bytes rx-error tx-pkts  tx-bytes tx-error
---------------- -------- -------- -------- -------- -------- -------- --------
0000000000000002        1        6      476        0       52     4154        0
0000000000000002        2       72     6396        0       71     6336        0
0000000000000002        3       72     6396        0       73     6456        0
datapath         in-port  eth-dst           out-port packets  bytes
---------------- -------- ----------------- -------- -------- --------
0000000000000002        1       192.168.0.1        2        2      196
0000000000000002        1       192.168.0.2        3        2      196
0000000000000002        2       192.168.0.3        1        2      196
0000000000000002        3       192.168.0.3        1        2      196
datapath         port     rx-pkts  rx-bytes rx-error tx-pkts  tx-bytes tx-error
---------------- -------- -------- -------- -------- -------- -------- --------
0000000000000003        1        6      476        0       51     4094        0
0000000000000003        2       71     6336        0       74     6516        0
0000000000000003        3       73     6456        0       72     6396        0
datapath         in-port  eth-dst           out-port packets  bytes
---------------- -------- ----------------- -------- -------- --------
0000000000000003        1       192.168.0.1        2        2      196
0000000000000003        1       192.168.0.3        3        1       98
0000000000000003        2       192.168.0.2        1        2      196
0000000000000003        3       192.168.0.2        1        2      196
discovery--->==================================== discovery ====================================
discovery---> cls: [(2, 3), (2, 1), (3, 1)]
discovery--->=============================================================================
==================================== link detector ====================================

----------------------------
src    dst :    delay
2 <---> 3 : 6.997585296630859
2 <---> 1 : 8.93092155456543
1 <---> 3 : 6.663084030151367
1 <---> 2 : 10.146617889404297
3 <---> 1 : 6.323575973510742
3 <---> 2 : 8.206367492675781
==================================== link detector ====================================

----------------------------
src    dst :    delay
2 <---> 3 : 8.208990097045898
2 <---> 1 : 8.776426315307617
1 <---> 3 : 6.505489349365234
1 <---> 2 : 10.08915901184082
3 <---> 1 : 7.524967193603516
3 <---> 2 : 8.234500885009766
datapath         port     rx-pkts  rx-bytes rx-error tx-pkts  tx-bytes tx-error
---------------- -------- -------- -------- -------- -------- -------- --------
0000000000000001        1        6      476        0       62     4916        0
0000000000000001        2       80     6876        0       77     6696        0
0000000000000001        3       77     6696        0       78     6756        0
datapath         in-port  eth-dst           out-port packets  bytes
---------------- -------- ----------------- -------- -------- --------
0000000000000001        1       192.168.0.2        2        1       98
0000000000000001        1       192.168.0.3        3        1       98
0000000000000001        2       192.168.0.1        1        2      196
0000000000000001        3       192.168.0.1        1        2      196
datapath         port     rx-pkts  rx-bytes rx-error tx-pkts  tx-bytes tx-error
---------------- -------- -------- -------- -------- -------- -------- --------
0000000000000002        1        6      476        0       58     4622        0
0000000000000002        2       78     6756        0       77     6696        0
0000000000000002        3       78     6756        0       79     6816        0
datapath         in-port  eth-dst           out-port packets  bytes
---------------- -------- ----------------- -------- -------- --------
0000000000000002        1       192.168.0.1        2        2      196
0000000000000002        1       192.168.0.2        3        2      196
0000000000000002        2       192.168.0.3        1        2      196
0000000000000002        3       192.168.0.3        1        2      196
datapath         port     rx-pkts  rx-bytes rx-error tx-pkts  tx-bytes tx-error
---------------- -------- -------- -------- -------- -------- -------- --------
0000000000000003        1        6      476        0       57     4562        0
0000000000000003        2       77     6696        0       80     6876        0
0000000000000003        3       79     6816        0       78     6756        0
datapath         in-port  eth-dst           out-port packets  bytes
---------------- -------- ----------------- -------- -------- --------
0000000000000003        1       192.168.0.1        2        2      196
0000000000000003        1       192.168.0.3        3        1       98
0000000000000003        2       192.168.0.2        1        2      196
0000000000000003        3       192.168.0.2        1        2      196
discovery--->==================================== discovery ====================================
discovery---> cls: [(2, 3), (2, 1), (3, 1)]
discovery--->=============================================================================
==================================== link detector ====================================

----------------------------
src    dst :    delay
2 <---> 3 : 7.374286651611328
2 <---> 1 : 8.907079696655273
1 <---> 3 : 6.320953369140625
1 <---> 2 : 8.939266204833984
3 <---> 1 : 6.987094879150391
3 <---> 2 : 6.705760955810547
datapath         port     rx-pkts  rx-bytes rx-error tx-pkts  tx-bytes tx-error
---------------- -------- -------- -------- -------- -------- -------- --------
0000000000000001        1        6      476        0       67     5306        0
0000000000000001        2       85     7176        0       82     6996        0
0000000000000001        3       82     6996        0       83     7056        0
datapath         in-port  eth-dst           out-port packets  bytes
---------------- -------- ----------------- -------- -------- --------
0000000000000001        1       192.168.0.2        2        1       98
0000000000000001        1       192.168.0.3        3        1       98
0000000000000001        2       192.168.0.1        1        2      196
0000000000000001        3       192.168.0.1        1        2      196
datapath         port     rx-pkts  rx-bytes rx-error tx-pkts  tx-bytes tx-error
---------------- -------- -------- -------- -------- -------- -------- --------
0000000000000002        1        6      476        0       63     5012        0
0000000000000002        2       83     7056        0       82     6996        0
0000000000000002        3       83     7056        0       85     7176        0
datapath         in-port  eth-dst           out-port packets  bytes
---------------- -------- ----------------- -------- -------- --------
0000000000000002        1       192.168.0.1        2        2      196
0000000000000002        1       192.168.0.2        3        2      196
0000000000000002        2       192.168.0.3        1        2      196
0000000000000002        3       192.168.0.3        1        2      196
datapath         port     rx-pkts  rx-bytes rx-error tx-pkts  tx-bytes tx-error
---------------- -------- -------- -------- -------- -------- -------- --------
0000000000000003        1        6      476        0       62     4952        0
0000000000000003        2       82     6996        0       85     7176        0
0000000000000003        3       85     7176        0       83     7056        0
datapath         in-port  eth-dst           out-port packets  bytes
---------------- -------- ----------------- -------- -------- --------
0000000000000003        1       192.168.0.1        2        2      196
0000000000000003        1       192.168.0.3        3        1       98
0000000000000003        2       192.168.0.2        1        2      196
0000000000000003        3       192.168.0.2        1        2      196
discovery--->==================================== discovery ====================================
discovery---> cls: [(2, 3), (2, 1), (3, 1)]
discovery--->=============================================================================
==================================== link detector ====================================

----------------------------
src    dst :    delay
2 <---> 3 : 7.574558258056641
2 <---> 1 : 10.236501693725586
1 <---> 3 : 6.844043731689453
1 <---> 2 : 8.658170700073242
3 <---> 1 : 7.5626373291015625
3 <---> 2 : 6.792545318603516
==================================== link detector ====================================

----------------------------
src    dst :    delay
2 <---> 3 : 7.826328277587891
2 <---> 1 : 9.447574615478516
1 <---> 3 : 7.526159286499023
1 <---> 2 : 10.034799575805664
3 <---> 1 : 6.7348480224609375
3 <---> 2 : 8.147716522216797
datapath         port     rx-pkts  rx-bytes rx-error tx-pkts  tx-bytes tx-error
---------------- -------- -------- -------- -------- -------- -------- --------
0000000000000001        1        6      476        0       73     5774        0
0000000000000001        2       91     7536        0       88     7356        0
0000000000000001        3       88     7356        0       89     7416        0
datapath         in-port  eth-dst           out-port packets  bytes
---------------- -------- ----------------- -------- -------- --------
0000000000000001        1       192.168.0.2        2        1       98
0000000000000001        1       192.168.0.3        3        1       98
0000000000000001        2       192.168.0.1        1        2      196
0000000000000001        3       192.168.0.1        1        2      196
datapath         port     rx-pkts  rx-bytes rx-error tx-pkts  tx-bytes tx-error
---------------- -------- -------- -------- -------- -------- -------- --------
0000000000000003        1        6      476        0       68     5420        0
0000000000000003        2       88     7356        0       91     7536        0
0000000000000003        3       90     7476        0       89     7416        0
datapath         in-port  eth-dst           out-port packets  bytes
---------------- -------- ----------------- -------- -------- --------
0000000000000003        1       192.168.0.1        2        2      196
0000000000000003        1       192.168.0.3        3        1       98
0000000000000003        2       192.168.0.2        1        2      196
0000000000000003        3       192.168.0.2        1        2      196
datapath         port     rx-pkts  rx-bytes rx-error tx-pkts  tx-bytes tx-error
---------------- -------- -------- -------- -------- -------- -------- --------
0000000000000002        1        6      476        0       69     5480        0
0000000000000002        2       89     7416        0       88     7356        0
0000000000000002        3       89     7416        0       90     7476        0
datapath         in-port  eth-dst           out-port packets  bytes
---------------- -------- ----------------- -------- -------- --------
0000000000000002        1       192.168.0.1        2        2      196
0000000000000002        1       192.168.0.2        3        2      196
0000000000000002        2       192.168.0.3        1        2      196
0000000000000002        3       192.168.0.3        1        2      196
discovery--->==================================== discovery ====================================
discovery---> cls: [(2, 3), (2, 1), (3, 1)]
discovery--->=============================================================================
==================================== link detector ====================================

----------------------------
src    dst :    delay
2 <---> 3 : 8.248567581176758
2 <---> 1 : 9.35506820678711
1 <---> 3 : 8.15439224243164
1 <---> 2 : 10.146617889404297
3 <---> 1 : 8.11457633972168
3 <---> 2 : 7.047176361083984
==================================== link detector ====================================

----------------------------
src    dst :    delay
2 <---> 3 : 7.391929626464844
2 <---> 1 : 10.12873649597168
1 <---> 3 : 8.144855499267578
1 <---> 2 : 10.13493537902832
3 <---> 1 : 6.718158721923828
3 <---> 2 : 8.173942565917969
datapath         port     rx-pkts  rx-bytes rx-error tx-pkts  tx-bytes tx-error
---------------- -------- -------- -------- -------- -------- -------- --------
0000000000000001        1        6      476        0       78     6164        0
0000000000000001        2       98     8109        0       95     7929        0
0000000000000001        3       95     7919        0       96     7989        0
datapath         in-port  eth-dst           out-port packets  bytes
---------------- -------- ----------------- -------- -------- --------
0000000000000001        1       192.168.0.2        2        1       98
0000000000000001        1       192.168.0.3        3        1       98
0000000000000001        2       192.168.0.1        1        2      196
0000000000000001        3       192.168.0.1        1        2      196
datapath         port     rx-pkts  rx-bytes rx-error tx-pkts  tx-bytes tx-error
---------------- -------- -------- -------- -------- -------- -------- --------
0000000000000002        1        6      476        0       75     5948        0
0000000000000002        2       96     7989        0       95     7919        0
0000000000000002        3       94     7716        0       98     8109        0
datapath         in-port  eth-dst           out-port packets  bytes
---------------- -------- ----------------- -------- -------- --------
0000000000000002        1       192.168.0.1        2        2      196
0000000000000002        1       192.168.0.2        3        2      196
0000000000000002        2       192.168.0.3        1        2      196
0000000000000002        3       192.168.0.3        1        2      196
datapath         port     rx-pkts  rx-bytes rx-error tx-pkts  tx-bytes tx-error
---------------- -------- -------- -------- -------- -------- -------- --------
0000000000000003        1        6      476        0       73     5810        0
0000000000000003        2       95     7929        0       98     8109        0
0000000000000003        3       98     8109        0       94     7716        0
datapath         in-port  eth-dst           out-port packets  bytes
---------------- -------- ----------------- -------- -------- --------
0000000000000003        1       192.168.0.1        2        2      196
0000000000000003        1       192.168.0.3        3        1       98
0000000000000003        2       192.168.0.2        1        2      196
0000000000000003        3       192.168.0.2        1        2      196
discovery--->==================================== discovery ====================================
discovery---> cls: [(2, 3), (2, 1), (3, 1)]
discovery--->=============================================================================
==================================== link detector ====================================

----------------------------
src    dst :    delay
2 <---> 3 : 8.181095123291016
2 <---> 1 : 8.723735809326172
1 <---> 3 : 8.028984069824219
1 <---> 2 : 10.21575927734375
3 <---> 1 : 6.854534149169922
3 <---> 2 : 8.012533187866211
datapath         port     rx-pkts  rx-bytes rx-error tx-pkts  tx-bytes tx-error
---------------- -------- -------- -------- -------- -------- -------- --------
0000000000000001        1        6      476        0       84     6632        0
0000000000000001        2      104     8469        0      101     8289        0
0000000000000001        3      101     8289        0      102     8349        0
datapath         in-port  eth-dst           out-port packets  bytes
---------------- -------- ----------------- -------- -------- --------
0000000000000001        1       192.168.0.2        2        1       98
0000000000000001        1       192.168.0.3        3        1       98
0000000000000001        2       192.168.0.1        1        2      196
0000000000000001        3       192.168.0.1        1        2      196
datapath         port     rx-pkts  rx-bytes rx-error tx-pkts  tx-bytes tx-error
---------------- -------- -------- -------- -------- -------- -------- --------
0000000000000003        1        6      476        0       79     6278        0
0000000000000003        2      101     8289        0      104     8469        0
0000000000000003        3      103     8409        0      101     8279        0
datapath         in-port  eth-dst           out-port packets  bytes
---------------- -------- ----------------- -------- -------- --------
0000000000000003        1       192.168.0.1        2        2      196
0000000000000003        1       192.168.0.3        3        1       98
0000000000000003        2       192.168.0.2        1        2      196
0000000000000003        3       192.168.0.2        1        2      196
datapath         port     rx-pkts  rx-bytes rx-error tx-pkts  tx-bytes tx-error
---------------- -------- -------- -------- -------- -------- -------- --------
0000000000000002        1        6      476        0       80     6338        0
0000000000000002        2      102     8349        0      101     8289        0
0000000000000002        3      101     8279        0      103     8409        0
datapath         in-port  eth-dst           out-port packets  bytes
---------------- -------- ----------------- -------- -------- --------
0000000000000002        1       192.168.0.1        2        2      196
0000000000000002        1       192.168.0.2        3        2      196
0000000000000002        2       192.168.0.3        1        2      196
0000000000000002        3       192.168.0.3        1        2      196
discovery--->==================================== discovery ====================================
discovery---> cls: [(2, 3), (2, 1), (3, 1)]
discovery--->=============================================================================
==================================== link detector ====================================

----------------------------
src    dst :    delay
2 <---> 3 : 8.058786392211914
2 <---> 1 : 10.101556777954102
1 <---> 3 : 7.094621658325195
1 <---> 2 : 8.919477462768555
3 <---> 1 : 8.17728042602539
3 <---> 2 : 7.901906967163086
==================================== link detector ====================================

----------------------------
src    dst :    delay
2 <---> 3 : 7.216691970825195
2 <---> 1 : 10.150432586669922
1 <---> 3 : 7.385969161987305
1 <---> 2 : 8.766889572143555
3 <---> 1 : 8.255720138549805
3 <---> 2 : 6.904125213623047
datapath         port     rx-pkts  rx-bytes rx-error tx-pkts  tx-bytes tx-error
---------------- -------- -------- -------- -------- -------- -------- --------
0000000000000001        1        6      476        0       89     7022        0
0000000000000001        2      109     8769        0      107     8649        0
0000000000000001        3      107     8649        0      107     8649        0
datapath         in-port  eth-dst           out-port packets  bytes
---------------- -------- ----------------- -------- -------- --------
0000000000000001        1       192.168.0.2        2        1       98
0000000000000001        1       192.168.0.3        3        1       98
0000000000000001        2       192.168.0.1        1        2      196
0000000000000001        3       192.168.0.1        1        2      196
datapath         port     rx-pkts  rx-bytes rx-error tx-pkts  tx-bytes tx-error
---------------- -------- -------- -------- -------- -------- -------- --------
0000000000000003        1        6      476        0       84     6668        0
0000000000000003        2      107     8649        0      109     8769        0
0000000000000003        3      109     8769        0      107     8649        0
datapath         in-port  eth-dst           out-port packets  bytes
---------------- -------- ----------------- -------- -------- --------
0000000000000003        1       192.168.0.1        2        2      196
0000000000000003        1       192.168.0.3        3        1       98
0000000000000003        2       192.168.0.2        1        2      196
0000000000000003        3       192.168.0.2        1        2      196
datapath         port     rx-pkts  rx-bytes rx-error tx-pkts  tx-bytes tx-error
---------------- -------- -------- -------- -------- -------- -------- --------
0000000000000002        1        6      476        0       86     6806        0
0000000000000002        2      107     8649        0      107     8649        0
0000000000000002        3      107     8649        0      109     8769        0
datapath         in-port  eth-dst           out-port packets  bytes
---------------- -------- ----------------- -------- -------- --------
0000000000000002        1       192.168.0.1        2        2      196
0000000000000002        1       192.168.0.2        3        2      196
0000000000000002        2       192.168.0.3        1        2      196
0000000000000002        3       192.168.0.3        1        2      196
discovery--->==================================== discovery ====================================
discovery---> cls: [(2, 3), (2, 1), (3, 1)]
discovery--->=============================================================================
==================================== link detector ====================================

----------------------------
src    dst :    delay
2 <---> 3 : 8.216381072998047
2 <---> 1 : 10.027170181274414
1 <---> 3 : 7.241249084472656
1 <---> 2 : 9.79304313659668
3 <---> 1 : 7.061958312988281
3 <---> 2 : 7.5054168701171875
datapath         port     rx-pkts  rx-bytes rx-error tx-pkts  tx-bytes tx-error
---------------- -------- -------- -------- -------- -------- -------- --------
0000000000000001        1        6      476        0       95     7490        0
0000000000000001        2      115     9129        0      112     8949        0
0000000000000001        3      112     8949        0      113     9009        0
datapath         in-port  eth-dst           out-port packets  bytes
---------------- -------- ----------------- -------- -------- --------
0000000000000001        1       192.168.0.2        2        1       98
0000000000000001        1       192.168.0.3        3        1       98
0000000000000001        2       192.168.0.1        1        2      196
0000000000000001        3       192.168.0.1        1        2      196
datapath         port     rx-pkts  rx-bytes rx-error tx-pkts  tx-bytes tx-error
---------------- -------- -------- -------- -------- -------- -------- --------
0000000000000002        1        6      476        0       91     7196        0
0000000000000002        2      113     9009        0      112     8949        0
0000000000000002        3      113     9009        0      114     9069        0
datapath         in-port  eth-dst           out-port packets  bytes
---------------- -------- ----------------- -------- -------- --------
0000000000000002        1       192.168.0.1        2        2      196
0000000000000002        1       192.168.0.2        3        2      196
0000000000000002        2       192.168.0.3        1        2      196
0000000000000002        3       192.168.0.3        1        2      196
datapath         port     rx-pkts  rx-bytes rx-error tx-pkts  tx-bytes tx-error
---------------- -------- -------- -------- -------- -------- -------- --------
0000000000000003        1        6      476        0       90     7136        0
0000000000000003        2      112     8949        0      115     9129        0
0000000000000003        3      114     9069        0      113     9009        0
datapath         in-port  eth-dst           out-port packets  bytes
---------------- -------- ----------------- -------- -------- --------
0000000000000003        1       192.168.0.1        2        2      196
0000000000000003        1       192.168.0.3        3        1       98
0000000000000003        2       192.168.0.2        1        2      196
0000000000000003        3       192.168.0.2        1        2      196
discovery--->==================================== discovery ====================================
discovery---> cls: [(2, 3), (2, 1), (3, 1)]
discovery--->=============================================================================
==================================== link detector ====================================

----------------------------
src    dst :    delay
2 <---> 3 : 7.99560546875
2 <---> 1 : 10.030269622802734
1 <---> 3 : 6.623983383178711
1 <---> 2 : 9.921789169311523
3 <---> 1 : 8.240938186645508
3 <---> 2 : 7.4462890625
==================================== link detector ====================================

----------------------------
src    dst :    delay
2 <---> 3 : 8.121013641357422
2 <---> 1 : 10.292530059814453
1 <---> 3 : 8.027791976928711
1 <---> 2 : 10.162591934204102
3 <---> 1 : 6.659746170043945
3 <---> 2 : 8.125543594360352
datapath         port     rx-pkts  rx-bytes rx-error tx-pkts  tx-bytes tx-error
---------------- -------- -------- -------- -------- -------- -------- --------
0000000000000001        1        6      476        0      101     7958        0
0000000000000001        2      120     9429        0      118     9309        0
0000000000000001        3      118     9309        0      118     9309        0
datapath         in-port  eth-dst           out-port packets  bytes
---------------- -------- ----------------- -------- -------- --------
0000000000000001        1       192.168.0.2        2        1       98
0000000000000001        1       192.168.0.3        3        1       98
0000000000000001        2       192.168.0.1        1        2      196
0000000000000001        3       192.168.0.1        1        2      196
datapath         port     rx-pkts  rx-bytes rx-error tx-pkts  tx-bytes tx-error
---------------- -------- -------- -------- -------- -------- -------- --------
0000000000000003        1        6      476        0       96     7604        0
0000000000000003        2      118     9309        0      120     9429        0
0000000000000003        3      120     9429        0      118     9309        0
datapath         in-port  eth-dst           out-port packets  bytes
---------------- -------- ----------------- -------- -------- --------
0000000000000003        1       192.168.0.1        2        2      196
0000000000000003        1       192.168.0.3        3        1       98
0000000000000003        2       192.168.0.2        1        2      196
0000000000000003        3       192.168.0.2        1        2      196
datapath         port     rx-pkts  rx-bytes rx-error tx-pkts  tx-bytes tx-error
---------------- -------- -------- -------- -------- -------- -------- --------
0000000000000002        1        6      476        0       97     7664        0
0000000000000002        2      118     9309        0      118     9309        0
0000000000000002        3      118     9309        0      120     9429        0
datapath         in-port  eth-dst           out-port packets  bytes
---------------- -------- ----------------- -------- -------- --------
0000000000000002        1       192.168.0.1        2        2      196
0000000000000002        1       192.168.0.2        3        2      196
0000000000000002        2       192.168.0.3        1        2      196
0000000000000002        3       192.168.0.3        1        2      196
discovery--->==================================== discovery ====================================
discovery---> cls: [(2, 3), (2, 1), (3, 1)]
discovery--->=============================================================================
==================================== link detector ====================================

----------------------------
src    dst :    delay
2 <---> 3 : 7.277011871337891
2 <---> 1 : 10.382413864135742
1 <---> 3 : 6.516695022583008
1 <---> 2 : 9.903907775878906
3 <---> 1 : 8.203983306884766
3 <---> 2 : 7.135868072509766
datapath         port     rx-pkts  rx-bytes rx-error tx-pkts  tx-bytes tx-error
---------------- -------- -------- -------- -------- -------- -------- --------
0000000000000001        1        6      476        0      106     8348        0
0000000000000001        2      126     9789        0      123     9609        0
0000000000000001        3      123     9609        0      124     9669        0
datapath         in-port  eth-dst           out-port packets  bytes
---------------- -------- ----------------- -------- -------- --------
0000000000000001        1       192.168.0.2        2        1       98
0000000000000001        1       192.168.0.3        3        1       98
0000000000000001        2       192.168.0.1        1        2      196
0000000000000001        3       192.168.0.1        1        2      196
datapath         port     rx-pkts  rx-bytes rx-error tx-pkts  tx-bytes tx-error
---------------- -------- -------- -------- -------- -------- -------- --------
0000000000000003        1        6      476        0      101     7994        0
0000000000000003        2      123     9609        0      126     9789        0
0000000000000003        3      125     9729        0      124     9669        0
datapath         in-port  eth-dst           out-port packets  bytes
---------------- -------- ----------------- -------- -------- --------
0000000000000003        1       192.168.0.1        2        2      196
0000000000000003        1       192.168.0.3        3        1       98
0000000000000003        2       192.168.0.2        1        2      196
0000000000000003        3       192.168.0.2        1        2      196
datapath         port     rx-pkts  rx-bytes rx-error tx-pkts  tx-bytes tx-error
---------------- -------- -------- -------- -------- -------- -------- --------
0000000000000002        1        6      476        0      102     8054        0
0000000000000002        2      124     9669        0      123     9609        0
0000000000000002        3      124     9669        0      125     9729        0
datapath         in-port  eth-dst           out-port packets  bytes
---------------- -------- ----------------- -------- -------- --------
0000000000000002        1       192.168.0.1        2        2      196
0000000000000002        1       192.168.0.2        3        2      196
0000000000000002        2       192.168.0.3        1        2      196
0000000000000002        3       192.168.0.3        1        2      196
discovery--->==================================== discovery ====================================
discovery---> cls: [(2, 3), (2, 1), (3, 1)]
discovery--->=============================================================================
==================================== link detector ====================================

----------------------------
src    dst :    delay
2 <---> 3 : 7.621288299560547
2 <---> 1 : 10.087728500366211
1 <---> 3 : 7.268190383911133
1 <---> 2 : 10.20669937133789
3 <---> 1 : 6.723165512084961
3 <---> 2 : 7.22956657409668
==================================== link detector ====================================

----------------------------
src    dst :    delay
2 <---> 3 : 6.921529769897461
2 <---> 1 : 10.164022445678711
1 <---> 3 : 6.763458251953125
1 <---> 2 : 10.062217712402344
3 <---> 1 : 8.022546768188477
3 <---> 2 : 7.96961784362793
datapath         port     rx-pkts  rx-bytes rx-error tx-pkts  tx-bytes tx-error
---------------- -------- -------- -------- -------- -------- -------- --------
0000000000000001        1        6      476        0      112     8816        0
0000000000000001        2      131    10089        0      129     9969        0
0000000000000001        3      129     9969        0      130    10029        0
datapath         in-port  eth-dst           out-port packets  bytes
---------------- -------- ----------------- -------- -------- --------
0000000000000001        1       192.168.0.2        2        1       98
0000000000000001        1       192.168.0.3        3        1       98
0000000000000001        2       192.168.0.1        1        2      196
0000000000000001        3       192.168.0.1        1        2      196
datapath         port     rx-pkts  rx-bytes rx-error tx-pkts  tx-bytes tx-error
---------------- -------- -------- -------- -------- -------- -------- --------
0000000000000002        1        6      476        0      108     8522        0
0000000000000002        2      130    10029        0      129     9969        0
0000000000000002        3      130    10029        0      131    10089        0
datapath         in-port  eth-dst           out-port packets  bytes
---------------- -------- ----------------- -------- -------- --------
0000000000000002        1       192.168.0.1        2        2      196
0000000000000002        1       192.168.0.2        3        2      196
0000000000000002        2       192.168.0.3        1        2      196
0000000000000002        3       192.168.0.3        1        2      196
datapath         port     rx-pkts  rx-bytes rx-error tx-pkts  tx-bytes tx-error
---------------- -------- -------- -------- -------- -------- -------- --------
0000000000000003        1        6      476        0      107     8462        0
0000000000000003        2      129     9969        0      131    10089        0
0000000000000003        3      131    10089        0      130    10029        0
datapath         in-port  eth-dst           out-port packets  bytes
---------------- -------- ----------------- -------- -------- --------
0000000000000003        1       192.168.0.1        2        2      196
0000000000000003        1       192.168.0.3        3        1       98
0000000000000003        2       192.168.0.2        1        2      196
0000000000000003        3       192.168.0.2        1        2      196
discovery--->==================================== discovery ====================================
discovery---> cls: [(2, 3), (2, 1), (3, 1)]
discovery--->=============================================================================
==================================== link detector ====================================

----------------------------
src    dst :    delay
2 <---> 3 : 6.715297698974609
2 <---> 1 : 10.129928588867188
1 <---> 3 : 7.916927337646484
1 <---> 2 : 8.355140686035156
3 <---> 1 : 8.100509643554688
3 <---> 2 : 7.447719573974609
==================================== link detector ====================================

----------------------------
src    dst :    delay
2 <---> 3 : 8.239984512329102
2 <---> 1 : 10.099172592163086
1 <---> 3 : 8.179426193237305
1 <---> 2 : 8.922815322875977
3 <---> 1 : 6.679534912109375
3 <---> 2 : 8.09621810913086
datapath         port     rx-pkts  rx-bytes rx-error tx-pkts  tx-bytes tx-error
---------------- -------- -------- -------- -------- -------- -------- --------
0000000000000001        1        6      476        0      117     9206        0
0000000000000001        2      137    10449        0      134    10269        0
0000000000000001        3      134    10269        0      135    10329        0
datapath         in-port  eth-dst           out-port packets  bytes
---------------- -------- ----------------- -------- -------- --------
0000000000000001        1       192.168.0.2        2        1       98
0000000000000001        1       192.168.0.3        3        1       98
0000000000000001        2       192.168.0.1        1        2      196
0000000000000001        3       192.168.0.1        1        2      196
datapath         port     rx-pkts  rx-bytes rx-error tx-pkts  tx-bytes tx-error
---------------- -------- -------- -------- -------- -------- -------- --------
0000000000000003        1        6      476        0      112     8852        0
0000000000000003        2      134    10269        0      137    10449        0
0000000000000003        3      136    10389        0      135    10329        0
datapath         in-port  eth-dst           out-port packets  bytes
---------------- -------- ----------------- -------- -------- --------
0000000000000003        1       192.168.0.1        2        2      196
0000000000000003        1       192.168.0.3        3        1       98
0000000000000003        2       192.168.0.2        1        2      196
0000000000000003        3       192.168.0.2        1        2      196
datapath         port     rx-pkts  rx-bytes rx-error tx-pkts  tx-bytes tx-error
---------------- -------- -------- -------- -------- -------- -------- --------
0000000000000002        1        6      476        0      113     8912        0
0000000000000002        2      135    10329        0      134    10269        0
0000000000000002        3      135    10329        0      136    10389        0
datapath         in-port  eth-dst           out-port packets  bytes
---------------- -------- ----------------- -------- -------- --------
0000000000000002        1       192.168.0.1        2        2      196
0000000000000002        1       192.168.0.2        3        2      196
0000000000000002        2       192.168.0.3        1        2      196
0000000000000002        3       192.168.0.3        1        2      196
discovery--->==================================== discovery ====================================
discovery---> cls: [(2, 3), (2, 1), (3, 1)]
discovery--->=============================================================================
==================================== link detector ====================================

----------------------------
src    dst :    delay
2 <---> 3 : 8.387565612792969
2 <---> 1 : 10.123729705810547
1 <---> 3 : 7.623910903930664
1 <---> 2 : 9.861230850219727
3 <---> 1 : 7.067680358886719
3 <---> 2 : 6.887674331665039
datapath         port     rx-pkts  rx-bytes rx-error tx-pkts  tx-bytes tx-error
---------------- -------- -------- -------- -------- -------- -------- --------
0000000000000001        1        6      476        0      123     9674        0
0000000000000001        2      143    10809        0      140    10629        0
0000000000000001        3      140    10629        0      141    10689        0
datapath         in-port  eth-dst           out-port packets  bytes
---------------- -------- ----------------- -------- -------- --------
0000000000000001        1       192.168.0.2        2        1       98
0000000000000001        1       192.168.0.3        3        1       98
0000000000000001        2       192.168.0.1        1        2      196
0000000000000001        3       192.168.0.1        1        2      196
datapath         port     rx-pkts  rx-bytes rx-error tx-pkts  tx-bytes tx-error
---------------- -------- -------- -------- -------- -------- -------- --------
0000000000000003        1        6      476        0      118     9320        0
0000000000000003        2      140    10629        0      143    10809        0
0000000000000003        3      142    10749        0      141    10689        0
datapath         in-port  eth-dst           out-port packets  bytes
---------------- -------- ----------------- -------- -------- --------
0000000000000003        1       192.168.0.1        2        2      196
0000000000000003        1       192.168.0.3        3        1       98
0000000000000003        2       192.168.0.2        1        2      196
0000000000000003        3       192.168.0.2        1        2      196
datapath         port     rx-pkts  rx-bytes rx-error tx-pkts  tx-bytes tx-error
---------------- -------- -------- -------- -------- -------- -------- --------
0000000000000002        1        6      476        0      119     9380        0
0000000000000002        2      141    10689        0      140    10629        0
0000000000000002        3      141    10689        0      142    10749        0
datapath         in-port  eth-dst           out-port packets  bytes
---------------- -------- ----------------- -------- -------- --------
0000000000000002        1       192.168.0.1        2        2      196
0000000000000002        1       192.168.0.2        3        2      196
0000000000000002        2       192.168.0.3        1        2      196
0000000000000002        3       192.168.0.3        1        2      196
discovery--->==================================== discovery ====================================
discovery---> cls: [(2, 3), (2, 1), (3, 1)]
discovery--->=============================================================================
==================================== link detector ====================================

----------------------------
src    dst :    delay
2 <---> 3 : 7.512092590332031
2 <---> 1 : 9.946584701538086
1 <---> 3 : 8.144617080688477
1 <---> 2 : 8.73112678527832
3 <---> 1 : 7.960319519042969
3 <---> 2 : 8.091926574707031
==================================== link detector ====================================

----------------------------
src    dst :    delay
2 <---> 3 : 8.359909057617188
2 <---> 1 : 10.121822357177734
1 <---> 3 : 6.482362747192383
1 <---> 2 : 10.007381439208984
3 <---> 1 : 6.916999816894531
3 <---> 2 : 7.367134094238281
datapath         port     rx-pkts  rx-bytes rx-error tx-pkts  tx-bytes tx-error
---------------- -------- -------- -------- -------- -------- -------- --------
0000000000000001        1        6      476        0      128    10064        0
0000000000000001        2      148    11109        0      145    10929        0
0000000000000001        3      146    10989        0      146    10989        0
datapath         in-port  eth-dst           out-port packets  bytes
---------------- -------- ----------------- -------- -------- --------
0000000000000001        1       192.168.0.2        2        1       98
0000000000000001        1       192.168.0.3        3        1       98
0000000000000001        2       192.168.0.1        1        2      196
0000000000000001        3       192.168.0.1        1        2      196
datapath         port     rx-pkts  rx-bytes rx-error tx-pkts  tx-bytes tx-error
---------------- -------- -------- -------- -------- -------- -------- --------
0000000000000003        1        6      476        0      123     9710        0
0000000000000003        2      145    10929        0      148    11109        0
0000000000000003        3      148    11109        0      146    10989        0
datapath         in-port  eth-dst           out-port packets  bytes
---------------- -------- ----------------- -------- -------- --------
0000000000000003        1       192.168.0.1        2        2      196
0000000000000003        1       192.168.0.3        3        1       98
0000000000000003        2       192.168.0.2        1        2      196
0000000000000003        3       192.168.0.2        1        2      196
datapath         port     rx-pkts  rx-bytes rx-error tx-pkts  tx-bytes tx-error
---------------- -------- -------- -------- -------- -------- -------- --------
0000000000000002        1        6      476        0      124     9770        0
0000000000000002        2      146    10989        0      146    10989        0
0000000000000002        3      146    10989        0      148    11109        0
datapath         in-port  eth-dst           out-port packets  bytes
---------------- -------- ----------------- -------- -------- --------
0000000000000002        1       192.168.0.1        2        2      196
0000000000000002        1       192.168.0.2        3        2      196
0000000000000002        2       192.168.0.3        1        2      196
0000000000000002        3       192.168.0.3        1        2      196
discovery--->==================================== discovery ====================================
discovery---> cls: [(2, 3), (2, 1), (3, 1)]
discovery--->=============================================================================
==================================== link detector ====================================

----------------------------
src    dst :    delay
2 <---> 3 : 8.045434951782227
2 <---> 1 : 9.325027465820312
1 <---> 3 : 6.593942642211914
1 <---> 2 : 8.936166763305664
3 <---> 1 : 7.177591323852539
3 <---> 2 : 6.813526153564453
datapath         port     rx-pkts  rx-bytes rx-error tx-pkts  tx-bytes tx-error
---------------- -------- -------- -------- -------- -------- -------- --------
0000000000000001        1        6      476        0      134    10532        0
0000000000000001        2      154    11469        0      151    11289        0
0000000000000001        3      151    11289        0      152    11349        0
datapath         in-port  eth-dst           out-port packets  bytes
---------------- -------- ----------------- -------- -------- --------
0000000000000001        1       192.168.0.2        2        1       98
0000000000000001        1       192.168.0.3        3        1       98
0000000000000001        2       192.168.0.1        1        2      196
0000000000000001        3       192.168.0.1        1        2      196
datapath         port     rx-pkts  rx-bytes rx-error tx-pkts  tx-bytes tx-error
---------------- -------- -------- -------- -------- -------- -------- --------
0000000000000002        1        6      476        0      130    10238        0
0000000000000002        2      152    11349        0      151    11289        0
0000000000000002        3      152    11349        0      153    11409        0
datapath         in-port  eth-dst           out-port packets  bytes
---------------- -------- ----------------- -------- -------- --------
0000000000000002        1       192.168.0.1        2        2      196
0000000000000002        1       192.168.0.2        3        2      196
0000000000000002        2       192.168.0.3        1        2      196
0000000000000002        3       192.168.0.3        1        2      196
datapath         port     rx-pkts  rx-bytes rx-error tx-pkts  tx-bytes tx-error
---------------- -------- -------- -------- -------- -------- -------- --------
0000000000000003        1        6      476        0      129    10178        0
0000000000000003        2      151    11289        0      154    11469        0
0000000000000003        3      153    11409        0      152    11349        0
datapath         in-port  eth-dst           out-port packets  bytes
---------------- -------- ----------------- -------- -------- --------
0000000000000003        1       192.168.0.1        2        2      196
0000000000000003        1       192.168.0.3        3        1       98
0000000000000003        2       192.168.0.2        1        2      196
0000000000000003        3       192.168.0.2        1        2      196
discovery--->==================================== discovery ====================================
discovery---> cls: [(2, 3), (2, 1), (3, 1)]
discovery--->=============================================================================
==================================== link detector ====================================

----------------------------
src    dst :    delay
2 <---> 3 : 8.156538009643555
2 <---> 1 : 10.07223129272461
1 <---> 3 : 8.117437362670898
1 <---> 2 : 9.312152862548828
3 <---> 1 : 6.60252571105957
3 <---> 2 : 8.190631866455078
==================================== link detector ====================================

----------------------------
src    dst :    delay
2 <---> 3 : 8.165836334228516
2 <---> 1 : 9.31239128112793
1 <---> 3 : 7.65538215637207
1 <---> 2 : 10.13326644897461
3 <---> 1 : 8.005380630493164
3 <---> 2 : 8.108377456665039
datapath         port     rx-pkts  rx-bytes rx-error tx-pkts  tx-bytes tx-error
---------------- -------- -------- -------- -------- -------- -------- --------
0000000000000001        1        6      476        0      139    10922        0
0000000000000001        2      159    11769        0      157    11649        0
0000000000000001        3      157    11649        0      157    11649        0
datapath         in-port  eth-dst           out-port packets  bytes
---------------- -------- ----------------- -------- -------- --------
0000000000000001        1       192.168.0.2        2        1       98
0000000000000001        1       192.168.0.3        3        1       98
0000000000000001        2       192.168.0.1        1        2      196
0000000000000001        3       192.168.0.1        1        2      196
datapath         port     rx-pkts  rx-bytes rx-error tx-pkts  tx-bytes tx-error
---------------- -------- -------- -------- -------- -------- -------- --------
0000000000000002        1        6      476        0      136    10706        0
0000000000000002        2      157    11649        0      157    11649        0
0000000000000002        3      157    11649        0      159    11769        0
datapath         in-port  eth-dst           out-port packets  bytes
---------------- -------- ----------------- -------- -------- --------
0000000000000002        1       192.168.0.1        2        2      196
0000000000000002        1       192.168.0.2        3        2      196
0000000000000002        2       192.168.0.3        1        2      196
0000000000000002        3       192.168.0.3        1        2      196
datapath         port     rx-pkts  rx-bytes rx-error tx-pkts  tx-bytes tx-error
---------------- -------- -------- -------- -------- -------- -------- --------
0000000000000003        1        6      476        0      134    10568        0
0000000000000003        2      157    11649        0      159    11769        0
0000000000000003        3      159    11769        0      157    11649        0
datapath         in-port  eth-dst           out-port packets  bytes
---------------- -------- ----------------- -------- -------- --------
0000000000000003        1       192.168.0.1        2        2      196
0000000000000003        1       192.168.0.3        3        1       98
0000000000000003        2       192.168.0.2        1        2      196
0000000000000003        3       192.168.0.2        1        2      196
discovery--->==================================== discovery ====================================
discovery---> cls: [(2, 3), (2, 1), (3, 1)]
discovery--->=============================================================================
==================================== link detector ====================================

----------------------------
src    dst :    delay
2 <---> 3 : 6.528377532958984
2 <---> 1 : 9.084939956665039
1 <---> 3 : 8.112192153930664
1 <---> 2 : 8.667230606079102
3 <---> 1 : 6.962776184082031
3 <---> 2 : 8.201837539672852
==================================== link detector ====================================

----------------------------
src    dst :    delay
2 <---> 3 : 8.269071578979492
2 <---> 1 : 8.657693862915039
1 <---> 3 : 7.484674453735352
1 <---> 2 : 9.333133697509766
3 <---> 1 : 6.440877914428711
3 <---> 2 : 7.408618927001953
datapath         port     rx-pkts  rx-bytes rx-error tx-pkts  tx-bytes tx-error
---------------- -------- -------- -------- -------- -------- -------- --------
0000000000000001        1        6      476        0      145    11390        0
0000000000000001        2      165    12129        0      162    11949        0
0000000000000001        3      162    11949        0      163    12009        0
datapath         in-port  eth-dst           out-port packets  bytes
---------------- -------- ----------------- -------- -------- --------
0000000000000001        1       192.168.0.2        2        1       98
0000000000000001        1       192.168.0.3        3        1       98
0000000000000001        2       192.168.0.1        1        2      196
0000000000000001        3       192.168.0.1        1        2      196
datapath         port     rx-pkts  rx-bytes rx-error tx-pkts  tx-bytes tx-error
---------------- -------- -------- -------- -------- -------- -------- --------
0000000000000002        1        6      476        0      141    11096        0
0000000000000002        2      163    12009        0      162    11949        0
0000000000000002        3      163    12009        0      164    12069        0
datapath         in-port  eth-dst           out-port packets  bytes
---------------- -------- ----------------- -------- -------- --------
0000000000000002        1       192.168.0.1        2        2      196
0000000000000002        1       192.168.0.2        3        2      196
0000000000000002        2       192.168.0.3        1        2      196
0000000000000002        3       192.168.0.3        1        2      196
datapath         port     rx-pkts  rx-bytes rx-error tx-pkts  tx-bytes tx-error
---------------- -------- -------- -------- -------- -------- -------- --------
0000000000000003        1        6      476        0      140    11036        0
0000000000000003        2      162    11949        0      165    12129        0
0000000000000003        3      164    12069        0      163    12009        0
datapath         in-port  eth-dst           out-port packets  bytes
---------------- -------- ----------------- -------- -------- --------
0000000000000003        1       192.168.0.1        2        2      196
0000000000000003        1       192.168.0.3        3        1       98
0000000000000003        2       192.168.0.2        1        2      196
0000000000000003        3       192.168.0.2        1        2      196
discovery--->==================================== discovery ====================================
discovery---> cls: [(2, 3), (2, 1), (3, 1)]
discovery--->=============================================================================
==================================== link detector ====================================

----------------------------
src    dst :    delay
2 <---> 3 : 8.132457733154297
2 <---> 1 : 10.12110710144043
1 <---> 3 : 7.458209991455078
1 <---> 2 : 8.662223815917969
3 <---> 1 : 8.298397064208984
3 <---> 2 : 8.168220520019531
datapath         port     rx-pkts  rx-bytes rx-error tx-pkts  tx-bytes tx-error
---------------- -------- -------- -------- -------- -------- -------- --------
0000000000000001        1        6      476        0      151    11858        0
0000000000000001        2      172    12702        0      170    12582        0
0000000000000001        3      169    12512        0      170    12582        0
datapath         in-port  eth-dst           out-port packets  bytes
---------------- -------- ----------------- -------- -------- --------
0000000000000001        1       192.168.0.2        2        1       98
0000000000000001        1       192.168.0.3        3        1       98
0000000000000001        2       192.168.0.1        1        2      196
0000000000000001        3       192.168.0.1        1        2      196
datapath         port     rx-pkts  rx-bytes rx-error tx-pkts  tx-bytes tx-error
---------------- -------- -------- -------- -------- -------- -------- --------
0000000000000002        1        6      476        0      147    11564        0
0000000000000002        2      170    12582        0      169    12512        0
0000000000000002        3      169    12512        0      171    12632        0
datapath         in-port  eth-dst           out-port packets  bytes
---------------- -------- ----------------- -------- -------- --------
0000000000000002        1       192.168.0.1        2        2      196
0000000000000002        1       192.168.0.2        3        2      196
0000000000000002        2       192.168.0.3        1        2      196
0000000000000002        3       192.168.0.3        1        2      196
datapath         port     rx-pkts  rx-bytes rx-error tx-pkts  tx-bytes tx-error
---------------- -------- -------- -------- -------- -------- -------- --------
0000000000000003        1        6      476        0      146    11504        0
0000000000000003        2      170    12582        0      172    12702        0
0000000000000003        3      171    12632        0      169    12512        0
datapath         in-port  eth-dst           out-port packets  bytes
---------------- -------- ----------------- -------- -------- --------
0000000000000003        1       192.168.0.1        2        2      196
0000000000000003        1       192.168.0.3        3        1       98
0000000000000003        2       192.168.0.2        1        2      196
0000000000000003        3       192.168.0.2        1        2      196
discovery--->==================================== discovery ====================================
discovery---> cls: [(2, 3), (2, 1), (3, 1)]
discovery--->=============================================================================
==================================== link detector ====================================

----------------------------
src    dst :    delay
2 <---> 3 : 6.948947906494141
2 <---> 1 : 8.66246223449707
1 <---> 3 : 7.308483123779297
1 <---> 2 : 10.026693344116211
3 <---> 1 : 6.784200668334961
3 <---> 2 : 6.328821182250977
==================================== link detector ====================================

----------------------------
src    dst :    delay
2 <---> 3 : 8.192777633666992
2 <---> 1 : 9.195804595947266
1 <---> 3 : 8.152961730957031
1 <---> 2 : 10.100603103637695
3 <---> 1 : 8.106231689453125
3 <---> 2 : 7.260322570800781
datapath         port     rx-pkts  rx-bytes rx-error tx-pkts  tx-bytes tx-error
---------------- -------- -------- -------- -------- -------- -------- --------
0000000000000001        1        6      476        0      156    12248        0
0000000000000001        2      178    13062        0      175    12882        0
0000000000000001        3      175    12882        0      176    12942        0
datapath         in-port  eth-dst           out-port packets  bytes
---------------- -------- ----------------- -------- -------- --------
0000000000000001        1       192.168.0.2        2        1       98
0000000000000001        1       192.168.0.3        3        1       98
0000000000000001        2       192.168.0.1        1        2      196
0000000000000001        3       192.168.0.1        1        2      196
datapath         port     rx-pkts  rx-bytes rx-error tx-pkts  tx-bytes tx-error
---------------- -------- -------- -------- -------- -------- -------- --------
0000000000000003        1        6      476        0      151    11894        0
0000000000000003        2      175    12882        0      178    13062        0
0000000000000003        3      177    13002        0      175    12872        0
datapath         in-port  eth-dst           out-port packets  bytes
---------------- -------- ----------------- -------- -------- --------
0000000000000003        1       192.168.0.1        2        2      196
0000000000000003        1       192.168.0.3        3        1       98
0000000000000003        2       192.168.0.2        1        2      196
0000000000000003        3       192.168.0.2        1        2      196
datapath         port     rx-pkts  rx-bytes rx-error tx-pkts  tx-bytes tx-error
---------------- -------- -------- -------- -------- -------- -------- --------
0000000000000002        1        6      476        0      152    11954        0
0000000000000002        2      176    12942        0      175    12882        0
0000000000000002        3      175    12872        0      177    13002        0
datapath         in-port  eth-dst           out-port packets  bytes
---------------- -------- ----------------- -------- -------- --------
0000000000000002        1       192.168.0.1        2        2      196
0000000000000002        1       192.168.0.2        3        2      196
0000000000000002        2       192.168.0.3        1        2      196
0000000000000002        3       192.168.0.3        1        2      196
discovery--->==================================== discovery ====================================
discovery---> cls: [(2, 3), (2, 1), (3, 1)]
discovery--->=============================================================================
==================================== link detector ====================================

----------------------------
src    dst :    delay
2 <---> 3 : 8.19849967956543
2 <---> 1 : 10.108709335327148
1 <---> 3 : 6.634712219238281
1 <---> 2 : 10.144710540771484
3 <---> 1 : 6.723642349243164
3 <---> 2 : 6.948709487915039
datapath         port     rx-pkts  rx-bytes rx-error tx-pkts  tx-bytes tx-error
---------------- -------- -------- -------- -------- -------- -------- --------
0000000000000001        1        6      476        0      162    12716        0
0000000000000001        2      183    13362        0      181    13242        0
0000000000000001        3      181    13242        0      181    13242        0
datapath         in-port  eth-dst           out-port packets  bytes
---------------- -------- ----------------- -------- -------- --------
0000000000000001        1       192.168.0.2        2        1       98
0000000000000001        1       192.168.0.3        3        1       98
0000000000000001        2       192.168.0.1        1        2      196
0000000000000001        3       192.168.0.1        1        2      196
datapath         port     rx-pkts  rx-bytes rx-error tx-pkts  tx-bytes tx-error
---------------- -------- -------- -------- -------- -------- -------- --------
0000000000000003        1        6      476        0      157    12362        0
0000000000000003        2      181    13242        0      183    13362        0
0000000000000003        3      183    13362        0      181    13232        0
datapath         in-port  eth-dst           out-port packets  bytes
---------------- -------- ----------------- -------- -------- --------
0000000000000003        1       192.168.0.1        2        2      196
0000000000000003        1       192.168.0.3        3        1       98
0000000000000003        2       192.168.0.2        1        2      196
0000000000000003        3       192.168.0.2        1        2      196
datapath         port     rx-pkts  rx-bytes rx-error tx-pkts  tx-bytes tx-error
---------------- -------- -------- -------- -------- -------- -------- --------
0000000000000002        1        6      476        0      158    12422        0
0000000000000002        2      181    13242        0      181    13242        0
0000000000000002        3      181    13232        0      183    13362        0
datapath         in-port  eth-dst           out-port packets  bytes
---------------- -------- ----------------- -------- -------- --------
0000000000000002        1       192.168.0.1        2        2      196
0000000000000002        1       192.168.0.2        3        2      196
0000000000000002        2       192.168.0.3        1        2      196
0000000000000002        3       192.168.0.3        1        2      196
discovery--->==================================== discovery ====================================
discovery---> cls: [(2, 3), (2, 1), (3, 1)]
discovery--->=============================================================================
==================================== link detector ====================================

----------------------------
src    dst :    delay
2 <---> 3 : 8.124351501464844
2 <---> 1 : 10.110616683959961
1 <---> 3 : 8.175849914550781
1 <---> 2 : 17.670631408691406
3 <---> 1 : 6.891489028930664
3 <---> 2 : 7.623434066772461
==================================== link detector ====================================

----------------------------
src    dst :    delay
2 <---> 3 : 8.449554443359375
2 <---> 1 : 8.246660232543945
1 <---> 3 : 8.391380310058594
1 <---> 2 : 10.045289993286133
3 <---> 1 : 6.581544876098633
3 <---> 2 : 8.348703384399414
datapath         port     rx-pkts  rx-bytes rx-error tx-pkts  tx-bytes tx-error
---------------- -------- -------- -------- -------- -------- -------- --------
0000000000000001        1        6      476        0      167    13106        0
0000000000000001        2      189    13722        0      186    13542        0
0000000000000001        3      186    13542        0      187    13602        0
datapath         in-port  eth-dst           out-port packets  bytes
---------------- -------- ----------------- -------- -------- --------
0000000000000001        1       192.168.0.2        2        1       98
0000000000000001        1       192.168.0.3        3        1       98
0000000000000001        2       192.168.0.1        1        2      196
0000000000000001        3       192.168.0.1        1        2      196
datapath         port     rx-pkts  rx-bytes rx-error tx-pkts  tx-bytes tx-error
---------------- -------- -------- -------- -------- -------- -------- --------
0000000000000003        1        6      476        0      162    12752        0
0000000000000003        2      186    13542        0      189    13722        0
0000000000000003        3      188    13662        0      187    13602        0
datapath         in-port  eth-dst           out-port packets  bytes
---------------- -------- ----------------- -------- -------- --------
0000000000000003        1       192.168.0.1        2        2      196
0000000000000003        1       192.168.0.3        3        1       98
0000000000000003        2       192.168.0.2        1        2      196
0000000000000003        3       192.168.0.2        1        2      196
datapath         port     rx-pkts  rx-bytes rx-error tx-pkts  tx-bytes tx-error
---------------- -------- -------- -------- -------- -------- -------- --------
0000000000000002        1        6      476        0      163    12812        0
0000000000000002        2      187    13602        0      186    13542        0
0000000000000002        3      187    13602        0      188    13662        0
datapath         in-port  eth-dst           out-port packets  bytes
---------------- -------- ----------------- -------- -------- --------
0000000000000002        1       192.168.0.1        2        2      196
0000000000000002        1       192.168.0.2        3        2      196
0000000000000002        2       192.168.0.3        1        2      196
0000000000000002        3       192.168.0.3        1        2      196
discovery--->==================================== discovery ====================================
discovery---> cls: [(2, 3), (2, 1), (3, 1)]
discovery--->=============================================================================
==================================== link detector ====================================

----------------------------
src    dst :    delay
2 <---> 3 : 8.130550384521484
2 <---> 1 : 10.16855239868164
1 <---> 3 : 8.087158203125
1 <---> 2 : 8.62264633178711
3 <---> 1 : 8.257389068603516
3 <---> 2 : 7.653713226318359
datapath         port     rx-pkts  rx-bytes rx-error tx-pkts  tx-bytes tx-error
---------------- -------- -------- -------- -------- -------- -------- --------
0000000000000001        1        6      476        0      173    13574        0
0000000000000001        2      195    14082        0      192    13902        0
0000000000000001        3      192    13902        0      193    13962        0
datapath         in-port  eth-dst           out-port packets  bytes
---------------- -------- ----------------- -------- -------- --------
0000000000000001        1       192.168.0.2        2        1       98
0000000000000001        1       192.168.0.3        3        1       98
0000000000000001        2       192.168.0.1        1        2      196
0000000000000001        3       192.168.0.1        1        2      196
datapath         port     rx-pkts  rx-bytes rx-error tx-pkts  tx-bytes tx-error
---------------- -------- -------- -------- -------- -------- -------- --------
0000000000000003        1        6      476        0      168    13220        0
0000000000000003        2      192    13902        0      195    14082        0
0000000000000003        3      194    14022        0      193    13962        0
datapath         in-port  eth-dst           out-port packets  bytes
---------------- -------- ----------------- -------- -------- --------
0000000000000003        1       192.168.0.1        2        2      196
0000000000000003        1       192.168.0.3        3        1       98
0000000000000003        2       192.168.0.2        1        2      196
0000000000000003        3       192.168.0.2        1        2      196
datapath         port     rx-pkts  rx-bytes rx-error tx-pkts  tx-bytes tx-error
---------------- -------- -------- -------- -------- -------- -------- --------
0000000000000002        1        6      476        0      169    13280        0
0000000000000002        2      193    13962        0      192    13902        0
0000000000000002        3      193    13962        0      194    14022        0
datapath         in-port  eth-dst           out-port packets  bytes
---------------- -------- ----------------- -------- -------- --------
0000000000000002        1       192.168.0.1        2        2      196
0000000000000002        1       192.168.0.2        3        2      196
0000000000000002        2       192.168.0.3        1        2      196
0000000000000002        3       192.168.0.3        1        2      196
discovery--->==================================== discovery ====================================
discovery---> cls: [(2, 3), (2, 1), (3, 1)]
discovery--->=============================================================================
==================================== link detector ====================================

----------------------------
src    dst :    delay
2 <---> 3 : 7.883787155151367
2 <---> 1 : 9.857416152954102
1 <---> 3 : 7.901430130004883
1 <---> 2 : 10.081052780151367
3 <---> 1 : 7.220268249511719
3 <---> 2 : 8.310317993164062
==================================== link detector ====================================

----------------------------
src    dst :    delay
2 <---> 3 : 7.077455520629883
2 <---> 1 : 9.016990661621094
1 <---> 3 : 8.103132247924805
1 <---> 2 : 8.607864379882812
3 <---> 1 : 6.275415420532227
3 <---> 2 : 6.630182266235352
datapath         port     rx-pkts  rx-bytes rx-error tx-pkts  tx-bytes tx-error
---------------- -------- -------- -------- -------- -------- -------- --------
0000000000000001        1        6      476        0      178    13964        0
0000000000000001        2      200    14382        0      197    14202        0
0000000000000001        3      197    14202        0      198    14262        0
datapath         in-port  eth-dst           out-port packets  bytes
---------------- -------- ----------------- -------- -------- --------
0000000000000001        1       192.168.0.2        2        1       98
0000000000000001        1       192.168.0.3        3        1       98
0000000000000001        2       192.168.0.1        1        2      196
0000000000000001        3       192.168.0.1        1        2      196
datapath         port     rx-pkts  rx-bytes rx-error tx-pkts  tx-bytes tx-error
---------------- -------- -------- -------- -------- -------- -------- --------
0000000000000002        1        6      476        0      174    13670        0
0000000000000002        2      198    14262        0      197    14202        0
0000000000000002        3      198    14262        0      200    14382        0
datapath         in-port  eth-dst           out-port packets  bytes
---------------- -------- ----------------- -------- -------- --------
0000000000000002        1       192.168.0.1        2        2      196
0000000000000002        1       192.168.0.2        3        2      196
0000000000000002        2       192.168.0.3        1        2      196
0000000000000002        3       192.168.0.3        1        2      196
datapath         port     rx-pkts  rx-bytes rx-error tx-pkts  tx-bytes tx-error
---------------- -------- -------- -------- -------- -------- -------- --------
0000000000000003        1        6      476        0      173    13610        0
0000000000000003        2      197    14202        0      200    14382        0
0000000000000003        3      200    14382        0      198    14262        0
datapath         in-port  eth-dst           out-port packets  bytes
---------------- -------- ----------------- -------- -------- --------
0000000000000003        1       192.168.0.1        2        2      196
0000000000000003        1       192.168.0.3        3        1       98
0000000000000003        2       192.168.0.2        1        2      196
0000000000000003        3       192.168.0.2        1        2      196
discovery--->==================================== discovery ====================================
discovery---> cls: [(2, 3), (2, 1), (3, 1)]
discovery--->=============================================================================
==================================== link detector ====================================

----------------------------
src    dst :    delay
2 <---> 3 : 7.380247116088867
2 <---> 1 : 9.005069732666016
1 <---> 3 : 6.13856315612793
1 <---> 2 : 10.00666618347168
3 <---> 1 : 6.336450576782227
3 <---> 2 : 6.753683090209961
==================================== link detector ====================================

----------------------------
src    dst :    delay
2 <---> 3 : 7.699728012084961
2 <---> 1 : 8.883476257324219
1 <---> 3 : 6.307125091552734
1 <---> 2 : 9.235143661499023
3 <---> 1 : 7.74383544921875
3 <---> 2 : 8.160591125488281
datapath         port     rx-pkts  rx-bytes rx-error tx-pkts  tx-bytes tx-error
---------------- -------- -------- -------- -------- -------- -------- --------
0000000000000001        1        6      476        0      184    14432        0
0000000000000001        2      206    14742        0      203    14562        0
0000000000000001        3      203    14562        0      204    14622        0
datapath         in-port  eth-dst           out-port packets  bytes
---------------- -------- ----------------- -------- -------- --------
0000000000000001        1       192.168.0.2        2        1       98
0000000000000001        1       192.168.0.3        3        1       98
0000000000000001        2       192.168.0.1        1        2      196
0000000000000001        3       192.168.0.1        1        2      196
datapath         port     rx-pkts  rx-bytes rx-error tx-pkts  tx-bytes tx-error
---------------- -------- -------- -------- -------- -------- -------- --------
0000000000000002        1        6      476        0      180    14138        0
0000000000000002        2      204    14622        0      203    14562        0
0000000000000002        3      204    14622        0      205    14682        0
datapath         in-port  eth-dst           out-port packets  bytes
---------------- -------- ----------------- -------- -------- --------
0000000000000002        1       192.168.0.1        2        2      196
0000000000000002        1       192.168.0.2        3        2      196
0000000000000002        2       192.168.0.3        1        2      196
0000000000000002        3       192.168.0.3        1        2      196
datapath         port     rx-pkts  rx-bytes rx-error tx-pkts  tx-bytes tx-error
---------------- -------- -------- -------- -------- -------- -------- --------
0000000000000003        1        6      476        0      179    14078        0
0000000000000003        2      203    14562        0      206    14742        0
0000000000000003        3      205    14682        0      204    14622        0
datapath         in-port  eth-dst           out-port packets  bytes
---------------- -------- ----------------- -------- -------- --------
0000000000000003        1       192.168.0.1        2        2      196
0000000000000003        1       192.168.0.3        3        1       98
0000000000000003        2       192.168.0.2        1        2      196
0000000000000003        3       192.168.0.2        1        2      196
discovery--->==================================== discovery ====================================
discovery---> cls: [(2, 3), (2, 1), (3, 1)]
discovery--->=============================================================================
==================================== link detector ====================================

----------------------------
src    dst :    delay
2 <---> 3 : 6.857395172119141
2 <---> 1 : 9.502172470092773
1 <---> 3 : 7.499217987060547
1 <---> 2 : 8.532047271728516
3 <---> 1 : 6.597042083740234
3 <---> 2 : 6.563663482666016
datapath         port     rx-pkts  rx-bytes rx-error tx-pkts  tx-bytes tx-error
---------------- -------- -------- -------- -------- -------- -------- --------
0000000000000001        1        6      476        0      189    14822        0
0000000000000001        2      211    15042        0      208    14862        0
0000000000000001        3      209    14922        0      209    14922        0
datapath         in-port  eth-dst           out-port packets  bytes
---------------- -------- ----------------- -------- -------- --------
0000000000000001        1       192.168.0.2        2        1       98
0000000000000001        1       192.168.0.3        3        1       98
0000000000000001        2       192.168.0.1        1        2      196
0000000000000001        3       192.168.0.1        1        2      196
datapath         port     rx-pkts  rx-bytes rx-error tx-pkts  tx-bytes tx-error
---------------- -------- -------- -------- -------- -------- -------- --------
0000000000000002        1        6      476        0      186    14606        0
0000000000000002        2      209    14922        0      209    14922        0
0000000000000002        3      209    14922        0      211    15042        0
datapath         in-port  eth-dst           out-port packets  bytes
---------------- -------- ----------------- -------- -------- --------
0000000000000002        1       192.168.0.1        2        2      196
0000000000000002        1       192.168.0.2        3        2      196
0000000000000002        2       192.168.0.3        1        2      196
0000000000000002        3       192.168.0.3        1        2      196
datapath         port     rx-pkts  rx-bytes rx-error tx-pkts  tx-bytes tx-error
---------------- -------- -------- -------- -------- -------- -------- --------
0000000000000003        1        6      476        0      184    14468        0
0000000000000003        2      208    14862        0      211    15042        0
0000000000000003        3      211    15042        0      209    14922        0
datapath         in-port  eth-dst           out-port packets  bytes
---------------- -------- ----------------- -------- -------- --------
0000000000000003        1       192.168.0.1        2        2      196
0000000000000003        1       192.168.0.3        3        1       98
0000000000000003        2       192.168.0.2        1        2      196
0000000000000003        3       192.168.0.2        1        2      196
discovery--->==================================== discovery ====================================
discovery---> cls: [(2, 3), (2, 1), (3, 1)]
discovery--->=============================================================================
==================================== link detector ====================================

----------------------------
src    dst :    delay
2 <---> 3 : 6.604909896850586
2 <---> 1 : 8.514165878295898
1 <---> 3 : 11.38162612915039
1 <---> 2 : 8.096456527709961
3 <---> 1 : 7.325649261474609
3 <---> 2 : 6.453514099121094
==================================== link detector ====================================

----------------------------
src    dst :    delay
2 <---> 3 : 7.215023040771484
2 <---> 1 : 8.786916732788086
1 <---> 3 : 7.440328598022461
1 <---> 2 : 8.94618034362793
3 <---> 1 : 7.208824157714844
3 <---> 2 : 7.570028305053711
datapath         port     rx-pkts  rx-bytes rx-error tx-pkts  tx-bytes tx-error
---------------- -------- -------- -------- -------- -------- -------- --------
0000000000000001        1        6      476        0      195    15290        0
0000000000000001        2      217    15402        0      214    15222        0
0000000000000001        3      214    15222        0      215    15282        0
datapath         in-port  eth-dst           out-port packets  bytes
---------------- -------- ----------------- -------- -------- --------
0000000000000001        1       192.168.0.2        2        1       98
0000000000000001        1       192.168.0.3        3        1       98
0000000000000001        2       192.168.0.1        1        2      196
0000000000000001        3       192.168.0.1        1        2      196
datapath         port     rx-pkts  rx-bytes rx-error tx-pkts  tx-bytes tx-error
---------------- -------- -------- -------- -------- -------- -------- --------
0000000000000002        1        6      476        0      191    14996        0
0000000000000002        2      215    15282        0      214    15222        0
0000000000000002        3      215    15282        0      216    15342        0
datapath         in-port  eth-dst           out-port packets  bytes
---------------- -------- ----------------- -------- -------- --------
0000000000000002        1       192.168.0.1        2        2      196
0000000000000002        1       192.168.0.2        3        2      196
0000000000000002        2       192.168.0.3        1        2      196
0000000000000002        3       192.168.0.3        1        2      196
datapath         port     rx-pkts  rx-bytes rx-error tx-pkts  tx-bytes tx-error
---------------- -------- -------- -------- -------- -------- -------- --------
0000000000000003        1        6      476        0      190    14936        0
0000000000000003        2      214    15222        0      217    15402        0
0000000000000003        3      216    15342        0      215    15282        0
datapath         in-port  eth-dst           out-port packets  bytes
---------------- -------- ----------------- -------- -------- --------
0000000000000003        1       192.168.0.1        2        2      196
0000000000000003        1       192.168.0.3        3        1       98
0000000000000003        2       192.168.0.2        1        2      196
0000000000000003        3       192.168.0.2        1        2      196
discovery--->==================================== discovery ====================================
discovery---> cls: [(2, 3), (2, 1), (3, 1)]
discovery--->=============================================================================
==================================== link detector ====================================

----------------------------
src    dst :    delay
2 <---> 3 : 6.589651107788086
2 <---> 1 : 8.581161499023438
1 <---> 3 : 7.815122604370117
1 <---> 2 : 10.317325592041016
3 <---> 1 : 7.16853141784668
3 <---> 2 : 7.496356964111328
datapath         port     rx-pkts  rx-bytes rx-error tx-pkts  tx-bytes tx-error
---------------- -------- -------- -------- -------- -------- -------- --------
0000000000000001        1        6      476        0      201    15758        0
0000000000000001        2      222    15702        0      220    15582        0
0000000000000001        3      220    15582        0      220    15582        0
datapath         in-port  eth-dst           out-port packets  bytes
---------------- -------- ----------------- -------- -------- --------
0000000000000001        1       192.168.0.2        2        1       98
0000000000000001        1       192.168.0.3        3        1       98
0000000000000001        2       192.168.0.1        1        2      196
0000000000000001        3       192.168.0.1        1        2      196
datapath         port     rx-pkts  rx-bytes rx-error tx-pkts  tx-bytes tx-error
---------------- -------- -------- -------- -------- -------- -------- --------
0000000000000002        1        6      476        0      197    15464        0
0000000000000002        2      220    15582        0      220    15582        0
0000000000000002        3      220    15582        0      222    15702        0
datapath         in-port  eth-dst           out-port packets  bytes
---------------- -------- ----------------- -------- -------- --------
0000000000000002        1       192.168.0.1        2        2      196
0000000000000002        1       192.168.0.2        3        2      196
0000000000000002        2       192.168.0.3        1        2      196
0000000000000002        3       192.168.0.3        1        2      196
datapath         port     rx-pkts  rx-bytes rx-error tx-pkts  tx-bytes tx-error
---------------- -------- -------- -------- -------- -------- -------- --------
0000000000000003        1        6      476        0      195    15326        0
0000000000000003        2      220    15582        0      222    15702        0
0000000000000003        3      222    15702        0      220    15582        0
datapath         in-port  eth-dst           out-port packets  bytes
---------------- -------- ----------------- -------- -------- --------
0000000000000003        1       192.168.0.1        2        2      196
0000000000000003        1       192.168.0.3        3        1       98
0000000000000003        2       192.168.0.2        1        2      196
0000000000000003        3       192.168.0.2        1        2      196
discovery--->==================================== discovery ====================================
discovery---> cls: [(2, 3), (2, 1), (3, 1)]
discovery--->=============================================================================
==================================== link detector ====================================

----------------------------
src    dst :    delay
2 <---> 3 : 7.277727127075195
2 <---> 1 : 9.186029434204102
1 <---> 3 : 7.242441177368164
1 <---> 2 : 8.791923522949219
3 <---> 1 : 6.672143936157227
3 <---> 2 : 6.786108016967773
==================================== link detector ====================================

----------------------------
src    dst :    delay
2 <---> 3 : 7.203102111816406
2 <---> 1 : 9.272575378417969
1 <---> 3 : 7.082700729370117
1 <---> 2 : 9.257078170776367
3 <---> 1 : 7.14111328125
3 <---> 2 : 6.302595138549805
datapath         port     rx-pkts  rx-bytes rx-error tx-pkts  tx-bytes tx-error
---------------- -------- -------- -------- -------- -------- -------- --------
0000000000000001        1        6      476        0      206    16148        0
0000000000000001        2      228    16062        0      225    15882        0
0000000000000001        3      225    15882        0      226    15942        0
datapath         in-port  eth-dst           out-port packets  bytes
---------------- -------- ----------------- -------- -------- --------
0000000000000001        1       192.168.0.2        2        1       98
0000000000000001        1       192.168.0.3        3        1       98
0000000000000001        2       192.168.0.1        1        2      196
0000000000000001        3       192.168.0.1        1        2      196
datapath         port     rx-pkts  rx-bytes rx-error tx-pkts  tx-bytes tx-error
---------------- -------- -------- -------- -------- -------- -------- --------
0000000000000002        1        6      476        0      202    15854        0
0000000000000002        2      226    15942        0      225    15882        0
0000000000000002        3      226    15942        0      227    16002        0
datapath         in-port  eth-dst           out-port packets  bytes
---------------- -------- ----------------- -------- -------- --------
0000000000000002        1       192.168.0.1        2        2      196
0000000000000002        1       192.168.0.2        3        2      196
0000000000000002        2       192.168.0.3        1        2      196
0000000000000002        3       192.168.0.3        1        2      196
datapath         port     rx-pkts  rx-bytes rx-error tx-pkts  tx-bytes tx-error
---------------- -------- -------- -------- -------- -------- -------- --------
0000000000000003        1        6      476        0      201    15794        0
0000000000000003        2      225    15882        0      228    16062        0
0000000000000003        3      227    16002        0      226    15942        0
datapath         in-port  eth-dst           out-port packets  bytes
---------------- -------- ----------------- -------- -------- --------
0000000000000003        1       192.168.0.1        2        2      196
0000000000000003        1       192.168.0.3        3        1       98
0000000000000003        2       192.168.0.2        1        2      196
0000000000000003        3       192.168.0.2        1        2      196
discovery--->==================================== discovery ====================================
discovery---> cls: [(2, 3), (2, 1), (3, 1)]
discovery--->=============================================================================
==================================== link detector ====================================

----------------------------
src    dst :    delay
2 <---> 3 : 7.865667343139648
2 <---> 1 : 9.779214859008789
1 <---> 3 : 8.36324691772461
1 <---> 2 : 10.005474090576172
3 <---> 1 : 8.15725326538086
3 <---> 2 : 8.173465728759766
==================================== link detector ====================================

----------------------------
src    dst :    delay
2 <---> 3 : 8.556127548217773
2 <---> 1 : 9.955644607543945
1 <---> 3 : 6.51860237121582
1 <---> 2 : 8.83626937866211
3 <---> 1 : 8.161783218383789
3 <---> 2 : 7.386684417724609
datapath         port     rx-pkts  rx-bytes rx-error tx-pkts  tx-bytes tx-error
---------------- -------- -------- -------- -------- -------- -------- --------
0000000000000001        1        6      476        0      212    16616        0
0000000000000001        2      233    16362        0      231    16242        0
0000000000000001        3      231    16242        0      231    16242        0
datapath         in-port  eth-dst           out-port packets  bytes
---------------- -------- ----------------- -------- -------- --------
0000000000000001        1       192.168.0.2        2        1       98
0000000000000001        1       192.168.0.3        3        1       98
0000000000000001        2       192.168.0.1        1        2      196
0000000000000001        3       192.168.0.1        1        2      196
datapath         port     rx-pkts  rx-bytes rx-error tx-pkts  tx-bytes tx-error
---------------- -------- -------- -------- -------- -------- -------- --------
0000000000000002        1        6      476        0      208    16322        0
0000000000000002        2      231    16242        0      231    16242        0
0000000000000002        3      232    16302        0      233    16362        0
datapath         in-port  eth-dst           out-port packets  bytes
---------------- -------- ----------------- -------- -------- --------
0000000000000002        1       192.168.0.1        2        2      196
0000000000000002        1       192.168.0.2        3        2      196
0000000000000002        2       192.168.0.3        1        2      196
0000000000000002        3       192.168.0.3        1        2      196
datapath         port     rx-pkts  rx-bytes rx-error tx-pkts  tx-bytes tx-error
---------------- -------- -------- -------- -------- -------- -------- --------
0000000000000003        1        6      476        0      207    16262        0
0000000000000003        2      231    16242        0      233    16362        0
0000000000000003        3      233    16362        0      232    16302        0
datapath         in-port  eth-dst           out-port packets  bytes
---------------- -------- ----------------- -------- -------- --------
0000000000000003        1       192.168.0.1        2        2      196
0000000000000003        1       192.168.0.3        3        1       98
0000000000000003        2       192.168.0.2        1        2      196
0000000000000003        3       192.168.0.2        1        2      196
discovery--->==================================== discovery ====================================
discovery---> cls: [(2, 3), (2, 1), (3, 1)]
discovery--->=============================================================================
==================================== link detector ====================================

----------------------------
src    dst :    delay
2 <---> 3 : 6.780385971069336
2 <---> 1 : 10.266780853271484
1 <---> 3 : 8.134126663208008
1 <---> 2 : 9.196043014526367
3 <---> 1 : 7.853984832763672
3 <---> 2 : 8.174419403076172
datapath         port     rx-pkts  rx-bytes rx-error tx-pkts  tx-bytes tx-error
---------------- -------- -------- -------- -------- -------- -------- --------
0000000000000001        1        6      476        0      217    17006        0
0000000000000001        2      239    16722        0      236    16542        0
0000000000000001        3      236    16542        0      237    16602        0
datapath         in-port  eth-dst           out-port packets  bytes
---------------- -------- ----------------- -------- -------- --------
0000000000000001        1       192.168.0.2        2        1       98
0000000000000001        1       192.168.0.3        3        1       98
0000000000000001        2       192.168.0.1        1        2      196
0000000000000001        3       192.168.0.1        1        2      196
datapath         port     rx-pkts  rx-bytes rx-error tx-pkts  tx-bytes tx-error
---------------- -------- -------- -------- -------- -------- -------- --------
0000000000000002        1        6      476        0      213    16712        0
0000000000000002        2      237    16602        0      236    16542        0
0000000000000002        3      237    16602        0      238    16662        0
datapath         in-port  eth-dst           out-port packets  bytes
---------------- -------- ----------------- -------- -------- --------
0000000000000002        1       192.168.0.1        2        2      196
0000000000000002        1       192.168.0.2        3        2      196
0000000000000002        2       192.168.0.3        1        2      196
0000000000000002        3       192.168.0.3        1        2      196
datapath         port     rx-pkts  rx-bytes rx-error tx-pkts  tx-bytes tx-error
---------------- -------- -------- -------- -------- -------- -------- --------
0000000000000003        1        6      476        0      212    16652        0
0000000000000003        2      236    16542        0      239    16722        0
0000000000000003        3      238    16662        0      237    16602        0
datapath         in-port  eth-dst           out-port packets  bytes
---------------- -------- ----------------- -------- -------- --------
0000000000000003        1       192.168.0.1        2        2      196
0000000000000003        1       192.168.0.3        3        1       98
0000000000000003        2       192.168.0.2        1        2      196
0000000000000003        3       192.168.0.2        1        2      196
discovery--->==================================== discovery ====================================
discovery---> cls: [(2, 3), (2, 1), (3, 1)]
discovery--->=============================================================================
==================================== link detector ====================================

----------------------------
src    dst :    delay
2 <---> 3 : 6.801843643188477
2 <---> 1 : 10.10584831237793
1 <---> 3 : 7.236003875732422
1 <---> 2 : 9.881258010864258
3 <---> 1 : 7.391929626464844
3 <---> 2 : 6.693124771118164
==================================== link detector ====================================

----------------------------
src    dst :    delay
2 <---> 3 : 6.604194641113281
2 <---> 1 : 10.09368896484375
1 <---> 3 : 8.329629898071289
1 <---> 2 : 10.204553604125977
3 <---> 1 : 7.476568222045898
3 <---> 2 : 6.079196929931641
datapath         port     rx-pkts  rx-bytes rx-error tx-pkts  tx-bytes tx-error
---------------- -------- -------- -------- -------- -------- -------- --------
0000000000000001        1        6      476        0      223    17474        0
0000000000000001        2      245    17082        0      242    16902        0
0000000000000001        3      242    16902        0      243    16962        0
datapath         in-port  eth-dst           out-port packets  bytes
---------------- -------- ----------------- -------- -------- --------
0000000000000001        1       192.168.0.2        2        1       98
0000000000000001        1       192.168.0.3        3        1       98
0000000000000001        2       192.168.0.1        1        2      196
0000000000000001        3       192.168.0.1        1        2      196
datapath         port     rx-pkts  rx-bytes rx-error tx-pkts  tx-bytes tx-error
---------------- -------- -------- -------- -------- -------- -------- --------
0000000000000002        1        6      476        0      219    17180        0
0000000000000002        2      243    16962        0      242    16902        0
0000000000000002        3      243    16962        0      244    17022        0
datapath         in-port  eth-dst           out-port packets  bytes
---------------- -------- ----------------- -------- -------- --------
0000000000000002        1       192.168.0.1        2        2      196
0000000000000002        1       192.168.0.2        3        2      196
0000000000000002        2       192.168.0.3        1        2      196
0000000000000002        3       192.168.0.3        1        2      196
datapath         port     rx-pkts  rx-bytes rx-error tx-pkts  tx-bytes tx-error
---------------- -------- -------- -------- -------- -------- -------- --------
0000000000000003        1        6      476        0      218    17120        0
0000000000000003        2      242    16902        0      245    17082        0
0000000000000003        3      244    17022        0      243    16962        0
datapath         in-port  eth-dst           out-port packets  bytes
---------------- -------- ----------------- -------- -------- --------
0000000000000003        1       192.168.0.1        2        2      196
0000000000000003        1       192.168.0.3        3        1       98
0000000000000003        2       192.168.0.2        1        2      196
0000000000000003        3       192.168.0.2        1        2      196
discovery--->==================================== discovery ====================================
discovery---> cls: [(2, 3), (2, 1), (3, 1)]
discovery--->=============================================================================
==================================== link detector ====================================

----------------------------
src    dst :    delay
2 <---> 3 : 7.802248001098633
2 <---> 1 : 9.784698486328125
1 <---> 3 : 8.030414581298828
1 <---> 2 : 8.177995681762695
3 <---> 1 : 7.728338241577148
3 <---> 2 : 8.164167404174805
datapath         port     rx-pkts  rx-bytes rx-error tx-pkts  tx-bytes tx-error
---------------- -------- -------- -------- -------- -------- -------- --------
0000000000000001        1        6      476        0      228    17864        0
0000000000000001        2      250    17382        0      247    17202        0
0000000000000001        3      247    17202        0      248    17262        0
datapath         in-port  eth-dst           out-port packets  bytes
---------------- -------- ----------------- -------- -------- --------
0000000000000001        1       192.168.0.2        2        1       98
0000000000000001        1       192.168.0.3        3        1       98
0000000000000001        2       192.168.0.1        1        2      196
0000000000000001        3       192.168.0.1        1        2      196
datapath         port     rx-pkts  rx-bytes rx-error tx-pkts  tx-bytes tx-error
---------------- -------- -------- -------- -------- -------- -------- --------
0000000000000002        1        6      476        0      224    17570        0
0000000000000002        2      248    17262        0      247    17202        0
0000000000000002        3      248    17262        0      250    17382        0
datapath         in-port  eth-dst           out-port packets  bytes
---------------- -------- ----------------- -------- -------- --------
0000000000000002        1       192.168.0.1        2        2      196
0000000000000002        1       192.168.0.2        3        2      196
0000000000000002        2       192.168.0.3        1        2      196
0000000000000002        3       192.168.0.3        1        2      196
datapath         port     rx-pkts  rx-bytes rx-error tx-pkts  tx-bytes tx-error
---------------- -------- -------- -------- -------- -------- -------- --------
0000000000000003        1        6      476        0      223    17510        0
0000000000000003        2      247    17202        0      250    17382        0
0000000000000003        3      250    17382        0      248    17262        0
datapath         in-port  eth-dst           out-port packets  bytes
---------------- -------- ----------------- -------- -------- --------
0000000000000003        1       192.168.0.1        2        2      196
0000000000000003        1       192.168.0.3        3        1       98
0000000000000003        2       192.168.0.2        1        2      196
0000000000000003        3       192.168.0.2        1        2      196
discovery--->==================================== discovery ====================================
discovery---> cls: [(2, 3), (2, 1), (3, 1)]
discovery--->=============================================================================
==================================== link detector ====================================

----------------------------
src    dst :    delay
2 <---> 3 : 7.389545440673828
2 <---> 1 : 9.203195571899414
1 <---> 3 : 7.123470306396484
1 <---> 2 : 9.730339050292969
3 <---> 1 : 8.11147689819336
3 <---> 2 : 7.118463516235352
==================================== link detector ====================================

----------------------------
src    dst :    delay
2 <---> 3 : 8.338689804077148
2 <---> 1 : 10.163545608520508
1 <---> 3 : 7.666349411010742
1 <---> 2 : 9.169578552246094
3 <---> 1 : 7.580041885375977
3 <---> 2 : 8.103132247924805
datapath         port     rx-pkts  rx-bytes rx-error tx-pkts  tx-bytes tx-error
---------------- -------- -------- -------- -------- -------- -------- --------
0000000000000001        1        6      476        0      234    18332        0
0000000000000001        2      256    17742        0      253    17562        0
0000000000000001        3      253    17562        0      254    17622        0
datapath         in-port  eth-dst           out-port packets  bytes
---------------- -------- ----------------- -------- -------- --------
0000000000000001        1       192.168.0.2        2        1       98
0000000000000001        1       192.168.0.3        3        1       98
0000000000000001        2       192.168.0.1        1        2      196
0000000000000001        3       192.168.0.1        1        2      196
datapath         port     rx-pkts  rx-bytes rx-error tx-pkts  tx-bytes tx-error
---------------- -------- -------- -------- -------- -------- -------- --------
0000000000000002        1        6      476        0      230    18038        0
0000000000000002        2      254    17622        0      253    17562        0
0000000000000002        3      254    17622        0      255    17682        0
datapath         in-port  eth-dst           out-port packets  bytes
---------------- -------- ----------------- -------- -------- --------
0000000000000002        1       192.168.0.1        2        2      196
0000000000000002        1       192.168.0.2        3        2      196
0000000000000002        2       192.168.0.3        1        2      196
0000000000000002        3       192.168.0.3        1        2      196
datapath         port     rx-pkts  rx-bytes rx-error tx-pkts  tx-bytes tx-error
---------------- -------- -------- -------- -------- -------- -------- --------
0000000000000003        1        6      476        0      229    17978        0
0000000000000003        2      253    17562        0      256    17742        0
0000000000000003        3      255    17682        0      254    17622        0
datapath         in-port  eth-dst           out-port packets  bytes
---------------- -------- ----------------- -------- -------- --------
0000000000000003        1       192.168.0.1        2        2      196
0000000000000003        1       192.168.0.3        3        1       98
0000000000000003        2       192.168.0.2        1        2      196
0000000000000003        3       192.168.0.2        1        2      196
discovery--->==================================== discovery ====================================
discovery---> cls: [(2, 3), (2, 1), (3, 1)]
discovery--->=============================================================================
==================================== link detector ====================================

----------------------------
src    dst :    delay
2 <---> 3 : 8.15892219543457
2 <---> 1 : 10.332822799682617
1 <---> 3 : 8.176088333129883
1 <---> 2 : 10.059356689453125
3 <---> 1 : 8.464813232421875
3 <---> 2 : 6.726264953613281
datapath         port     rx-pkts  rx-bytes rx-error tx-pkts  tx-bytes tx-error
---------------- -------- -------- -------- -------- -------- -------- --------
0000000000000001        1        6      476        0      239    18722        0
0000000000000001        2      261    18042        0      258    17862        0
0000000000000001        3      259    17922        0      259    17922        0
datapath         in-port  eth-dst           out-port packets  bytes
---------------- -------- ----------------- -------- -------- --------
0000000000000001        1       192.168.0.2        2        1       98
0000000000000001        1       192.168.0.3        3        1       98
0000000000000001        2       192.168.0.1        1        2      196
0000000000000001        3       192.168.0.1        1        2      196
==================================== link detector ====================================

----------------------------
src    dst :    delay
2 <---> 3 : 7.260322570800781
2 <---> 1 : 9.126663208007812
1 <---> 3 : 7.781982421875
1 <---> 2 : 9.28497314453125
3 <---> 1 : 7.6961517333984375
3 <---> 2 : 8.118629455566406
datapath         port     rx-pkts  rx-bytes rx-error tx-pkts  tx-bytes tx-error
---------------- -------- -------- -------- -------- -------- -------- --------
0000000000000003        1        6      476        0      234    18368        0
0000000000000003        2      258    17862        0      261    18042        0
0000000000000003        3      261    18042        0      259    17922        0
datapath         in-port  eth-dst           out-port packets  bytes
---------------- -------- ----------------- -------- -------- --------
0000000000000003        1       192.168.0.1        2        2      196
0000000000000003        1       192.168.0.3        3        1       98
0000000000000003        2       192.168.0.2        1        2      196
0000000000000003        3       192.168.0.2        1        2      196
datapath         port     rx-pkts  rx-bytes rx-error tx-pkts  tx-bytes tx-error
---------------- -------- -------- -------- -------- -------- -------- --------
0000000000000002        1        6      476        0      236    18506        0
0000000000000002        2      259    17922        0      259    17922        0
0000000000000002        3      259    17922        0      261    18042        0
datapath         in-port  eth-dst           out-port packets  bytes
---------------- -------- ----------------- -------- -------- --------
0000000000000002        1       192.168.0.1        2        2      196
0000000000000002        1       192.168.0.2        3        2      196
0000000000000002        2       192.168.0.3        1        2      196
0000000000000002        3       192.168.0.3        1        2      196
discovery--->==================================== discovery ====================================
discovery---> cls: [(2, 3), (2, 1), (3, 1)]
discovery--->=============================================================================
==================================== link detector ====================================

----------------------------
src    dst :    delay
2 <---> 3 : 8.12220573425293
2 <---> 1 : 9.234905242919922
1 <---> 3 : 8.083581924438477
1 <---> 2 : 10.29825210571289
3 <---> 1 : 7.155656814575195
3 <---> 2 : 8.070945739746094
datapath         port     rx-pkts  rx-bytes rx-error tx-pkts  tx-bytes tx-error
---------------- -------- -------- -------- -------- -------- -------- --------
0000000000000001        1        6      476        0      245    19190        0
0000000000000001        2      267    18402        0      264    18222        0
0000000000000001        3      264    18222        0      265    18282        0
datapath         in-port  eth-dst           out-port packets  bytes
---------------- -------- ----------------- -------- -------- --------
0000000000000001        1       192.168.0.2        2        1       98
0000000000000001        1       192.168.0.3        3        1       98
0000000000000001        2       192.168.0.1        1        2      196
0000000000000001        3       192.168.0.1        1        2      196
datapath         port     rx-pkts  rx-bytes rx-error tx-pkts  tx-bytes tx-error
---------------- -------- -------- -------- -------- -------- -------- --------
0000000000000003        1        6      476        0      240    18836        0
0000000000000003        2      264    18222        0      267    18402        0
0000000000000003        3      266    18342        0      265    18282        0
datapath         in-port  eth-dst           out-port packets  bytes
---------------- -------- ----------------- -------- -------- --------
0000000000000003        1       192.168.0.1        2        2      196
0000000000000003        1       192.168.0.3        3        1       98
0000000000000003        2       192.168.0.2        1        2      196
0000000000000003        3       192.168.0.2        1        2      196
datapath         port     rx-pkts  rx-bytes rx-error tx-pkts  tx-bytes tx-error
---------------- -------- -------- -------- -------- -------- -------- --------
0000000000000002        1        6      476        0      241    18896        0
0000000000000002        2      265    18282        0      264    18222        0
0000000000000002        3      265    18282        0      266    18342        0
datapath         in-port  eth-dst           out-port packets  bytes
---------------- -------- ----------------- -------- -------- --------
0000000000000002        1       192.168.0.1        2        2      196
0000000000000002        1       192.168.0.2        3        2      196
0000000000000002        2       192.168.0.3        1        2      196
0000000000000002        3       192.168.0.3        1        2      196
discovery--->==================================== discovery ====================================
discovery---> cls: [(2, 3), (2, 1), (3, 1)]
discovery--->=============================================================================
==================================== link detector ====================================

----------------------------
src    dst :    delay
2 <---> 3 : 7.863044738769531
2 <---> 1 : 9.90605354309082
1 <---> 3 : 8.177757263183594
1 <---> 2 : 10.035276412963867
3 <---> 1 : 6.629228591918945
3 <---> 2 : 8.02159309387207
==================================== link detector ====================================

----------------------------
src    dst :    delay
2 <---> 3 : 7.10606575012207
2 <---> 1 : 9.284257888793945
1 <---> 3 : 7.829427719116211
1 <---> 2 : 9.698867797851562
3 <---> 1 : 7.793426513671875
3 <---> 2 : 7.715702056884766
datapath         port     rx-pkts  rx-bytes rx-error tx-pkts  tx-bytes tx-error
---------------- -------- -------- -------- -------- -------- -------- --------
0000000000000001        1        6      476        0      250    19580        0
0000000000000001        2      272    18702        0      270    18582        0
0000000000000001        3      270    18582        0      270    18582        0
datapath         in-port  eth-dst           out-port packets  bytes
---------------- -------- ----------------- -------- -------- --------
0000000000000001        1       192.168.0.2        2        1       98
0000000000000001        1       192.168.0.3        3        1       98
0000000000000001        2       192.168.0.1        1        2      196
0000000000000001        3       192.168.0.1        1        2      196
datapath         port     rx-pkts  rx-bytes rx-error tx-pkts  tx-bytes tx-error
---------------- -------- -------- -------- -------- -------- -------- --------
0000000000000003        1        6      476        0      245    19226        0
0000000000000003        2      270    18582        0      272    18702        0
0000000000000003        3      272    18702        0      270    18582        0
datapath         in-port  eth-dst           out-port packets  bytes
---------------- -------- ----------------- -------- -------- --------
0000000000000003        1       192.168.0.1        2        2      196
0000000000000003        1       192.168.0.3        3        1       98
0000000000000003        2       192.168.0.2        1        2      196
0000000000000003        3       192.168.0.2        1        2      196
datapath         port     rx-pkts  rx-bytes rx-error tx-pkts  tx-bytes tx-error
---------------- -------- -------- -------- -------- -------- -------- --------
0000000000000002        1        6      476        0      247    19364        0
0000000000000002        2      270    18582        0      270    18582        0
0000000000000002        3      270    18582        0      272    18702        0
datapath         in-port  eth-dst           out-port packets  bytes
---------------- -------- ----------------- -------- -------- --------
0000000000000002        1       192.168.0.1        2        2      196
0000000000000002        1       192.168.0.2        3        2      196
0000000000000002        2       192.168.0.3        1        2      196
0000000000000002        3       192.168.0.3        1        2      196
discovery--->==================================== discovery ====================================
discovery---> cls: [(2, 3), (2, 1), (3, 1)]
discovery--->=============================================================================
==================================== link detector ====================================

----------------------------
src    dst :    delay
2 <---> 3 : 6.485700607299805
2 <---> 1 : 10.184526443481445
1 <---> 3 : 7.433414459228516
1 <---> 2 : 9.334325790405273
3 <---> 1 : 7.952451705932617
3 <---> 2 : 8.085966110229492
datapath         port     rx-pkts  rx-bytes rx-error tx-pkts  tx-bytes tx-error
---------------- -------- -------- -------- -------- -------- -------- --------
0000000000000001        1        6      476        0      256    20048        0
0000000000000001        2      278    19062        0      275    18882        0
0000000000000001        3      275    18882        0      276    18942        0
datapath         in-port  eth-dst           out-port packets  bytes
---------------- -------- ----------------- -------- -------- --------
0000000000000001        1       192.168.0.2        2        1       98
0000000000000001        1       192.168.0.3        3        1       98
0000000000000001        2       192.168.0.1        1        2      196
0000000000000001        3       192.168.0.1        1        2      196
datapath         port     rx-pkts  rx-bytes rx-error tx-pkts  tx-bytes tx-error
---------------- -------- -------- -------- -------- -------- -------- --------
0000000000000003        1        6      476        0      251    19694        0
0000000000000003        2      275    18882        0      278    19062        0
0000000000000003        3      277    19002        0      276    18942        0
datapath         in-port  eth-dst           out-port packets  bytes
---------------- -------- ----------------- -------- -------- --------
0000000000000003        1       192.168.0.1        2        2      196
0000000000000003        1       192.168.0.3        3        1       98
0000000000000003        2       192.168.0.2        1        2      196
0000000000000003        3       192.168.0.2        1        2      196
datapath         port     rx-pkts  rx-bytes rx-error tx-pkts  tx-bytes tx-error
---------------- -------- -------- -------- -------- -------- -------- --------
0000000000000002        1        6      476        0      252    19754        0
0000000000000002        2      276    18942        0      275    18882        0
0000000000000002        3      276    18942        0      277    19002        0
datapath         in-port  eth-dst           out-port packets  bytes
---------------- -------- ----------------- -------- -------- --------
0000000000000002        1       192.168.0.1        2        2      196
0000000000000002        1       192.168.0.2        3        2      196
0000000000000002        2       192.168.0.3        1        2      196
0000000000000002        3       192.168.0.3        1        2      196
discovery--->==================================== discovery ====================================
discovery---> cls: [(2, 3), (2, 1), (3, 1)]
discovery--->=============================================================================
==================================== link detector ====================================

----------------------------
src    dst :    delay
2 <---> 3 : 8.156776428222656
2 <---> 1 : 8.699655532836914
1 <---> 3 : 8.104324340820312
1 <---> 2 : 8.257627487182617
3 <---> 1 : 7.505178451538086
3 <---> 2 : 8.362054824829102
==================================== link detector ====================================

----------------------------
src    dst :    delay
2 <---> 3 : 7.374763488769531
2 <---> 1 : 9.488821029663086
1 <---> 3 : 8.098363876342773
1 <---> 2 : 9.587287902832031
3 <---> 1 : 7.126092910766602
3 <---> 2 : 8.192062377929688
datapath         port     rx-pkts  rx-bytes rx-error tx-pkts  tx-bytes tx-error
---------------- -------- -------- -------- -------- -------- -------- --------
0000000000000001        1        6      476        0      262    20516        0
0000000000000001        2      283    19362        0      281    19242        0
0000000000000001        3      281    19242        0      281    19242        0
datapath         in-port  eth-dst           out-port packets  bytes
---------------- -------- ----------------- -------- -------- --------
0000000000000001        1       192.168.0.2        2        1       98
0000000000000001        1       192.168.0.3        3        1       98
0000000000000001        2       192.168.0.1        1        2      196
0000000000000001        3       192.168.0.1        1        2      196
datapath         port     rx-pkts  rx-bytes rx-error tx-pkts  tx-bytes tx-error
---------------- -------- -------- -------- -------- -------- -------- --------
0000000000000003        1        6      476        0      257    20162        0
0000000000000003        2      281    19242        0      283    19362        0
0000000000000003        3      283    19362        0      281    19242        0
datapath         in-port  eth-dst           out-port packets  bytes
---------------- -------- ----------------- -------- -------- --------
0000000000000003        1       192.168.0.1        2        2      196
0000000000000003        1       192.168.0.3        3        1       98
0000000000000003        2       192.168.0.2        1        2      196
0000000000000003        3       192.168.0.2        1        2      196
datapath         port     rx-pkts  rx-bytes rx-error tx-pkts  tx-bytes tx-error
---------------- -------- -------- -------- -------- -------- -------- --------
0000000000000002        1        6      476        0      258    20222        0
0000000000000002        2      281    19242        0      281    19242        0
0000000000000002        3      281    19242        0      283    19362        0
datapath         in-port  eth-dst           out-port packets  bytes
---------------- -------- ----------------- -------- -------- --------
0000000000000002        1       192.168.0.1        2        2      196
0000000000000002        1       192.168.0.2        3        2      196
0000000000000002        2       192.168.0.3        1        2      196
0000000000000002        3       192.168.0.3        1        2      196
discovery--->==================================== discovery ====================================
discovery---> cls: [(2, 3), (2, 1), (3, 1)]
discovery--->=============================================================================
==================================== link detector ====================================

----------------------------
src    dst :    delay
2 <---> 3 : 7.293462753295898
2 <---> 1 : 9.132623672485352
1 <---> 3 : 6.758213043212891
1 <---> 2 : 8.938789367675781
3 <---> 1 : 7.9364776611328125
3 <---> 2 : 7.834196090698242
datapath         port     rx-pkts  rx-bytes rx-error tx-pkts  tx-bytes tx-error
---------------- -------- -------- -------- -------- -------- -------- --------
0000000000000001        1        6      476        0      267    20906        0
0000000000000001        2      289    19722        0      286    19542        0
0000000000000001        3      286    19542        0      287    19602        0
datapath         in-port  eth-dst           out-port packets  bytes
---------------- -------- ----------------- -------- -------- --------
0000000000000001        1       192.168.0.2        2        1       98
0000000000000001        1       192.168.0.3        3        1       98
0000000000000001        2       192.168.0.1        1        2      196
0000000000000001        3       192.168.0.1        1        2      196
datapath         port     rx-pkts  rx-bytes rx-error tx-pkts  tx-bytes tx-error
---------------- -------- -------- -------- -------- -------- -------- --------
0000000000000003        1        6      476        0      262    20552        0
0000000000000003        2      286    19542        0      289    19722        0
0000000000000003        3      288    19662        0      287    19602        0
datapath         in-port  eth-dst           out-port packets  bytes
---------------- -------- ----------------- -------- -------- --------
0000000000000003        1       192.168.0.1        2        2      196
0000000000000003        1       192.168.0.3        3        1       98
0000000000000003        2       192.168.0.2        1        2      196
0000000000000003        3       192.168.0.2        1        2      196
datapath         port     rx-pkts  rx-bytes rx-error tx-pkts  tx-bytes tx-error
---------------- -------- -------- -------- -------- -------- -------- --------
0000000000000002        1        6      476        0      263    20612        0
0000000000000002        2      287    19602        0      286    19542        0
0000000000000002        3      287    19602        0      288    19662        0
datapath         in-port  eth-dst           out-port packets  bytes
---------------- -------- ----------------- -------- -------- --------
0000000000000002        1       192.168.0.1        2        2      196
0000000000000002        1       192.168.0.2        3        2      196
0000000000000002        2       192.168.0.3        1        2      196
0000000000000002        3       192.168.0.3        1        2      196
discovery--->==================================== discovery ====================================
discovery---> cls: [(2, 3), (2, 1), (3, 1)]
discovery--->=============================================================================
==================================== link detector ====================================

----------------------------
src    dst :    delay
2 <---> 3 : 7.837057113647461
2 <---> 1 : 9.072065353393555
1 <---> 3 : 7.725954055786133
1 <---> 2 : 10.075807571411133
3 <---> 1 : 6.775140762329102
3 <---> 2 : 6.864309310913086
==================================== link detector ====================================

----------------------------
src    dst :    delay
2 <---> 3 : 8.031845092773438
2 <---> 1 : 10.16545295715332
1 <---> 3 : 6.291866302490234
1 <---> 2 : 9.935617446899414
3 <---> 1 : 7.180452346801758
3 <---> 2 : 7.946968078613281
datapath         port     rx-pkts  rx-bytes rx-error tx-pkts  tx-bytes tx-error
---------------- -------- -------- -------- -------- -------- -------- --------
0000000000000001        1        6      476        0      273    21374        0
0000000000000001        2      294    20022        0      292    19902        0
0000000000000001        3      292    19902        0      293    19962        0
datapath         in-port  eth-dst           out-port packets  bytes
---------------- -------- ----------------- -------- -------- --------
0000000000000001        1       192.168.0.2        2        1       98
0000000000000001        1       192.168.0.3        3        1       98
0000000000000001        2       192.168.0.1        1        2      196
0000000000000001        3       192.168.0.1        1        2      196
datapath         port     rx-pkts  rx-bytes rx-error tx-pkts  tx-bytes tx-error
---------------- -------- -------- -------- -------- -------- -------- --------
0000000000000002        1        6      476        0      269    21080        0
0000000000000002        2      293    19962        0      292    19902        0
0000000000000002        3      293    19962        0      294    20022        0
datapath         in-port  eth-dst           out-port packets  bytes
---------------- -------- ----------------- -------- -------- --------
0000000000000002        1       192.168.0.1        2        2      196
0000000000000002        1       192.168.0.2        3        2      196
0000000000000002        2       192.168.0.3        1        2      196
0000000000000002        3       192.168.0.3        1        2      196
datapath         port     rx-pkts  rx-bytes rx-error tx-pkts  tx-bytes tx-error
---------------- -------- -------- -------- -------- -------- -------- --------
0000000000000003        1        6      476        0      268    21020        0
0000000000000003        2      292    19902        0      294    20022        0
0000000000000003        3      294    20022        0      293    19962        0
datapath         in-port  eth-dst           out-port packets  bytes
---------------- -------- ----------------- -------- -------- --------
0000000000000003        1       192.168.0.1        2        2      196
0000000000000003        1       192.168.0.3        3        1       98
0000000000000003        2       192.168.0.2        1        2      196
0000000000000003        3       192.168.0.2        1        2      196
discovery--->==================================== discovery ====================================
discovery---> cls: [(2, 3), (2, 1), (3, 1)]
discovery--->=============================================================================
==================================== link detector ====================================

----------------------------
src    dst :    delay
2 <---> 3 : 8.287429809570312
2 <---> 1 : 10.343551635742188
1 <---> 3 : 6.6471099853515625
1 <---> 2 : 10.197877883911133
3 <---> 1 : 7.257223129272461
3 <---> 2 : 8.093595504760742
==================================== link detector ====================================

----------------------------
src    dst :    delay
2 <---> 3 : 6.580829620361328
2 <---> 1 : 9.677648544311523
1 <---> 3 : 8.017301559448242
1 <---> 2 : 10.068893432617188
3 <---> 1 : 8.301496505737305
3 <---> 2 : 8.244752883911133
datapath         port     rx-pkts  rx-bytes rx-error tx-pkts  tx-bytes tx-error
---------------- -------- -------- -------- -------- -------- -------- --------
0000000000000001        1        6      476        0      278    21764        0
0000000000000001        2      300    20382        0      297    20202        0
0000000000000001        3      297    20202        0      298    20262        0
datapath         in-port  eth-dst           out-port packets  bytes
---------------- -------- ----------------- -------- -------- --------
0000000000000001        1       192.168.0.2        2        1       98
0000000000000001        1       192.168.0.3        3        1       98
0000000000000001        2       192.168.0.1        1        2      196
0000000000000001        3       192.168.0.1        1        2      196
datapath         port     rx-pkts  rx-bytes rx-error tx-pkts  tx-bytes tx-error
---------------- -------- -------- -------- -------- -------- -------- --------
0000000000000003        1        6      476        0      273    21410        0
0000000000000003        2      297    20202        0      300    20382        0
0000000000000003        3      299    20322        0      298    20262        0
datapath         in-port  eth-dst           out-port packets  bytes
---------------- -------- ----------------- -------- -------- --------
0000000000000003        1       192.168.0.1        2        2      196
0000000000000003        1       192.168.0.3        3        1       98
0000000000000003        2       192.168.0.2        1        2      196
0000000000000003        3       192.168.0.2        1        2      196
datapath         port     rx-pkts  rx-bytes rx-error tx-pkts  tx-bytes tx-error
---------------- -------- -------- -------- -------- -------- -------- --------
0000000000000002        1        6      476        0      274    21470        0
0000000000000002        2      298    20262        0      297    20202        0
0000000000000002        3      298    20262        0      299    20322        0
datapath         in-port  eth-dst           out-port packets  bytes
---------------- -------- ----------------- -------- -------- --------
0000000000000002        1       192.168.0.1        2        2      196
0000000000000002        1       192.168.0.2        3        2      196
0000000000000002        2       192.168.0.3        1        2      196
0000000000000002        3       192.168.0.3        1        2      196
discovery--->==================================== discovery ====================================
discovery---> cls: [(2, 3), (2, 1), (3, 1)]
discovery--->=============================================================================
==================================== link detector ====================================

----------------------------
src    dst :    delay
2 <---> 3 : 7.951974868774414
2 <---> 1 : 10.077714920043945
1 <---> 3 : 8.167505264282227
1 <---> 2 : 8.968353271484375
3 <---> 1 : 6.4144134521484375
3 <---> 2 : 8.177042007446289
datapath         port     rx-pkts  rx-bytes rx-error tx-pkts  tx-bytes tx-error
---------------- -------- -------- -------- -------- -------- -------- --------
0000000000000001        1        6      476        0      284    22232        0
0000000000000001        2      306    20742        0      303    20562        0
0000000000000001        3      303    20562        0      304    20622        0
datapath         in-port  eth-dst           out-port packets  bytes
---------------- -------- ----------------- -------- -------- --------
0000000000000001        1       192.168.0.2        2        1       98
0000000000000001        1       192.168.0.3        3        1       98
0000000000000001        2       192.168.0.1        1        2      196
0000000000000001        3       192.168.0.1        1        2      196
datapath         port     rx-pkts  rx-bytes rx-error tx-pkts  tx-bytes tx-error
---------------- -------- -------- -------- -------- -------- -------- --------
0000000000000003        1        6      476        0      279    21878        0
0000000000000003        2      303    20562        0      306    20742        0
0000000000000003        3      305    20682        0      304    20622        0
datapath         in-port  eth-dst           out-port packets  bytes
---------------- -------- ----------------- -------- -------- --------
0000000000000003        1       192.168.0.1        2        2      196
0000000000000003        1       192.168.0.3        3        1       98
0000000000000003        2       192.168.0.2        1        2      196
0000000000000003        3       192.168.0.2        1        2      196
datapath         port     rx-pkts  rx-bytes rx-error tx-pkts  tx-bytes tx-error
---------------- -------- -------- -------- -------- -------- -------- --------
0000000000000002        1        6      476        0      280    21938        0
0000000000000002        2      304    20622        0      303    20562        0
0000000000000002        3      304    20622        0      305    20682        0
datapath         in-port  eth-dst           out-port packets  bytes
---------------- -------- ----------------- -------- -------- --------
0000000000000002        1       192.168.0.1        2        2      196
0000000000000002        1       192.168.0.2        3        2      196
0000000000000002        2       192.168.0.3        1        2      196
0000000000000002        3       192.168.0.3        1        2      196
discovery--->==================================== discovery ====================================
discovery---> cls: [(2, 3), (2, 1), (3, 1)]
discovery--->=============================================================================
==================================== link detector ====================================

----------------------------
src    dst :    delay
2 <---> 3 : 8.396387100219727
2 <---> 1 : 8.748054504394531
1 <---> 3 : 8.099079132080078
1 <---> 2 : 10.12110710144043
3 <---> 1 : 8.107662200927734
3 <---> 2 : 8.147478103637695
==================================== link detector ====================================

----------------------------
src    dst :    delay
2 <---> 3 : 7.100820541381836
2 <---> 1 : 10.262489318847656
1 <---> 3 : 7.997751235961914
1 <---> 2 : 9.767293930053711
3 <---> 1 : 7.972002029418945
3 <---> 2 : 6.556510925292969
datapath         port     rx-pkts  rx-bytes rx-error tx-pkts  tx-bytes tx-error
---------------- -------- -------- -------- -------- -------- -------- --------
0000000000000001        1        6      476        0      289    22622        0
0000000000000001        2      312    21112        0      308    20862        0
0000000000000001        3      309    20922        0      309    20922        0
datapath         in-port  eth-dst           out-port packets  bytes
---------------- -------- ----------------- -------- -------- --------
0000000000000001        1       192.168.0.2        2        1       98
0000000000000001        1       192.168.0.3        3        1       98
0000000000000001        2       192.168.0.1        1        2      196
0000000000000001        3       192.168.0.1        1        2      196
datapath         port     rx-pkts  rx-bytes rx-error tx-pkts  tx-bytes tx-error
---------------- -------- -------- -------- -------- -------- -------- --------
0000000000000003        1        6      476        0      284    22268        0
0000000000000003        2      308    20862        0      312    21112        0
0000000000000003        3      311    21042        0      309    20922        0
datapath         in-port  eth-dst           out-port packets  bytes
---------------- -------- ----------------- -------- -------- --------
0000000000000003        1       192.168.0.1        2        2      196
0000000000000003        1       192.168.0.3        3        1       98
0000000000000003        2       192.168.0.2        1        2      196
0000000000000003        3       192.168.0.2        1        2      196
datapath         port     rx-pkts  rx-bytes rx-error tx-pkts  tx-bytes tx-error
---------------- -------- -------- -------- -------- -------- -------- --------
0000000000000002        1        6      476        0      285    22328        0
0000000000000002        2      309    20922        0      309    20922        0
0000000000000002        3      309    20922        0      311    21042        0
datapath         in-port  eth-dst           out-port packets  bytes
---------------- -------- ----------------- -------- -------- --------
0000000000000002        1       192.168.0.1        2        2      196
0000000000000002        1       192.168.0.2        3        2      196
0000000000000002        2       192.168.0.3        1        2      196
0000000000000002        3       192.168.0.3        1        2      196
discovery--->==================================== discovery ====================================
discovery---> cls: [(2, 3), (2, 1), (3, 1)]
discovery--->=============================================================================
==================================== link detector ====================================

----------------------------
src    dst :    delay
2 <---> 3 : 7.189035415649414
2 <---> 1 : 9.718656539916992
1 <---> 3 : 7.841348648071289
1 <---> 2 : 8.600234985351562
3 <---> 1 : 7.45701789855957
3 <---> 2 : 8.188009262084961
datapath         port     rx-pkts  rx-bytes rx-error tx-pkts  tx-bytes tx-error
---------------- -------- -------- -------- -------- -------- -------- --------
0000000000000001        1        6      476        0      295    23090        0
0000000000000001        2      319    21675        0      315    21425        0
0000000000000001        3      315    21425        0      316    21485        0
datapath         in-port  eth-dst           out-port packets  bytes
---------------- -------- ----------------- -------- -------- --------
0000000000000001        1       192.168.0.2        2        1       98
0000000000000001        1       192.168.0.3        3        1       98
0000000000000001        2       192.168.0.1        1        2      196
0000000000000001        3       192.168.0.1        1        2      196
datapath         port     rx-pkts  rx-bytes rx-error tx-pkts  tx-bytes tx-error
---------------- -------- -------- -------- -------- -------- -------- --------
0000000000000002        1        6      476        0      291    22796        0
0000000000000002        2      316    21485        0      315    21425        0
0000000000000002        3      316    21485        0      317    21545        0
datapath         in-port  eth-dst           out-port packets  bytes
---------------- -------- ----------------- -------- -------- --------
0000000000000002        1       192.168.0.1        2        2      196
0000000000000002        1       192.168.0.2        3        2      196
0000000000000002        2       192.168.0.3        1        2      196
0000000000000002        3       192.168.0.3        1        2      196
datapath         port     rx-pkts  rx-bytes rx-error tx-pkts  tx-bytes tx-error
---------------- -------- -------- -------- -------- -------- -------- --------
0000000000000003        1        6      476        0      290    22736        0
0000000000000003        2      315    21425        0      319    21675        0
0000000000000003        3      317    21545        0      316    21485        0
datapath         in-port  eth-dst           out-port packets  bytes
---------------- -------- ----------------- -------- -------- --------
0000000000000003        1       192.168.0.1        2        2      196
0000000000000003        1       192.168.0.3        3        1       98
0000000000000003        2       192.168.0.2        1        2      196
0000000000000003        3       192.168.0.2        1        2      196
discovery--->==================================== discovery ====================================
discovery---> cls: [(2, 3), (2, 1), (3, 1)]
discovery--->=============================================================================
==================================== link detector ====================================

----------------------------
src    dst :    delay
2 <---> 3 : 7.476091384887695
2 <---> 1 : 9.632587432861328
1 <---> 3 : 6.715059280395508
1 <---> 2 : 8.987903594970703
3 <---> 1 : 8.071422576904297
3 <---> 2 : 6.884098052978516
==================================== link detector ====================================

----------------------------
src    dst :    delay
2 <---> 3 : 8.155345916748047
2 <---> 1 : 8.694648742675781
1 <---> 3 : 8.183002471923828
1 <---> 2 : 8.671760559082031
3 <---> 1 : 7.390737533569336
3 <---> 2 : 8.207559585571289
datapath         port     rx-pkts  rx-bytes rx-error tx-pkts  tx-bytes tx-error
---------------- -------- -------- -------- -------- -------- -------- --------
0000000000000001        1        6      476        0      300    23480        0
0000000000000001        2      324    21975        0      321    21785        0
0000000000000001        3      321    21785        0      321    21785        0
datapath         in-port  eth-dst           out-port packets  bytes
---------------- -------- ----------------- -------- -------- --------
0000000000000001        1       192.168.0.2        2        1       98
0000000000000001        1       192.168.0.3        3        1       98
0000000000000001        2       192.168.0.1        1        2      196
0000000000000001        3       192.168.0.1        1        2      196
datapath         port     rx-pkts  rx-bytes rx-error tx-pkts  tx-bytes tx-error
---------------- -------- -------- -------- -------- -------- -------- --------
0000000000000003        1        6      476        0      295    23126        0
0000000000000003        2      321    21785        0      324    21975        0
0000000000000003        3      324    21975        0      321    21785        0
datapath         in-port  eth-dst           out-port packets  bytes
---------------- -------- ----------------- -------- -------- --------
0000000000000003        1       192.168.0.1        2        2      196
0000000000000003        1       192.168.0.3        3        1       98
0000000000000003        2       192.168.0.2        1        2      196
0000000000000003        3       192.168.0.2        1        2      196
datapath         port     rx-pkts  rx-bytes rx-error tx-pkts  tx-bytes tx-error
---------------- -------- -------- -------- -------- -------- -------- --------
0000000000000002        1        6      476        0      297    23264        0
0000000000000002        2      321    21785        0      321    21785        0
0000000000000002        3      321    21785        0      324    21975        0
datapath         in-port  eth-dst           out-port packets  bytes
---------------- -------- ----------------- -------- -------- --------
0000000000000002        1       192.168.0.1        2        2      196
0000000000000002        1       192.168.0.2        3        2      196
0000000000000002        2       192.168.0.3        1        2      196
0000000000000002        3       192.168.0.3        1        2      196
discovery--->==================================== discovery ====================================
discovery---> cls: [(2, 3), (2, 1), (3, 1)]
discovery--->=============================================================================
==================================== link detector ====================================

----------------------------
src    dst :    delay
2 <---> 3 : 7.272958755493164
2 <---> 1 : 10.192394256591797
1 <---> 3 : 7.987737655639648
1 <---> 2 : 10.185956954956055
3 <---> 1 : 6.900548934936523
3 <---> 2 : 8.154869079589844
==================================== link detector ====================================

----------------------------
src    dst :    delay
2 <---> 3 : 8.081436157226562
2 <---> 1 : 11.093854904174805
1 <---> 3 : 7.998228073120117
1 <---> 2 : 10.089397430419922
3 <---> 1 : 7.1582794189453125
3 <---> 2 : 7.2002410888671875
datapath         port     rx-pkts  rx-bytes rx-error tx-pkts  tx-bytes tx-error
---------------- -------- -------- -------- -------- -------- -------- --------
0000000000000001        1        6      476        0      306    23948        0
0000000000000001        2      330    22335        0      326    22085        0
0000000000000001        3      326    22085        0      327    22145        0
datapath         in-port  eth-dst           out-port packets  bytes
---------------- -------- ----------------- -------- -------- --------
0000000000000001        1       192.168.0.2        2        1       98
0000000000000001        1       192.168.0.3        3        1       98
0000000000000001        2       192.168.0.1        1        2      196
0000000000000001        3       192.168.0.1        1        2      196
datapath         port     rx-pkts  rx-bytes rx-error tx-pkts  tx-bytes tx-error
---------------- -------- -------- -------- -------- -------- -------- --------
0000000000000003        1        6      476        0      301    23594        0
0000000000000003        2      326    22085        0      330    22335        0
0000000000000003        3      329    22275        0      327    22145        0
datapath         in-port  eth-dst           out-port packets  bytes
---------------- -------- ----------------- -------- -------- --------
0000000000000003        1       192.168.0.1        2        2      196
0000000000000003        1       192.168.0.3        3        1       98
0000000000000003        2       192.168.0.2        1        2      196
0000000000000003        3       192.168.0.2        1        2      196
datapath         port     rx-pkts  rx-bytes rx-error tx-pkts  tx-bytes tx-error
---------------- -------- -------- -------- -------- -------- -------- --------
0000000000000002        1        6      476        0      302    23654        0
0000000000000002        2      327    22145        0      326    22085        0
0000000000000002        3      327    22145        0      329    22275        0
datapath         in-port  eth-dst           out-port packets  bytes
---------------- -------- ----------------- -------- -------- --------
0000000000000002        1       192.168.0.1        2        2      196
0000000000000002        1       192.168.0.2        3        2      196
0000000000000002        2       192.168.0.3        1        2      196
0000000000000002        3       192.168.0.3        1        2      196
discovery--->==================================== discovery ====================================
discovery---> cls: [(2, 3), (2, 1), (3, 1)]
discovery--->=============================================================================
==================================== link detector ====================================

----------------------------
src    dst :    delay
2 <---> 3 : 7.892847061157227
2 <---> 1 : 8.346319198608398
1 <---> 3 : 7.977724075317383
1 <---> 2 : 9.832143783569336
3 <---> 1 : 7.80177116394043
3 <---> 2 : 7.97271728515625
datapath         port     rx-pkts  rx-bytes rx-error tx-pkts  tx-bytes tx-error
---------------- -------- -------- -------- -------- -------- -------- --------
0000000000000002        1        6      476        0      308    24122        0
0000000000000002        2      333    22515        0      333    22515        0
0000000000000002        3      332    22445        0      335    22635        0
datapath         in-port  eth-dst           out-port packets  bytes
---------------- -------- ----------------- -------- -------- --------
0000000000000002        1       192.168.0.1        2        2      196
0000000000000002        1       192.168.0.2        3        2      196
0000000000000002        2       192.168.0.3        1        2      196
0000000000000002        3       192.168.0.3        1        2      196
datapath         port     rx-pkts  rx-bytes rx-error tx-pkts  tx-bytes tx-error
---------------- -------- -------- -------- -------- -------- -------- --------
0000000000000001        1        6      476        0      312    24416        0
0000000000000001        2      335    22635        0      333    22515        0
0000000000000001        3      333    22515        0      333    22515        0
datapath         in-port  eth-dst           out-port packets  bytes
---------------- -------- ----------------- -------- -------- --------
0000000000000001        1       192.168.0.2        2        1       98
0000000000000001        1       192.168.0.3        3        1       98
0000000000000001        2       192.168.0.1        1        2      196
0000000000000001        3       192.168.0.1        1        2      196
datapath         port     rx-pkts  rx-bytes rx-error tx-pkts  tx-bytes tx-error
---------------- -------- -------- -------- -------- -------- -------- --------
0000000000000003        1        6      476        0      307    24062        0
0000000000000003        2      333    22515        0      335    22635        0
0000000000000003        3      335    22635        0      332    22445        0
datapath         in-port  eth-dst           out-port packets  bytes
---------------- -------- ----------------- -------- -------- --------
0000000000000003        1       192.168.0.1        2        2      196
0000000000000003        1       192.168.0.3        3        1       98
0000000000000003        2       192.168.0.2        1        2      196
0000000000000003        3       192.168.0.2        1        2      196
discovery--->==================================== discovery ====================================
discovery---> cls: [(2, 3), (2, 1), (3, 1)]
discovery--->=============================================================================
==================================== link detector ====================================

----------------------------
src    dst :    delay
2 <---> 3 : 8.072614669799805
2 <---> 1 : 10.093212127685547
1 <---> 3 : 8.165121078491211
1 <---> 2 : 10.153055191040039
3 <---> 1 : 6.679773330688477
3 <---> 2 : 8.13746452331543
==================================== link detector ====================================

----------------------------
src    dst :    delay
2 <---> 3 : 7.555484771728516
2 <---> 1 : 9.54747200012207
1 <---> 3 : 6.83283805847168
1 <---> 2 : 8.607864379882812
3 <---> 1 : 7.475376129150391
3 <---> 2 : 8.269309997558594
datapath         port     rx-pkts  rx-bytes rx-error tx-pkts  tx-bytes tx-error
---------------- -------- -------- -------- -------- -------- -------- --------
0000000000000001        1        6      476        0      317    24806        0
0000000000000001        2      341    22995        0      338    22815        0
0000000000000001        3      338    22815        0      339    22875        0
datapath         in-port  eth-dst           out-port packets  bytes
---------------- -------- ----------------- -------- -------- --------
0000000000000001        1       192.168.0.2        2        1       98
0000000000000001        1       192.168.0.3        3        1       98
0000000000000001        2       192.168.0.1        1        2      196
0000000000000001        3       192.168.0.1        1        2      196
datapath         port     rx-pkts  rx-bytes rx-error tx-pkts  tx-bytes tx-error
---------------- -------- -------- -------- -------- -------- -------- --------
0000000000000002        1        6      476        0      313    24512        0
0000000000000002        2      339    22875        0      338    22815        0
0000000000000002        3      338    22805        0      340    22935        0
datapath         in-port  eth-dst           out-port packets  bytes
---------------- -------- ----------------- -------- -------- --------
0000000000000002        1       192.168.0.1        2        2      196
0000000000000002        1       192.168.0.2        3        2      196
0000000000000002        2       192.168.0.3        1        2      196
0000000000000002        3       192.168.0.3        1        2      196
datapath         port     rx-pkts  rx-bytes rx-error tx-pkts  tx-bytes tx-error
---------------- -------- -------- -------- -------- -------- -------- --------
0000000000000003        1        6      476        0      312    24452        0
0000000000000003        2      338    22815        0      341    22995        0
0000000000000003        3      340    22935        0      338    22805        0
datapath         in-port  eth-dst           out-port packets  bytes
---------------- -------- ----------------- -------- -------- --------
0000000000000003        1       192.168.0.1        2        2      196
0000000000000003        1       192.168.0.3        3        1       98
0000000000000003        2       192.168.0.2        1        2      196
0000000000000003        3       192.168.0.2        1        2      196
discovery--->==================================== discovery ====================================
discovery---> cls: [(2, 3), (2, 1), (3, 1)]
discovery--->=============================================================================
==================================== link detector ====================================

----------------------------
src    dst :    delay
2 <---> 3 : 7.234096527099609
2 <---> 1 : 9.178400039672852
1 <---> 3 : 8.087873458862305
1 <---> 2 : 9.116888046264648
3 <---> 1 : 7.2784423828125
3 <---> 2 : 6.616353988647461
datapath         port     rx-pkts  rx-bytes rx-error tx-pkts  tx-bytes tx-error
---------------- -------- -------- -------- -------- -------- -------- --------
0000000000000001        1        6      476        0      323    25274        0
0000000000000001        2      346    23295        0      344    23175        0
0000000000000001        3      344    23175        0      344    23175        0
datapath         in-port  eth-dst           out-port packets  bytes
---------------- -------- ----------------- -------- -------- --------
0000000000000001        1       192.168.0.2        2        1       98
0000000000000001        1       192.168.0.3        3        1       98
0000000000000001        2       192.168.0.1        1        2      196
0000000000000001        3       192.168.0.1        1        2      196
datapath         port     rx-pkts  rx-bytes rx-error tx-pkts  tx-bytes tx-error
---------------- -------- -------- -------- -------- -------- -------- --------
0000000000000002        1        6      476        0      319    24980        0
0000000000000002        2      344    23175        0      344    23175        0
0000000000000002        3      344    23165        0      346    23295        0
datapath         in-port  eth-dst           out-port packets  bytes
---------------- -------- ----------------- -------- -------- --------
0000000000000002        1       192.168.0.1        2        2      196
0000000000000002        1       192.168.0.2        3        2      196
0000000000000002        2       192.168.0.3        1        2      196
0000000000000002        3       192.168.0.3        1        2      196
datapath         port     rx-pkts  rx-bytes rx-error tx-pkts  tx-bytes tx-error
---------------- -------- -------- -------- -------- -------- -------- --------
0000000000000003        1        6      476        0      318    24920        0
0000000000000003        2      344    23175        0      346    23295        0
0000000000000003        3      346    23295        0      344    23165        0
datapath         in-port  eth-dst           out-port packets  bytes
---------------- -------- ----------------- -------- -------- --------
0000000000000003        1       192.168.0.1        2        2      196
0000000000000003        1       192.168.0.3        3        1       98
0000000000000003        2       192.168.0.2        1        2      196
0000000000000003        3       192.168.0.2        1        2      196
discovery--->==================================== discovery ====================================
discovery---> cls: [(2, 3), (2, 1), (3, 1)]
discovery--->=============================================================================
==================================== link detector ====================================

----------------------------
src    dst :    delay
2 <---> 3 : 7.26008415222168
2 <---> 1 : 9.152412414550781
1 <---> 3 : 8.194684982299805
1 <---> 2 : 13.458013534545898
3 <---> 1 : 6.700992584228516
3 <---> 2 : 8.164167404174805
==================================== link detector ====================================

----------------------------
src    dst :    delay
2 <---> 3 : 7.761478424072266
2 <---> 1 : 10.117053985595703
1 <---> 3 : 8.176565170288086
1 <---> 2 : 10.14256477355957
3 <---> 1 : 7.992029190063477
3 <---> 2 : 8.383989334106445
datapath         port     rx-pkts  rx-bytes rx-error tx-pkts  tx-bytes tx-error
---------------- -------- -------- -------- -------- -------- -------- --------
0000000000000001        1        6      476        0      328    25664        0
0000000000000001        2      352    23655        0      349    23475        0
0000000000000001        3      349    23475        0      350    23535        0
datapath         in-port  eth-dst           out-port packets  bytes
---------------- -------- ----------------- -------- -------- --------
0000000000000001        1       192.168.0.2        2        1       98
0000000000000001        1       192.168.0.3        3        1       98
0000000000000001        2       192.168.0.1        1        2      196
0000000000000001        3       192.168.0.1        1        2      196
datapath         port     rx-pkts  rx-bytes rx-error tx-pkts  tx-bytes tx-error
---------------- -------- -------- -------- -------- -------- -------- --------
0000000000000002        1        6      476        0      324    25370        0
0000000000000002        2      350    23535        0      349    23475        0
0000000000000002        3      350    23535        0      351    23595        0
datapath         in-port  eth-dst           out-port packets  bytes
---------------- -------- ----------------- -------- -------- --------
0000000000000002        1       192.168.0.1        2        2      196
0000000000000002        1       192.168.0.2        3        2      196
0000000000000002        2       192.168.0.3        1        2      196
0000000000000002        3       192.168.0.3        1        2      196
datapath         port     rx-pkts  rx-bytes rx-error tx-pkts  tx-bytes tx-error
---------------- -------- -------- -------- -------- -------- -------- --------
0000000000000003        1        6      476        0      323    25310        0
0000000000000003        2      349    23475        0      352    23655        0
0000000000000003        3      351    23595        0      350    23535        0
datapath         in-port  eth-dst           out-port packets  bytes
---------------- -------- ----------------- -------- -------- --------
0000000000000003        1       192.168.0.1        2        2      196
0000000000000003        1       192.168.0.3        3        1       98
0000000000000003        2       192.168.0.2        1        2      196
0000000000000003        3       192.168.0.2        1        2      196
discovery--->==================================== discovery ====================================
discovery---> cls: [(2, 3), (2, 1), (3, 1)]
discovery--->=============================================================================
==================================== link detector ====================================

----------------------------
src    dst :    delay
2 <---> 3 : 8.181333541870117
2 <---> 1 : 9.148836135864258
1 <---> 3 : 7.826089859008789
1 <---> 2 : 9.133100509643555
3 <---> 1 : 7.514476776123047
3 <---> 2 : 7.653236389160156
datapath         port     rx-pkts  rx-bytes rx-error tx-pkts  tx-bytes tx-error
---------------- -------- -------- -------- -------- -------- -------- --------
0000000000000001        1        6      476        0      334    26132        0
0000000000000001        2      358    24015        0      355    23835        0
0000000000000001        3      355    23835        0      356    23895        0
datapath         in-port  eth-dst           out-port packets  bytes
---------------- -------- ----------------- -------- -------- --------
0000000000000001        1       192.168.0.2        2        1       98
0000000000000001        1       192.168.0.3        3        1       98
0000000000000001        2       192.168.0.1        1        2      196
0000000000000001        3       192.168.0.1        1        2      196
datapath         port     rx-pkts  rx-bytes rx-error tx-pkts  tx-bytes tx-error
---------------- -------- -------- -------- -------- -------- -------- --------
0000000000000002        1        6      476        0      330    25838        0
0000000000000002        2      356    23895        0      355    23835        0
0000000000000002        3      356    23895        0      357    23955        0
datapath         in-port  eth-dst           out-port packets  bytes
---------------- -------- ----------------- -------- -------- --------
0000000000000002        1       192.168.0.1        2        2      196
0000000000000002        1       192.168.0.2        3        2      196
0000000000000002        2       192.168.0.3        1        2      196
0000000000000002        3       192.168.0.3        1        2      196
datapath         port     rx-pkts  rx-bytes rx-error tx-pkts  tx-bytes tx-error
---------------- -------- -------- -------- -------- -------- -------- --------
0000000000000003        1        6      476        0      329    25778        0
0000000000000003        2      355    23835        0      358    24015        0
0000000000000003        3      357    23955        0      356    23895        0
datapath         in-port  eth-dst           out-port packets  bytes
---------------- -------- ----------------- -------- -------- --------
0000000000000003        1       192.168.0.1        2        2      196
0000000000000003        1       192.168.0.3        3        1       98
0000000000000003        2       192.168.0.2        1        2      196
0000000000000003        3       192.168.0.2        1        2      196
discovery--->==================================== discovery ====================================
discovery---> cls: [(2, 3), (2, 1), (3, 1)]
discovery--->=============================================================================
==================================== link detector ====================================

----------------------------
src    dst :    delay
2 <---> 3 : 7.163286209106445
2 <---> 1 : 10.102272033691406
1 <---> 3 : 6.856679916381836
1 <---> 2 : 10.155916213989258
3 <---> 1 : 7.9898834228515625
3 <---> 2 : 6.713151931762695
==================================== link detector ====================================

----------------------------
src    dst :    delay
2 <---> 3 : 8.050918579101562
2 <---> 1 : 10.123252868652344
1 <---> 3 : 6.966352462768555
1 <---> 2 : 10.090112686157227
3 <---> 1 : 7.151603698730469
3 <---> 2 : 7.940530776977539
datapath         port     rx-pkts  rx-bytes rx-error tx-pkts  tx-bytes tx-error
---------------- -------- -------- -------- -------- -------- -------- --------
0000000000000001        1        6      476        0      339    26522        0
0000000000000001        2      363    24315        0      360    24135        0
0000000000000001        3      361    24195        0      361    24195        0
datapath         in-port  eth-dst           out-port packets  bytes
---------------- -------- ----------------- -------- -------- --------
0000000000000001        1       192.168.0.2        2        1       98
0000000000000001        1       192.168.0.3        3        1       98
0000000000000001        2       192.168.0.1        1        2      196
0000000000000001        3       192.168.0.1        1        2      196
datapath         port     rx-pkts  rx-bytes rx-error tx-pkts  tx-bytes tx-error
---------------- -------- -------- -------- -------- -------- -------- --------
0000000000000002        1        6      476        0      335    26228        0
0000000000000002        2      361    24195        0      361    24195        0
0000000000000002        3      361    24195        0      363    24315        0
datapath         in-port  eth-dst           out-port packets  bytes
---------------- -------- ----------------- -------- -------- --------
0000000000000002        1       192.168.0.1        2        2      196
0000000000000002        1       192.168.0.2        3        2      196
0000000000000002        2       192.168.0.3        1        2      196
0000000000000002        3       192.168.0.3        1        2      196
datapath         port     rx-pkts  rx-bytes rx-error tx-pkts  tx-bytes tx-error
---------------- -------- -------- -------- -------- -------- -------- --------
0000000000000003        1        6      476        0      334    26168        0
0000000000000003        2      360    24135        0      363    24315        0
0000000000000003        3      363    24315        0      361    24195        0
datapath         in-port  eth-dst           out-port packets  bytes
---------------- -------- ----------------- -------- -------- --------
0000000000000003        1       192.168.0.1        2        2      196
0000000000000003        1       192.168.0.3        3        1       98
0000000000000003        2       192.168.0.2        1        2      196
0000000000000003        3       192.168.0.2        1        2      196
discovery--->==================================== discovery ====================================
discovery---> cls: [(2, 3), (2, 1), (3, 1)]
discovery--->=============================================================================
==================================== link detector ====================================

----------------------------
src    dst :    delay
2 <---> 3 : 6.415605545043945
2 <---> 1 : 9.087562561035156
1 <---> 3 : 7.419824600219727
1 <---> 2 : 8.92782211303711
3 <---> 1 : 8.098602294921875
3 <---> 2 : 6.910562515258789
==================================== link detector ====================================

----------------------------
src    dst :    delay
2 <---> 3 : 7.182598114013672
2 <---> 1 : 9.587526321411133
1 <---> 3 : 6.701469421386719
1 <---> 2 : 8.84246826171875
3 <---> 1 : 6.779193878173828
3 <---> 2 : 8.149385452270508
datapath         port     rx-pkts  rx-bytes rx-error tx-pkts  tx-bytes tx-error
---------------- -------- -------- -------- -------- -------- -------- --------
0000000000000001        1        6      476        0      345    26990        0
0000000000000001        2      369    24675        0      366    24495        0
0000000000000001        3      366    24495        0      367    24555        0
datapath         in-port  eth-dst           out-port packets  bytes
---------------- -------- ----------------- -------- -------- --------
0000000000000001        1       192.168.0.2        2        1       98
0000000000000001        1       192.168.0.3        3        1       98
0000000000000001        2       192.168.0.1        1        2      196
0000000000000001        3       192.168.0.1        1        2      196
datapath         port     rx-pkts  rx-bytes rx-error tx-pkts  tx-bytes tx-error
---------------- -------- -------- -------- -------- -------- -------- --------
0000000000000003        1        6      476        0      340    26636        0
0000000000000003        2      366    24495        0      369    24675        0
0000000000000003        3      368    24615        0      367    24555        0
datapath         in-port  eth-dst           out-port packets  bytes
---------------- -------- ----------------- -------- -------- --------
0000000000000003        1       192.168.0.1        2        2      196
0000000000000003        1       192.168.0.3        3        1       98
0000000000000003        2       192.168.0.2        1        2      196
0000000000000003        3       192.168.0.2        1        2      196
datapath         port     rx-pkts  rx-bytes rx-error tx-pkts  tx-bytes tx-error
---------------- -------- -------- -------- -------- -------- -------- --------
0000000000000002        1        6      476        0      341    26696        0
0000000000000002        2      367    24555        0      366    24495        0
0000000000000002        3      367    24555        0      368    24615        0
datapath         in-port  eth-dst           out-port packets  bytes
---------------- -------- ----------------- -------- -------- --------
0000000000000002        1       192.168.0.1        2        2      196
0000000000000002        1       192.168.0.2        3        2      196
0000000000000002        2       192.168.0.3        1        2      196
0000000000000002        3       192.168.0.3        1        2      196
discovery--->==================================== discovery ====================================
discovery---> cls: [(2, 3), (2, 1), (3, 1)]
discovery--->=============================================================================
==================================== link detector ====================================

----------------------------
src    dst :    delay
2 <---> 3 : 8.176565170288086
2 <---> 1 : 8.628368377685547
1 <---> 3 : 8.140087127685547
1 <---> 2 : 10.111331939697266
3 <---> 1 : 8.129596710205078
3 <---> 2 : 6.668806076049805
datapath         port     rx-pkts  rx-bytes rx-error tx-pkts  tx-bytes tx-error
---------------- -------- -------- -------- -------- -------- -------- --------
0000000000000001        1        6      476        0      350    27380        0
0000000000000001        2      374    24975        0      371    24795        0
0000000000000001        3      372    24855        0      372    24855        0
datapath         in-port  eth-dst           out-port packets  bytes
---------------- -------- ----------------- -------- -------- --------
0000000000000001        1       192.168.0.2        2        1       98
0000000000000001        1       192.168.0.3        3        1       98
0000000000000001        2       192.168.0.1        1        2      196
0000000000000001        3       192.168.0.1        1        2      196
datapath         port     rx-pkts  rx-bytes rx-error tx-pkts  tx-bytes tx-error
---------------- -------- -------- -------- -------- -------- -------- --------
0000000000000002        1        6      476        0      347    27164        0
0000000000000002        2      372    24855        0      372    24855        0
0000000000000002        3      372    24855        0      374    24975        0
datapath         in-port  eth-dst           out-port packets  bytes
---------------- -------- ----------------- -------- -------- --------
0000000000000002        1       192.168.0.1        2        2      196
0000000000000002        1       192.168.0.2        3        2      196
0000000000000002        2       192.168.0.3        1        2      196
0000000000000002        3       192.168.0.3        1        2      196
datapath         port     rx-pkts  rx-bytes rx-error tx-pkts  tx-bytes tx-error
---------------- -------- -------- -------- -------- -------- -------- --------
0000000000000003        1        6      476        0      345    27026        0
0000000000000003        2      371    24795        0      374    24975        0
0000000000000003        3      374    24975        0      372    24855        0
datapath         in-port  eth-dst           out-port packets  bytes
---------------- -------- ----------------- -------- -------- --------
0000000000000003        1       192.168.0.1        2        2      196
0000000000000003        1       192.168.0.3        3        1       98
0000000000000003        2       192.168.0.2        1        2      196
0000000000000003        3       192.168.0.2        1        2      196
discovery--->==================================== discovery ====================================
discovery---> cls: [(2, 3), (2, 1), (3, 1)]
discovery--->=============================================================================
==================================== link detector ====================================

----------------------------
src    dst :    delay
2 <---> 3 : 7.346868515014648
2 <---> 1 : 8.594989776611328
1 <---> 3 : 6.999015808105469
1 <---> 2 : 9.902477264404297
3 <---> 1 : 8.061647415161133
3 <---> 2 : 7.766008377075195
==================================== link detector ====================================

----------------------------
src    dst :    delay
2 <---> 3 : 8.13436508178711
2 <---> 1 : 10.053873062133789
1 <---> 3 : 8.063316345214844
1 <---> 2 : 9.987831115722656
3 <---> 1 : 8.01992416381836
3 <---> 2 : 8.113622665405273
datapath         port     rx-pkts  rx-bytes rx-error tx-pkts  tx-bytes tx-error
---------------- -------- -------- -------- -------- -------- -------- --------
0000000000000001        1        6      476        0      356    27848        0
0000000000000001        2      380    25335        0      377    25155        0
0000000000000001        3      377    25155        0      378    25215        0
datapath         in-port  eth-dst           out-port packets  bytes
---------------- -------- ----------------- -------- -------- --------
0000000000000001        1       192.168.0.2        2        1       98
0000000000000001        1       192.168.0.3        3        1       98
0000000000000001        2       192.168.0.1        1        2      196
0000000000000001        3       192.168.0.1        1        2      196
datapath         port     rx-pkts  rx-bytes rx-error tx-pkts  tx-bytes tx-error
---------------- -------- -------- -------- -------- -------- -------- --------
0000000000000002        1        6      476        0      352    27554        0
0000000000000002        2      378    25215        0      377    25155        0
0000000000000002        3      378    25215        0      379    25275        0
datapath         in-port  eth-dst           out-port packets  bytes
---------------- -------- ----------------- -------- -------- --------
0000000000000002        1       192.168.0.1        2        2      196
0000000000000002        1       192.168.0.2        3        2      196
0000000000000002        2       192.168.0.3        1        2      196
0000000000000002        3       192.168.0.3        1        2      196
datapath         port     rx-pkts  rx-bytes rx-error tx-pkts  tx-bytes tx-error
---------------- -------- -------- -------- -------- -------- -------- --------
0000000000000003        1        6      476        0      351    27494        0
0000000000000003        2      377    25155        0      380    25335        0
0000000000000003        3      379    25275        0      378    25215        0
datapath         in-port  eth-dst           out-port packets  bytes
---------------- -------- ----------------- -------- -------- --------
0000000000000003        1       192.168.0.1        2        2      196
0000000000000003        1       192.168.0.3        3        1       98
0000000000000003        2       192.168.0.2        1        2      196
0000000000000003        3       192.168.0.2        1        2      196
discovery--->==================================== discovery ====================================
discovery---> cls: [(2, 3), (2, 1), (3, 1)]
discovery--->=============================================================================
==================================== link detector ====================================

----------------------------
src    dst :    delay
2 <---> 3 : 8.029460906982422
2 <---> 1 : 10.035276412963867
1 <---> 3 : 7.526636123657227
1 <---> 2 : 10.061025619506836
3 <---> 1 : 8.048295974731445
3 <---> 2 : 6.808280944824219
datapath         port     rx-pkts  rx-bytes rx-error tx-pkts  tx-bytes tx-error
---------------- -------- -------- -------- -------- -------- -------- --------
0000000000000001        1        6      476        0      362    28316        0
0000000000000001        2      385    25635        0      383    25515        0
0000000000000001        3      383    25515        0      383    25515        0
datapath         in-port  eth-dst           out-port packets  bytes
---------------- -------- ----------------- -------- -------- --------
0000000000000001        1       192.168.0.2        2        1       98
0000000000000001        1       192.168.0.3        3        1       98
0000000000000001        2       192.168.0.1        1        2      196
0000000000000001        3       192.168.0.1        1        2      196
datapath         port     rx-pkts  rx-bytes rx-error tx-pkts  tx-bytes tx-error
---------------- -------- -------- -------- -------- -------- -------- --------
0000000000000002        1        6      476        0      358    28022        0
0000000000000002        2      383    25515        0      383    25515        0
0000000000000002        3      383    25515        0      385    25635        0
datapath         in-port  eth-dst           out-port packets  bytes
---------------- -------- ----------------- -------- -------- --------
0000000000000002        1       192.168.0.1        2        2      196
0000000000000002        1       192.168.0.2        3        2      196
0000000000000002        2       192.168.0.3        1        2      196
0000000000000002        3       192.168.0.3        1        2      196
datapath         port     rx-pkts  rx-bytes rx-error tx-pkts  tx-bytes tx-error
---------------- -------- -------- -------- -------- -------- -------- --------
0000000000000003        1        6      476        0      356    27884        0
0000000000000003        2      383    25515        0      385    25635        0
0000000000000003        3      385    25635        0      383    25515        0
datapath         in-port  eth-dst           out-port packets  bytes
---------------- -------- ----------------- -------- -------- --------
0000000000000003        1       192.168.0.1        2        2      196
0000000000000003        1       192.168.0.3        3        1       98
0000000000000003        2       192.168.0.2        1        2      196
0000000000000003        3       192.168.0.2        1        2      196
discovery--->==================================== discovery ====================================
discovery---> cls: [(2, 3), (2, 1), (3, 1)]
discovery--->=============================================================================
==================================== link detector ====================================

----------------------------
src    dst :    delay
2 <---> 3 : 8.32986831665039
2 <---> 1 : 8.767127990722656
1 <---> 3 : 8.058786392211914
1 <---> 2 : 10.047197341918945
3 <---> 1 : 8.13913345336914
3 <---> 2 : 7.035732269287109
==================================== link detector ====================================

----------------------------
src    dst :    delay
2 <---> 3 : 7.246971130371094
2 <---> 1 : 10.008096694946289
1 <---> 3 : 6.571292877197266
1 <---> 2 : 10.175704956054688
3 <---> 1 : 7.9803466796875
3 <---> 2 : 7.477045059204102
datapath         port     rx-pkts  rx-bytes rx-error tx-pkts  tx-bytes tx-error
---------------- -------- -------- -------- -------- -------- -------- --------
0000000000000001        1        6      476        0      367    28706        0
0000000000000001        2      391    25995        0      388    25815        0
0000000000000001        3      388    25815        0      389    25875        0
datapath         in-port  eth-dst           out-port packets  bytes
---------------- -------- ----------------- -------- -------- --------
0000000000000001        1       192.168.0.2        2        1       98
0000000000000001        1       192.168.0.3        3        1       98
0000000000000001        2       192.168.0.1        1        2      196
0000000000000001        3       192.168.0.1        1        2      196
datapath         port     rx-pkts  rx-bytes rx-error tx-pkts  tx-bytes tx-error
---------------- -------- -------- -------- -------- -------- -------- --------
0000000000000002        1        6      476        0      363    28412        0
0000000000000002        2      389    25875        0      388    25815        0
0000000000000002        3      389    25875        0      390    25935        0
datapath         in-port  eth-dst           out-port packets  bytes
---------------- -------- ----------------- -------- -------- --------
0000000000000002        1       192.168.0.1        2        2      196
0000000000000002        1       192.168.0.2        3        2      196
0000000000000002        2       192.168.0.3        1        2      196
0000000000000002        3       192.168.0.3        1        2      196
datapath         port     rx-pkts  rx-bytes rx-error tx-pkts  tx-bytes tx-error
---------------- -------- -------- -------- -------- -------- -------- --------
0000000000000003        1        6      476        0      362    28352        0
0000000000000003        2      388    25815        0      391    25995        0
0000000000000003        3      390    25935        0      389    25875        0
datapath         in-port  eth-dst           out-port packets  bytes
---------------- -------- ----------------- -------- -------- --------
0000000000000003        1       192.168.0.1        2        2      196
0000000000000003        1       192.168.0.3        3        1       98
0000000000000003        2       192.168.0.2        1        2      196
0000000000000003        3       192.168.0.2        1        2      196
discovery--->==================================== discovery ====================================
discovery---> cls: [(2, 3), (2, 1), (3, 1)]
discovery--->=============================================================================
==================================== link detector ====================================

----------------------------
src    dst :    delay
2 <---> 3 : 7.278203964233398
2 <---> 1 : 8.819341659545898
1 <---> 3 : 7.9135894775390625
1 <---> 2 : 10.063648223876953
3 <---> 1 : 6.648778915405273
3 <---> 2 : 8.183956146240234
==================================== link detector ====================================

----------------------------
src    dst :    delay
2 <---> 3 : 7.221221923828125
2 <---> 1 : 9.140253067016602
1 <---> 3 : 7.321357727050781
1 <---> 2 : 10.219573974609375
3 <---> 1 : 8.271932601928711
3 <---> 2 : 7.083654403686523
datapath         port     rx-pkts  rx-bytes rx-error tx-pkts  tx-bytes tx-error
---------------- -------- -------- -------- -------- -------- -------- --------
0000000000000001        1        6      476        0      373    29174        0
0000000000000001        2      396    26295        0      394    26175        0
0000000000000001        3      394    26175        0      394    26175        0
datapath         in-port  eth-dst           out-port packets  bytes
---------------- -------- ----------------- -------- -------- --------
0000000000000001        1       192.168.0.2        2        1       98
0000000000000001        1       192.168.0.3        3        1       98
0000000000000001        2       192.168.0.1        1        2      196
0000000000000001        3       192.168.0.1        1        2      196
datapath         port     rx-pkts  rx-bytes rx-error tx-pkts  tx-bytes tx-error
---------------- -------- -------- -------- -------- -------- -------- --------
0000000000000003        1        6      476        0      368    28820        0
0000000000000003        2      394    26175        0      396    26295        0
0000000000000003        3      396    26295        0      395    26235        0
datapath         in-port  eth-dst           out-port packets  bytes
---------------- -------- ----------------- -------- -------- --------
0000000000000003        1       192.168.0.1        2        2      196
0000000000000003        1       192.168.0.3        3        1       98
0000000000000003        2       192.168.0.2        1        2      196
0000000000000003        3       192.168.0.2        1        2      196
datapath         port     rx-pkts  rx-bytes rx-error tx-pkts  tx-bytes tx-error
---------------- -------- -------- -------- -------- -------- -------- --------
0000000000000002        1        6      476        0      369    28880        0
0000000000000002        2      394    26175        0      394    26175        0
0000000000000002        3      395    26235        0      396    26295        0
datapath         in-port  eth-dst           out-port packets  bytes
---------------- -------- ----------------- -------- -------- --------
0000000000000002        1       192.168.0.1        2        2      196
0000000000000002        1       192.168.0.2        3        2      196
0000000000000002        2       192.168.0.3        1        2      196
0000000000000002        3       192.168.0.3        1        2      196
discovery--->==================================== discovery ====================================
discovery---> cls: [(2, 3), (2, 1), (3, 1)]
discovery--->=============================================================================
==================================== link detector ====================================

----------------------------
src    dst :    delay
2 <---> 3 : 7.143735885620117
2 <---> 1 : 10.008811950683594
1 <---> 3 : 8.110284805297852
1 <---> 2 : 10.2386474609375
3 <---> 1 : 6.16145133972168
3 <---> 2 : 8.101463317871094
datapath         port     rx-pkts  rx-bytes rx-error tx-pkts  tx-bytes tx-error
---------------- -------- -------- -------- -------- -------- -------- --------
0000000000000001        1        6      476        0      378    29564        0
0000000000000001        2      402    26655        0      399    26475        0
0000000000000001        3      399    26475        0      400    26535        0
datapath         in-port  eth-dst           out-port packets  bytes
---------------- -------- ----------------- -------- -------- --------
0000000000000001        1       192.168.0.2        2        1       98
0000000000000001        1       192.168.0.3        3        1       98
0000000000000001        2       192.168.0.1        1        2      196
0000000000000001        3       192.168.0.1        1        2      196
datapath         port     rx-pkts  rx-bytes rx-error tx-pkts  tx-bytes tx-error
---------------- -------- -------- -------- -------- -------- -------- --------
0000000000000003        1        6      476        0      373    29210        0
0000000000000003        2      399    26475        0      402    26655        0
0000000000000003        3      401    26595        0      400    26535        0
datapath         in-port  eth-dst           out-port packets  bytes
---------------- -------- ----------------- -------- -------- --------
0000000000000003        1       192.168.0.1        2        2      196
0000000000000003        1       192.168.0.3        3        1       98
0000000000000003        2       192.168.0.2        1        2      196
0000000000000003        3       192.168.0.2        1        2      196
datapath         port     rx-pkts  rx-bytes rx-error tx-pkts  tx-bytes tx-error
---------------- -------- -------- -------- -------- -------- -------- --------
0000000000000002        1        6      476        0      374    29270        0
0000000000000002        2      400    26535        0      399    26475        0
0000000000000002        3      400    26535        0      401    26595        0
datapath         in-port  eth-dst           out-port packets  bytes
---------------- -------- ----------------- -------- -------- --------
0000000000000002        1       192.168.0.1        2        2      196
0000000000000002        1       192.168.0.2        3        2      196
0000000000000002        2       192.168.0.3        1        2      196
0000000000000002        3       192.168.0.3        1        2      196
discovery--->==================================== discovery ====================================
discovery---> cls: [(2, 3), (2, 1), (3, 1)]
discovery--->=============================================================================
==================================== link detector ====================================

----------------------------
src    dst :    delay
2 <---> 3 : 8.09788703918457
2 <---> 1 : 8.779764175415039
1 <---> 3 : 9.324312210083008
1 <---> 2 : 10.002374649047852
3 <---> 1 : 6.697893142700195
3 <---> 2 : 8.178472518920898
==================================== link detector ====================================

----------------------------
src    dst :    delay
2 <---> 3 : 6.962299346923828
2 <---> 1 : 10.192394256591797
1 <---> 3 : 6.703376770019531
1 <---> 2 : 8.96763801574707
3 <---> 1 : 8.104085922241211
3 <---> 2 : 6.435632705688477
datapath         port     rx-pkts  rx-bytes rx-error tx-pkts  tx-bytes tx-error
---------------- -------- -------- -------- -------- -------- -------- --------
0000000000000001        1        6      476        0      384    30032        0
0000000000000001        2      408    27015        0      405    26835        0
0000000000000001        3      405    26835        0      406    26895        0
datapath         in-port  eth-dst           out-port packets  bytes
---------------- -------- ----------------- -------- -------- --------
0000000000000001        1       192.168.0.2        2        1       98
0000000000000001        1       192.168.0.3        3        1       98
0000000000000001        2       192.168.0.1        1        2      196
0000000000000001        3       192.168.0.1        1        2      196
datapath         port     rx-pkts  rx-bytes rx-error tx-pkts  tx-bytes tx-error
---------------- -------- -------- -------- -------- -------- -------- --------
0000000000000003        1        6      476        0      379    29678        0
0000000000000003        2      405    26835        0      408    27015        0
0000000000000003        3      407    26955        0      406    26895        0
datapath         in-port  eth-dst           out-port packets  bytes
---------------- -------- ----------------- -------- -------- --------
0000000000000003        1       192.168.0.1        2        2      196
0000000000000003        1       192.168.0.3        3        1       98
0000000000000003        2       192.168.0.2        1        2      196
0000000000000003        3       192.168.0.2        1        2      196
datapath         port     rx-pkts  rx-bytes rx-error tx-pkts  tx-bytes tx-error
---------------- -------- -------- -------- -------- -------- -------- --------
0000000000000002        1        6      476        0      380    29738        0
0000000000000002        2      406    26895        0      405    26835        0
0000000000000002        3      406    26895        0      407    26955        0
datapath         in-port  eth-dst           out-port packets  bytes
---------------- -------- ----------------- -------- -------- --------
0000000000000002        1       192.168.0.1        2        2      196
0000000000000002        1       192.168.0.2        3        2      196
0000000000000002        2       192.168.0.3        1        2      196
0000000000000002        3       192.168.0.3        1        2      196
discovery--->==================================== discovery ====================================
discovery---> cls: [(2, 3), (2, 1), (3, 1)]
discovery--->=============================================================================
==================================== link detector ====================================

----------------------------
src    dst :    delay
2 <---> 3 : 7.144927978515625
2 <---> 1 : 10.446548461914062
1 <---> 3 : 6.556034088134766
1 <---> 2 : 10.048866271972656
3 <---> 1 : 8.101224899291992
3 <---> 2 : 8.151054382324219
datapath         port     rx-pkts  rx-bytes rx-error tx-pkts  tx-bytes tx-error
---------------- -------- -------- -------- -------- -------- -------- --------
0000000000000001        1        6      476        0      389    30422        0
0000000000000001        2      413    27315        0      410    27135        0
0000000000000001        3      410    27135        0      411    27195        0
datapath         in-port  eth-dst           out-port packets  bytes
---------------- -------- ----------------- -------- -------- --------
0000000000000001        1       192.168.0.2        2        1       98
0000000000000001        1       192.168.0.3        3        1       98
0000000000000001        2       192.168.0.1        1        2      196
0000000000000001        3       192.168.0.1        1        2      196
datapath         port     rx-pkts  rx-bytes rx-error tx-pkts  tx-bytes tx-error
---------------- -------- -------- -------- -------- -------- -------- --------
0000000000000003        1        6      476        0      384    30068        0
0000000000000003        2      410    27135        0      413    27315        0
0000000000000003        3      413    27315        0      411    27195        0
datapath         in-port  eth-dst           out-port packets  bytes
---------------- -------- ----------------- -------- -------- --------
0000000000000003        1       192.168.0.1        2        2      196
0000000000000003        1       192.168.0.3        3        1       98
0000000000000003        2       192.168.0.2        1        2      196
0000000000000003        3       192.168.0.2        1        2      196
datapath         port     rx-pkts  rx-bytes rx-error tx-pkts  tx-bytes tx-error
---------------- -------- -------- -------- -------- -------- -------- --------
0000000000000002        1        6      476        0      385    30128        0
0000000000000002        2      411    27195        0      410    27135        0
0000000000000002        3      411    27195        0      413    27315        0
datapath         in-port  eth-dst           out-port packets  bytes
---------------- -------- ----------------- -------- -------- --------
0000000000000002        1       192.168.0.1        2        2      196
0000000000000002        1       192.168.0.2        3        2      196
0000000000000002        2       192.168.0.3        1        2      196
0000000000000002        3       192.168.0.3        1        2      196
discovery--->==================================== discovery ====================================
discovery---> cls: [(2, 3), (2, 1), (3, 1)]
discovery--->=============================================================================
==================================== link detector ====================================

----------------------------
src    dst :    delay
2 <---> 3 : 8.100271224975586
2 <---> 1 : 8.691072463989258
1 <---> 3 : 7.669925689697266
1 <---> 2 : 10.067224502563477
3 <---> 1 : 7.218599319458008
3 <---> 2 : 7.881641387939453
==================================== link detector ====================================

----------------------------
src    dst :    delay
2 <---> 3 : 8.006572723388672
2 <---> 1 : 10.149717330932617
1 <---> 3 : 6.61158561706543
1 <---> 2 : 9.721040725708008
3 <---> 1 : 7.897377014160156
3 <---> 2 : 7.117033004760742
datapath         port     rx-pkts  rx-bytes rx-error tx-pkts  tx-bytes tx-error
---------------- -------- -------- -------- -------- -------- -------- --------
0000000000000001        1        6      476        0      395    30890        0
0000000000000001        2      419    27675        0      416    27495        0
0000000000000001        3      416    27495        0      417    27555        0
datapath         in-port  eth-dst           out-port packets  bytes
---------------- -------- ----------------- -------- -------- --------
0000000000000001        1       192.168.0.2        2        1       98
0000000000000001        1       192.168.0.3        3        1       98
0000000000000001        2       192.168.0.1        1        2      196
0000000000000001        3       192.168.0.1        1        2      196
datapath         port     rx-pkts  rx-bytes rx-error tx-pkts  tx-bytes tx-error
---------------- -------- -------- -------- -------- -------- -------- --------
0000000000000003        1        6      476        0      390    30536        0
0000000000000003        2      416    27495        0      419    27675        0
0000000000000003        3      418    27615        0      417    27555        0
datapath         in-port  eth-dst           out-port packets  bytes
---------------- -------- ----------------- -------- -------- --------
0000000000000003        1       192.168.0.1        2        2      196
0000000000000003        1       192.168.0.3        3        1       98
0000000000000003        2       192.168.0.2        1        2      196
0000000000000003        3       192.168.0.2        1        2      196
datapath         port     rx-pkts  rx-bytes rx-error tx-pkts  tx-bytes tx-error
---------------- -------- -------- -------- -------- -------- -------- --------
0000000000000002        1        6      476        0      391    30596        0
0000000000000002        2      417    27555        0      416    27495        0
0000000000000002        3      417    27555        0      418    27615        0
datapath         in-port  eth-dst           out-port packets  bytes
---------------- -------- ----------------- -------- -------- --------
0000000000000002        1       192.168.0.1        2        2      196
0000000000000002        1       192.168.0.2        3        2      196
0000000000000002        2       192.168.0.3        1        2      196
0000000000000002        3       192.168.0.3        1        2      196
discovery--->==================================== discovery ====================================
discovery---> cls: [(2, 3), (2, 1), (3, 1)]
discovery--->=============================================================================
==================================== link detector ====================================

----------------------------
src    dst :    delay
2 <---> 3 : 7.25102424621582
2 <---> 1 : 8.697986602783203
1 <---> 3 : 7.991552352905273
1 <---> 2 : 10.078668594360352
3 <---> 1 : 6.784915924072266
3 <---> 2 : 8.06736946105957
datapath         port     rx-pkts  rx-bytes rx-error tx-pkts  tx-bytes tx-error
---------------- -------- -------- -------- -------- -------- -------- --------
0000000000000001        1        6      476        0      400    31280        0
0000000000000001        2      424    27975        0      421    27795        0
0000000000000001        3      422    27855        0      422    27855        0
datapath         in-port  eth-dst           out-port packets  bytes
---------------- -------- ----------------- -------- -------- --------
0000000000000001        1       192.168.0.2        2        1       98
0000000000000001        1       192.168.0.3        3        1       98
0000000000000001        2       192.168.0.1        1        2      196
0000000000000001        3       192.168.0.1        1        2      196
datapath         port     rx-pkts  rx-bytes rx-error tx-pkts  tx-bytes tx-error
---------------- -------- -------- -------- -------- -------- -------- --------
0000000000000003        1        6      476        0      395    30926        0
0000000000000003        2      421    27795        0      424    27975        0
0000000000000003        3      424    27975        0      422    27855        0
datapath         in-port  eth-dst           out-port packets  bytes
---------------- -------- ----------------- -------- -------- --------
0000000000000003        1       192.168.0.1        2        2      196
0000000000000003        1       192.168.0.3        3        1       98
0000000000000003        2       192.168.0.2        1        2      196
0000000000000003        3       192.168.0.2        1        2      196
datapath         port     rx-pkts  rx-bytes rx-error tx-pkts  tx-bytes tx-error
---------------- -------- -------- -------- -------- -------- -------- --------
0000000000000002        1        6      476        0      397    31064        0
0000000000000002        2      422    27855        0      422    27855        0
0000000000000002        3      422    27855        0      424    27975        0
datapath         in-port  eth-dst           out-port packets  bytes
---------------- -------- ----------------- -------- -------- --------
0000000000000002        1       192.168.0.1        2        2      196
0000000000000002        1       192.168.0.2        3        2      196
0000000000000002        2       192.168.0.3        1        2      196
0000000000000002        3       192.168.0.3        1        2      196
discovery--->==================================== discovery ====================================
discovery---> cls: [(2, 3), (2, 1), (3, 1)]
discovery--->=============================================================================
==================================== link detector ====================================

----------------------------
src    dst :    delay
2 <---> 3 : 8.168935775756836
2 <---> 1 : 9.22083854675293
1 <---> 3 : 8.103370666503906
1 <---> 2 : 10.118246078491211
3 <---> 1 : 6.537199020385742
3 <---> 2 : 7.172822952270508
==================================== link detector ====================================

----------------------------
src    dst :    delay
2 <---> 3 : 6.695985794067383
2 <---> 1 : 10.122299194335938
1 <---> 3 : 8.211374282836914
1 <---> 2 : 9.629487991333008
3 <---> 1 : 7.763862609863281
3 <---> 2 : 7.141351699829102
datapath         port     rx-pkts  rx-bytes rx-error tx-pkts  tx-bytes tx-error
---------------- -------- -------- -------- -------- -------- -------- --------
0000000000000001        1        6      476        0      406    31748        0
0000000000000001        2      430    28335        0      427    28155        0
0000000000000001        3      427    28155        0      428    28215        0
datapath         in-port  eth-dst           out-port packets  bytes
---------------- -------- ----------------- -------- -------- --------
0000000000000001        1       192.168.0.2        2        1       98
0000000000000001        1       192.168.0.3        3        1       98
0000000000000001        2       192.168.0.1        1        2      196
0000000000000001        3       192.168.0.1        1        2      196
datapath         port     rx-pkts  rx-bytes rx-error tx-pkts  tx-bytes tx-error
---------------- -------- -------- -------- -------- -------- -------- --------
0000000000000003        1        6      476        0      401    31394        0
0000000000000003        2      427    28155        0      430    28335        0
0000000000000003        3      429    28275        0      428    28215        0
datapath         in-port  eth-dst           out-port packets  bytes
---------------- -------- ----------------- -------- -------- --------
0000000000000003        1       192.168.0.1        2        2      196
0000000000000003        1       192.168.0.3        3        1       98
0000000000000003        2       192.168.0.2        1        2      196
0000000000000003        3       192.168.0.2        1        2      196
datapath         port     rx-pkts  rx-bytes rx-error tx-pkts  tx-bytes tx-error
---------------- -------- -------- -------- -------- -------- -------- --------
0000000000000002        1        6      476        0      402    31454        0
0000000000000002        2      428    28215        0      427    28155        0
0000000000000002        3      428    28215        0      429    28275        0
datapath         in-port  eth-dst           out-port packets  bytes
---------------- -------- ----------------- -------- -------- --------
0000000000000002        1       192.168.0.1        2        2      196
0000000000000002        1       192.168.0.2        3        2      196
0000000000000002        2       192.168.0.3        1        2      196
0000000000000002        3       192.168.0.3        1        2      196
discovery--->==================================== discovery ====================================
discovery---> cls: [(2, 3), (2, 1), (3, 1)]
discovery--->=============================================================================
==================================== link detector ====================================

----------------------------
src    dst :    delay
2 <---> 3 : 6.8759918212890625
2 <---> 1 : 10.035037994384766
1 <---> 3 : 6.719112396240234
1 <---> 2 : 8.679389953613281
3 <---> 1 : 7.561683654785156
3 <---> 2 : 6.853342056274414
==================================== link detector ====================================

----------------------------
src    dst :    delay
2 <---> 3 : 6.776094436645508
2 <---> 1 : 8.941173553466797
1 <---> 3 : 6.747007369995117
1 <---> 2 : 10.347366333007812
3 <---> 1 : 6.726741790771484
3 <---> 2 : 6.860017776489258
datapath         port     rx-pkts  rx-bytes rx-error tx-pkts  tx-bytes tx-error
---------------- -------- -------- -------- -------- -------- -------- --------
0000000000000001        1        6      476        0      412    32216        0
0000000000000001        2      435    28635        0      433    28515        0
0000000000000001        3      433    28515        0      433    28515        0
datapath         in-port  eth-dst           out-port packets  bytes
---------------- -------- ----------------- -------- -------- --------
0000000000000001        1       192.168.0.2        2        1       98
0000000000000001        1       192.168.0.3        3        1       98
0000000000000001        2       192.168.0.1        1        2      196
0000000000000001        3       192.168.0.1        1        2      196
datapath         port     rx-pkts  rx-bytes rx-error tx-pkts  tx-bytes tx-error
---------------- -------- -------- -------- -------- -------- -------- --------
0000000000000003        1        6      476        0      406    31784        0
0000000000000003        2      433    28515        0      435    28635        0
0000000000000003        3      435    28635        0      433    28515        0
datapath         in-port  eth-dst           out-port packets  bytes
---------------- -------- ----------------- -------- -------- --------
0000000000000003        1       192.168.0.1        2        2      196
0000000000000003        1       192.168.0.3        3        1       98
0000000000000003        2       192.168.0.2        1        2      196
0000000000000003        3       192.168.0.2        1        2      196
datapath         port     rx-pkts  rx-bytes rx-error tx-pkts  tx-bytes tx-error
---------------- -------- -------- -------- -------- -------- -------- --------
0000000000000002        1        6      476        0      408    31922        0
0000000000000002        2      433    28515        0      433    28515        0
0000000000000002        3      433    28515        0      435    28635        0
datapath         in-port  eth-dst           out-port packets  bytes
---------------- -------- ----------------- -------- -------- --------
0000000000000002        1       192.168.0.1        2        2      196
0000000000000002        1       192.168.0.2        3        2      196
0000000000000002        2       192.168.0.3        1        2      196
0000000000000002        3       192.168.0.3        1        2      196
discovery--->==================================== discovery ====================================
discovery---> cls: [(2, 3), (2, 1), (3, 1)]
discovery--->=============================================================================
==================================== link detector ====================================

----------------------------
src    dst :    delay
2 <---> 3 : 7.467985153198242
2 <---> 1 : 8.625030517578125
1 <---> 3 : 8.07642936706543
1 <---> 2 : 10.155916213989258
3 <---> 1 : 8.046388626098633
3 <---> 2 : 8.124351501464844
datapath         port     rx-pkts  rx-bytes rx-error tx-pkts  tx-bytes tx-error
---------------- -------- -------- -------- -------- -------- -------- --------
0000000000000001        1        6      476        0      417    32606        0
0000000000000001        2      441    28995        0      438    28815        0
0000000000000001        3      438    28815        0      439    28875        0
datapath         in-port  eth-dst           out-port packets  bytes
---------------- -------- ----------------- -------- -------- --------
0000000000000001        1       192.168.0.2        2        1       98
0000000000000001        1       192.168.0.3        3        1       98
0000000000000001        2       192.168.0.1        1        2      196
0000000000000001        3       192.168.0.1        1        2      196
datapath         port     rx-pkts  rx-bytes rx-error tx-pkts  tx-bytes tx-error
---------------- -------- -------- -------- -------- -------- -------- --------
0000000000000003        1        6      476        0      412    32252        0
0000000000000003        2      438    28815        0      441    28995        0
0000000000000003        3      440    28935        0      439    28875        0
datapath         in-port  eth-dst           out-port packets  bytes
---------------- -------- ----------------- -------- -------- --------
0000000000000003        1       192.168.0.1        2        2      196
0000000000000003        1       192.168.0.3        3        1       98
0000000000000003        2       192.168.0.2        1        2      196
0000000000000003        3       192.168.0.2        1        2      196
datapath         port     rx-pkts  rx-bytes rx-error tx-pkts  tx-bytes tx-error
---------------- -------- -------- -------- -------- -------- -------- --------
0000000000000002        1        6      476        0      413    32312        0
0000000000000002        2      439    28875        0      438    28815        0
0000000000000002        3      439    28875        0      440    28935        0
datapath         in-port  eth-dst           out-port packets  bytes
---------------- -------- ----------------- -------- -------- --------
0000000000000002        1       192.168.0.1        2        2      196
0000000000000002        1       192.168.0.2        3        2      196
0000000000000002        2       192.168.0.3        1        2      196
0000000000000002        3       192.168.0.3        1        2      196
discovery--->==================================== discovery ====================================
discovery---> cls: [(2, 3), (2, 1), (3, 1)]
discovery--->=============================================================================
==================================== link detector ====================================

----------------------------
src    dst :    delay
2 <---> 3 : 8.22138786315918
2 <---> 1 : 9.220361709594727
1 <---> 3 : 6.998300552368164
1 <---> 2 : 9.807109832763672
3 <---> 1 : 6.577014923095703
3 <---> 2 : 7.5893402099609375
==================================== link detector ====================================

----------------------------
src    dst :    delay
2 <---> 3 : 6.646871566772461
2 <---> 1 : 10.013580322265625
1 <---> 3 : 8.14056396484375
1 <---> 2 : 8.82267951965332
3 <---> 1 : 7.965803146362305
3 <---> 2 : 6.804227828979492
datapath         port     rx-pkts  rx-bytes rx-error tx-pkts  tx-bytes tx-error
---------------- -------- -------- -------- -------- -------- -------- --------
0000000000000001        1        6      476        0      423    33074        0
0000000000000001        2      446    29295        0      444    29175        0
0000000000000001        3      444    29175        0      444    29175        0
datapath         in-port  eth-dst           out-port packets  bytes
---------------- -------- ----------------- -------- -------- --------
0000000000000001        1       192.168.0.2        2        1       98
0000000000000001        1       192.168.0.3        3        1       98
0000000000000001        2       192.168.0.1        1        2      196
0000000000000001        3       192.168.0.1        1        2      196
datapath         port     rx-pkts  rx-bytes rx-error tx-pkts  tx-bytes tx-error
---------------- -------- -------- -------- -------- -------- -------- --------
0000000000000002        1        6      476        0      419    32780        0
0000000000000002        2      444    29175        0      444    29175        0
0000000000000002        3      444    29175        0      446    29295        0
datapath         in-port  eth-dst           out-port packets  bytes
---------------- -------- ----------------- -------- -------- --------
0000000000000002        1       192.168.0.1        2        2      196
0000000000000002        1       192.168.0.2        3        2      196
0000000000000002        2       192.168.0.3        1        2      196
0000000000000002        3       192.168.0.3        1        2      196
datapath         port     rx-pkts  rx-bytes rx-error tx-pkts  tx-bytes tx-error
---------------- -------- -------- -------- -------- -------- -------- --------
0000000000000003        1        6      476        0      418    32720        0
0000000000000003        2      444    29175        0      446    29295        0
0000000000000003        3      446    29295        0      444    29175        0
datapath         in-port  eth-dst           out-port packets  bytes
---------------- -------- ----------------- -------- -------- --------
0000000000000003        1       192.168.0.1        2        2      196
0000000000000003        1       192.168.0.3        3        1       98
0000000000000003        2       192.168.0.2        1        2      196
0000000000000003        3       192.168.0.2        1        2      196
discovery--->==================================== discovery ====================================
discovery---> cls: [(2, 3), (2, 1), (3, 1)]
discovery--->=============================================================================
==================================== link detector ====================================

----------------------------
src    dst :    delay
2 <---> 3 : 8.256196975708008
2 <---> 1 : 8.56637954711914
1 <---> 3 : 6.509304046630859
1 <---> 2 : 9.475231170654297
3 <---> 1 : 6.683588027954102
3 <---> 2 : 8.184671401977539
datapath         port     rx-pkts  rx-bytes rx-error tx-pkts  tx-bytes tx-error
---------------- -------- -------- -------- -------- -------- -------- --------
0000000000000001        1        6      476        0      428    33464        0
0000000000000001        2      452    29655        0      449    29475        0
0000000000000001        3      449    29475        0      450    29535        0
datapath         in-port  eth-dst           out-port packets  bytes
---------------- -------- ----------------- -------- -------- --------
0000000000000001        1       192.168.0.2        2        1       98
0000000000000001        1       192.168.0.3        3        1       98
0000000000000001        2       192.168.0.1        1        2      196
0000000000000001        3       192.168.0.1        1        2      196
datapath         port     rx-pkts  rx-bytes rx-error tx-pkts  tx-bytes tx-error
---------------- -------- -------- -------- -------- -------- -------- --------
0000000000000002        1        6      476        0      424    33170        0
0000000000000002        2      450    29535        0      449    29475        0
0000000000000002        3      450    29535        0      451    29595        0
datapath         in-port  eth-dst           out-port packets  bytes
---------------- -------- ----------------- -------- -------- --------
0000000000000002        1       192.168.0.1        2        2      196
0000000000000002        1       192.168.0.2        3        2      196
0000000000000002        2       192.168.0.3        1        2      196
0000000000000002        3       192.168.0.3        1        2      196
datapath         port     rx-pkts  rx-bytes rx-error tx-pkts  tx-bytes tx-error
---------------- -------- -------- -------- -------- -------- -------- --------
0000000000000003        1        6      476        0      423    33110        0
0000000000000003        2      449    29475        0      452    29655        0
0000000000000003        3      451    29595        0      450    29535        0
datapath         in-port  eth-dst           out-port packets  bytes
---------------- -------- ----------------- -------- -------- --------
0000000000000003        1       192.168.0.1        2        2      196
0000000000000003        1       192.168.0.3        3        1       98
0000000000000003        2       192.168.0.2        1        2      196
0000000000000003        3       192.168.0.2        1        2      196
discovery--->==================================== discovery ====================================
discovery---> cls: [(2, 3), (2, 1), (3, 1)]
discovery--->=============================================================================
==================================== link detector ====================================

----------------------------
src    dst :    delay
2 <---> 3 : 9.430408477783203
2 <---> 1 : 9.03010368347168
1 <---> 3 : 7.22956657409668
1 <---> 2 : 8.751153945922852
3 <---> 1 : 7.513523101806641
3 <---> 2 : 8.212804794311523
==================================== link detector ====================================

----------------------------
src    dst :    delay
2 <---> 3 : 7.176399230957031
2 <---> 1 : 9.742259979248047
1 <---> 3 : 7.877111434936523
1 <---> 2 : 9.46187973022461
3 <---> 1 : 8.067846298217773
3 <---> 2 : 7.002115249633789
datapath         port     rx-pkts  rx-bytes rx-error tx-pkts  tx-bytes tx-error
---------------- -------- -------- -------- -------- -------- -------- --------
0000000000000001        1        6      476        0      434    33932        0
0000000000000001        2      457    29955        0      455    29835        0
0000000000000001        3      455    29835        0      456    29895        0
datapath         in-port  eth-dst           out-port packets  bytes
---------------- -------- ----------------- -------- -------- --------
0000000000000001        1       192.168.0.2        2        1       98
0000000000000001        1       192.168.0.3        3        1       98
0000000000000001        2       192.168.0.1        1        2      196
0000000000000001        3       192.168.0.1        1        2      196
datapath         port     rx-pkts  rx-bytes rx-error tx-pkts  tx-bytes tx-error
---------------- -------- -------- -------- -------- -------- -------- --------
0000000000000002        1        6      476        0      430    33638        0
0000000000000002        2      456    29895        0      455    29835        0
0000000000000002        3      456    29895        0      457    29955        0
datapath         in-port  eth-dst           out-port packets  bytes
---------------- -------- ----------------- -------- -------- --------
0000000000000002        1       192.168.0.1        2        2      196
0000000000000002        1       192.168.0.2        3        2      196
0000000000000002        2       192.168.0.3        1        2      196
0000000000000002        3       192.168.0.3        1        2      196
datapath         port     rx-pkts  rx-bytes rx-error tx-pkts  tx-bytes tx-error
---------------- -------- -------- -------- -------- -------- -------- --------
0000000000000003        1        6      476        0      429    33578        0
0000000000000003        2      455    29835        0      457    29955        0
0000000000000003        3      457    29955        0      456    29895        0
datapath         in-port  eth-dst           out-port packets  bytes
---------------- -------- ----------------- -------- -------- --------
0000000000000003        1       192.168.0.1        2        2      196
0000000000000003        1       192.168.0.3        3        1       98
0000000000000003        2       192.168.0.2        1        2      196
0000000000000003        3       192.168.0.2        1        2      196
discovery--->==================================== discovery ====================================
discovery---> cls: [(2, 3), (2, 1), (3, 1)]
discovery--->=============================================================================
==================================== link detector ====================================

----------------------------
src    dst :    delay
2 <---> 3 : 6.629467010498047
2 <---> 1 : 8.672714233398438
1 <---> 3 : 8.100032806396484
1 <---> 2 : 9.164094924926758
3 <---> 1 : 8.176565170288086
3 <---> 2 : 8.091926574707031
==================================== link detector ====================================

----------------------------
src    dst :    delay
2 <---> 3 : 8.134841918945312
2 <---> 1 : 10.104656219482422
1 <---> 3 : 8.034467697143555
1 <---> 2 : 10.348320007324219
3 <---> 1 : 6.1740875244140625
3 <---> 2 : 8.169412612915039
datapath         port     rx-pkts  rx-bytes rx-error tx-pkts  tx-bytes tx-error
---------------- -------- -------- -------- -------- -------- -------- --------
0000000000000001        1        6      476        0      439    34322        0
0000000000000001        2      463    30315        0      460    30135        0
0000000000000001        3      460    30135        0      461    30195        0
datapath         in-port  eth-dst           out-port packets  bytes
---------------- -------- ----------------- -------- -------- --------
0000000000000001        1       192.168.0.2        2        1       98
0000000000000001        1       192.168.0.3        3        1       98
0000000000000001        2       192.168.0.1        1        2      196
0000000000000001        3       192.168.0.1        1        2      196
datapath         port     rx-pkts  rx-bytes rx-error tx-pkts  tx-bytes tx-error
---------------- -------- -------- -------- -------- -------- -------- --------
0000000000000002        1        6      476        0      435    34028        0
0000000000000002        2      461    30195        0      460    30135        0
0000000000000002        3      461    30195        0      463    30315        0
datapath         in-port  eth-dst           out-port packets  bytes
---------------- -------- ----------------- -------- -------- --------
0000000000000002        1       192.168.0.1        2        2      196
0000000000000002        1       192.168.0.2        3        2      196
0000000000000002        2       192.168.0.3        1        2      196
0000000000000002        3       192.168.0.3        1        2      196
datapath         port     rx-pkts  rx-bytes rx-error tx-pkts  tx-bytes tx-error
---------------- -------- -------- -------- -------- -------- -------- --------
0000000000000003        1        6      476        0      434    33968        0
0000000000000003        2      460    30135        0      463    30315        0
0000000000000003        3      463    30315        0      461    30195        0
datapath         in-port  eth-dst           out-port packets  bytes
---------------- -------- ----------------- -------- -------- --------
0000000000000003        1       192.168.0.1        2        2      196
0000000000000003        1       192.168.0.3        3        1       98
0000000000000003        2       192.168.0.2        1        2      196
0000000000000003        3       192.168.0.2        1        2      196
discovery--->==================================== discovery ====================================
discovery---> cls: [(2, 3), (2, 1), (3, 1)]
discovery--->=============================================================================
==================================== link detector ====================================

----------------------------
src    dst :    delay
2 <---> 3 : 8.180379867553711
2 <---> 1 : 10.160446166992188
1 <---> 3 : 6.730079650878906
1 <---> 2 : 9.091615676879883
3 <---> 1 : 8.030891418457031
3 <---> 2 : 7.349967956542969
datapath         port     rx-pkts  rx-bytes rx-error tx-pkts  tx-bytes tx-error
---------------- -------- -------- -------- -------- -------- -------- --------
0000000000000001        1        6      476        0      445    34790        0
0000000000000001        2      469    30675        0      466    30495        0
0000000000000001        3      466    30495        0      467    30555        0
datapath         in-port  eth-dst           out-port packets  bytes
---------------- -------- ----------------- -------- -------- --------
0000000000000001        1       192.168.0.2        2        1       98
0000000000000001        1       192.168.0.3        3        1       98
0000000000000001        2       192.168.0.1        1        2      196
0000000000000001        3       192.168.0.1        1        2      196
datapath         port     rx-pkts  rx-bytes rx-error tx-pkts  tx-bytes tx-error
---------------- -------- -------- -------- -------- -------- -------- --------
0000000000000003        1        6      476        0      440    34436        0
0000000000000003        2      466    30495        0      469    30675        0
0000000000000003        3      468    30615        0      467    30555        0
datapath         in-port  eth-dst           out-port packets  bytes
---------------- -------- ----------------- -------- -------- --------
0000000000000003        1       192.168.0.1        2        2      196
0000000000000003        1       192.168.0.3        3        1       98
0000000000000003        2       192.168.0.2        1        2      196
0000000000000003        3       192.168.0.2        1        2      196
datapath         port     rx-pkts  rx-bytes rx-error tx-pkts  tx-bytes tx-error
---------------- -------- -------- -------- -------- -------- -------- --------
0000000000000002        1        6      476        0      441    34496        0
0000000000000002        2      467    30555        0      466    30495        0
0000000000000002        3      467    30555        0      468    30615        0
datapath         in-port  eth-dst           out-port packets  bytes
---------------- -------- ----------------- -------- -------- --------
0000000000000002        1       192.168.0.1        2        2      196
0000000000000002        1       192.168.0.2        3        2      196
0000000000000002        2       192.168.0.3        1        2      196
0000000000000002        3       192.168.0.3        1        2      196
discovery--->==================================== discovery ====================================
discovery---> cls: [(2, 3), (2, 1), (3, 1)]
discovery--->=============================================================================
==================================== link detector ====================================

----------------------------
src    dst :    delay
2 <---> 3 : 7.553815841674805
2 <---> 1 : 10.878562927246094
1 <---> 3 : 6.681919097900391
1 <---> 2 : 9.212732315063477
3 <---> 1 : 7.737874984741211
3 <---> 2 : 7.983922958374023
==================================== link detector ====================================

----------------------------
src    dst :    delay
2 <---> 3 : 8.205652236938477
2 <---> 1 : 9.195327758789062
1 <---> 3 : 8.063793182373047
1 <---> 2 : 10.073661804199219
3 <---> 1 : 8.059978485107422
3 <---> 2 : 8.350133895874023
datapath         port     rx-pkts  rx-bytes rx-error tx-pkts  tx-bytes tx-error
---------------- -------- -------- -------- -------- -------- -------- --------
0000000000000001        1        6      476        0      450    35180        0
0000000000000001        2      474    30975        0      471    30795        0
0000000000000001        3      472    30855        0      472    30855        0
datapath         in-port  eth-dst           out-port packets  bytes
---------------- -------- ----------------- -------- -------- --------
0000000000000001        1       192.168.0.2        2        1       98
0000000000000001        1       192.168.0.3        3        1       98
0000000000000001        2       192.168.0.1        1        2      196
0000000000000001        3       192.168.0.1        1        2      196
datapath         port     rx-pkts  rx-bytes rx-error tx-pkts  tx-bytes tx-error
---------------- -------- -------- -------- -------- -------- -------- --------
0000000000000002        1        6      476        0      446    34886        0
0000000000000002        2      472    30855        0      472    30855        0
0000000000000002        3      472    30855        0      474    30975        0
datapath         in-port  eth-dst           out-port packets  bytes
---------------- -------- ----------------- -------- -------- --------
0000000000000002        1       192.168.0.1        2        2      196
0000000000000002        1       192.168.0.2        3        2      196
0000000000000002        2       192.168.0.3        1        2      196
0000000000000002        3       192.168.0.3        1        2      196
datapath         port     rx-pkts  rx-bytes rx-error tx-pkts  tx-bytes tx-error
---------------- -------- -------- -------- -------- -------- -------- --------
0000000000000003        1        6      476        0      445    34826        0
0000000000000003        2      471    30795        0      474    30975        0
0000000000000003        3      474    30975        0      472    30855        0
datapath         in-port  eth-dst           out-port packets  bytes
---------------- -------- ----------------- -------- -------- --------
0000000000000003        1       192.168.0.1        2        2      196
0000000000000003        1       192.168.0.3        3        1       98
0000000000000003        2       192.168.0.2        1        2      196
0000000000000003        3       192.168.0.2        1        2      196
discovery--->==================================== discovery ====================================
discovery---> cls: [(2, 3), (2, 1), (3, 1)]
discovery--->=============================================================================
==================================== link detector ====================================

----------------------------
src    dst :    delay
2 <---> 3 : 8.207082748413086
2 <---> 1 : 8.64410400390625
1 <---> 3 : 8.033514022827148
1 <---> 2 : 9.032249450683594
3 <---> 1 : 7.529020309448242
3 <---> 2 : 6.777524948120117
datapath         port     rx-pkts  rx-bytes rx-error tx-pkts  tx-bytes tx-error
---------------- -------- -------- -------- -------- -------- -------- --------
0000000000000001        1        6      476        0      456    35648        0
0000000000000001        2      480    31335        0      477    31155        0
0000000000000001        3      477    31155        0      478    31215        0
datapath         in-port  eth-dst           out-port packets  bytes
---------------- -------- ----------------- -------- -------- --------
0000000000000001        1       192.168.0.2        2        1       98
0000000000000001        1       192.168.0.3        3        1       98
0000000000000001        2       192.168.0.1        1        2      196
0000000000000001        3       192.168.0.1        1        2      196
datapath         port     rx-pkts  rx-bytes rx-error tx-pkts  tx-bytes tx-error
---------------- -------- -------- -------- -------- -------- -------- --------
0000000000000002        1        6      476        0      452    35354        0
0000000000000002        2      478    31215        0      477    31155        0
0000000000000002        3      478    31215        0      479    31275        0
datapath         in-port  eth-dst           out-port packets  bytes
---------------- -------- ----------------- -------- -------- --------
0000000000000002        1       192.168.0.1        2        2      196
0000000000000002        1       192.168.0.2        3        2      196
0000000000000002        2       192.168.0.3        1        2      196
0000000000000002        3       192.168.0.3        1        2      196
datapath         port     rx-pkts  rx-bytes rx-error tx-pkts  tx-bytes tx-error
---------------- -------- -------- -------- -------- -------- -------- --------
0000000000000003        1        6      476        0      451    35294        0
0000000000000003        2      477    31155        0      480    31335        0
0000000000000003        3      479    31275        0      478    31215        0
datapath         in-port  eth-dst           out-port packets  bytes
---------------- -------- ----------------- -------- -------- --------
0000000000000003        1       192.168.0.1        2        2      196
0000000000000003        1       192.168.0.3        3        1       98
0000000000000003        2       192.168.0.2        1        2      196
0000000000000003        3       192.168.0.2        1        2      196
discovery--->==================================== discovery ====================================
discovery---> cls: [(2, 3), (2, 1), (3, 1)]
discovery--->=============================================================================
==================================== link detector ====================================

----------------------------
src    dst :    delay
2 <---> 3 : 7.287502288818359
2 <---> 1 : 9.320735931396484
1 <---> 3 : 6.079912185668945
1 <---> 2 : 8.5601806640625
3 <---> 1 : 8.176803588867188
3 <---> 2 : 7.750511169433594
==================================== link detector ====================================

----------------------------
src    dst :    delay
2 <---> 3 : 6.419658660888672
2 <---> 1 : 10.011434555053711
1 <---> 3 : 7.183313369750977
1 <---> 2 : 10.152339935302734
3 <---> 1 : 8.115053176879883
3 <---> 2 : 8.053302764892578
datapath         port     rx-pkts  rx-bytes rx-error tx-pkts  tx-bytes tx-error
---------------- -------- -------- -------- -------- -------- -------- --------
0000000000000001        1        6      476        0      461    36038        0
0000000000000001        2      485    31635        0      483    31515        0
0000000000000001        3      483    31515        0      483    31515        0
datapath         in-port  eth-dst           out-port packets  bytes
---------------- -------- ----------------- -------- -------- --------
0000000000000001        1       192.168.0.2        2        1       98
0000000000000001        1       192.168.0.3        3        1       98
0000000000000001        2       192.168.0.1        1        2      196
0000000000000001        3       192.168.0.1        1        2      196
datapath         port     rx-pkts  rx-bytes rx-error tx-pkts  tx-bytes tx-error
---------------- -------- -------- -------- -------- -------- -------- --------
0000000000000003        1        6      476        0      456    35684        0
0000000000000003        2      483    31515        0      485    31635        0
0000000000000003        3      485    31635        0      483    31515        0
datapath         in-port  eth-dst           out-port packets  bytes
---------------- -------- ----------------- -------- -------- --------
0000000000000003        1       192.168.0.1        2        2      196
0000000000000003        1       192.168.0.3        3        1       98
0000000000000003        2       192.168.0.2        1        2      196
0000000000000003        3       192.168.0.2        1        2      196
datapath         port     rx-pkts  rx-bytes rx-error tx-pkts  tx-bytes tx-error
---------------- -------- -------- -------- -------- -------- -------- --------
0000000000000002        1        6      476        0      458    35822        0
0000000000000002        2      483    31515        0      483    31515        0
0000000000000002        3      483    31515        0      485    31635        0
datapath         in-port  eth-dst           out-port packets  bytes
---------------- -------- ----------------- -------- -------- --------
0000000000000002        1       192.168.0.1        2        2      196
0000000000000002        1       192.168.0.2        3        2      196
0000000000000002        2       192.168.0.3        1        2      196
0000000000000002        3       192.168.0.3        1        2      196
discovery--->==================================== discovery ====================================
discovery---> cls: [(2, 3), (2, 1), (3, 1)]
discovery--->=============================================================================
==================================== link detector ====================================

----------------------------
src    dst :    delay
2 <---> 3 : 7.035732269287109
2 <---> 1 : 10.210037231445312
1 <---> 3 : 7.194042205810547
1 <---> 2 : 8.565187454223633
3 <---> 1 : 6.265401840209961
3 <---> 2 : 6.927728652954102
datapath         port     rx-pkts  rx-bytes rx-error tx-pkts  tx-bytes tx-error
---------------- -------- -------- -------- -------- -------- -------- --------
0000000000000001        1        6      476        0      467    36506        0
0000000000000001        2      491    31995        0      488    31815        0
0000000000000001        3      488    31815        0      489    31875        0
datapath         in-port  eth-dst           out-port packets  bytes
---------------- -------- ----------------- -------- -------- --------
0000000000000001        1       192.168.0.2        2        1       98
0000000000000001        1       192.168.0.3        3        1       98
0000000000000001        2       192.168.0.1        1        2      196
0000000000000001        3       192.168.0.1        1        2      196
==================================== link detector ====================================

----------------------------
src    dst :    delay
2 <---> 3 : 6.667613983154297
2 <---> 1 : 9.005308151245117
1 <---> 3 : 7.095813751220703
1 <---> 2 : 9.176015853881836
3 <---> 1 : 7.249355316162109
3 <---> 2 : 7.242679595947266
datapath         port     rx-pkts  rx-bytes rx-error tx-pkts  tx-bytes tx-error
---------------- -------- -------- -------- -------- -------- -------- --------
0000000000000002        1        6      476        0      463    36212        0
0000000000000002        2      489    31875        0      488    31815        0
0000000000000002        3      489    31875        0      490    31935        0
datapath         in-port  eth-dst           out-port packets  bytes
---------------- -------- ----------------- -------- -------- --------
0000000000000002        1       192.168.0.1        2        2      196
0000000000000002        1       192.168.0.2        3        2      196
0000000000000002        2       192.168.0.3        1        2      196
0000000000000002        3       192.168.0.3        1        2      196
datapath         port     rx-pkts  rx-bytes rx-error tx-pkts  tx-bytes tx-error
---------------- -------- -------- -------- -------- -------- -------- --------
0000000000000003        1        6      476        0      462    36152        0
0000000000000003        2      488    31815        0      491    31995        0
0000000000000003        3      490    31935        0      489    31875        0
datapath         in-port  eth-dst           out-port packets  bytes
---------------- -------- ----------------- -------- -------- --------
0000000000000003        1       192.168.0.1        2        2      196
0000000000000003        1       192.168.0.3        3        1       98
0000000000000003        2       192.168.0.2        1        2      196
0000000000000003        3       192.168.0.2        1        2      196
discovery--->==================================== discovery ====================================
discovery---> cls: [(2, 3), (2, 1), (3, 1)]
discovery--->=============================================================================
==================================== link detector ====================================

----------------------------
src    dst :    delay
2 <---> 3 : 8.106470108032227
2 <---> 1 : 9.299516677856445
1 <---> 3 : 7.885932922363281
1 <---> 2 : 10.027647018432617
3 <---> 1 : 8.180618286132812
3 <---> 2 : 8.212804794311523
datapath         port     rx-pkts  rx-bytes rx-error tx-pkts  tx-bytes tx-error
---------------- -------- -------- -------- -------- -------- -------- --------
0000000000000001        1        6      476        0      473    36974        0
0000000000000001        2      496    32295        0      494    32175        0
0000000000000001        3      494    32175        0      494    32175        0
datapath         in-port  eth-dst           out-port packets  bytes
---------------- -------- ----------------- -------- -------- --------
0000000000000001        1       192.168.0.2        2        1       98
0000000000000001        1       192.168.0.3        3        1       98
0000000000000001        2       192.168.0.1        1        2      196
0000000000000001        3       192.168.0.1        1        2      196
datapath         port     rx-pkts  rx-bytes rx-error tx-pkts  tx-bytes tx-error
---------------- -------- -------- -------- -------- -------- -------- --------
0000000000000003        1        6      476        0      468    36620        0
0000000000000003        2      494    32175        0      496    32295        0
0000000000000003        3      496    32295        0      494    32175        0
datapath         in-port  eth-dst           out-port packets  bytes
---------------- -------- ----------------- -------- -------- --------
0000000000000003        1       192.168.0.1        2        2      196
0000000000000003        1       192.168.0.3        3        1       98
0000000000000003        2       192.168.0.2        1        2      196
0000000000000003        3       192.168.0.2        1        2      196
datapath         port     rx-pkts  rx-bytes rx-error tx-pkts  tx-bytes tx-error
---------------- -------- -------- -------- -------- -------- -------- --------
0000000000000002        1        6      476        0      469    36680        0
0000000000000002        2      494    32175        0      494    32175        0
0000000000000002        3      494    32175        0      496    32295        0
datapath         in-port  eth-dst           out-port packets  bytes
---------------- -------- ----------------- -------- -------- --------
0000000000000002        1       192.168.0.1        2        2      196
0000000000000002        1       192.168.0.2        3        2      196
0000000000000002        2       192.168.0.3        1        2      196
0000000000000002        3       192.168.0.3        1        2      196
discovery--->==================================== discovery ====================================
discovery---> cls: [(2, 3), (2, 1), (3, 1)]
discovery--->=============================================================================
==================================== link detector ====================================

----------------------------
src    dst :    delay
2 <---> 3 : 8.174419403076172
2 <---> 1 : 9.010553359985352
1 <---> 3 : 7.7991485595703125
1 <---> 2 : 8.943557739257812
3 <---> 1 : 7.89332389831543
3 <---> 2 : 8.005619049072266
==================================== link detector ====================================

----------------------------
src    dst :    delay
2 <---> 3 : 8.048057556152344
2 <---> 1 : 10.060548782348633
1 <---> 3 : 7.459163665771484
1 <---> 2 : 9.798049926757812
3 <---> 1 : 8.040189743041992
3 <---> 2 : 7.648706436157227
datapath         port     rx-pkts  rx-bytes rx-error tx-pkts  tx-bytes tx-error
---------------- -------- -------- -------- -------- -------- -------- --------
0000000000000001        1        6      476        0      478    37364        0
0000000000000001        2      502    32655        0      499    32475        0
0000000000000001        3      499    32475        0      500    32535        0
datapath         in-port  eth-dst           out-port packets  bytes
---------------- -------- ----------------- -------- -------- --------
0000000000000001        1       192.168.0.2        2        1       98
0000000000000001        1       192.168.0.3        3        1       98
0000000000000001        2       192.168.0.1        1        2      196
0000000000000001        3       192.168.0.1        1        2      196
datapath         port     rx-pkts  rx-bytes rx-error tx-pkts  tx-bytes tx-error
---------------- -------- -------- -------- -------- -------- -------- --------
0000000000000002        1        6      476        0      474    37070        0
0000000000000002        2      500    32535        0      499    32475        0
0000000000000002        3      500    32535        0      501    32595        0
datapath         in-port  eth-dst           out-port packets  bytes
---------------- -------- ----------------- -------- -------- --------
0000000000000002        1       192.168.0.1        2        2      196
0000000000000002        1       192.168.0.2        3        2      196
0000000000000002        2       192.168.0.3        1        2      196
0000000000000002        3       192.168.0.3        1        2      196
datapath         port     rx-pkts  rx-bytes rx-error tx-pkts  tx-bytes tx-error
---------------- -------- -------- -------- -------- -------- -------- --------
0000000000000003        1        6      476        0      473    37010        0
0000000000000003        2      499    32475        0      502    32655        0
0000000000000003        3      501    32595        0      500    32535        0
datapath         in-port  eth-dst           out-port packets  bytes
---------------- -------- ----------------- -------- -------- --------
0000000000000003        1       192.168.0.1        2        2      196
0000000000000003        1       192.168.0.3        3        1       98
0000000000000003        2       192.168.0.2        1        2      196
0000000000000003        3       192.168.0.2        1        2      196
discovery--->==================================== discovery ====================================
discovery---> cls: [(2, 3), (2, 1), (3, 1)]
discovery--->=============================================================================
==================================== link detector ====================================

----------------------------
src    dst :    delay
2 <---> 3 : 6.805896759033203
2 <---> 1 : 10.094404220581055
1 <---> 3 : 8.013486862182617
1 <---> 2 : 9.413719177246094
3 <---> 1 : 6.767511367797852
3 <---> 2 : 8.321046829223633
datapath         port     rx-pkts  rx-bytes rx-error tx-pkts  tx-bytes tx-error
---------------- -------- -------- -------- -------- -------- -------- --------
0000000000000001        1        6      476        0      484    37832        0
0000000000000001        2      507    32955        0      505    32835        0
0000000000000001        3      505    32835        0      506    32895        0
datapath         in-port  eth-dst           out-port packets  bytes
---------------- -------- ----------------- -------- -------- --------
0000000000000001        1       192.168.0.2        2        1       98
0000000000000001        1       192.168.0.3        3        1       98
0000000000000001        2       192.168.0.1        1        2      196
0000000000000001        3       192.168.0.1        1        2      196
datapath         port     rx-pkts  rx-bytes rx-error tx-pkts  tx-bytes tx-error
---------------- -------- -------- -------- -------- -------- -------- --------
0000000000000002        1        6      476        0      480    37538        0
0000000000000002        2      506    32895        0      505    32835        0
0000000000000002        3      506    32895        0      507    32955        0
datapath         in-port  eth-dst           out-port packets  bytes
---------------- -------- ----------------- -------- -------- --------
0000000000000002        1       192.168.0.1        2        2      196
0000000000000002        1       192.168.0.2        3        2      196
0000000000000002        2       192.168.0.3        1        2      196
0000000000000002        3       192.168.0.3        1        2      196
datapath         port     rx-pkts  rx-bytes rx-error tx-pkts  tx-bytes tx-error
---------------- -------- -------- -------- -------- -------- -------- --------
0000000000000003        1        6      476        0      479    37478        0
0000000000000003        2      505    32835        0      507    32955        0
0000000000000003        3      507    32955        0      506    32895        0
datapath         in-port  eth-dst           out-port packets  bytes
---------------- -------- ----------------- -------- -------- --------
0000000000000003        1       192.168.0.1        2        2      196
0000000000000003        1       192.168.0.3        3        1       98
0000000000000003        2       192.168.0.2        1        2      196
0000000000000003        3       192.168.0.2        1        2      196
discovery--->==================================== discovery ====================================
discovery---> cls: [(2, 3), (2, 1), (3, 1)]
discovery--->=============================================================================
==================================== link detector ====================================

----------------------------
src    dst :    delay
2 <---> 3 : 8.250236511230469
2 <---> 1 : 9.929895401000977
1 <---> 3 : 6.377696990966797
1 <---> 2 : 9.590387344360352
3 <---> 1 : 7.683038711547852
3 <---> 2 : 7.619142532348633
==================================== link detector ====================================

----------------------------
src    dst :    delay
2 <---> 3 : 7.236957550048828
2 <---> 1 : 9.900808334350586
1 <---> 3 : 7.797479629516602
1 <---> 2 : 9.128332138061523
3 <---> 1 : 6.98542594909668
3 <---> 2 : 8.050203323364258
datapath         port     rx-pkts  rx-bytes rx-error tx-pkts  tx-bytes tx-error
---------------- -------- -------- -------- -------- -------- -------- --------
0000000000000001        1        6      476        0      489    38222        0
0000000000000001        2      513    33315        0      510    33135        0
0000000000000001        3      510    33135        0      511    33195        0
datapath         in-port  eth-dst           out-port packets  bytes
---------------- -------- ----------------- -------- -------- --------
0000000000000001        1       192.168.0.2        2        1       98
0000000000000001        1       192.168.0.3        3        1       98
0000000000000001        2       192.168.0.1        1        2      196
0000000000000001        3       192.168.0.1        1        2      196
datapath         port     rx-pkts  rx-bytes rx-error tx-pkts  tx-bytes tx-error
---------------- -------- -------- -------- -------- -------- -------- --------
0000000000000002        1        6      476        0      485    37928        0
0000000000000002        2      511    33195        0      510    33135        0
0000000000000002        3      511    33195        0      512    33255        0
datapath         in-port  eth-dst           out-port packets  bytes
---------------- -------- ----------------- -------- -------- --------
0000000000000002        1       192.168.0.1        2        2      196
0000000000000002        1       192.168.0.2        3        2      196
0000000000000002        2       192.168.0.3        1        2      196
0000000000000002        3       192.168.0.3        1        2      196
datapath         port     rx-pkts  rx-bytes rx-error tx-pkts  tx-bytes tx-error
---------------- -------- -------- -------- -------- -------- -------- --------
0000000000000003        1        6      476        0      484    37868        0
0000000000000003        2      510    33135        0      513    33315        0
0000000000000003        3      512    33255        0      511    33195        0
datapath         in-port  eth-dst           out-port packets  bytes
---------------- -------- ----------------- -------- -------- --------
0000000000000003        1       192.168.0.1        2        2      196
0000000000000003        1       192.168.0.3        3        1       98
0000000000000003        2       192.168.0.2        1        2      196
0000000000000003        3       192.168.0.2        1        2      196
discovery--->==================================== discovery ====================================
discovery---> cls: [(2, 3), (2, 1), (3, 1)]
discovery--->=============================================================================
==================================== link detector ====================================

----------------------------
src    dst :    delay
2 <---> 3 : 7.45081901550293
2 <---> 1 : 8.636713027954102
1 <---> 3 : 7.627964019775391
1 <---> 2 : 9.175777435302734
3 <---> 1 : 7.049798965454102
3 <---> 2 : 7.927894592285156
datapath         port     rx-pkts  rx-bytes rx-error tx-pkts  tx-bytes tx-error
---------------- -------- -------- -------- -------- -------- -------- --------
0000000000000001        1        6      476        0      495    38690        0
0000000000000001        2      519    33675        0      516    33495        0
0000000000000001        3      516    33495        0      517    33555        0
datapath         in-port  eth-dst           out-port packets  bytes
---------------- -------- ----------------- -------- -------- --------
0000000000000001        1       192.168.0.2        2        1       98
0000000000000001        1       192.168.0.3        3        1       98
0000000000000001        2       192.168.0.1        1        2      196
0000000000000001        3       192.168.0.1        1        2      196
datapath         port     rx-pkts  rx-bytes rx-error tx-pkts  tx-bytes tx-error
---------------- -------- -------- -------- -------- -------- -------- --------
0000000000000003        1        6      476        0      490    38336        0
0000000000000003        2      516    33495        0      519    33675        0
0000000000000003        3      518    33615        0      517    33555        0
datapath         in-port  eth-dst           out-port packets  bytes
---------------- -------- ----------------- -------- -------- --------
0000000000000003        1       192.168.0.1        2        2      196
0000000000000003        1       192.168.0.3        3        1       98
0000000000000003        2       192.168.0.2        1        2      196
0000000000000003        3       192.168.0.2        1        2      196
datapath         port     rx-pkts  rx-bytes rx-error tx-pkts  tx-bytes tx-error
---------------- -------- -------- -------- -------- -------- -------- --------
0000000000000002        1        6      476        0      491    38396        0
0000000000000002        2      517    33555        0      516    33495        0
0000000000000002        3      517    33555        0      518    33615        0
datapath         in-port  eth-dst           out-port packets  bytes
---------------- -------- ----------------- -------- -------- --------
0000000000000002        1       192.168.0.1        2        2      196
0000000000000002        1       192.168.0.2        3        2      196
0000000000000002        2       192.168.0.3        1        2      196
0000000000000002        3       192.168.0.3        1        2      196
discovery--->==================================== discovery ====================================
discovery---> cls: [(2, 3), (2, 1), (3, 1)]
discovery--->=============================================================================
==================================== link detector ====================================

----------------------------
src    dst :    delay
2 <---> 3 : 8.435964584350586
2 <---> 1 : 9.200811386108398
1 <---> 3 : 8.054018020629883
1 <---> 2 : 8.920669555664062
3 <---> 1 : 6.408214569091797
3 <---> 2 : 8.062601089477539
==================================== link detector ====================================

----------------------------
src    dst :    delay
2 <---> 3 : 8.162975311279297
2 <---> 1 : 9.160041809082031
1 <---> 3 : 8.070707321166992
1 <---> 2 : 9.372711181640625
3 <---> 1 : 7.122278213500977
3 <---> 2 : 8.058547973632812
datapath         port     rx-pkts  rx-bytes rx-error tx-pkts  tx-bytes tx-error
---------------- -------- -------- -------- -------- -------- -------- --------
0000000000000001        1        6      476        0      500    39080        0
0000000000000001        2      524    33975        0      521    33795        0
0000000000000001        3      522    33855        0      522    33855        0
datapath         in-port  eth-dst           out-port packets  bytes
---------------- -------- ----------------- -------- -------- --------
0000000000000001        1       192.168.0.2        2        1       98
0000000000000001        1       192.168.0.3        3        1       98
0000000000000001        2       192.168.0.1        1        2      196
0000000000000001        3       192.168.0.1        1        2      196
datapath         port     rx-pkts  rx-bytes rx-error tx-pkts  tx-bytes tx-error
---------------- -------- -------- -------- -------- -------- -------- --------
0000000000000003        1        6      476        0      495    38726        0
0000000000000003        2      521    33795        0      524    33975        0
0000000000000003        3      524    33975        0      522    33855        0
datapath         in-port  eth-dst           out-port packets  bytes
---------------- -------- ----------------- -------- -------- --------
0000000000000003        1       192.168.0.1        2        2      196
0000000000000003        1       192.168.0.3        3        1       98
0000000000000003        2       192.168.0.2        1        2      196
0000000000000003        3       192.168.0.2        1        2      196
datapath         port     rx-pkts  rx-bytes rx-error tx-pkts  tx-bytes tx-error
---------------- -------- -------- -------- -------- -------- -------- --------
0000000000000002        1        6      476        0      496    38786        0
0000000000000002        2      522    33855        0      522    33855        0
0000000000000002        3      522    33855        0      524    33975        0
datapath         in-port  eth-dst           out-port packets  bytes
---------------- -------- ----------------- -------- -------- --------
0000000000000002        1       192.168.0.1        2        2      196
0000000000000002        1       192.168.0.2        3        2      196
0000000000000002        2       192.168.0.3        1        2      196
0000000000000002        3       192.168.0.3        1        2      196
discovery--->==================================== discovery ====================================
discovery---> cls: [(2, 3), (2, 1), (3, 1)]
discovery--->=============================================================================
==================================== link detector ====================================

----------------------------
src    dst :    delay
2 <---> 3 : 7.228851318359375
2 <---> 1 : 10.099411010742188
1 <---> 3 : 7.514476776123047
1 <---> 2 : 10.120153427124023
3 <---> 1 : 8.026838302612305
3 <---> 2 : 6.2580108642578125
==================================== link detector ====================================

----------------------------
src    dst :    delay
2 <---> 3 : 7.477998733520508
2 <---> 1 : 9.813785552978516
1 <---> 3 : 7.195949554443359
1 <---> 2 : 9.320735931396484
3 <---> 1 : 7.18998908996582
3 <---> 2 : 8.200883865356445
datapath         port     rx-pkts  rx-bytes rx-error tx-pkts  tx-bytes tx-error
---------------- -------- -------- -------- -------- -------- -------- --------
0000000000000001        1        6      476        0      506    39548        0
0000000000000001        2      530    34335        0      527    34155        0
0000000000000001        3      527    34155        0      528    34215        0
datapath         in-port  eth-dst           out-port packets  bytes
---------------- -------- ----------------- -------- -------- --------
0000000000000001        1       192.168.0.2        2        1       98
0000000000000001        1       192.168.0.3        3        1       98
0000000000000001        2       192.168.0.1        1        2      196
0000000000000001        3       192.168.0.1        1        2      196
datapath         port     rx-pkts  rx-bytes rx-error tx-pkts  tx-bytes tx-error
---------------- -------- -------- -------- -------- -------- -------- --------
0000000000000003        1        6      476        0      501    39194        0
0000000000000003        2      527    34155        0      530    34335        0
0000000000000003        3      529    34275        0      528    34215        0
datapath         in-port  eth-dst           out-port packets  bytes
---------------- -------- ----------------- -------- -------- --------
0000000000000003        1       192.168.0.1        2        2      196
0000000000000003        1       192.168.0.3        3        1       98
0000000000000003        2       192.168.0.2        1        2      196
0000000000000003        3       192.168.0.2        1        2      196
datapath         port     rx-pkts  rx-bytes rx-error tx-pkts  tx-bytes tx-error
---------------- -------- -------- -------- -------- -------- -------- --------
0000000000000002        1        6      476        0      502    39254        0
0000000000000002        2      528    34215        0      527    34155        0
0000000000000002        3      528    34215        0      529    34275        0
datapath         in-port  eth-dst           out-port packets  bytes
---------------- -------- ----------------- -------- -------- --------
0000000000000002        1       192.168.0.1        2        2      196
0000000000000002        1       192.168.0.2        3        2      196
0000000000000002        2       192.168.0.3        1        2      196
0000000000000002        3       192.168.0.3        1        2      196
discovery--->==================================== discovery ====================================
discovery---> cls: [(2, 3), (2, 1), (3, 1)]
discovery--->=============================================================================
==================================== link detector ====================================

----------------------------
src    dst :    delay
2 <---> 3 : 8.062362670898438
2 <---> 1 : 10.288476943969727
1 <---> 3 : 6.310939788818359
1 <---> 2 : 8.846282958984375
3 <---> 1 : 7.994413375854492
3 <---> 2 : 8.299589157104492
datapath         port     rx-pkts  rx-bytes rx-error tx-pkts  tx-bytes tx-error
---------------- -------- -------- -------- -------- -------- -------- --------
0000000000000001        1        6      476        0      511    39938        0
0000000000000001        2      535    34635        0      532    34455        0
0000000000000001        3      533    34515        0      533    34515        0
datapath         in-port  eth-dst           out-port packets  bytes
---------------- -------- ----------------- -------- -------- --------
0000000000000001        1       192.168.0.2        2        1       98
0000000000000001        1       192.168.0.3        3        1       98
0000000000000001        2       192.168.0.1        1        2      196
0000000000000001        3       192.168.0.1        1        2      196
datapath         port     rx-pkts  rx-bytes rx-error tx-pkts  tx-bytes tx-error
---------------- -------- -------- -------- -------- -------- -------- --------
0000000000000003        1        6      476        0      506    39584        0
0000000000000003        2      533    34515        0      535    34635        0
0000000000000003        3      535    34635        0      533    34515        0
datapath         in-port  eth-dst           out-port packets  bytes
---------------- -------- ----------------- -------- -------- --------
0000000000000003        1       192.168.0.1        2        2      196
0000000000000003        1       192.168.0.3        3        1       98
0000000000000003        2       192.168.0.2        1        2      196
0000000000000003        3       192.168.0.2        1        2      196
datapath         port     rx-pkts  rx-bytes rx-error tx-pkts  tx-bytes tx-error
---------------- -------- -------- -------- -------- -------- -------- --------
0000000000000002        1        6      476        0      508    39722        0
0000000000000002        2      533    34515        0      533    34515        0
0000000000000002        3      533    34515        0      535    34635        0
datapath         in-port  eth-dst           out-port packets  bytes
---------------- -------- ----------------- -------- -------- --------
0000000000000002        1       192.168.0.1        2        2      196
0000000000000002        1       192.168.0.2        3        2      196
0000000000000002        2       192.168.0.3        1        2      196
0000000000000002        3       192.168.0.3        1        2      196
discovery--->==================================== discovery ====================================
discovery---> cls: [(2, 3), (2, 1), (3, 1)]
discovery--->=============================================================================
==================================== link detector ====================================

----------------------------
src    dst :    delay
2 <---> 3 : 8.280277252197266
2 <---> 1 : 9.09733772277832
1 <---> 3 : 8.06570053100586
1 <---> 2 : 10.195016860961914
3 <---> 1 : 8.133172988891602
3 <---> 2 : 8.142232894897461
==================================== link detector ====================================

----------------------------
src    dst :    delay
2 <---> 3 : 6.803035736083984
2 <---> 1 : 8.744478225708008
1 <---> 3 : 8.151054382324219
1 <---> 2 : 9.931802749633789
3 <---> 1 : 8.042335510253906
3 <---> 2 : 8.133411407470703
datapath         port     rx-pkts  rx-bytes rx-error tx-pkts  tx-bytes tx-error
---------------- -------- -------- -------- -------- -------- -------- --------
0000000000000001        1        6      476        0      517    40406        0
0000000000000001        2      541    34995        0      538    34815        0
0000000000000001        3      538    34815        0      539    34875        0
datapath         in-port  eth-dst           out-port packets  bytes
---------------- -------- ----------------- -------- -------- --------
0000000000000001        1       192.168.0.2        2        1       98
0000000000000001        1       192.168.0.3        3        1       98
0000000000000001        2       192.168.0.1        1        2      196
0000000000000001        3       192.168.0.1        1        2      196
datapath         port     rx-pkts  rx-bytes rx-error tx-pkts  tx-bytes tx-error
---------------- -------- -------- -------- -------- -------- -------- --------
0000000000000002        1        6      476        0      513    40112        0
0000000000000002        2      539    34875        0      538    34815        0
0000000000000002        3      539    34875        0      540    34935        0
datapath         in-port  eth-dst           out-port packets  bytes
---------------- -------- ----------------- -------- -------- --------
0000000000000002        1       192.168.0.1        2        2      196
0000000000000002        1       192.168.0.2        3        2      196
0000000000000002        2       192.168.0.3        1        2      196
0000000000000002        3       192.168.0.3        1        2      196
datapath         port     rx-pkts  rx-bytes rx-error tx-pkts  tx-bytes tx-error
---------------- -------- -------- -------- -------- -------- -------- --------
0000000000000003        1        6      476        0      512    40052        0
0000000000000003        2      538    34815        0      541    34995        0
0000000000000003        3      540    34935        0      539    34875        0
datapath         in-port  eth-dst           out-port packets  bytes
---------------- -------- ----------------- -------- -------- --------
0000000000000003        1       192.168.0.1        2        2      196
0000000000000003        1       192.168.0.3        3        1       98
0000000000000003        2       192.168.0.2        1        2      196
0000000000000003        3       192.168.0.2        1        2      196
discovery--->==================================== discovery ====================================
discovery---> cls: [(2, 3), (2, 1), (3, 1)]
discovery--->=============================================================================
==================================== link detector ====================================

----------------------------
src    dst :    delay
2 <---> 3 : 7.180690765380859
2 <---> 1 : 10.117769241333008
1 <---> 3 : 8.178234100341797
1 <---> 2 : 10.208845138549805
3 <---> 1 : 6.528615951538086
3 <---> 2 : 7.188081741333008
datapath         port     rx-pkts  rx-bytes rx-error tx-pkts  tx-bytes tx-error
---------------- -------- -------- -------- -------- -------- -------- --------
0000000000000001        1        6      476        0      523    40874        0
0000000000000001        2      546    35295        0      544    35175        0
0000000000000001        3      544    35175        0      544    35175        0
datapath         in-port  eth-dst           out-port packets  bytes
---------------- -------- ----------------- -------- -------- --------
0000000000000001        1       192.168.0.2        2        1       98
0000000000000001        1       192.168.0.3        3        1       98
0000000000000001        2       192.168.0.1        1        2      196
0000000000000001        3       192.168.0.1        1        2      196
datapath         port     rx-pkts  rx-bytes rx-error tx-pkts  tx-bytes tx-error
---------------- -------- -------- -------- -------- -------- -------- --------
0000000000000002        1        6      476        0      519    40580        0
0000000000000002        2      544    35175        0      544    35175        0
0000000000000002        3      544    35175        0      546    35295        0
datapath         in-port  eth-dst           out-port packets  bytes
---------------- -------- ----------------- -------- -------- --------
0000000000000002        1       192.168.0.1        2        2      196
0000000000000002        1       192.168.0.2        3        2      196
0000000000000002        2       192.168.0.3        1        2      196
0000000000000002        3       192.168.0.3        1        2      196
datapath         port     rx-pkts  rx-bytes rx-error tx-pkts  tx-bytes tx-error
---------------- -------- -------- -------- -------- -------- -------- --------
0000000000000003        1        6      476        0      517    40442        0
0000000000000003        2      544    35175        0      546    35295        0
0000000000000003        3      546    35295        0      544    35175        0
datapath         in-port  eth-dst           out-port packets  bytes
---------------- -------- ----------------- -------- -------- --------
0000000000000003        1       192.168.0.1        2        2      196
0000000000000003        1       192.168.0.3        3        1       98
0000000000000003        2       192.168.0.2        1        2      196
0000000000000003        3       192.168.0.2        1        2      196
discovery--->==================================== discovery ====================================
discovery---> cls: [(2, 3), (2, 1), (3, 1)]
discovery--->=============================================================================
==================================== link detector ====================================

----------------------------
src    dst :    delay
2 <---> 3 : 7.605791091918945
2 <---> 1 : 10.15472412109375
1 <---> 3 : 8.171796798706055
1 <---> 2 : 10.29658317565918
3 <---> 1 : 7.239818572998047
3 <---> 2 : 7.240772247314453
==================================== link detector ====================================

----------------------------
src    dst :    delay
2 <---> 3 : 8.372306823730469
2 <---> 1 : 9.998798370361328
1 <---> 3 : 6.743907928466797
1 <---> 2 : 8.426666259765625
3 <---> 1 : 8.171558380126953
3 <---> 2 : 6.34312629699707
datapath         port     rx-pkts  rx-bytes rx-error tx-pkts  tx-bytes tx-error
---------------- -------- -------- -------- -------- -------- -------- --------
0000000000000001        1        6      476        0      528    41264        0
0000000000000001        2      552    35655        0      549    35475        0
0000000000000001        3      549    35475        0      550    35535        0
datapath         in-port  eth-dst           out-port packets  bytes
---------------- -------- ----------------- -------- -------- --------
0000000000000001        1       192.168.0.2        2        1       98
0000000000000001        1       192.168.0.3        3        1       98
0000000000000001        2       192.168.0.1        1        2      196
0000000000000001        3       192.168.0.1        1        2      196
datapath         port     rx-pkts  rx-bytes rx-error tx-pkts  tx-bytes tx-error
---------------- -------- -------- -------- -------- -------- -------- --------
0000000000000002        1        6      476        0      524    40970        0
0000000000000002        2      550    35535        0      549    35475        0
0000000000000002        3      550    35535        0      551    35595        0
datapath         in-port  eth-dst           out-port packets  bytes
---------------- -------- ----------------- -------- -------- --------
0000000000000002        1       192.168.0.1        2        2      196
0000000000000002        1       192.168.0.2        3        2      196
0000000000000002        2       192.168.0.3        1        2      196
0000000000000002        3       192.168.0.3        1        2      196
datapath         port     rx-pkts  rx-bytes rx-error tx-pkts  tx-bytes tx-error
---------------- -------- -------- -------- -------- -------- -------- --------
0000000000000003        1        6      476        0      523    40910        0
0000000000000003        2      549    35475        0      552    35655        0
0000000000000003        3      551    35595        0      550    35535        0
datapath         in-port  eth-dst           out-port packets  bytes
---------------- -------- ----------------- -------- -------- --------
0000000000000003        1       192.168.0.1        2        2      196
0000000000000003        1       192.168.0.3        3        1       98
0000000000000003        2       192.168.0.2        1        2      196
0000000000000003        3       192.168.0.2        1        2      196
discovery--->==================================== discovery ====================================
discovery---> cls: [(2, 3), (2, 1), (3, 1)]
discovery--->=============================================================================
==================================== link detector ====================================

----------------------------
src    dst :    delay
2 <---> 3 : 6.296873092651367
2 <---> 1 : 8.455514907836914
1 <---> 3 : 6.73985481262207
1 <---> 2 : 9.133100509643555
3 <---> 1 : 7.872104644775391
3 <---> 2 : 7.268428802490234
==================================== link detector ====================================

----------------------------
src    dst :    delay
2 <---> 3 : 7.163524627685547
2 <---> 1 : 10.038137435913086
1 <---> 3 : 8.275270462036133
1 <---> 2 : 10.118961334228516
3 <---> 1 : 8.282184600830078
3 <---> 2 : 8.317708969116211
datapath         port     rx-pkts  rx-bytes rx-error tx-pkts  tx-bytes tx-error
---------------- -------- -------- -------- -------- -------- -------- --------
0000000000000001        1        6      476        0      534    41732        0
0000000000000001        2      557    35955        0      555    35835        0
0000000000000001        3      555    35835        0      555    35835        0
datapath         in-port  eth-dst           out-port packets  bytes
---------------- -------- ----------------- -------- -------- --------
0000000000000001        1       192.168.0.2        2        1       98
0000000000000001        1       192.168.0.3        3        1       98
0000000000000001        2       192.168.0.1        1        2      196
0000000000000001        3       192.168.0.1        1        2      196
datapath         port     rx-pkts  rx-bytes rx-error tx-pkts  tx-bytes tx-error
---------------- -------- -------- -------- -------- -------- -------- --------
0000000000000003        1        6      476        0      529    41378        0
0000000000000003        2      555    35835        0      557    35955        0
0000000000000003        3      557    35955        0      556    35895        0
datapath         in-port  eth-dst           out-port packets  bytes
---------------- -------- ----------------- -------- -------- --------
0000000000000003        1       192.168.0.1        2        2      196
0000000000000003        1       192.168.0.3        3        1       98
0000000000000003        2       192.168.0.2        1        2      196
0000000000000003        3       192.168.0.2        1        2      196
datapath         port     rx-pkts  rx-bytes rx-error tx-pkts  tx-bytes tx-error
---------------- -------- -------- -------- -------- -------- -------- --------
0000000000000002        1        6      476        0      530    41438        0
0000000000000002        2      555    35835        0      555    35835        0
0000000000000002        3      556    35895        0      557    35955        0
datapath         in-port  eth-dst           out-port packets  bytes
---------------- -------- ----------------- -------- -------- --------
0000000000000002        1       192.168.0.1        2        2      196
0000000000000002        1       192.168.0.2        3        2      196
0000000000000002        2       192.168.0.3        1        2      196
0000000000000002        3       192.168.0.3        1        2      196
discovery--->==================================== discovery ====================================
discovery---> cls: [(2, 3), (2, 1), (3, 1)]
discovery--->=============================================================================
==================================== link detector ====================================

----------------------------
src    dst :    delay
2 <---> 3 : 7.109165191650391
2 <---> 1 : 10.054349899291992
1 <---> 3 : 6.817102432250977
1 <---> 2 : 9.882450103759766
3 <---> 1 : 8.038520812988281
3 <---> 2 : 7.203102111816406
datapath         port     rx-pkts  rx-bytes rx-error tx-pkts  tx-bytes tx-error
---------------- -------- -------- -------- -------- -------- -------- --------
0000000000000001        1        6      476        0      539    42122        0
0000000000000001        2      563    36315        0      560    36135        0
0000000000000001        3      560    36135        0      561    36195        0
datapath         in-port  eth-dst           out-port packets  bytes
---------------- -------- ----------------- -------- -------- --------
0000000000000001        1       192.168.0.2        2        1       98
0000000000000001        1       192.168.0.3        3        1       98
0000000000000001        2       192.168.0.1        1        2      196
0000000000000001        3       192.168.0.1        1        2      196
datapath         port     rx-pkts  rx-bytes rx-error tx-pkts  tx-bytes tx-error
---------------- -------- -------- -------- -------- -------- -------- --------
0000000000000003        1        6      476        0      534    41768        0
0000000000000003        2      560    36135        0      563    36315        0
0000000000000003        3      562    36255        0      561    36195        0
datapath         in-port  eth-dst           out-port packets  bytes
---------------- -------- ----------------- -------- -------- --------
0000000000000003        1       192.168.0.1        2        2      196
0000000000000003        1       192.168.0.3        3        1       98
0000000000000003        2       192.168.0.2        1        2      196
0000000000000003        3       192.168.0.2        1        2      196
datapath         port     rx-pkts  rx-bytes rx-error tx-pkts  tx-bytes tx-error
---------------- -------- -------- -------- -------- -------- -------- --------
0000000000000002        1        6      476        0      535    41828        0
0000000000000002        2      561    36195        0      560    36135        0
0000000000000002        3      561    36195        0      562    36255        0
datapath         in-port  eth-dst           out-port packets  bytes
---------------- -------- ----------------- -------- -------- --------
0000000000000002        1       192.168.0.1        2        2      196
0000000000000002        1       192.168.0.2        3        2      196
0000000000000002        2       192.168.0.3        1        2      196
0000000000000002        3       192.168.0.3        1        2      196
discovery--->==================================== discovery ====================================
discovery---> cls: [(2, 3), (2, 1), (3, 1)]
discovery--->=============================================================================
==================================== link detector ====================================

----------------------------
src    dst :    delay
2 <---> 3 : 8.172273635864258
2 <---> 1 : 10.334968566894531
1 <---> 3 : 8.371591567993164
1 <---> 2 : 10.033607482910156
3 <---> 1 : 7.148027420043945
3 <---> 2 : 8.09478759765625
==================================== link detector ====================================

----------------------------
src    dst :    delay
2 <---> 3 : 8.116960525512695
2 <---> 1 : 9.327411651611328
1 <---> 3 : 7.302522659301758
1 <---> 2 : 9.778738021850586
3 <---> 1 : 7.03740119934082
3 <---> 2 : 7.8220367431640625
datapath         port     rx-pkts  rx-bytes rx-error tx-pkts  tx-bytes tx-error
---------------- -------- -------- -------- -------- -------- -------- --------
0000000000000001        1        6      476        0      545    42590        0
0000000000000001        2      569    36675        0      566    36495        0
0000000000000001        3      566    36495        0      567    36555        0
datapath         in-port  eth-dst           out-port packets  bytes
---------------- -------- ----------------- -------- -------- --------
0000000000000001        1       192.168.0.2        2        1       98
0000000000000001        1       192.168.0.3        3        1       98
0000000000000001        2       192.168.0.1        1        2      196
0000000000000001        3       192.168.0.1        1        2      196
datapath         port     rx-pkts  rx-bytes rx-error tx-pkts  tx-bytes tx-error
---------------- -------- -------- -------- -------- -------- -------- --------
0000000000000002        1        6      476        0      541    42296        0
0000000000000002        2      567    36555        0      566    36495        0
0000000000000002        3      567    36555        0      568    36615        0
datapath         in-port  eth-dst           out-port packets  bytes
---------------- -------- ----------------- -------- -------- --------
0000000000000002        1       192.168.0.1        2        2      196
0000000000000002        1       192.168.0.2        3        2      196
0000000000000002        2       192.168.0.3        1        2      196
0000000000000002        3       192.168.0.3        1        2      196
datapath         port     rx-pkts  rx-bytes rx-error tx-pkts  tx-bytes tx-error
---------------- -------- -------- -------- -------- -------- -------- --------
0000000000000003        1        6      476        0      540    42236        0
0000000000000003        2      566    36495        0      569    36675        0
0000000000000003        3      568    36615        0      567    36555        0
datapath         in-port  eth-dst           out-port packets  bytes
---------------- -------- ----------------- -------- -------- --------
0000000000000003        1       192.168.0.1        2        2      196
0000000000000003        1       192.168.0.3        3        1       98
0000000000000003        2       192.168.0.2        1        2      196
0000000000000003        3       192.168.0.2        1        2      196
discovery--->==================================== discovery ====================================
discovery---> cls: [(2, 3), (2, 1), (3, 1)]
discovery--->=============================================================================
==================================== link detector ====================================

----------------------------
src    dst :    delay
2 <---> 3 : 8.25190544128418
2 <---> 1 : 10.311126708984375
1 <---> 3 : 7.183074951171875
1 <---> 2 : 10.118722915649414
3 <---> 1 : 7.045269012451172
3 <---> 2 : 8.116722106933594
datapath         port     rx-pkts  rx-bytes rx-error tx-pkts  tx-bytes tx-error
---------------- -------- -------- -------- -------- -------- -------- --------
0000000000000001        1        6      476        0      550    42980        0
0000000000000001        2      574    36975        0      571    36795        0
0000000000000001        3      571    36795        0      572    36855        0
datapath         in-port  eth-dst           out-port packets  bytes
---------------- -------- ----------------- -------- -------- --------
0000000000000001        1       192.168.0.2        2        1       98
0000000000000001        1       192.168.0.3        3        1       98
0000000000000001        2       192.168.0.1        1        2      196
0000000000000001        3       192.168.0.1        1        2      196
datapath         port     rx-pkts  rx-bytes rx-error tx-pkts  tx-bytes tx-error
---------------- -------- -------- -------- -------- -------- -------- --------
0000000000000002        1        6      476        0      546    42686        0
0000000000000002        2      572    36855        0      571    36795        0
0000000000000002        3      572    36855        0      574    36975        0
datapath         in-port  eth-dst           out-port packets  bytes
---------------- -------- ----------------- -------- -------- --------
0000000000000002        1       192.168.0.1        2        2      196
0000000000000002        1       192.168.0.2        3        2      196
0000000000000002        2       192.168.0.3        1        2      196
0000000000000002        3       192.168.0.3        1        2      196
datapath         port     rx-pkts  rx-bytes rx-error tx-pkts  tx-bytes tx-error
---------------- -------- -------- -------- -------- -------- -------- --------
0000000000000003        1        6      476        0      545    42626        0
0000000000000003        2      571    36795        0      574    36975        0
0000000000000003        3      574    36975        0      572    36855        0
datapath         in-port  eth-dst           out-port packets  bytes
---------------- -------- ----------------- -------- -------- --------
0000000000000003        1       192.168.0.1        2        2      196
0000000000000003        1       192.168.0.3        3        1       98
0000000000000003        2       192.168.0.2        1        2      196
0000000000000003        3       192.168.0.2        1        2      196
discovery--->==================================== discovery ====================================
discovery---> cls: [(2, 3), (2, 1), (3, 1)]
discovery--->=============================================================================
==================================== link detector ====================================

----------------------------
src    dst :    delay
2 <---> 3 : 7.132530212402344
2 <---> 1 : 9.427785873413086
1 <---> 3 : 8.345603942871094
1 <---> 2 : 9.613037109375
3 <---> 1 : 7.511377334594727
3 <---> 2 : 7.6732635498046875
==================================== link detector ====================================

----------------------------
src    dst :    delay
2 <---> 3 : 6.737470626831055
2 <---> 1 : 8.362054824829102
1 <---> 3 : 8.158445358276367
1 <---> 2 : 10.162830352783203
3 <---> 1 : 7.0590972900390625
3 <---> 2 : 8.112907409667969
datapath         port     rx-pkts  rx-bytes rx-error tx-pkts  tx-bytes tx-error
---------------- -------- -------- -------- -------- -------- -------- --------
0000000000000001        1        6      476        0      556    43448        0
0000000000000001        2      580    37335        0      577    37155        0
0000000000000001        3      577    37155        0      578    37215        0
datapath         in-port  eth-dst           out-port packets  bytes
---------------- -------- ----------------- -------- -------- --------
0000000000000001        1       192.168.0.2        2        1       98
0000000000000001        1       192.168.0.3        3        1       98
0000000000000001        2       192.168.0.1        1        2      196
0000000000000001        3       192.168.0.1        1        2      196
datapath         port     rx-pkts  rx-bytes rx-error tx-pkts  tx-bytes tx-error
---------------- -------- -------- -------- -------- -------- -------- --------
0000000000000002        1        6      476        0      552    43154        0
0000000000000002        2      578    37215        0      577    37155        0
0000000000000002        3      578    37215        0      579    37275        0
datapath         in-port  eth-dst           out-port packets  bytes
---------------- -------- ----------------- -------- -------- --------
0000000000000002        1       192.168.0.1        2        2      196
0000000000000002        1       192.168.0.2        3        2      196
0000000000000002        2       192.168.0.3        1        2      196
0000000000000002        3       192.168.0.3        1        2      196
datapath         port     rx-pkts  rx-bytes rx-error tx-pkts  tx-bytes tx-error
---------------- -------- -------- -------- -------- -------- -------- --------
0000000000000003        1        6      476        0      551    43094        0
0000000000000003        2      577    37155        0      580    37335        0
0000000000000003        3      579    37275        0      578    37215        0
datapath         in-port  eth-dst           out-port packets  bytes
---------------- -------- ----------------- -------- -------- --------
0000000000000003        1       192.168.0.1        2        2      196
0000000000000003        1       192.168.0.3        3        1       98
0000000000000003        2       192.168.0.2        1        2      196
0000000000000003        3       192.168.0.2        1        2      196
discovery--->==================================== discovery ====================================
discovery---> cls: [(2, 3), (2, 1), (3, 1)]
discovery--->=============================================================================
==================================== link detector ====================================

----------------------------
src    dst :    delay
2 <---> 3 : 7.576942443847656
2 <---> 1 : 10.03122329711914
1 <---> 3 : 6.744623184204102
1 <---> 2 : 9.389162063598633
3 <---> 1 : 6.210803985595703
3 <---> 2 : 7.222652435302734
datapath         port     rx-pkts  rx-bytes rx-error tx-pkts  tx-bytes tx-error
---------------- -------- -------- -------- -------- -------- -------- --------
0000000000000001        1        6      476        0      561    43838        0
0000000000000001        2      585    37635        0      582    37455        0
0000000000000001        3      583    37515        0      583    37515        0
datapath         in-port  eth-dst           out-port packets  bytes
---------------- -------- ----------------- -------- -------- --------
0000000000000001        1       192.168.0.2        2        1       98
0000000000000001        1       192.168.0.3        3        1       98
0000000000000001        2       192.168.0.1        1        2      196
0000000000000001        3       192.168.0.1        1        2      196
datapath         port     rx-pkts  rx-bytes rx-error tx-pkts  tx-bytes tx-error
---------------- -------- -------- -------- -------- -------- -------- --------
0000000000000002        1        6      476        0      558    43622        0
0000000000000002        2      583    37515        0      583    37515        0
0000000000000002        3      583    37515        0      585    37635        0
datapath         in-port  eth-dst           out-port packets  bytes
---------------- -------- ----------------- -------- -------- --------
0000000000000002        1       192.168.0.1        2        2      196
0000000000000002        1       192.168.0.2        3        2      196
0000000000000002        2       192.168.0.3        1        2      196
0000000000000002        3       192.168.0.3        1        2      196
datapath         port     rx-pkts  rx-bytes rx-error tx-pkts  tx-bytes tx-error
---------------- -------- -------- -------- -------- -------- -------- --------
0000000000000003        1        6      476        0      556    43484        0
0000000000000003        2      582    37455        0      585    37635        0
0000000000000003        3      585    37635        0      583    37515        0
datapath         in-port  eth-dst           out-port packets  bytes
---------------- -------- ----------------- -------- -------- --------
0000000000000003        1       192.168.0.1        2        2      196
0000000000000003        1       192.168.0.3        3        1       98
0000000000000003        2       192.168.0.2        1        2      196
0000000000000003        3       192.168.0.2        1        2      196
discovery--->==================================== discovery ====================================
discovery---> cls: [(2, 3), (2, 1), (3, 1)]
discovery--->=============================================================================
==================================== link detector ====================================

----------------------------
src    dst :    delay
2 <---> 3 : 8.127927780151367
2 <---> 1 : 9.093999862670898
1 <---> 3 : 7.201910018920898
1 <---> 2 : 10.07533073425293
3 <---> 1 : 7.085084915161133
3 <---> 2 : 8.307695388793945
==================================== link detector ====================================

----------------------------
src    dst :    delay
2 <---> 3 : 7.220029830932617
2 <---> 1 : 10.107040405273438
1 <---> 3 : 7.296323776245117
1 <---> 2 : 9.621381759643555
3 <---> 1 : 8.1787109375
3 <---> 2 : 7.524013519287109
datapath         port     rx-pkts  rx-bytes rx-error tx-pkts  tx-bytes tx-error
---------------- -------- -------- -------- -------- -------- -------- --------
0000000000000001        1        6      476        0      567    44306        0
0000000000000001        2      591    37995        0      588    37815        0
0000000000000001        3      588    37815        0      589    37875        0
datapath         in-port  eth-dst           out-port packets  bytes
---------------- -------- ----------------- -------- -------- --------
0000000000000001        1       192.168.0.2        2        1       98
0000000000000001        1       192.168.0.3        3        1       98
0000000000000001        2       192.168.0.1        1        2      196
0000000000000001        3       192.168.0.1        1        2      196
datapath         port     rx-pkts  rx-bytes rx-error tx-pkts  tx-bytes tx-error
---------------- -------- -------- -------- -------- -------- -------- --------
0000000000000003        1        6      476        0      562    43952        0
0000000000000003        2      588    37815        0      591    37995        0
0000000000000003        3      590    37935        0      589    37875        0
datapath         in-port  eth-dst           out-port packets  bytes
---------------- -------- ----------------- -------- -------- --------
0000000000000003        1       192.168.0.1        2        2      196
0000000000000003        1       192.168.0.3        3        1       98
0000000000000003        2       192.168.0.2        1        2      196
0000000000000003        3       192.168.0.2        1        2      196
datapath         port     rx-pkts  rx-bytes rx-error tx-pkts  tx-bytes tx-error
---------------- -------- -------- -------- -------- -------- -------- --------
0000000000000002        1        6      476        0      563    44012        0
0000000000000002        2      589    37875        0      588    37815        0
0000000000000002        3      589    37875        0      590    37935        0
datapath         in-port  eth-dst           out-port packets  bytes
---------------- -------- ----------------- -------- -------- --------
0000000000000002        1       192.168.0.1        2        2      196
0000000000000002        1       192.168.0.2        3        2      196
0000000000000002        2       192.168.0.3        1        2      196
0000000000000002        3       192.168.0.3        1        2      196
discovery--->==================================== discovery ====================================
discovery---> cls: [(2, 3), (2, 1), (3, 1)]
discovery--->=============================================================================
==================================== link detector ====================================

----------------------------
src    dst :    delay
2 <---> 3 : 8.024930953979492
2 <---> 1 : 9.744644165039062
1 <---> 3 : 6.958961486816406
1 <---> 2 : 10.001182556152344
3 <---> 1 : 8.048057556152344
3 <---> 2 : 7.207393646240234
==================================== link detector ====================================

----------------------------
src    dst :    delay
2 <---> 3 : 8.162260055541992
2 <---> 1 : 8.908271789550781
1 <---> 3 : 6.665706634521484
1 <---> 2 : 10.029315948486328
3 <---> 1 : 8.153200149536133
3 <---> 2 : 7.118701934814453
datapath         port     rx-pkts  rx-bytes rx-error tx-pkts  tx-bytes tx-error
---------------- -------- -------- -------- -------- -------- -------- --------
0000000000000001        1        6      476        0      573    44774        0
0000000000000001        2      596    38295        0      594    38175        0
0000000000000001        3      594    38175        0      594    38175        0
datapath         in-port  eth-dst           out-port packets  bytes
---------------- -------- ----------------- -------- -------- --------
0000000000000001        1       192.168.0.2        2        1       98
0000000000000001        1       192.168.0.3        3        1       98
0000000000000001        2       192.168.0.1        1        2      196
0000000000000001        3       192.168.0.1        1        2      196
datapath         port     rx-pkts  rx-bytes rx-error tx-pkts  tx-bytes tx-error
---------------- -------- -------- -------- -------- -------- -------- --------
0000000000000002        1        6      476        0      569    44480        0
0000000000000002        2      594    38175        0      594    38175        0
0000000000000002        3      594    38175        0      596    38295        0
datapath         in-port  eth-dst           out-port packets  bytes
---------------- -------- ----------------- -------- -------- --------
0000000000000002        1       192.168.0.1        2        2      196
0000000000000002        1       192.168.0.2        3        2      196
0000000000000002        2       192.168.0.3        1        2      196
0000000000000002        3       192.168.0.3        1        2      196
datapath         port     rx-pkts  rx-bytes rx-error tx-pkts  tx-bytes tx-error
---------------- -------- -------- -------- -------- -------- -------- --------
0000000000000003        1        6      476        0      567    44342        0
0000000000000003        2      594    38175        0      596    38295        0
0000000000000003        3      596    38295        0      594    38175        0
datapath         in-port  eth-dst           out-port packets  bytes
---------------- -------- ----------------- -------- -------- --------
0000000000000003        1       192.168.0.1        2        2      196
0000000000000003        1       192.168.0.3        3        1       98
0000000000000003        2       192.168.0.2        1        2      196
0000000000000003        3       192.168.0.2        1        2      196
discovery--->==================================== discovery ====================================
discovery---> cls: [(2, 3), (2, 1), (3, 1)]
discovery--->=============================================================================
==================================== link detector ====================================

----------------------------
src    dst :    delay
2 <---> 3 : 8.187532424926758
2 <---> 1 : 10.161638259887695
1 <---> 3 : 8.31460952758789
1 <---> 2 : 10.109186172485352
3 <---> 1 : 7.143974304199219
3 <---> 2 : 8.267641067504883
datapath         port     rx-pkts  rx-bytes rx-error tx-pkts  tx-bytes tx-error
---------------- -------- -------- -------- -------- -------- -------- --------
0000000000000001        1        6      476        0      578    45164        0
0000000000000001        2      603    38858        0      600    38678        0
0000000000000001        3      600    38678        0      601    38738        0
datapath         in-port  eth-dst           out-port packets  bytes
---------------- -------- ----------------- -------- -------- --------
0000000000000001        1       192.168.0.2        2        1       98
0000000000000001        1       192.168.0.3        3        1       98
0000000000000001        2       192.168.0.1        1        2      196
0000000000000001        3       192.168.0.1        1        2      196
datapath         port     rx-pkts  rx-bytes rx-error tx-pkts  tx-bytes tx-error
---------------- -------- -------- -------- -------- -------- -------- --------
0000000000000002        1        6      476        0      574    44870        0
0000000000000002        2      601    38738        0      600    38678        0
0000000000000002        3      601    38738        0      602    38798        0
datapath         in-port  eth-dst           out-port packets  bytes
---------------- -------- ----------------- -------- -------- --------
0000000000000002        1       192.168.0.1        2        2      196
0000000000000002        1       192.168.0.2        3        2      196
0000000000000002        2       192.168.0.3        1        2      196
0000000000000002        3       192.168.0.3        1        2      196
datapath         port     rx-pkts  rx-bytes rx-error tx-pkts  tx-bytes tx-error
---------------- -------- -------- -------- -------- -------- -------- --------
0000000000000003        1        6      476        0      573    44810        0
0000000000000003        2      600    38678        0      603    38858        0
0000000000000003        3      602    38798        0      601    38738        0
datapath         in-port  eth-dst           out-port packets  bytes
---------------- -------- ----------------- -------- -------- --------
0000000000000003        1       192.168.0.1        2        2      196
0000000000000003        1       192.168.0.3        3        1       98
0000000000000003        2       192.168.0.2        1        2      196
0000000000000003        3       192.168.0.2        1        2      196
discovery--->==================================== discovery ====================================
discovery---> cls: [(2, 3), (2, 1), (3, 1)]
discovery--->=============================================================================
==================================== link detector ====================================

----------------------------
src    dst :    delay
2 <---> 3 : 8.123159408569336
2 <---> 1 : 9.389400482177734
1 <---> 3 : 8.07952880859375
1 <---> 2 : 9.316682815551758
3 <---> 1 : 7.314920425415039
3 <---> 2 : 8.036136627197266
==================================== link detector ====================================

----------------------------
src    dst :    delay
2 <---> 3 : 8.363962173461914
2 <---> 1 : 9.124994277954102
1 <---> 3 : 8.137702941894531
1 <---> 2 : 9.547233581542969
3 <---> 1 : 8.462190628051758
3 <---> 2 : 6.902217864990234
datapath         port     rx-pkts  rx-bytes rx-error tx-pkts  tx-bytes tx-error
---------------- -------- -------- -------- -------- -------- -------- --------
0000000000000001        1        6      476        0      584    45632        0
0000000000000001        2      609    39228        0      606    39038        0
0000000000000001        3      606    39038        0      606    39038        0
datapath         in-port  eth-dst           out-port packets  bytes
---------------- -------- ----------------- -------- -------- --------
0000000000000001        1       192.168.0.2        2        1       98
0000000000000001        1       192.168.0.3        3        1       98
0000000000000001        2       192.168.0.1        1        2      196
0000000000000001        3       192.168.0.1        1        2      196
datapath         port     rx-pkts  rx-bytes rx-error tx-pkts  tx-bytes tx-error
---------------- -------- -------- -------- -------- -------- -------- --------
0000000000000002        1        6      476        0      580    45338        0
0000000000000002        2      606    39038        0      606    39038        0
0000000000000002        3      606    39038        0      608    39158        0
datapath         in-port  eth-dst           out-port packets  bytes
---------------- -------- ----------------- -------- -------- --------
0000000000000002        1       192.168.0.1        2        2      196
0000000000000002        1       192.168.0.2        3        2      196
0000000000000002        2       192.168.0.3        1        2      196
0000000000000002        3       192.168.0.3        1        2      196
datapath         port     rx-pkts  rx-bytes rx-error tx-pkts  tx-bytes tx-error
---------------- -------- -------- -------- -------- -------- -------- --------
0000000000000003        1        6      476        0      579    45278        0
0000000000000003        2      606    39038        0      609    39228        0
0000000000000003        3      608    39158        0      606    39038        0
datapath         in-port  eth-dst           out-port packets  bytes
---------------- -------- ----------------- -------- -------- --------
0000000000000003        1       192.168.0.1        2        2      196
0000000000000003        1       192.168.0.3        3        1       98
0000000000000003        2       192.168.0.2        1        2      196
0000000000000003        3       192.168.0.2        1        2      196
discovery--->==================================== discovery ====================================
discovery---> cls: [(2, 3), (2, 1), (3, 1)]
discovery--->=============================================================================
==================================== link detector ====================================

----------------------------
src    dst :    delay
2 <---> 3 : 6.288290023803711
2 <---> 1 : 9.93800163269043
1 <---> 3 : 7.397890090942383
1 <---> 2 : 9.125947952270508
3 <---> 1 : 8.095502853393555
3 <---> 2 : 7.138729095458984
datapath         port     rx-pkts  rx-bytes rx-error tx-pkts  tx-bytes tx-error
---------------- -------- -------- -------- -------- -------- -------- --------
0000000000000001        1        6      476        0      589    46022        0
0000000000000001        2      615    39588        0      611    39338        0
0000000000000001        3      611    39338        0      612    39398        0
datapath         port     rx-pkts  rx-bytes rx-error tx-pkts  tx-bytes tx-error
---------------- -------- -------- -------- -------- -------- -------- --------
0000000000000002        1        6      476        0      585    45728        0
0000000000000002        2      612    39398        0      611    39338        0
0000000000000002        3      612    39398        0      613    39458        0
datapath         in-port  eth-dst           out-port packets  bytes
---------------- -------- ----------------- -------- -------- --------
0000000000000002        1       192.168.0.1        2        2      196
0000000000000002        1       192.168.0.2        3        2      196
0000000000000002        2       192.168.0.3        1        2      196
0000000000000002        3       192.168.0.3        1        2      196
datapath         port     rx-pkts  rx-bytes rx-error tx-pkts  tx-bytes tx-error
---------------- -------- -------- -------- -------- -------- -------- --------
0000000000000003        1        6      476        0      584    45668        0
0000000000000003        2      611    39338        0      615    39588        0
0000000000000003        3      613    39458        0      612    39398        0
datapath         in-port  eth-dst           out-port packets  bytes
---------------- -------- ----------------- -------- -------- --------
0000000000000003        1       192.168.0.1        2        2      196
0000000000000003        1       192.168.0.3        3        1       98
0000000000000003        2       192.168.0.2        1        2      196
0000000000000003        3       192.168.0.2        1        2      196
datapath         in-port  eth-dst           out-port packets  bytes
---------------- -------- ----------------- -------- -------- --------
0000000000000001        1       192.168.0.2        2        1       98
0000000000000001        1       192.168.0.3        3        1       98
0000000000000001        2       192.168.0.1        1        2      196
0000000000000001        3       192.168.0.1        1        2      196
discovery--->==================================== discovery ====================================
discovery---> cls: [(2, 3), (2, 1), (3, 1)]
discovery--->=============================================================================
==================================== link detector ====================================

----------------------------
src    dst :    delay
2 <---> 3 : 7.581949234008789
2 <---> 1 : 10.188817977905273
1 <---> 3 : 8.208513259887695
1 <---> 2 : 8.254051208496094
3 <---> 1 : 7.529497146606445
3 <---> 2 : 7.428169250488281
==================================== link detector ====================================

----------------------------
src    dst :    delay
2 <---> 3 : 7.560014724731445
2 <---> 1 : 9.601116180419922
1 <---> 3 : 8.220911026000977
1 <---> 2 : 10.17141342163086
3 <---> 1 : 6.7462921142578125
3 <---> 2 : 8.280754089355469
datapath         port     rx-pkts  rx-bytes rx-error tx-pkts  tx-bytes tx-error
---------------- -------- -------- -------- -------- -------- -------- --------
0000000000000001        1        6      476        0      595    46490        0
0000000000000001        2      620    39888        0      617    39698        0
0000000000000001        3      617    39698        0      618    39758        0
datapath         in-port  eth-dst           out-port packets  bytes
---------------- -------- ----------------- -------- -------- --------
0000000000000001        1       192.168.0.2        2        1       98
0000000000000001        1       192.168.0.3        3        1       98
0000000000000001        2       192.168.0.1        1        2      196
0000000000000001        3       192.168.0.1        1        2      196
datapath         port     rx-pkts  rx-bytes rx-error tx-pkts  tx-bytes tx-error
---------------- -------- -------- -------- -------- -------- -------- --------
0000000000000002        1        6      476        0      591    46196        0
0000000000000002        2      618    39758        0      617    39698        0
0000000000000002        3      618    39758        0      619    39818        0
datapath         in-port  eth-dst           out-port packets  bytes
---------------- -------- ----------------- -------- -------- --------
0000000000000002        1       192.168.0.1        2        2      196
0000000000000002        1       192.168.0.2        3        2      196
0000000000000002        2       192.168.0.3        1        2      196
0000000000000002        3       192.168.0.3        1        2      196
datapath         port     rx-pkts  rx-bytes rx-error tx-pkts  tx-bytes tx-error
---------------- -------- -------- -------- -------- -------- -------- --------
0000000000000003        1        6      476        0      590    46136        0
0000000000000003        2      617    39698        0      620    39888        0
0000000000000003        3      619    39818        0      618    39758        0
datapath         in-port  eth-dst           out-port packets  bytes
---------------- -------- ----------------- -------- -------- --------
0000000000000003        1       192.168.0.1        2        2      196
0000000000000003        1       192.168.0.3        3        1       98
0000000000000003        2       192.168.0.2        1        2      196
0000000000000003        3       192.168.0.2        1        2      196
discovery--->==================================== discovery ====================================
discovery---> cls: [(2, 3), (2, 1), (3, 1)]
discovery--->=============================================================================
==================================== link detector ====================================

----------------------------
src    dst :    delay
2 <---> 3 : 7.168054580688477
2 <---> 1 : 9.011507034301758
1 <---> 3 : 7.131099700927734
1 <---> 2 : 10.111570358276367
3 <---> 1 : 8.128643035888672
3 <---> 2 : 8.261680603027344
==================================== link detector ====================================

----------------------------
src    dst :    delay
2 <---> 3 : 7.171154022216797
2 <---> 1 : 9.643077850341797
1 <---> 3 : 7.094144821166992
1 <---> 2 : 10.304689407348633
3 <---> 1 : 6.801128387451172
3 <---> 2 : 8.21232795715332
datapath         port     rx-pkts  rx-bytes rx-error tx-pkts  tx-bytes tx-error
---------------- -------- -------- -------- -------- -------- -------- --------
0000000000000001        1        6      476        0      600    46880        0
0000000000000001        2      626    40248        0      622    39998        0
0000000000000001        3      622    39998        0      623    40058        0
datapath         in-port  eth-dst           out-port packets  bytes
---------------- -------- ----------------- -------- -------- --------
0000000000000001        1       192.168.0.2        2        1       98
0000000000000001        1       192.168.0.3        3        1       98
0000000000000001        2       192.168.0.1        1        2      196
0000000000000001        3       192.168.0.1        1        2      196
datapath         port     rx-pkts  rx-bytes rx-error tx-pkts  tx-bytes tx-error
---------------- -------- -------- -------- -------- -------- -------- --------
0000000000000002        1        6      476        0      596    46586        0
0000000000000002        2      623    40058        0      622    39998        0
0000000000000002        3      623    40058        0      625    40178        0
datapath         in-port  eth-dst           out-port packets  bytes
---------------- -------- ----------------- -------- -------- --------
0000000000000002        1       192.168.0.1        2        2      196
0000000000000002        1       192.168.0.2        3        2      196
0000000000000002        2       192.168.0.3        1        2      196
0000000000000002        3       192.168.0.3        1        2      196
datapath         port     rx-pkts  rx-bytes rx-error tx-pkts  tx-bytes tx-error
---------------- -------- -------- -------- -------- -------- -------- --------
0000000000000003        1        6      476        0      595    46526        0
0000000000000003        2      622    39998        0      626    40248        0
0000000000000003        3      625    40178        0      623    40058        0
datapath         in-port  eth-dst           out-port packets  bytes
---------------- -------- ----------------- -------- -------- --------
0000000000000003        1       192.168.0.1        2        2      196
0000000000000003        1       192.168.0.3        3        1       98
0000000000000003        2       192.168.0.2        1        2      196
0000000000000003        3       192.168.0.2        1        2      196
discovery--->==================================== discovery ====================================
discovery---> cls: [(2, 3), (2, 1), (3, 1)]
discovery--->=============================================================================
==================================== link detector ====================================

----------------------------
src    dst :    delay
2 <---> 3 : 8.18634033203125
2 <---> 1 : 9.229183197021484
1 <---> 3 : 8.115291595458984
1 <---> 2 : 10.099172592163086
3 <---> 1 : 7.133007049560547
3 <---> 2 : 8.160829544067383
datapath         port     rx-pkts  rx-bytes rx-error tx-pkts  tx-bytes tx-error
---------------- -------- -------- -------- -------- -------- -------- --------
0000000000000001        1        6      476        0      606    47348        0
0000000000000001        2      632    40608        0      628    40358        0
0000000000000001        3      628    40358        0      630    40488        0
datapath         in-port  eth-dst           out-port packets  bytes
---------------- -------- ----------------- -------- -------- --------
0000000000000001        1       192.168.0.2        2        1       98
0000000000000001        1       192.168.0.3        3        1       98
0000000000000001        2       192.168.0.1        1        2      196
0000000000000001        3       192.168.0.1        1        2      196
datapath         port     rx-pkts  rx-bytes rx-error tx-pkts  tx-bytes tx-error
---------------- -------- -------- -------- -------- -------- -------- --------
0000000000000003        1        6      476        0      601    46994        0
0000000000000003        2      628    40358        0      632    40608        0
0000000000000003        3      631    40548        0      629    40418        0
datapath         in-port  eth-dst           out-port packets  bytes
---------------- -------- ----------------- -------- -------- --------
0000000000000003        1       192.168.0.1        2        2      196
0000000000000003        1       192.168.0.3        3        1       98
0000000000000003        2       192.168.0.2        1        2      196
0000000000000003        3       192.168.0.2        1        2      196
datapath         port     rx-pkts  rx-bytes rx-error tx-pkts  tx-bytes tx-error
---------------- -------- -------- -------- -------- -------- -------- --------
0000000000000002        1        6      476        0      602    47054        0
0000000000000002        2      630    40488        0      628    40358        0
0000000000000002        3      629    40418        0      631    40548        0
datapath         in-port  eth-dst           out-port packets  bytes
---------------- -------- ----------------- -------- -------- --------
0000000000000002        1       192.168.0.1        2        2      196
0000000000000002        1       192.168.0.2        3        2      196
0000000000000002        2       192.168.0.3        1        2      196
0000000000000002        3       192.168.0.3        1        2      196
discovery--->==================================== discovery ====================================
discovery---> cls: [(2, 3), (2, 1), (3, 1)]
discovery--->=============================================================================
==================================== link detector ====================================

----------------------------
src    dst :    delay
2 <---> 3 : 7.128477096557617
2 <---> 1 : 9.918689727783203
1 <---> 3 : 7.167339324951172
1 <---> 2 : 9.592056274414062
3 <---> 1 : 8.181333541870117
3 <---> 2 : 6.725072860717773
==================================== link detector ====================================

----------------------------
src    dst :    delay
2 <---> 3 : 8.165597915649414
2 <---> 1 : 10.08749008178711
1 <---> 3 : 6.323337554931641
1 <---> 2 : 9.839534759521484
3 <---> 1 : 7.165431976318359
3 <---> 2 : 8.111238479614258
datapath         port     rx-pkts  rx-bytes rx-error tx-pkts  tx-bytes tx-error
---------------- -------- -------- -------- -------- -------- -------- --------
0000000000000001        1        6      476        0      611    47738        0
0000000000000001        2      637    40908        0      633    40658        0
0000000000000001        3      634    40718        0      635    40788        0
datapath         in-port  eth-dst           out-port packets  bytes
---------------- -------- ----------------- -------- -------- --------
0000000000000001        1       192.168.0.2        2        1       98
0000000000000001        1       192.168.0.3        3        1       98
0000000000000001        2       192.168.0.1        1        2      196
0000000000000001        3       192.168.0.1        1        2      196
datapath         port     rx-pkts  rx-bytes rx-error tx-pkts  tx-bytes tx-error
---------------- -------- -------- -------- -------- -------- -------- --------
0000000000000002        1        6      476        0      607    47444        0
0000000000000002        2      635    40788        0      634    40718        0
0000000000000002        3      634    40718        0      637    40908        0
datapath         in-port  eth-dst           out-port packets  bytes
---------------- -------- ----------------- -------- -------- --------
0000000000000002        1       192.168.0.1        2        2      196
0000000000000002        1       192.168.0.2        3        2      196
0000000000000002        2       192.168.0.3        1        2      196
0000000000000002        3       192.168.0.3        1        2      196
datapath         port     rx-pkts  rx-bytes rx-error tx-pkts  tx-bytes tx-error
---------------- -------- -------- -------- -------- -------- -------- --------
0000000000000003        1        6      476        0      606    47384        0
0000000000000003        2      633    40658        0      637    40908        0
0000000000000003        3      637    40908        0      634    40718        0
datapath         in-port  eth-dst           out-port packets  bytes
---------------- -------- ----------------- -------- -------- --------
0000000000000003        1       192.168.0.1        2        2      196
0000000000000003        1       192.168.0.3        3        1       98
0000000000000003        2       192.168.0.2        1        2      196
0000000000000003        3       192.168.0.2        1        2      196
discovery--->==================================== discovery ====================================
discovery---> cls: [(2, 3), (2, 1), (3, 1)]
discovery--->=============================================================================
==================================== link detector ====================================

----------------------------
src    dst :    delay
2 <---> 3 : 6.730318069458008
2 <---> 1 : 10.318994522094727
1 <---> 3 : 7.729768753051758
1 <---> 2 : 10.205268859863281
3 <---> 1 : 6.765604019165039
3 <---> 2 : 8.063316345214844
datapath         port     rx-pkts  rx-bytes rx-error tx-pkts  tx-bytes tx-error
---------------- -------- -------- -------- -------- -------- -------- --------
0000000000000001        1        6      476        0      617    48206        0
0000000000000001        2      643    41268        0      639    41018        0
0000000000000001        3      639    41018        0      641    41148        0
datapath         in-port  eth-dst           out-port packets  bytes
---------------- -------- ----------------- -------- -------- --------
0000000000000001        1       192.168.0.2        2        1       98
0000000000000001        1       192.168.0.3        3        1       98
0000000000000001        2       192.168.0.1        1        2      196
0000000000000001        3       192.168.0.1        1        2      196
datapath         port     rx-pkts  rx-bytes rx-error tx-pkts  tx-bytes tx-error
---------------- -------- -------- -------- -------- -------- -------- --------
0000000000000003        1        6      476        0      612    47852        0
0000000000000003        2      639    41018        0      643    41268        0
0000000000000003        3      642    41208        0      640    41078        0
datapath         in-port  eth-dst           out-port packets  bytes
---------------- -------- ----------------- -------- -------- --------
0000000000000003        1       192.168.0.1        2        2      196
0000000000000003        1       192.168.0.3        3        1       98
0000000000000003        2       192.168.0.2        1        2      196
0000000000000003        3       192.168.0.2        1        2      196
datapath         port     rx-pkts  rx-bytes rx-error tx-pkts  tx-bytes tx-error
---------------- -------- -------- -------- -------- -------- -------- --------
0000000000000002        1        6      476        0      613    47912        0
0000000000000002        2      641    41148        0      639    41018        0
0000000000000002        3      640    41078        0      642    41208        0
datapath         in-port  eth-dst           out-port packets  bytes
---------------- -------- ----------------- -------- -------- --------
0000000000000002        1       192.168.0.1        2        2      196
0000000000000002        1       192.168.0.2        3        2      196
0000000000000002        2       192.168.0.3        1        2      196
0000000000000002        3       192.168.0.3        1        2      196
discovery--->==================================== discovery ====================================
discovery---> cls: [(2, 3), (2, 1), (3, 1)]
discovery--->=============================================================================
==================================== link detector ====================================

----------------------------
src    dst :    delay
2 <---> 3 : 7.653713226318359
2 <---> 1 : 8.147239685058594
1 <---> 3 : 7.845640182495117
1 <---> 2 : 10.062456130981445
3 <---> 1 : 6.641864776611328
3 <---> 2 : 7.825136184692383
==================================== link detector ====================================

----------------------------
src    dst :    delay
2 <---> 3 : 6.700754165649414
2 <---> 1 : 8.765459060668945
1 <---> 3 : 6.657123565673828
1 <---> 2 : 8.687019348144531
3 <---> 1 : 6.986141204833984
3 <---> 2 : 6.4544677734375
datapath         port     rx-pkts  rx-bytes rx-error tx-pkts  tx-bytes tx-error
---------------- -------- -------- -------- -------- -------- -------- --------
0000000000000001        1        6      476        0      622    48596        0
0000000000000001        2      648    41568        0      646    41448        0
0000000000000001        3      646    41448        0      646    41448        0
datapath         in-port  eth-dst           out-port packets  bytes
---------------- -------- ----------------- -------- -------- --------
0000000000000001        1       192.168.0.2        2        1       98
0000000000000001        1       192.168.0.3        3        1       98
0000000000000001        2       192.168.0.1        1        2      196
0000000000000001        3       192.168.0.1        1        2      196
datapath         port     rx-pkts  rx-bytes rx-error tx-pkts  tx-bytes tx-error
---------------- -------- -------- -------- -------- -------- -------- --------
0000000000000002        1        6      476        0      619    48380        0
0000000000000002        2      646    41448        0      646    41448        0
0000000000000002        3      645    41378        0      648    41568        0
datapath         in-port  eth-dst           out-port packets  bytes
---------------- -------- ----------------- -------- -------- --------
0000000000000002        1       192.168.0.1        2        2      196
0000000000000002        1       192.168.0.2        3        2      196
0000000000000002        2       192.168.0.3        1        2      196
0000000000000002        3       192.168.0.3        1        2      196
datapath         port     rx-pkts  rx-bytes rx-error tx-pkts  tx-bytes tx-error
---------------- -------- -------- -------- -------- -------- -------- --------
0000000000000003        1        6      476        0      617    48242        0
0000000000000003        2      646    41448        0      648    41568        0
0000000000000003        3      648    41568        0      645    41378        0
datapath         in-port  eth-dst           out-port packets  bytes
---------------- -------- ----------------- -------- -------- --------
0000000000000003        1       192.168.0.1        2        2      196
0000000000000003        1       192.168.0.3        3        1       98
0000000000000003        2       192.168.0.2        1        2      196
0000000000000003        3       192.168.0.2        1        2      196
discovery--->==================================== discovery ====================================
discovery---> cls: [(2, 3), (2, 1), (3, 1)]
discovery--->=============================================================================
==================================== link detector ====================================

----------------------------
src    dst :    delay
2 <---> 3 : 7.396697998046875
2 <---> 1 : 8.67772102355957
1 <---> 3 : 8.090019226074219
1 <---> 2 : 10.05101203918457
3 <---> 1 : 6.803035736083984
3 <---> 2 : 6.865262985229492
datapath         port     rx-pkts  rx-bytes rx-error tx-pkts  tx-bytes tx-error
---------------- -------- -------- -------- -------- -------- -------- --------
0000000000000001        1        6      476        0      628    49064        0
0000000000000001        2      654    41928        0      651    41748        0
0000000000000001        3      651    41748        0      652    41808        0
datapath         in-port  eth-dst           out-port packets  bytes
---------------- -------- ----------------- -------- -------- --------
0000000000000001        1       192.168.0.2        2        1       98
0000000000000001        1       192.168.0.3        3        1       98
0000000000000001        2       192.168.0.1        1        2      196
0000000000000001        3       192.168.0.1        1        2      196
datapath         port     rx-pkts  rx-bytes rx-error tx-pkts  tx-bytes tx-error
---------------- -------- -------- -------- -------- -------- -------- --------
0000000000000003        1        6      476        0      623    48710        0
0000000000000003        2      651    41748        0      654    41928        0
0000000000000003        3      653    41868        0      651    41738        0
datapath         in-port  eth-dst           out-port packets  bytes
---------------- -------- ----------------- -------- -------- --------
0000000000000003        1       192.168.0.1        2        2      196
0000000000000003        1       192.168.0.3        3        1       98
0000000000000003        2       192.168.0.2        1        2      196
0000000000000003        3       192.168.0.2        1        2      196
datapath         port     rx-pkts  rx-bytes rx-error tx-pkts  tx-bytes tx-error
---------------- -------- -------- -------- -------- -------- -------- --------
0000000000000002        1        6      476        0      624    48770        0
0000000000000002        2      652    41808        0      651    41748        0
0000000000000002        3      651    41738        0      653    41868        0
datapath         in-port  eth-dst           out-port packets  bytes
---------------- -------- ----------------- -------- -------- --------
0000000000000002        1       192.168.0.1        2        2      196
0000000000000002        1       192.168.0.2        3        2      196
0000000000000002        2       192.168.0.3        1        2      196
0000000000000002        3       192.168.0.3        1        2      196
==================================== link detector ====================================

----------------------------
src    dst :    delay
2 <---> 3 : 7.026433944702148
2 <---> 1 : 8.297204971313477
1 <---> 3 : 6.656885147094727
1 <---> 2 : 9.062767028808594
3 <---> 1 : 6.888389587402344
3 <---> 2 : 7.556438446044922
discovery--->==================================== discovery ====================================
discovery---> cls: [(2, 3), (2, 1), (3, 1)]
discovery--->=============================================================================
==================================== link detector ====================================

----------------------------
src    dst :    delay
2 <---> 3 : 8.188009262084961
2 <---> 1 : 8.802652359008789
1 <---> 3 : 8.075952529907227
1 <---> 2 : 9.27877426147461
3 <---> 1 : 7.205724716186523
3 <---> 2 : 8.153676986694336
datapath         port     rx-pkts  rx-bytes rx-error tx-pkts  tx-bytes tx-error
---------------- -------- -------- -------- -------- -------- -------- --------
0000000000000001        1        6      476        0      634    49532        0
0000000000000001        2      659    42228        0      657    42108        0
0000000000000001        3      657    42108        0      657    42108        0
datapath         in-port  eth-dst           out-port packets  bytes
---------------- -------- ----------------- -------- -------- --------
0000000000000001        1       192.168.0.2        2        1       98
0000000000000001        1       192.168.0.3        3        1       98
0000000000000001        2       192.168.0.1        1        2      196
0000000000000001        3       192.168.0.1        1        2      196
datapath         port     rx-pkts  rx-bytes rx-error tx-pkts  tx-bytes tx-error
---------------- -------- -------- -------- -------- -------- -------- --------
0000000000000003        1        6      476        0      629    49178        0
0000000000000003        2      657    42108        0      659    42228        0
0000000000000003        3      659    42228        0      656    42038        0
datapath         in-port  eth-dst           out-port packets  bytes
---------------- -------- ----------------- -------- -------- --------
0000000000000003        1       192.168.0.1        2        2      196
0000000000000003        1       192.168.0.3        3        1       98
0000000000000003        2       192.168.0.2        1        2      196
0000000000000003        3       192.168.0.2        1        2      196
datapath         port     rx-pkts  rx-bytes rx-error tx-pkts  tx-bytes tx-error
---------------- -------- -------- -------- -------- -------- -------- --------
0000000000000002        1        6      476        0      630    49238        0
0000000000000002        2      657    42108        0      657    42108        0
0000000000000002        3      656    42038        0      659    42228        0
datapath         in-port  eth-dst           out-port packets  bytes
---------------- -------- ----------------- -------- -------- --------
0000000000000002        1       192.168.0.1        2        2      196
0000000000000002        1       192.168.0.2        3        2      196
0000000000000002        2       192.168.0.3        1        2      196
0000000000000002        3       192.168.0.3        1        2      196
discovery--->==================================== discovery ====================================
discovery---> cls: [(2, 3), (2, 1), (3, 1)]
discovery--->=============================================================================
==================================== link detector ====================================

----------------------------
src    dst :    delay
2 <---> 3 : 6.702661514282227
2 <---> 1 : 10.128259658813477
1 <---> 3 : 6.387472152709961
1 <---> 2 : 10.096073150634766
3 <---> 1 : 8.373260498046875
3 <---> 2 : 7.035017013549805
==================================== link detector ====================================

----------------------------
src    dst :    delay
2 <---> 3 : 6.482124328613281
2 <---> 1 : 8.261442184448242
1 <---> 3 : 8.203983306884766
1 <---> 2 : 8.782148361206055
3 <---> 1 : 6.580591201782227
3 <---> 2 : 7.512331008911133
datapath         port     rx-pkts  rx-bytes rx-error tx-pkts  tx-bytes tx-error
---------------- -------- -------- -------- -------- -------- -------- --------
0000000000000001        1        6      476        0      639    49922        0
0000000000000001        2      665    42588        0      662    42408        0
0000000000000001        3      662    42408        0      663    42468        0
datapath         in-port  eth-dst           out-port packets  bytes
---------------- -------- ----------------- -------- -------- --------
0000000000000001        1       192.168.0.2        2        1       98
0000000000000001        1       192.168.0.3        3        1       98
0000000000000001        2       192.168.0.1        1        2      196
0000000000000001        3       192.168.0.1        1        2      196
datapath         port     rx-pkts  rx-bytes rx-error tx-pkts  tx-bytes tx-error
---------------- -------- -------- -------- -------- -------- -------- --------
0000000000000003        1        6      476        0      634    49568        0
0000000000000003        2      662    42408        0      665    42588        0
0000000000000003        3      664    42528        0      662    42398        0
datapath         in-port  eth-dst           out-port packets  bytes
---------------- -------- ----------------- -------- -------- --------
0000000000000003        1       192.168.0.1        2        2      196
0000000000000003        1       192.168.0.3        3        1       98
0000000000000003        2       192.168.0.2        1        2      196
0000000000000003        3       192.168.0.2        1        2      196
datapath         port     rx-pkts  rx-bytes rx-error tx-pkts  tx-bytes tx-error
---------------- -------- -------- -------- -------- -------- -------- --------
0000000000000002        1        6      476        0      635    49628        0
0000000000000002        2      663    42468        0      662    42408        0
0000000000000002        3      662    42398        0      664    42528        0
datapath         in-port  eth-dst           out-port packets  bytes
---------------- -------- ----------------- -------- -------- --------
0000000000000002        1       192.168.0.1        2        2      196
0000000000000002        1       192.168.0.2        3        2      196
0000000000000002        2       192.168.0.3        1        2      196
0000000000000002        3       192.168.0.3        1        2      196
discovery--->==================================== discovery ====================================
discovery---> cls: [(2, 3), (2, 1), (3, 1)]
discovery--->=============================================================================
==================================== link detector ====================================

----------------------------
src    dst :    delay
2 <---> 3 : 6.585359573364258
2 <---> 1 : 8.172750473022461
1 <---> 3 : 8.112668991088867
1 <---> 2 : 10.011672973632812
3 <---> 1 : 7.307767868041992
3 <---> 2 : 7.325887680053711
datapath         port     rx-pkts  rx-bytes rx-error tx-pkts  tx-bytes tx-error
---------------- -------- -------- -------- -------- -------- -------- --------
0000000000000001        1        6      476        0      645    50390        0
0000000000000001        2      670    42888        0      668    42768        0
0000000000000001        3      668    42768        0      669    42828        0
datapath         in-port  eth-dst           out-port packets  bytes
---------------- -------- ----------------- -------- -------- --------
0000000000000001        1       192.168.0.2        2        1       98
0000000000000001        1       192.168.0.3        3        1       98
0000000000000001        2       192.168.0.1        1        2      196
0000000000000001        3       192.168.0.1        1        2      196
datapath         port     rx-pkts  rx-bytes rx-error tx-pkts  tx-bytes tx-error
---------------- -------- -------- -------- -------- -------- -------- --------
0000000000000003        1        6      476        0      640    50036        0
0000000000000003        2      668    42768        0      670    42888        0
0000000000000003        3      670    42888        0      668    42758        0
datapath         in-port  eth-dst           out-port packets  bytes
---------------- -------- ----------------- -------- -------- --------
0000000000000003        1       192.168.0.1        2        2      196
0000000000000003        1       192.168.0.3        3        1       98
0000000000000003        2       192.168.0.2        1        2      196
0000000000000003        3       192.168.0.2        1        2      196
datapath         port     rx-pkts  rx-bytes rx-error tx-pkts  tx-bytes tx-error
---------------- -------- -------- -------- -------- -------- -------- --------
0000000000000002        1        6      476        0      641    50096        0
0000000000000002        2      669    42828        0      668    42768        0
0000000000000002        3      668    42758        0      670    42888        0
datapath         in-port  eth-dst           out-port packets  bytes
---------------- -------- ----------------- -------- -------- --------
0000000000000002        1       192.168.0.1        2        2      196
0000000000000002        1       192.168.0.2        3        2      196
0000000000000002        2       192.168.0.3        1        2      196
0000000000000002        3       192.168.0.3        1        2      196
discovery--->==================================== discovery ====================================
discovery---> cls: [(2, 3), (2, 1), (3, 1)]
discovery--->=============================================================================
==================================== link detector ====================================

----------------------------
src    dst :    delay
2 <---> 3 : 7.529020309448242
2 <---> 1 : 9.869575500488281
1 <---> 3 : 7.036924362182617
1 <---> 2 : 8.555412292480469
3 <---> 1 : 6.706714630126953
3 <---> 2 : 8.151769638061523
==================================== link detector ====================================

----------------------------
src    dst :    delay
2 <---> 3 : 7.378339767456055
2 <---> 1 : 8.391857147216797
1 <---> 3 : 8.065223693847656
1 <---> 2 : 8.554458618164062
3 <---> 1 : 7.66444206237793
3 <---> 2 : 7.016420364379883
datapath         port     rx-pkts  rx-bytes rx-error tx-pkts  tx-bytes tx-error
---------------- -------- -------- -------- -------- -------- -------- --------
0000000000000001        1        6      476        0      650    50780        0
0000000000000001        2      676    43248        0      673    43068        0
0000000000000001        3      673    43068        0      674    43128        0
datapath         in-port  eth-dst           out-port packets  bytes
---------------- -------- ----------------- -------- -------- --------
0000000000000001        1       192.168.0.2        2        1       98
0000000000000001        1       192.168.0.3        3        1       98
0000000000000001        2       192.168.0.1        1        2      196
0000000000000001        3       192.168.0.1        1        2      196
datapath         port     rx-pkts  rx-bytes rx-error tx-pkts  tx-bytes tx-error
---------------- -------- -------- -------- -------- -------- -------- --------
0000000000000002        1        6      476        0      646    50486        0
0000000000000002        2      674    43128        0      673    43068        0
0000000000000002        3      673    43058        0      675    43188        0
datapath         in-port  eth-dst           out-port packets  bytes
---------------- -------- ----------------- -------- -------- --------
0000000000000002        1       192.168.0.1        2        2      196
0000000000000002        1       192.168.0.2        3        2      196
0000000000000002        2       192.168.0.3        1        2      196
0000000000000002        3       192.168.0.3        1        2      196
datapath         port     rx-pkts  rx-bytes rx-error tx-pkts  tx-bytes tx-error
---------------- -------- -------- -------- -------- -------- -------- --------
0000000000000003        1        6      476        0      645    50426        0
0000000000000003        2      673    43068        0      676    43248        0
0000000000000003        3      675    43188        0      673    43058        0
datapath         in-port  eth-dst           out-port packets  bytes
---------------- -------- ----------------- -------- -------- --------
0000000000000003        1       192.168.0.1        2        2      196
0000000000000003        1       192.168.0.3        3        1       98
0000000000000003        2       192.168.0.2        1        2      196
0000000000000003        3       192.168.0.2        1        2      196
discovery--->==================================== discovery ====================================
discovery---> cls: [(2, 3), (2, 1), (3, 1)]
discovery--->=============================================================================
==================================== link detector ====================================

----------------------------
src    dst :    delay
2 <---> 3 : 8.188009262084961
2 <---> 1 : 8.68988037109375
1 <---> 3 : 7.097482681274414
1 <---> 2 : 10.058164596557617
3 <---> 1 : 8.141517639160156
3 <---> 2 : 6.912946701049805
datapath         port     rx-pkts  rx-bytes rx-error tx-pkts  tx-bytes tx-error
---------------- -------- -------- -------- -------- -------- -------- --------
0000000000000001        1        6      476        0      656    51248        0
0000000000000001        2      682    43608        0      679    43428        0
0000000000000001        3      679    43428        0      680    43488        0
datapath         in-port  eth-dst           out-port packets  bytes
---------------- -------- ----------------- -------- -------- --------
0000000000000001        1       192.168.0.2        2        1       98
0000000000000001        1       192.168.0.3        3        1       98
0000000000000001        2       192.168.0.1        1        2      196
0000000000000001        3       192.168.0.1        1        2      196
datapath         port     rx-pkts  rx-bytes rx-error tx-pkts  tx-bytes tx-error
---------------- -------- -------- -------- -------- -------- -------- --------
0000000000000003        1        6      476        0      651    50894        0
0000000000000003        2      679    43428        0      682    43608        0
0000000000000003        3      681    43548        0      679    43418        0
datapath         in-port  eth-dst           out-port packets  bytes
---------------- -------- ----------------- -------- -------- --------
0000000000000003        1       192.168.0.1        2        2      196
0000000000000003        1       192.168.0.3        3        1       98
0000000000000003        2       192.168.0.2        1        2      196
0000000000000003        3       192.168.0.2        1        2      196
datapath         port     rx-pkts  rx-bytes rx-error tx-pkts  tx-bytes tx-error
---------------- -------- -------- -------- -------- -------- -------- --------
0000000000000002        1        6      476        0      652    50954        0
0000000000000002        2      680    43488        0      679    43428        0
0000000000000002        3      679    43418        0      681    43548        0
datapath         in-port  eth-dst           out-port packets  bytes
---------------- -------- ----------------- -------- -------- --------
0000000000000002        1       192.168.0.1        2        2      196
0000000000000002        1       192.168.0.2        3        2      196
0000000000000002        2       192.168.0.3        1        2      196
0000000000000002        3       192.168.0.3        1        2      196
discovery--->==================================== discovery ====================================
discovery---> cls: [(2, 3), (2, 1), (3, 1)]
discovery--->=============================================================================
==================================== link detector ====================================

----------------------------
src    dst :    delay
2 <---> 3 : 6.224870681762695
2 <---> 1 : 10.077476501464844
1 <---> 3 : 6.698131561279297
1 <---> 2 : 9.568214416503906
3 <---> 1 : 7.228374481201172
3 <---> 2 : 7.546186447143555
==================================== link detector ====================================

----------------------------
src    dst :    delay
2 <---> 3 : 8.06283950805664
2 <---> 1 : 8.634805679321289
1 <---> 3 : 8.052349090576172
1 <---> 2 : 10.138273239135742
3 <---> 1 : 7.0438385009765625
3 <---> 2 : 8.089780807495117
datapath         port     rx-pkts  rx-bytes rx-error tx-pkts  tx-bytes tx-error
---------------- -------- -------- -------- -------- -------- -------- --------
0000000000000001        1        6      476        0      661    51638        0
0000000000000001        2      687    43908        0      684    43728        0
0000000000000001        3      685    43788        0      685    43788        0
datapath         in-port  eth-dst           out-port packets  bytes
---------------- -------- ----------------- -------- -------- --------
0000000000000001        1       192.168.0.2        2        1       98
0000000000000001        1       192.168.0.3        3        1       98
0000000000000001        2       192.168.0.1        1        2      196
0000000000000001        3       192.168.0.1        1        2      196
datapath         port     rx-pkts  rx-bytes rx-error tx-pkts  tx-bytes tx-error
---------------- -------- -------- -------- -------- -------- -------- --------
0000000000000003        1        6      476        0      656    51284        0
0000000000000003        2      684    43728        0      687    43908        0
0000000000000003        3      687    43908        0      684    43718        0
datapath         in-port  eth-dst           out-port packets  bytes
---------------- -------- ----------------- -------- -------- --------
0000000000000003        1       192.168.0.1        2        2      196
0000000000000003        1       192.168.0.3        3        1       98
0000000000000003        2       192.168.0.2        1        2      196
0000000000000003        3       192.168.0.2        1        2      196
datapath         port     rx-pkts  rx-bytes rx-error tx-pkts  tx-bytes tx-error
---------------- -------- -------- -------- -------- -------- -------- --------
0000000000000002        1        6      476        0      657    51344        0
0000000000000002        2      685    43788        0      685    43788        0
0000000000000002        3      684    43718        0      687    43908        0
datapath         in-port  eth-dst           out-port packets  bytes
---------------- -------- ----------------- -------- -------- --------
0000000000000002        1       192.168.0.1        2        2      196
0000000000000002        1       192.168.0.2        3        2      196
0000000000000002        2       192.168.0.3        1        2      196
0000000000000002        3       192.168.0.3        1        2      196
discovery--->==================================== discovery ====================================
discovery---> cls: [(2, 3), (2, 1), (3, 1)]
discovery--->=============================================================================
==================================== link detector ====================================

----------------------------
src    dst :    delay
2 <---> 3 : 8.409976959228516
2 <---> 1 : 8.783578872680664
1 <---> 3 : 7.936000823974609
1 <---> 2 : 10.050058364868164
3 <---> 1 : 8.09335708618164
3 <---> 2 : 7.109880447387695
==================================== link detector ====================================

----------------------------
src    dst :    delay
2 <---> 3 : 8.13746452331543
2 <---> 1 : 8.720159530639648
1 <---> 3 : 6.707429885864258
1 <---> 2 : 8.759498596191406
3 <---> 1 : 8.15892219543457
3 <---> 2 : 6.782293319702148
datapath         port     rx-pkts  rx-bytes rx-error tx-pkts  tx-bytes tx-error
---------------- -------- -------- -------- -------- -------- -------- --------
0000000000000001        1        6      476        0      667    52106        0
0000000000000001        2      693    44268        0      690    44088        0
0000000000000001        3      690    44088        0      691    44148        0
datapath         in-port  eth-dst           out-port packets  bytes
---------------- -------- ----------------- -------- -------- --------
0000000000000001        1       192.168.0.2        2        1       98
0000000000000001        1       192.168.0.3        3        1       98
0000000000000001        2       192.168.0.1        1        2      196
0000000000000001        3       192.168.0.1        1        2      196
datapath         port     rx-pkts  rx-bytes rx-error tx-pkts  tx-bytes tx-error
---------------- -------- -------- -------- -------- -------- -------- --------
0000000000000003        1        6      476        0      662    51752        0
0000000000000003        2      690    44088        0      693    44268        0
0000000000000003        3      692    44208        0      690    44078        0
datapath         in-port  eth-dst           out-port packets  bytes
---------------- -------- ----------------- -------- -------- --------
0000000000000003        1       192.168.0.1        2        2      196
0000000000000003        1       192.168.0.3        3        1       98
0000000000000003        2       192.168.0.2        1        2      196
0000000000000003        3       192.168.0.2        1        2      196
datapath         port     rx-pkts  rx-bytes rx-error tx-pkts  tx-bytes tx-error
---------------- -------- -------- -------- -------- -------- -------- --------
0000000000000002        1        6      476        0      663    51812        0
0000000000000002        2      691    44148        0      690    44088        0
0000000000000002        3      690    44078        0      692    44208        0
datapath         in-port  eth-dst           out-port packets  bytes
---------------- -------- ----------------- -------- -------- --------
0000000000000002        1       192.168.0.1        2        2      196
0000000000000002        1       192.168.0.2        3        2      196
0000000000000002        2       192.168.0.3        1        2      196
0000000000000002        3       192.168.0.3        1        2      196
discovery--->==================================== discovery ====================================
discovery---> cls: [(2, 3), (2, 1), (3, 1)]
discovery--->=============================================================================
==================================== link detector ====================================

----------------------------
src    dst :    delay
2 <---> 3 : 6.75201416015625
2 <---> 1 : 9.972810745239258
1 <---> 3 : 8.167743682861328
1 <---> 2 : 8.78596305847168
3 <---> 1 : 6.40559196472168
3 <---> 2 : 8.119821548461914
datapath         port     rx-pkts  rx-bytes rx-error tx-pkts  tx-bytes tx-error
---------------- -------- -------- -------- -------- -------- -------- --------
0000000000000001        1        6      476        0      672    52496        0
0000000000000001        2      698    44568        0      696    44448        0
0000000000000001        3      696    44448        0      696    44448        0
datapath         in-port  eth-dst           out-port packets  bytes
---------------- -------- ----------------- -------- -------- --------
0000000000000001        1       192.168.0.2        2        1       98
0000000000000001        1       192.168.0.3        3        1       98
0000000000000001        2       192.168.0.1        1        2      196
0000000000000001        3       192.168.0.1        1        2      196
datapath         port     rx-pkts  rx-bytes rx-error tx-pkts  tx-bytes tx-error
---------------- -------- -------- -------- -------- -------- -------- --------
0000000000000003        1        6      476        0      667    52142        0
0000000000000003        2      696    44448        0      698    44568        0
0000000000000003        3      698    44568        0      695    44378        0
datapath         in-port  eth-dst           out-port packets  bytes
---------------- -------- ----------------- -------- -------- --------
0000000000000003        1       192.168.0.1        2        2      196
0000000000000003        1       192.168.0.3        3        1       98
0000000000000003        2       192.168.0.2        1        2      196
0000000000000003        3       192.168.0.2        1        2      196
datapath         port     rx-pkts  rx-bytes rx-error tx-pkts  tx-bytes tx-error
---------------- -------- -------- -------- -------- -------- -------- --------
0000000000000002        1        6      476        0      669    52280        0
0000000000000002        2      696    44448        0      696    44448        0
0000000000000002        3      695    44378        0      698    44568        0
datapath         in-port  eth-dst           out-port packets  bytes
---------------- -------- ----------------- -------- -------- --------
0000000000000002        1       192.168.0.1        2        2      196
0000000000000002        1       192.168.0.2        3        2      196
0000000000000002        2       192.168.0.3        1        2      196
0000000000000002        3       192.168.0.3        1        2      196
discovery--->==================================== discovery ====================================
discovery---> cls: [(2, 3), (2, 1), (3, 1)]
discovery--->=============================================================================
==================================== link detector ====================================

----------------------------
src    dst :    delay
2 <---> 3 : 7.142543792724609
2 <---> 1 : 10.113716125488281
1 <---> 3 : 8.10384750366211
1 <---> 2 : 9.71674919128418
3 <---> 1 : 6.509304046630859
3 <---> 2 : 6.83140754699707
==================================== link detector ====================================

----------------------------
src    dst :    delay
2 <---> 3 : 8.171558380126953
2 <---> 1 : 8.739948272705078
1 <---> 3 : 8.234739303588867
1 <---> 2 : 8.507251739501953
3 <---> 1 : 7.328271865844727
3 <---> 2 : 7.781744003295898
datapath         port     rx-pkts  rx-bytes rx-error tx-pkts  tx-bytes tx-error
---------------- -------- -------- -------- -------- -------- -------- --------
0000000000000001        1        6      476        0      678    52964        0
0000000000000001        2      704    44928        0      701    44748        0
0000000000000001        3      701    44748        0      702    44808        0
datapath         in-port  eth-dst           out-port packets  bytes
---------------- -------- ----------------- -------- -------- --------
0000000000000001        1       192.168.0.2        2        1       98
0000000000000001        1       192.168.0.3        3        1       98
0000000000000001        2       192.168.0.1        1        2      196
0000000000000001        3       192.168.0.1        1        2      196
datapath         port     rx-pkts  rx-bytes rx-error tx-pkts  tx-bytes tx-error
---------------- -------- -------- -------- -------- -------- -------- --------
0000000000000003        1        6      476        0      673    52610        0
0000000000000003        2      701    44748        0      704    44928        0
0000000000000003        3      703    44868        0      702    44808        0
datapath         in-port  eth-dst           out-port packets  bytes
---------------- -------- ----------------- -------- -------- --------
0000000000000003        1       192.168.0.1        2        2      196
0000000000000003        1       192.168.0.3        3        1       98
0000000000000003        2       192.168.0.2        1        2      196
0000000000000003        3       192.168.0.2        1        2      196
datapath         port     rx-pkts  rx-bytes rx-error tx-pkts  tx-bytes tx-error
---------------- -------- -------- -------- -------- -------- -------- --------
0000000000000002        1        6      476        0      674    52670        0
0000000000000002        2      702    44808        0      701    44748        0
0000000000000002        3      702    44808        0      703    44868        0
datapath         in-port  eth-dst           out-port packets  bytes
---------------- -------- ----------------- -------- -------- --------
0000000000000002        1       192.168.0.1        2        2      196
0000000000000002        1       192.168.0.2        3        2      196
0000000000000002        2       192.168.0.3        1        2      196
0000000000000002        3       192.168.0.3        1        2      196
discovery--->==================================== discovery ====================================
discovery---> cls: [(2, 3), (2, 1), (3, 1)]
discovery--->=============================================================================
==================================== link detector ====================================

----------------------------
src    dst :    delay
2 <---> 3 : 6.237506866455078
2 <---> 1 : 8.759498596191406
1 <---> 3 : 7.128477096557617
1 <---> 2 : 10.112285614013672
3 <---> 1 : 6.659984588623047
3 <---> 2 : 7.414102554321289
datapath         port     rx-pkts  rx-bytes rx-error tx-pkts  tx-bytes tx-error
---------------- -------- -------- -------- -------- -------- -------- --------
0000000000000001        1        6      476        0      684    53432        0
0000000000000001        2      709    45228        0      707    45108        0
0000000000000001        3      707    45108        0      707    45108        0
datapath         in-port  eth-dst           out-port packets  bytes
---------------- -------- ----------------- -------- -------- --------
0000000000000001        1       192.168.0.2        2        1       98
0000000000000001        1       192.168.0.3        3        1       98
0000000000000001        2       192.168.0.1        1        2      196
0000000000000001        3       192.168.0.1        1        2      196
datapath         port     rx-pkts  rx-bytes rx-error tx-pkts  tx-bytes tx-error
---------------- -------- -------- -------- -------- -------- -------- --------
0000000000000002        1        6      476        0      680    53138        0
0000000000000002        2      707    45108        0      707    45108        0
0000000000000002        3      707    45108        0      709    45228        0
datapath         in-port  eth-dst           out-port packets  bytes
---------------- -------- ----------------- -------- -------- --------
0000000000000002        1       192.168.0.1        2        2      196
0000000000000002        1       192.168.0.2        3        2      196
0000000000000002        2       192.168.0.3        1        2      196
0000000000000002        3       192.168.0.3        1        2      196
datapath         port     rx-pkts  rx-bytes rx-error tx-pkts  tx-bytes tx-error
---------------- -------- -------- -------- -------- -------- -------- --------
0000000000000003        1        6      476        0      678    53000        0
0000000000000003        2      707    45108        0      709    45228        0
0000000000000003        3      709    45228        0      707    45108        0
datapath         in-port  eth-dst           out-port packets  bytes
---------------- -------- ----------------- -------- -------- --------
0000000000000003        1       192.168.0.1        2        2      196
0000000000000003        1       192.168.0.3        3        1       98
0000000000000003        2       192.168.0.2        1        2      196
0000000000000003        3       192.168.0.2        1        2      196
discovery--->==================================== discovery ====================================
discovery---> cls: [(2, 3), (2, 1), (3, 1)]
discovery--->=============================================================================
==================================== link detector ====================================

----------------------------
src    dst :    delay
2 <---> 3 : 7.87663459777832
2 <---> 1 : 9.196281433105469
1 <---> 3 : 8.114337921142578
1 <---> 2 : 10.056734085083008
3 <---> 1 : 8.243083953857422
3 <---> 2 : 7.27081298828125
==================================== link detector ====================================

----------------------------
src    dst :    delay
2 <---> 3 : 7.244586944580078
2 <---> 1 : 9.284257888793945
1 <---> 3 : 8.146047592163086
1 <---> 2 : 8.963346481323242
3 <---> 1 : 7.578611373901367
3 <---> 2 : 7.919788360595703
datapath         port     rx-pkts  rx-bytes rx-error tx-pkts  tx-bytes tx-error
---------------- -------- -------- -------- -------- -------- -------- --------
0000000000000001        1        6      476        0      689    53822        0
0000000000000001        2      715    45588        0      712    45408        0
0000000000000001        3      712    45408        0      713    45468        0
datapath         in-port  eth-dst           out-port packets  bytes
---------------- -------- ----------------- -------- -------- --------
0000000000000001        1       192.168.0.2        2        1       98
0000000000000001        1       192.168.0.3        3        1       98
0000000000000001        2       192.168.0.1        1        2      196
0000000000000001        3       192.168.0.1        1        2      196
datapath         port     rx-pkts  rx-bytes rx-error tx-pkts  tx-bytes tx-error
---------------- -------- -------- -------- -------- -------- -------- --------
0000000000000002        1        6      476        0      685    53528        0
0000000000000002        2      713    45468        0      712    45408        0
0000000000000002        3      713    45468        0      714    45528        0
datapath         in-port  eth-dst           out-port packets  bytes
---------------- -------- ----------------- -------- -------- --------
0000000000000002        1       192.168.0.1        2        2      196
0000000000000002        1       192.168.0.2        3        2      196
0000000000000002        2       192.168.0.3        1        2      196
0000000000000002        3       192.168.0.3        1        2      196
datapath         port     rx-pkts  rx-bytes rx-error tx-pkts  tx-bytes tx-error
---------------- -------- -------- -------- -------- -------- -------- --------
0000000000000003        1        6      476        0      684    53468        0
0000000000000003        2      712    45408        0      715    45588        0
0000000000000003        3      714    45528        0      713    45468        0
datapath         in-port  eth-dst           out-port packets  bytes
---------------- -------- ----------------- -------- -------- --------
0000000000000003        1       192.168.0.1        2        2      196
0000000000000003        1       192.168.0.3        3        1       98
0000000000000003        2       192.168.0.2        1        2      196
0000000000000003        3       192.168.0.2        1        2      196
discovery--->==================================== discovery ====================================
discovery---> cls: [(2, 3), (2, 1), (3, 1)]
discovery--->=============================================================================
==================================== link detector ====================================

----------------------------
src    dst :    delay
2 <---> 3 : 7.828474044799805
2 <---> 1 : 8.949995040893555
1 <---> 3 : 6.3877105712890625
1 <---> 2 : 9.034156799316406
3 <---> 1 : 7.7457427978515625
3 <---> 2 : 7.195234298706055
datapath         port     rx-pkts  rx-bytes rx-error tx-pkts  tx-bytes tx-error
---------------- -------- -------- -------- -------- -------- -------- --------
0000000000000001        1        6      476        0      695    54290        0
0000000000000001        2      720    45888        0      718    45768        0
0000000000000001        3      718    45768        0      718    45768        0
datapath         in-port  eth-dst           out-port packets  bytes
---------------- -------- ----------------- -------- -------- --------
0000000000000001        1       192.168.0.2        2        1       98
0000000000000001        1       192.168.0.3        3        1       98
0000000000000001        2       192.168.0.1        1        2      196
0000000000000001        3       192.168.0.1        1        2      196
datapath         port     rx-pkts  rx-bytes rx-error tx-pkts  tx-bytes tx-error
---------------- -------- -------- -------- -------- -------- -------- --------
0000000000000002        1        6      476        0      691    53996        0
0000000000000002        2      718    45768        0      718    45768        0
0000000000000002        3      719    45828        0      720    45888        0
datapath         in-port  eth-dst           out-port packets  bytes
---------------- -------- ----------------- -------- -------- --------
0000000000000002        1       192.168.0.1        2        2      196
0000000000000002        1       192.168.0.2        3        2      196
0000000000000002        2       192.168.0.3        1        2      196
0000000000000002        3       192.168.0.3        1        2      196
datapath         port     rx-pkts  rx-bytes rx-error tx-pkts  tx-bytes tx-error
---------------- -------- -------- -------- -------- -------- -------- --------
0000000000000003        1        6      476        0      690    53936        0
0000000000000003        2      718    45768        0      720    45888        0
0000000000000003        3      720    45888        0      719    45828        0
datapath         in-port  eth-dst           out-port packets  bytes
---------------- -------- ----------------- -------- -------- --------
0000000000000003        1       192.168.0.1        2        2      196
0000000000000003        1       192.168.0.3        3        1       98
0000000000000003        2       192.168.0.2        1        2      196
0000000000000003        3       192.168.0.2        1        2      196
==================================== link detector ====================================

----------------------------
src    dst :    delay
2 <---> 3 : 8.201837539672852
2 <---> 1 : 10.283946990966797
1 <---> 3 : 8.059978485107422
1 <---> 2 : 10.202646255493164
3 <---> 1 : 7.259607315063477
3 <---> 2 : 6.682872772216797
discovery--->==================================== discovery ====================================
discovery---> cls: [(2, 3), (2, 1), (3, 1)]
discovery--->=============================================================================
==================================== link detector ====================================

----------------------------
src    dst :    delay
2 <---> 3 : 6.419897079467773
2 <---> 1 : 8.989095687866211
1 <---> 3 : 8.138895034790039
1 <---> 2 : 10.112762451171875
3 <---> 1 : 7.191658020019531
3 <---> 2 : 8.241415023803711
datapath         port     rx-pkts  rx-bytes rx-error tx-pkts  tx-bytes tx-error
---------------- -------- -------- -------- -------- -------- -------- --------
0000000000000001        1        6      476        0      700    54680        0
0000000000000001        2      726    46248        0      723    46068        0
0000000000000001        3      723    46068        0      724    46128        0
datapath         in-port  eth-dst           out-port packets  bytes
---------------- -------- ----------------- -------- -------- --------
0000000000000001        1       192.168.0.2        2        1       98
0000000000000001        1       192.168.0.3        3        1       98
0000000000000001        2       192.168.0.1        1        2      196
0000000000000001        3       192.168.0.1        1        2      196
datapath         port     rx-pkts  rx-bytes rx-error tx-pkts  tx-bytes tx-error
---------------- -------- -------- -------- -------- -------- -------- --------
0000000000000003        1        6      476        0      695    54326        0
0000000000000003        2      723    46068        0      726    46248        0
0000000000000003        3      725    46188        0      724    46128        0
datapath         in-port  eth-dst           out-port packets  bytes
---------------- -------- ----------------- -------- -------- --------
0000000000000003        1       192.168.0.1        2        2      196
0000000000000003        1       192.168.0.3        3        1       98
0000000000000003        2       192.168.0.2        1        2      196
0000000000000003        3       192.168.0.2        1        2      196
datapath         port     rx-pkts  rx-bytes rx-error tx-pkts  tx-bytes tx-error
---------------- -------- -------- -------- -------- -------- -------- --------
0000000000000002        1        6      476        0      696    54386        0
0000000000000002        2      724    46128        0      723    46068        0
0000000000000002        3      724    46128        0      725    46188        0
datapath         in-port  eth-dst           out-port packets  bytes
---------------- -------- ----------------- -------- -------- --------
0000000000000002        1       192.168.0.1        2        2      196
0000000000000002        1       192.168.0.2        3        2      196
0000000000000002        2       192.168.0.3        1        2      196
0000000000000002        3       192.168.0.3        1        2      196
discovery--->==================================== discovery ====================================
discovery---> cls: [(2, 3), (2, 1), (3, 1)]
discovery--->=============================================================================
==================================== link detector ====================================

----------------------------
src    dst :    delay
2 <---> 3 : 8.359193801879883
2 <---> 1 : 9.288311004638672
1 <---> 3 : 8.146524429321289
1 <---> 2 : 8.942127227783203
3 <---> 1 : 6.338834762573242
3 <---> 2 : 8.16202163696289
==================================== link detector ====================================

----------------------------
src    dst :    delay
2 <---> 3 : 7.314205169677734
2 <---> 1 : 9.222030639648438
1 <---> 3 : 6.901264190673828
1 <---> 2 : 10.143756866455078
3 <---> 1 : 6.627082824707031
3 <---> 2 : 8.240938186645508
datapath         port     rx-pkts  rx-bytes rx-error tx-pkts  tx-bytes tx-error
---------------- -------- -------- -------- -------- -------- -------- --------
0000000000000001        1        6      476        0      706    55148        0
0000000000000001        2      732    46608        0      729    46428        0
0000000000000001        3      729    46428        0      730    46488        0
datapath         in-port  eth-dst           out-port packets  bytes
---------------- -------- ----------------- -------- -------- --------
0000000000000001        1       192.168.0.2        2        1       98
0000000000000001        1       192.168.0.3        3        1       98
0000000000000001        2       192.168.0.1        1        2      196
0000000000000001        3       192.168.0.1        1        2      196
datapath         port     rx-pkts  rx-bytes rx-error tx-pkts  tx-bytes tx-error
---------------- -------- -------- -------- -------- -------- -------- --------
0000000000000002        1        6      476        0      702    54854        0
0000000000000002        2      730    46488        0      729    46428        0
0000000000000002        3      730    46488        0      731    46548        0
datapath         in-port  eth-dst           out-port packets  bytes
---------------- -------- ----------------- -------- -------- --------
0000000000000002        1       192.168.0.1        2        2      196
0000000000000002        1       192.168.0.2        3        2      196
0000000000000002        2       192.168.0.3        1        2      196
0000000000000002        3       192.168.0.3        1        2      196
datapath         port     rx-pkts  rx-bytes rx-error tx-pkts  tx-bytes tx-error
---------------- -------- -------- -------- -------- -------- -------- --------
0000000000000003        1        6      476        0      701    54794        0
0000000000000003        2      729    46428        0      732    46608        0
0000000000000003        3      731    46548        0      730    46488        0
datapath         in-port  eth-dst           out-port packets  bytes
---------------- -------- ----------------- -------- -------- --------
0000000000000003        1       192.168.0.1        2        2      196
0000000000000003        1       192.168.0.3        3        1       98
0000000000000003        2       192.168.0.2        1        2      196
0000000000000003        3       192.168.0.2        1        2      196
discovery--->==================================== discovery ====================================
discovery---> cls: [(2, 3), (2, 1), (3, 1)]
discovery--->=============================================================================
==================================== link detector ====================================

----------------------------
src    dst :    delay
2 <---> 3 : 6.661653518676758
2 <---> 1 : 8.327960968017578
1 <---> 3 : 8.038997650146484
1 <---> 2 : 8.588075637817383
3 <---> 1 : 6.676197052001953
3 <---> 2 : 7.5817108154296875
datapath         port     rx-pkts  rx-bytes rx-error tx-pkts  tx-bytes tx-error
---------------- -------- -------- -------- -------- -------- -------- --------
0000000000000001        1        6      476        0      711    55538        0
0000000000000001        2      737    46908        0      734    46728        0
0000000000000001        3      734    46728        0      735    46788        0
datapath         in-port  eth-dst           out-port packets  bytes
---------------- -------- ----------------- -------- -------- --------
0000000000000001        1       192.168.0.2        2        1       98
0000000000000001        1       192.168.0.3        3        1       98
0000000000000001        2       192.168.0.1        1        2      196
0000000000000001        3       192.168.0.1        1        2      196
datapath         port     rx-pkts  rx-bytes rx-error tx-pkts  tx-bytes tx-error
---------------- -------- -------- -------- -------- -------- -------- --------
0000000000000002        1        6      476        0      707    55244        0
0000000000000002        2      735    46788        0      734    46728        0
0000000000000002        3      735    46788        0      737    46908        0
datapath         in-port  eth-dst           out-port packets  bytes
---------------- -------- ----------------- -------- -------- --------
0000000000000002        1       192.168.0.1        2        2      196
0000000000000002        1       192.168.0.2        3        2      196
0000000000000002        2       192.168.0.3        1        2      196
0000000000000002        3       192.168.0.3        1        2      196
datapath         port     rx-pkts  rx-bytes rx-error tx-pkts  tx-bytes tx-error
---------------- -------- -------- -------- -------- -------- -------- --------
0000000000000003        1        6      476        0      706    55184        0
0000000000000003        2      734    46728        0      737    46908        0
0000000000000003        3      737    46908        0      735    46788        0
datapath         in-port  eth-dst           out-port packets  bytes
---------------- -------- ----------------- -------- -------- --------
0000000000000003        1       192.168.0.1        2        2      196
0000000000000003        1       192.168.0.3        3        1       98
0000000000000003        2       192.168.0.2        1        2      196
0000000000000003        3       192.168.0.2        1        2      196
discovery--->==================================== discovery ====================================
discovery---> cls: [(2, 3), (2, 1), (3, 1)]
discovery--->=============================================================================
==================================== link detector ====================================

----------------------------
src    dst :    delay
2 <---> 3 : 8.369207382202148
2 <---> 1 : 9.200096130371094
1 <---> 3 : 8.185625076293945
1 <---> 2 : 10.297060012817383
3 <---> 1 : 8.29172134399414
3 <---> 2 : 6.800413131713867
==================================== link detector ====================================

----------------------------
src    dst :    delay
2 <---> 3 : 7.019758224487305
2 <---> 1 : 9.590387344360352
1 <---> 3 : 8.042573928833008
1 <---> 2 : 10.043621063232422
3 <---> 1 : 8.151531219482422
3 <---> 2 : 8.507251739501953
datapath         port     rx-pkts  rx-bytes rx-error tx-pkts  tx-bytes tx-error
---------------- -------- -------- -------- -------- -------- -------- --------
0000000000000001        1        6      476        0      717    56006        0
0000000000000001        2      743    47268        0      740    47088        0
0000000000000001        3      740    47088        0      741    47148        0
datapath         in-port  eth-dst           out-port packets  bytes
---------------- -------- ----------------- -------- -------- --------
0000000000000001        1       192.168.0.2        2        1       98
0000000000000001        1       192.168.0.3        3        1       98
0000000000000001        2       192.168.0.1        1        2      196
0000000000000001        3       192.168.0.1        1        2      196
datapath         port     rx-pkts  rx-bytes rx-error tx-pkts  tx-bytes tx-error
---------------- -------- -------- -------- -------- -------- -------- --------
0000000000000003        1        6      476        0      712    55652        0
0000000000000003        2      740    47088        0      743    47268        0
0000000000000003        3      742    47208        0      741    47148        0
datapath         in-port  eth-dst           out-port packets  bytes
---------------- -------- ----------------- -------- -------- --------
0000000000000003        1       192.168.0.1        2        2      196
0000000000000003        1       192.168.0.3        3        1       98
0000000000000003        2       192.168.0.2        1        2      196
0000000000000003        3       192.168.0.2        1        2      196
datapath         port     rx-pkts  rx-bytes rx-error tx-pkts  tx-bytes tx-error
---------------- -------- -------- -------- -------- -------- -------- --------
0000000000000002        1        6      476        0      713    55712        0
0000000000000002        2      741    47148        0      740    47088        0
0000000000000002        3      741    47148        0      742    47208        0
datapath         in-port  eth-dst           out-port packets  bytes
---------------- -------- ----------------- -------- -------- --------
0000000000000002        1       192.168.0.1        2        2      196
0000000000000002        1       192.168.0.2        3        2      196
0000000000000002        2       192.168.0.3        1        2      196
0000000000000002        3       192.168.0.3        1        2      196
discovery--->==================================== discovery ====================================
discovery---> cls: [(2, 3), (2, 1), (3, 1)]
discovery--->=============================================================================
==================================== link detector ====================================

----------------------------
src    dst :    delay
2 <---> 3 : 7.592201232910156
2 <---> 1 : 9.351015090942383
1 <---> 3 : 8.101701736450195
1 <---> 2 : 10.16998291015625
3 <---> 1 : 6.667852401733398
3 <---> 2 : 8.188247680664062
datapath         port     rx-pkts  rx-bytes rx-error tx-pkts  tx-bytes tx-error
---------------- -------- -------- -------- -------- -------- -------- --------
0000000000000001        1        6      476        0      722    56396        0
0000000000000001        2      748    47568        0      745    47388        0
0000000000000001        3      746    47448        0      746    47448        0
datapath         in-port  eth-dst           out-port packets  bytes
---------------- -------- ----------------- -------- -------- --------
0000000000000001        1       192.168.0.2        2        1       98
0000000000000001        1       192.168.0.3        3        1       98
0000000000000001        2       192.168.0.1        1        2      196
0000000000000001        3       192.168.0.1        1        2      196
datapath         port     rx-pkts  rx-bytes rx-error tx-pkts  tx-bytes tx-error
---------------- -------- -------- -------- -------- -------- -------- --------
0000000000000002        1        6      476        0      719    56180        0
0000000000000002        2      746    47448        0      746    47448        0
0000000000000002        3      746    47448        0      748    47568        0
datapath         in-port  eth-dst           out-port packets  bytes
---------------- -------- ----------------- -------- -------- --------
0000000000000002        1       192.168.0.1        2        2      196
0000000000000002        1       192.168.0.2        3        2      196
0000000000000002        2       192.168.0.3        1        2      196
0000000000000002        3       192.168.0.3        1        2      196
datapath         port     rx-pkts  rx-bytes rx-error tx-pkts  tx-bytes tx-error
---------------- -------- -------- -------- -------- -------- -------- --------
0000000000000003        1        6      476        0      717    56042        0
0000000000000003        2      745    47388        0      748    47568        0
0000000000000003        3      748    47568        0      746    47448        0
datapath         in-port  eth-dst           out-port packets  bytes
---------------- -------- ----------------- -------- -------- --------
0000000000000003        1       192.168.0.1        2        2      196
0000000000000003        1       192.168.0.3        3        1       98
0000000000000003        2       192.168.0.2        1        2      196
0000000000000003        3       192.168.0.2        1        2      196
discovery--->==================================== discovery ====================================
discovery---> cls: [(2, 3), (2, 1), (3, 1)]
discovery--->=============================================================================
==================================== link detector ====================================

----------------------------
src    dst :    delay
2 <---> 3 : 8.151531219482422
2 <---> 1 : 8.906126022338867
1 <---> 3 : 7.049560546875
1 <---> 2 : 8.553266525268555
3 <---> 1 : 8.11147689819336
3 <---> 2 : 7.957935333251953
==================================== link detector ====================================

----------------------------
src    dst :    delay
2 <---> 3 : 6.731510162353516
2 <---> 1 : 10.173797607421875
1 <---> 3 : 7.147073745727539
1 <---> 2 : 9.215354919433594
3 <---> 1 : 7.746458053588867
3 <---> 2 : 8.13746452331543
datapath         port     rx-pkts  rx-bytes rx-error tx-pkts  tx-bytes tx-error
---------------- -------- -------- -------- -------- -------- -------- --------
0000000000000001        1        6      476        0      728    56864        0
0000000000000001        2      754    47928        0      751    47748        0
0000000000000001        3      751    47748        0      752    47808        0
datapath         in-port  eth-dst           out-port packets  bytes
---------------- -------- ----------------- -------- -------- --------
0000000000000001        1       192.168.0.2        2        1       98
0000000000000001        1       192.168.0.3        3        1       98
0000000000000001        2       192.168.0.1        1        2      196
0000000000000001        3       192.168.0.1        1        2      196
datapath         port     rx-pkts  rx-bytes rx-error tx-pkts  tx-bytes tx-error
---------------- -------- -------- -------- -------- -------- -------- --------
0000000000000002        1        6      476        0      724    56570        0
0000000000000002        2      752    47808        0      751    47748        0
0000000000000002        3      752    47808        0      753    47868        0
datapath         in-port  eth-dst           out-port packets  bytes
---------------- -------- ----------------- -------- -------- --------
0000000000000002        1       192.168.0.1        2        2      196
0000000000000002        1       192.168.0.2        3        2      196
0000000000000002        2       192.168.0.3        1        2      196
0000000000000002        3       192.168.0.3        1        2      196
datapath         port     rx-pkts  rx-bytes rx-error tx-pkts  tx-bytes tx-error
---------------- -------- -------- -------- -------- -------- -------- --------
0000000000000003        1        6      476        0      723    56510        0
0000000000000003        2      751    47748        0      754    47928        0
0000000000000003        3      753    47868        0      752    47808        0
datapath         in-port  eth-dst           out-port packets  bytes
---------------- -------- ----------------- -------- -------- --------
0000000000000003        1       192.168.0.1        2        2      196
0000000000000003        1       192.168.0.3        3        1       98
0000000000000003        2       192.168.0.2        1        2      196
0000000000000003        3       192.168.0.2        1        2      196
discovery--->==================================== discovery ====================================
discovery---> cls: [(2, 3), (2, 1), (3, 1)]
discovery--->=============================================================================
==================================== link detector ====================================

----------------------------
src    dst :    delay
2 <---> 3 : 6.330728530883789
2 <---> 1 : 10.027885437011719
1 <---> 3 : 6.7348480224609375
1 <---> 2 : 10.195255279541016
3 <---> 1 : 7.345676422119141
3 <---> 2 : 7.029294967651367
==================================== link detector ====================================

----------------------------
src    dst :    delay
2 <---> 3 : 8.258581161499023
2 <---> 1 : 10.420799255371094
1 <---> 3 : 7.260799407958984
1 <---> 2 : 10.149955749511719
3 <---> 1 : 7.269144058227539
3 <---> 2 : 6.961584091186523
datapath         port     rx-pkts  rx-bytes rx-error tx-pkts  tx-bytes tx-error
---------------- -------- -------- -------- -------- -------- -------- --------
0000000000000001        1        6      476        0      734    57332        0
0000000000000001        2      759    48228        0      757    48108        0
0000000000000001        3      757    48108        0      757    48108        0
datapath         in-port  eth-dst           out-port packets  bytes
---------------- -------- ----------------- -------- -------- --------
0000000000000001        1       192.168.0.2        2        1       98
0000000000000001        1       192.168.0.3        3        1       98
0000000000000001        2       192.168.0.1        1        2      196
0000000000000001        3       192.168.0.1        1        2      196
datapath         port     rx-pkts  rx-bytes rx-error tx-pkts  tx-bytes tx-error
---------------- -------- -------- -------- -------- -------- -------- --------
0000000000000002        1        6      476        0      730    57038        0
0000000000000002        2      757    48108        0      757    48108        0
0000000000000002        3      757    48108        0      759    48228        0
datapath         in-port  eth-dst           out-port packets  bytes
---------------- -------- ----------------- -------- -------- --------
0000000000000002        1       192.168.0.1        2        2      196
0000000000000002        1       192.168.0.2        3        2      196
0000000000000002        2       192.168.0.3        1        2      196
0000000000000002        3       192.168.0.3        1        2      196
datapath         port     rx-pkts  rx-bytes rx-error tx-pkts  tx-bytes tx-error
---------------- -------- -------- -------- -------- -------- -------- --------
0000000000000003        1        6      476        0      728    56900        0
0000000000000003        2      757    48108        0      759    48228        0
0000000000000003        3      759    48228        0      757    48108        0
datapath         in-port  eth-dst           out-port packets  bytes
---------------- -------- ----------------- -------- -------- --------
0000000000000003        1       192.168.0.1        2        2      196
0000000000000003        1       192.168.0.3        3        1       98
0000000000000003        2       192.168.0.2        1        2      196
0000000000000003        3       192.168.0.2        1        2      196
discovery--->==================================== discovery ====================================
discovery---> cls: [(2, 3), (2, 1), (3, 1)]
discovery--->=============================================================================
==================================== link detector ====================================

----------------------------
src    dst :    delay
2 <---> 3 : 8.163690567016602
2 <---> 1 : 8.813858032226562
1 <---> 3 : 8.036136627197266
1 <---> 2 : 10.05411148071289
3 <---> 1 : 6.2465667724609375
3 <---> 2 : 7.688760757446289
datapath         port     rx-pkts  rx-bytes rx-error tx-pkts  tx-bytes tx-error
---------------- -------- -------- -------- -------- -------- -------- --------
0000000000000001        1        6      476        0      739    57722        0
0000000000000001        2      765    48588        0      762    48408        0
0000000000000001        3      762    48408        0      763    48468        0
datapath         in-port  eth-dst           out-port packets  bytes
---------------- -------- ----------------- -------- -------- --------
0000000000000001        1       192.168.0.2        2        1       98
0000000000000001        1       192.168.0.3        3        1       98
0000000000000001        2       192.168.0.1        1        2      196
0000000000000001        3       192.168.0.1        1        2      196
datapath         port     rx-pkts  rx-bytes rx-error tx-pkts  tx-bytes tx-error
---------------- -------- -------- -------- -------- -------- -------- --------
0000000000000002        1        6      476        0      735    57428        0
0000000000000002        2      763    48468        0      762    48408        0
0000000000000002        3      763    48468        0      764    48528        0
datapath         in-port  eth-dst           out-port packets  bytes
---------------- -------- ----------------- -------- -------- --------
0000000000000002        1       192.168.0.1        2        2      196
0000000000000002        1       192.168.0.2        3        2      196
0000000000000002        2       192.168.0.3        1        2      196
0000000000000002        3       192.168.0.3        1        2      196
datapath         port     rx-pkts  rx-bytes rx-error tx-pkts  tx-bytes tx-error
---------------- -------- -------- -------- -------- -------- -------- --------
0000000000000003        1        6      476        0      734    57368        0
0000000000000003        2      762    48408        0      765    48588        0
0000000000000003        3      764    48528        0      763    48468        0
datapath         in-port  eth-dst           out-port packets  bytes
---------------- -------- ----------------- -------- -------- --------
0000000000000003        1       192.168.0.1        2        2      196
0000000000000003        1       192.168.0.3        3        1       98
0000000000000003        2       192.168.0.2        1        2      196
0000000000000003        3       192.168.0.2        1        2      196
discovery--->==================================== discovery ====================================
discovery---> cls: [(2, 3), (2, 1), (3, 1)]
discovery--->=============================================================================
==================================== link detector ====================================

----------------------------
src    dst :    delay
2 <---> 3 : 8.3160400390625
2 <---> 1 : 10.140657424926758
1 <---> 3 : 8.39686393737793
1 <---> 2 : 10.168075561523438
3 <---> 1 : 8.372306823730469
3 <---> 2 : 8.180618286132812
==================================== link detector ====================================

----------------------------
src    dst :    delay
2 <---> 3 : 6.721973419189453
2 <---> 1 : 10.163068771362305
1 <---> 3 : 6.531000137329102
1 <---> 2 : 9.049654006958008
3 <---> 1 : 8.147001266479492
3 <---> 2 : 7.071971893310547
datapath         port     rx-pkts  rx-bytes rx-error tx-pkts  tx-bytes tx-error
---------------- -------- -------- -------- -------- -------- -------- --------
0000000000000001        1        6      476        0      745    58190        0
0000000000000001        2      770    48888        0      768    48768        0
0000000000000001        3      768    48768        0      768    48768        0
datapath         in-port  eth-dst           out-port packets  bytes
---------------- -------- ----------------- -------- -------- --------
0000000000000001        1       192.168.0.2        2        1       98
0000000000000001        1       192.168.0.3        3        1       98
0000000000000001        2       192.168.0.1        1        2      196
0000000000000001        3       192.168.0.1        1        2      196
datapath         port     rx-pkts  rx-bytes rx-error tx-pkts  tx-bytes tx-error
---------------- -------- -------- -------- -------- -------- -------- --------
0000000000000002        1        6      476        0      741    57896        0
0000000000000002        2      768    48768        0      768    48768        0
0000000000000002        3      768    48768        0      770    48888        0
datapath         in-port  eth-dst           out-port packets  bytes
---------------- -------- ----------------- -------- -------- --------
0000000000000002        1       192.168.0.1        2        2      196
0000000000000002        1       192.168.0.2        3        2      196
0000000000000002        2       192.168.0.3        1        2      196
0000000000000002        3       192.168.0.3        1        2      196
datapath         port     rx-pkts  rx-bytes rx-error tx-pkts  tx-bytes tx-error
---------------- -------- -------- -------- -------- -------- -------- --------
0000000000000003        1        6      476        0      740    57836        0
0000000000000003        2      768    48768        0      770    48888        0
0000000000000003        3      770    48888        0      768    48768        0
datapath         in-port  eth-dst           out-port packets  bytes
---------------- -------- ----------------- -------- -------- --------
0000000000000003        1       192.168.0.1        2        2      196
0000000000000003        1       192.168.0.3        3        1       98
0000000000000003        2       192.168.0.2        1        2      196
0000000000000003        3       192.168.0.2        1        2      196
discovery--->==================================== discovery ====================================
discovery---> cls: [(2, 3), (2, 1), (3, 1)]
discovery--->=============================================================================
==================================== link detector ====================================

----------------------------
src    dst :    delay
2 <---> 3 : 8.246660232543945
2 <---> 1 : 8.231878280639648
1 <---> 3 : 7.998466491699219
1 <---> 2 : 8.24880599975586
3 <---> 1 : 6.925344467163086
3 <---> 2 : 7.444620132446289
datapath         port     rx-pkts  rx-bytes rx-error tx-pkts  tx-bytes tx-error
---------------- -------- -------- -------- -------- -------- -------- --------
0000000000000001        1        6      476        0      750    58580        0
0000000000000001        2      776    49248        0      773    49068        0
0000000000000001        3      773    49068        0      774    49128        0
datapath         in-port  eth-dst           out-port packets  bytes
---------------- -------- ----------------- -------- -------- --------
0000000000000001        1       192.168.0.2        2        1       98
0000000000000001        1       192.168.0.3        3        1       98
0000000000000001        2       192.168.0.1        1        2      196
0000000000000001        3       192.168.0.1        1        2      196
datapath         port     rx-pkts  rx-bytes rx-error tx-pkts  tx-bytes tx-error
---------------- -------- -------- -------- -------- -------- -------- --------
0000000000000002        1        6      476        0      746    58286        0
0000000000000002        2      774    49128        0      773    49068        0
0000000000000002        3      774    49128        0      775    49188        0
datapath         in-port  eth-dst           out-port packets  bytes
---------------- -------- ----------------- -------- -------- --------
0000000000000002        1       192.168.0.1        2        2      196
0000000000000002        1       192.168.0.2        3        2      196
0000000000000002        2       192.168.0.3        1        2      196
0000000000000002        3       192.168.0.3        1        2      196
datapath         port     rx-pkts  rx-bytes rx-error tx-pkts  tx-bytes tx-error
---------------- -------- -------- -------- -------- -------- -------- --------
0000000000000003        1        6      476        0      745    58226        0
0000000000000003        2      773    49068        0      776    49248        0
0000000000000003        3      775    49188        0      774    49128        0
datapath         in-port  eth-dst           out-port packets  bytes
---------------- -------- ----------------- -------- -------- --------
0000000000000003        1       192.168.0.1        2        2      196
0000000000000003        1       192.168.0.3        3        1       98
0000000000000003        2       192.168.0.2        1        2      196
0000000000000003        3       192.168.0.2        1        2      196
discovery--->==================================== discovery ====================================
discovery---> cls: [(2, 3), (2, 1), (3, 1)]
discovery--->=============================================================================
==================================== link detector ====================================

----------------------------
src    dst :    delay
2 <---> 3 : 6.941080093383789
2 <---> 1 : 10.294198989868164
1 <---> 3 : 6.646871566772461
1 <---> 2 : 8.70513916015625
3 <---> 1 : 6.927490234375
3 <---> 2 : 7.397890090942383
==================================== link detector ====================================

----------------------------
src    dst :    delay
2 <---> 3 : 7.025957107543945
2 <---> 1 : 10.129451751708984
1 <---> 3 : 7.718086242675781
1 <---> 2 : 10.048866271972656
3 <---> 1 : 7.417917251586914
3 <---> 2 : 8.307218551635742
datapath         port     rx-pkts  rx-bytes rx-error tx-pkts  tx-bytes tx-error
---------------- -------- -------- -------- -------- -------- -------- --------
0000000000000001        1        6      476        0      756    59048        0
0000000000000001        2      781    49548        0      779    49428        0
0000000000000001        3      779    49428        0      780    49488        0
datapath         in-port  eth-dst           out-port packets  bytes
---------------- -------- ----------------- -------- -------- --------
0000000000000001        1       192.168.0.2        2        1       98
0000000000000001        1       192.168.0.3        3        1       98
0000000000000001        2       192.168.0.1        1        2      196
0000000000000001        3       192.168.0.1        1        2      196
datapath         port     rx-pkts  rx-bytes rx-error tx-pkts  tx-bytes tx-error
---------------- -------- -------- -------- -------- -------- -------- --------
0000000000000003        1        6      476        0      751    58694        0
0000000000000003        2      779    49428        0      781    49548        0
0000000000000003        3      781    49548        0      780    49488        0
datapath         in-port  eth-dst           out-port packets  bytes
---------------- -------- ----------------- -------- -------- --------
0000000000000003        1       192.168.0.1        2        2      196
0000000000000003        1       192.168.0.3        3        1       98
0000000000000003        2       192.168.0.2        1        2      196
0000000000000003        3       192.168.0.2        1        2      196
datapath         port     rx-pkts  rx-bytes rx-error tx-pkts  tx-bytes tx-error
---------------- -------- -------- -------- -------- -------- -------- --------
0000000000000002        1        6      476        0      752    58754        0
0000000000000002        2      780    49488        0      779    49428        0
0000000000000002        3      780    49488        0      781    49548        0
datapath         in-port  eth-dst           out-port packets  bytes
---------------- -------- ----------------- -------- -------- --------
0000000000000002        1       192.168.0.1        2        2      196
0000000000000002        1       192.168.0.2        3        2      196
0000000000000002        2       192.168.0.3        1        2      196
0000000000000002        3       192.168.0.3        1        2      196
discovery--->==================================== discovery ====================================
discovery---> cls: [(2, 3), (2, 1), (3, 1)]
discovery--->=============================================================================
==================================== link detector ====================================

----------------------------
src    dst :    delay
2 <---> 3 : 7.434606552124023
2 <---> 1 : 9.263753890991211
1 <---> 3 : 6.217002868652344
1 <---> 2 : 9.201526641845703
3 <---> 1 : 7.822275161743164
3 <---> 2 : 8.118867874145508
==================================== link detector ====================================

----------------------------
src    dst :    delay
2 <---> 3 : 8.115768432617188
2 <---> 1 : 8.748054504394531
1 <---> 3 : 6.946563720703125
1 <---> 2 : 8.78143310546875
3 <---> 1 : 8.063793182373047
3 <---> 2 : 8.082389831542969
datapath         port     rx-pkts  rx-bytes rx-error tx-pkts  tx-bytes tx-error
---------------- -------- -------- -------- -------- -------- -------- --------
0000000000000001        1        6      476        0      761    59438        0
0000000000000001        2      787    49908        0      784    49728        0
0000000000000001        3      784    49728        0      785    49788        0
datapath         in-port  eth-dst           out-port packets  bytes
---------------- -------- ----------------- -------- -------- --------
0000000000000001        1       192.168.0.2        2        1       98
0000000000000001        1       192.168.0.3        3        1       98
0000000000000001        2       192.168.0.1        1        2      196
0000000000000001        3       192.168.0.1        1        2      196
datapath         port     rx-pkts  rx-bytes rx-error tx-pkts  tx-bytes tx-error
---------------- -------- -------- -------- -------- -------- -------- --------
0000000000000002        1        6      476        0      757    59144        0
0000000000000002        2      785    49788        0      784    49728        0
0000000000000002        3      785    49788        0      787    49908        0
datapath         in-port  eth-dst           out-port packets  bytes
---------------- -------- ----------------- -------- -------- --------
0000000000000002        1       192.168.0.1        2        2      196
0000000000000002        1       192.168.0.2        3        2      196
0000000000000002        2       192.168.0.3        1        2      196
0000000000000002        3       192.168.0.3        1        2      196
datapath         port     rx-pkts  rx-bytes rx-error tx-pkts  tx-bytes tx-error
---------------- -------- -------- -------- -------- -------- -------- --------
0000000000000003        1        6      476        0      756    59084        0
0000000000000003        2      784    49728        0      787    49908        0
0000000000000003        3      787    49908        0      785    49788        0
datapath         in-port  eth-dst           out-port packets  bytes
---------------- -------- ----------------- -------- -------- --------
0000000000000003        1       192.168.0.1        2        2      196
0000000000000003        1       192.168.0.3        3        1       98
0000000000000003        2       192.168.0.2        1        2      196
0000000000000003        3       192.168.0.2        1        2      196
discovery--->==================================== discovery ====================================
discovery---> cls: [(2, 3), (2, 1), (3, 1)]
discovery--->=============================================================================
==================================== link detector ====================================

----------------------------
src    dst :    delay
2 <---> 3 : 6.446599960327148
2 <---> 1 : 10.16688346862793
1 <---> 3 : 7.156610488891602
1 <---> 2 : 8.97836685180664
3 <---> 1 : 7.816314697265625
3 <---> 2 : 7.16853141784668
datapath         port     rx-pkts  rx-bytes rx-error tx-pkts  tx-bytes tx-error
---------------- -------- -------- -------- -------- -------- -------- --------
0000000000000001        1        6      476        0      767    59906        0
0000000000000001        2      793    50268        0      790    50088        0
0000000000000001        3      790    50088        0      791    50148        0
datapath         in-port  eth-dst           out-port packets  bytes
---------------- -------- ----------------- -------- -------- --------
0000000000000001        1       192.168.0.2        2        1       98
0000000000000001        1       192.168.0.3        3        1       98
0000000000000001        2       192.168.0.1        1        2      196
0000000000000001        3       192.168.0.1        1        2      196
datapath         port     rx-pkts  rx-bytes rx-error tx-pkts  tx-bytes tx-error
---------------- -------- -------- -------- -------- -------- -------- --------
0000000000000002        1        6      476        0      763    59612        0
0000000000000002        2      791    50148        0      790    50088        0
0000000000000002        3      791    50148        0      792    50208        0
datapath         in-port  eth-dst           out-port packets  bytes
---------------- -------- ----------------- -------- -------- --------
0000000000000002        1       192.168.0.1        2        2      196
0000000000000002        1       192.168.0.2        3        2      196
0000000000000002        2       192.168.0.3        1        2      196
0000000000000002        3       192.168.0.3        1        2      196
datapath         port     rx-pkts  rx-bytes rx-error tx-pkts  tx-bytes tx-error
---------------- -------- -------- -------- -------- -------- -------- --------
0000000000000003        1        6      476        0      762    59552        0
0000000000000003        2      790    50088        0      793    50268        0
0000000000000003        3      792    50208        0      791    50148        0
datapath         in-port  eth-dst           out-port packets  bytes
---------------- -------- ----------------- -------- -------- --------
0000000000000003        1       192.168.0.1        2        2      196
0000000000000003        1       192.168.0.3        3        1       98
0000000000000003        2       192.168.0.2        1        2      196
0000000000000003        3       192.168.0.2        1        2      196
discovery--->==================================== discovery ====================================
discovery---> cls: [(2, 3), (2, 1), (3, 1)]
discovery--->=============================================================================
==================================== link detector ====================================

----------------------------
src    dst :    delay
2 <---> 3 : 7.256984710693359
2 <---> 1 : 9.294509887695312
1 <---> 3 : 7.555961608886719
1 <---> 2 : 9.108781814575195
3 <---> 1 : 8.215188980102539
3 <---> 2 : 8.220911026000977
==================================== link detector ====================================

----------------------------
src    dst :    delay
2 <---> 3 : 8.495807647705078
2 <---> 1 : 8.734941482543945
1 <---> 3 : 8.141040802001953
1 <---> 2 : 8.638620376586914
3 <---> 1 : 7.195234298706055
3 <---> 2 : 8.095741271972656
datapath         port     rx-pkts  rx-bytes rx-error tx-pkts  tx-bytes tx-error
---------------- -------- -------- -------- -------- -------- -------- --------
0000000000000001        1        6      476        0      772    60296        0
0000000000000001        2      798    50568        0      795    50388        0
0000000000000001        3      796    50448        0      796    50448        0
datapath         in-port  eth-dst           out-port packets  bytes
---------------- -------- ----------------- -------- -------- --------
0000000000000001        1       192.168.0.2        2        1       98
0000000000000001        1       192.168.0.3        3        1       98
0000000000000001        2       192.168.0.1        1        2      196
0000000000000001        3       192.168.0.1        1        2      196
datapath         port     rx-pkts  rx-bytes rx-error tx-pkts  tx-bytes tx-error
---------------- -------- -------- -------- -------- -------- -------- --------
0000000000000002        1        6      476        0      769    60080        0
0000000000000002        2      796    50448        0      796    50448        0
0000000000000002        3      796    50448        0      798    50568        0
datapath         in-port  eth-dst           out-port packets  bytes
---------------- -------- ----------------- -------- -------- --------
0000000000000002        1       192.168.0.1        2        2      196
0000000000000002        1       192.168.0.2        3        2      196
0000000000000002        2       192.168.0.3        1        2      196
0000000000000002        3       192.168.0.3        1        2      196
datapath         port     rx-pkts  rx-bytes rx-error tx-pkts  tx-bytes tx-error
---------------- -------- -------- -------- -------- -------- -------- --------
0000000000000003        1        6      476        0      767    59942        0
0000000000000003        2      795    50388        0      798    50568        0
0000000000000003        3      798    50568        0      796    50448        0
datapath         in-port  eth-dst           out-port packets  bytes
---------------- -------- ----------------- -------- -------- --------
0000000000000003        1       192.168.0.1        2        2      196
0000000000000003        1       192.168.0.3        3        1       98
0000000000000003        2       192.168.0.2        1        2      196
0000000000000003        3       192.168.0.2        1        2      196
discovery--->==================================== discovery ====================================
discovery---> cls: [(2, 3), (2, 1), (3, 1)]
discovery--->=============================================================================
==================================== link detector ====================================

----------------------------
src    dst :    delay
2 <---> 3 : 7.607221603393555
2 <---> 1 : 8.875846862792969
1 <---> 3 : 8.113622665405273
1 <---> 2 : 9.644269943237305
3 <---> 1 : 7.162332534790039
3 <---> 2 : 8.202075958251953
datapath         port     rx-pkts  rx-bytes rx-error tx-pkts  tx-bytes tx-error
---------------- -------- -------- -------- -------- -------- -------- --------
0000000000000001        1        6      476        0      778    60764        0
0000000000000001        2      804    50928        0      801    50748        0
0000000000000001        3      801    50748        0      802    50808        0
datapath         in-port  eth-dst           out-port packets  bytes
---------------- -------- ----------------- -------- -------- --------
0000000000000001        1       192.168.0.2        2        1       98
0000000000000001        1       192.168.0.3        3        1       98
0000000000000001        2       192.168.0.1        1        2      196
0000000000000001        3       192.168.0.1        1        2      196
datapath         port     rx-pkts  rx-bytes rx-error tx-pkts  tx-bytes tx-error
---------------- -------- -------- -------- -------- -------- -------- --------
0000000000000003        1        6      476        0      773    60410        0
0000000000000003        2      801    50748        0      804    50928        0
0000000000000003        3      803    50868        0      802    50808        0
datapath         in-port  eth-dst           out-port packets  bytes
---------------- -------- ----------------- -------- -------- --------
0000000000000003        1       192.168.0.1        2        2      196
0000000000000003        1       192.168.0.3        3        1       98
0000000000000003        2       192.168.0.2        1        2      196
0000000000000003        3       192.168.0.2        1        2      196
datapath         port     rx-pkts  rx-bytes rx-error tx-pkts  tx-bytes tx-error
---------------- -------- -------- -------- -------- -------- -------- --------
0000000000000002        1        6      476        0      774    60470        0
0000000000000002        2      802    50808        0      801    50748        0
0000000000000002        3      802    50808        0      803    50868        0
datapath         in-port  eth-dst           out-port packets  bytes
---------------- -------- ----------------- -------- -------- --------
0000000000000002        1       192.168.0.1        2        2      196
0000000000000002        1       192.168.0.2        3        2      196
0000000000000002        2       192.168.0.3        1        2      196
0000000000000002        3       192.168.0.3        1        2      196
discovery--->==================================== discovery ====================================
discovery---> cls: [(2, 3), (2, 1), (3, 1)]
discovery--->=============================================================================
==================================== link detector ====================================

----------------------------
src    dst :    delay
2 <---> 3 : 8.386611938476562
2 <---> 1 : 10.430097579956055
1 <---> 3 : 8.27479362487793
1 <---> 2 : 8.595705032348633
3 <---> 1 : 8.120298385620117
3 <---> 2 : 8.270263671875
==================================== link detector ====================================

----------------------------
src    dst :    delay
2 <---> 3 : 8.339405059814453
2 <---> 1 : 8.725404739379883
1 <---> 3 : 8.267641067504883
1 <---> 2 : 9.246826171875
3 <---> 1 : 8.20159912109375
3 <---> 2 : 8.130073547363281
datapath         port     rx-pkts  rx-bytes rx-error tx-pkts  tx-bytes tx-error
---------------- -------- -------- -------- -------- -------- -------- --------
0000000000000001        1        6      476        0      783    61154        0
0000000000000001        2      809    51228        0      807    51108        0
0000000000000001        3      807    51108        0      807    51108        0
datapath         in-port  eth-dst           out-port packets  bytes
---------------- -------- ----------------- -------- -------- --------
0000000000000001        1       192.168.0.2        2        1       98
0000000000000001        1       192.168.0.3        3        1       98
0000000000000001        2       192.168.0.1        1        2      196
0000000000000001        3       192.168.0.1        1        2      196
datapath         port     rx-pkts  rx-bytes rx-error tx-pkts  tx-bytes tx-error
---------------- -------- -------- -------- -------- -------- -------- --------
0000000000000003        1        6      476        0      778    60800        0
0000000000000003        2      807    51108        0      809    51228        0
0000000000000003        3      809    51228        0      807    51108        0
datapath         in-port  eth-dst           out-port packets  bytes
---------------- -------- ----------------- -------- -------- --------
0000000000000003        1       192.168.0.1        2        2      196
0000000000000003        1       192.168.0.3        3        1       98
0000000000000003        2       192.168.0.2        1        2      196
0000000000000003        3       192.168.0.2        1        2      196
datapath         port     rx-pkts  rx-bytes rx-error tx-pkts  tx-bytes tx-error
---------------- -------- -------- -------- -------- -------- -------- --------
0000000000000002        1        6      476        0      780    60938        0
0000000000000002        2      807    51108        0      807    51108        0
0000000000000002        3      807    51108        0      809    51228        0
datapath         in-port  eth-dst           out-port packets  bytes
---------------- -------- ----------------- -------- -------- --------
0000000000000002        1       192.168.0.1        2        2      196
0000000000000002        1       192.168.0.2        3        2      196
0000000000000002        2       192.168.0.3        1        2      196
0000000000000002        3       192.168.0.3        1        2      196
discovery--->==================================== discovery ====================================
discovery---> cls: [(2, 3), (2, 1), (3, 1)]
discovery--->=============================================================================
==================================== link detector ====================================

----------------------------
src    dst :    delay
2 <---> 3 : 6.609201431274414
2 <---> 1 : 8.719921112060547
1 <---> 3 : 8.005857467651367
1 <---> 2 : 8.56471061706543
3 <---> 1 : 8.252382278442383
3 <---> 2 : 7.961750030517578
datapath         port     rx-pkts  rx-bytes rx-error tx-pkts  tx-bytes tx-error
---------------- -------- -------- -------- -------- -------- -------- --------
0000000000000001        1        6      476        0      789    61622        0
0000000000000001        2      815    51588        0      812    51408        0
0000000000000001        3      812    51408        0      813    51468        0
datapath         in-port  eth-dst           out-port packets  bytes
---------------- -------- ----------------- -------- -------- --------
0000000000000001        1       192.168.0.2        2        1       98
0000000000000001        1       192.168.0.3        3        1       98
0000000000000001        2       192.168.0.1        1        2      196
0000000000000001        3       192.168.0.1        1        2      196
datapath         port     rx-pkts  rx-bytes rx-error tx-pkts  tx-bytes tx-error
---------------- -------- -------- -------- -------- -------- -------- --------
0000000000000002        1        6      476        0      785    61328        0
0000000000000002        2      813    51468        0      812    51408        0
0000000000000002        3      813    51468        0      814    51528        0
datapath         in-port  eth-dst           out-port packets  bytes
---------------- -------- ----------------- -------- -------- --------
0000000000000002        1       192.168.0.1        2        2      196
0000000000000002        1       192.168.0.2        3        2      196
0000000000000002        2       192.168.0.3        1        2      196
0000000000000002        3       192.168.0.3        1        2      196
datapath         port     rx-pkts  rx-bytes rx-error tx-pkts  tx-bytes tx-error
---------------- -------- -------- -------- -------- -------- -------- --------
0000000000000003        1        6      476        0      784    61268        0
0000000000000003        2      812    51408        0      815    51588        0
0000000000000003        3      814    51528        0      813    51468        0
datapath         in-port  eth-dst           out-port packets  bytes
---------------- -------- ----------------- -------- -------- --------
0000000000000003        1       192.168.0.1        2        2      196
0000000000000003        1       192.168.0.3        3        1       98
0000000000000003        2       192.168.0.2        1        2      196
0000000000000003        3       192.168.0.2        1        2      196
discovery--->==================================== discovery ====================================
discovery---> cls: [(2, 3), (2, 1), (3, 1)]
discovery--->=============================================================================
==================================== link detector ====================================

----------------------------
src    dst :    delay
2 <---> 3 : 8.420944213867188
2 <---> 1 : 8.697509765625
1 <---> 3 : 7.635593414306641
1 <---> 2 : 8.572816848754883
3 <---> 1 : 6.59942626953125
3 <---> 2 : 7.580280303955078
==================================== link detector ====================================

----------------------------
src    dst :    delay
2 <---> 3 : 6.404399871826172
2 <---> 1 : 8.964300155639648
1 <---> 3 : 6.829023361206055
1 <---> 2 : 9.979248046875
3 <---> 1 : 7.456779479980469
3 <---> 2 : 7.433652877807617
datapath         port     rx-pkts  rx-bytes rx-error tx-pkts  tx-bytes tx-error
---------------- -------- -------- -------- -------- -------- -------- --------
0000000000000001        1        6      476        0      795    62090        0
0000000000000001        2      820    51888        0      818    51768        0
0000000000000001        3      818    51768        0      818    51768        0
datapath         in-port  eth-dst           out-port packets  bytes
---------------- -------- ----------------- -------- -------- --------
0000000000000001        1       192.168.0.2        2        1       98
0000000000000001        1       192.168.0.3        3        1       98
0000000000000001        2       192.168.0.1        1        2      196
0000000000000001        3       192.168.0.1        1        2      196
datapath         port     rx-pkts  rx-bytes rx-error tx-pkts  tx-bytes tx-error
---------------- -------- -------- -------- -------- -------- -------- --------
0000000000000003        1        6      476        0      790    61736        0
0000000000000003        2      818    51768        0      820    51888        0
0000000000000003        3      820    51888        0      818    51768        0
datapath         in-port  eth-dst           out-port packets  bytes
---------------- -------- ----------------- -------- -------- --------
0000000000000003        1       192.168.0.1        2        2      196
0000000000000003        1       192.168.0.3        3        1       98
0000000000000003        2       192.168.0.2        1        2      196
0000000000000003        3       192.168.0.2        1        2      196
datapath         port     rx-pkts  rx-bytes rx-error tx-pkts  tx-bytes tx-error
---------------- -------- -------- -------- -------- -------- -------- --------
0000000000000002        1        6      476        0      791    61796        0
0000000000000002        2      818    51768        0      818    51768        0
0000000000000002        3      818    51768        0      820    51888        0
datapath         in-port  eth-dst           out-port packets  bytes
---------------- -------- ----------------- -------- -------- --------
0000000000000002        1       192.168.0.1        2        2      196
0000000000000002        1       192.168.0.2        3        2      196
0000000000000002        2       192.168.0.3        1        2      196
0000000000000002        3       192.168.0.3        1        2      196
discovery--->==================================== discovery ====================================
discovery---> cls: [(2, 3), (2, 1), (3, 1)]
discovery--->=============================================================================
==================================== link detector ====================================

----------------------------
src    dst :    delay
2 <---> 3 : 6.8798065185546875
2 <---> 1 : 10.0860595703125
1 <---> 3 : 6.635904312133789
1 <---> 2 : 10.005950927734375
3 <---> 1 : 8.261919021606445
3 <---> 2 : 6.358146667480469
==================================== link detector ====================================

----------------------------
src    dst :    delay
2 <---> 3 : 8.130788803100586
2 <---> 1 : 8.452892303466797
1 <---> 3 : 6.673574447631836
1 <---> 2 : 8.93855094909668
3 <---> 1 : 7.6160430908203125
3 <---> 2 : 7.901191711425781
datapath         port     rx-pkts  rx-bytes rx-error tx-pkts  tx-bytes tx-error
---------------- -------- -------- -------- -------- -------- -------- --------
0000000000000001        1        6      476        0      800    62480        0
0000000000000001        2      826    52248        0      823    52068        0
0000000000000001        3      823    52068        0      824    52128        0
datapath         in-port  eth-dst           out-port packets  bytes
---------------- -------- ----------------- -------- -------- --------
0000000000000001        1       192.168.0.2        2        1       98
0000000000000001        1       192.168.0.3        3        1       98
0000000000000001        2       192.168.0.1        1        2      196
0000000000000001        3       192.168.0.1        1        2      196
datapath         port     rx-pkts  rx-bytes rx-error tx-pkts  tx-bytes tx-error
---------------- -------- -------- -------- -------- -------- -------- --------
0000000000000002        1        6      476        0      796    62186        0
0000000000000002        2      824    52128        0      823    52068        0
0000000000000002        3      824    52128        0      825    52188        0
datapath         in-port  eth-dst           out-port packets  bytes
---------------- -------- ----------------- -------- -------- --------
0000000000000002        1       192.168.0.1        2        2      196
0000000000000002        1       192.168.0.2        3        2      196
0000000000000002        2       192.168.0.3        1        2      196
0000000000000002        3       192.168.0.3        1        2      196
datapath         port     rx-pkts  rx-bytes rx-error tx-pkts  tx-bytes tx-error
---------------- -------- -------- -------- -------- -------- -------- --------
0000000000000003        1        6      476        0      795    62126        0
0000000000000003        2      823    52068        0      826    52248        0
0000000000000003        3      825    52188        0      824    52128        0
datapath         in-port  eth-dst           out-port packets  bytes
---------------- -------- ----------------- -------- -------- --------
0000000000000003        1       192.168.0.1        2        2      196
0000000000000003        1       192.168.0.3        3        1       98
0000000000000003        2       192.168.0.2        1        2      196
0000000000000003        3       192.168.0.2        1        2      196
discovery--->==================================== discovery ====================================
discovery---> cls: [(2, 3), (2, 1), (3, 1)]
discovery--->=============================================================================
==================================== link detector ====================================

----------------------------
src    dst :    delay
2 <---> 3 : 7.928609848022461
2 <---> 1 : 10.09988784790039
1 <---> 3 : 6.603717803955078
1 <---> 2 : 8.323431015014648
3 <---> 1 : 7.129192352294922
3 <---> 2 : 6.716728210449219
datapath         port     rx-pkts  rx-bytes rx-error tx-pkts  tx-bytes tx-error
---------------- -------- -------- -------- -------- -------- -------- --------
0000000000000001        1        6      476        0      806    62948        0
0000000000000001        2      831    52548        0      829    52428        0
0000000000000001        3      829    52428        0      830    52488        0
datapath         in-port  eth-dst           out-port packets  bytes
---------------- -------- ----------------- -------- -------- --------
0000000000000001        1       192.168.0.2        2        1       98
0000000000000001        1       192.168.0.3        3        1       98
0000000000000001        2       192.168.0.1        1        2      196
0000000000000001        3       192.168.0.1        1        2      196
datapath         port     rx-pkts  rx-bytes rx-error tx-pkts  tx-bytes tx-error
---------------- -------- -------- -------- -------- -------- -------- --------
0000000000000003        1        6      476        0      801    62594        0
0000000000000003        2      829    52428        0      831    52548        0
0000000000000003        3      831    52548        0      830    52488        0
datapath         in-port  eth-dst           out-port packets  bytes
---------------- -------- ----------------- -------- -------- --------
0000000000000003        1       192.168.0.1        2        2      196
0000000000000003        1       192.168.0.3        3        1       98
0000000000000003        2       192.168.0.2        1        2      196
0000000000000003        3       192.168.0.2        1        2      196
datapath         port     rx-pkts  rx-bytes rx-error tx-pkts  tx-bytes tx-error
---------------- -------- -------- -------- -------- -------- -------- --------
0000000000000002        1        6      476        0      802    62654        0
0000000000000002        2      830    52488        0      829    52428        0
0000000000000002        3      830    52488        0      831    52548        0
datapath         in-port  eth-dst           out-port packets  bytes
---------------- -------- ----------------- -------- -------- --------
0000000000000002        1       192.168.0.1        2        2      196
0000000000000002        1       192.168.0.2        3        2      196
0000000000000002        2       192.168.0.3        1        2      196
0000000000000002        3       192.168.0.3        1        2      196
discovery--->==================================== discovery ====================================
discovery---> cls: [(2, 3), (2, 1), (3, 1)]
discovery--->=============================================================================
==================================== link detector ====================================

----------------------------
src    dst :    delay
2 <---> 3 : 8.380651473999023
2 <---> 1 : 10.056018829345703
1 <---> 3 : 8.134126663208008
1 <---> 2 : 9.153366088867188
3 <---> 1 : 7.197856903076172
3 <---> 2 : 7.345438003540039
==================================== link detector ====================================

----------------------------
src    dst :    delay
2 <---> 3 : 7.105350494384766
2 <---> 1 : 9.709596633911133
1 <---> 3 : 7.575511932373047
1 <---> 2 : 9.476423263549805
3 <---> 1 : 7.503509521484375
3 <---> 2 : 7.714986801147461
datapath         port     rx-pkts  rx-bytes rx-error tx-pkts  tx-bytes tx-error
---------------- -------- -------- -------- -------- -------- -------- --------
0000000000000001        1        6      476        0      811    63338        0
0000000000000001        2      837    52908        0      834    52728        0
0000000000000001        3      834    52728        0      835    52788        0
datapath         in-port  eth-dst           out-port packets  bytes
---------------- -------- ----------------- -------- -------- --------
0000000000000001        1       192.168.0.2        2        1       98
0000000000000001        1       192.168.0.3        3        1       98
0000000000000001        2       192.168.0.1        1        2      196
0000000000000001        3       192.168.0.1        1        2      196
datapath         port     rx-pkts  rx-bytes rx-error tx-pkts  tx-bytes tx-error
---------------- -------- -------- -------- -------- -------- -------- --------
0000000000000002        1        6      476        0      807    63044        0
0000000000000002        2      835    52788        0      834    52728        0
0000000000000002        3      835    52788        0      836    52848        0
datapath         in-port  eth-dst           out-port packets  bytes
---------------- -------- ----------------- -------- -------- --------
0000000000000002        1       192.168.0.1        2        2      196
0000000000000002        1       192.168.0.2        3        2      196
0000000000000002        2       192.168.0.3        1        2      196
0000000000000002        3       192.168.0.3        1        2      196
datapath         port     rx-pkts  rx-bytes rx-error tx-pkts  tx-bytes tx-error
---------------- -------- -------- -------- -------- -------- -------- --------
0000000000000003        1        6      476        0      806    62984        0
0000000000000003        2      834    52728        0      837    52908        0
0000000000000003        3      836    52848        0      835    52788        0
datapath         in-port  eth-dst           out-port packets  bytes
---------------- -------- ----------------- -------- -------- --------
0000000000000003        1       192.168.0.1        2        2      196
0000000000000003        1       192.168.0.3        3        1       98
0000000000000003        2       192.168.0.2        1        2      196
0000000000000003        3       192.168.0.2        1        2      196
discovery--->==================================== discovery ====================================
discovery---> cls: [(2, 3), (2, 1), (3, 1)]
discovery--->=============================================================================
==================================== link detector ====================================

----------------------------
src    dst :    delay
2 <---> 3 : 7.593870162963867
2 <---> 1 : 9.993791580200195
1 <---> 3 : 8.049964904785156
1 <---> 2 : 8.075714111328125
3 <---> 1 : 8.335113525390625
3 <---> 2 : 8.167028427124023
---> OFPPortStatus received: reason=MODIFY desc=OFPPort(port_no=1,hw_addr='10:00:00:00:00:00',name=b'ap1-wlan1',config=0,state=4,curr=0,advertised=0,supported=0,peer=0,curr_speed=0,max_speed=0)
---> OFPPortStatus received: reason=MODIFY desc=OFPPort(port_no=1,hw_addr='20:00:00:00:00:00',name=b'ap2-wlan1',config=0,state=4,curr=0,advertised=0,supported=0,peer=0,curr_speed=0,max_speed=0)
---> OFPPortStatus received: reason=MODIFY desc=OFPPort(port_no=1,hw_addr='30:00:00:00:00:00',name=b'ap3-wlan1',config=0,state=4,curr=0,advertised=0,supported=0,peer=0,curr_speed=0,max_speed=0)
---> OFPPortStatus received: reason=MODIFY desc=OFPPort(port_no=1,hw_addr='20:00:00:00:00:00',name=b'ap2-wlan1',config=0,state=4,curr=0,advertised=0,supported=0,peer=0,curr_speed=0,max_speed=0)
---> OFPPortStatus received: reason=MODIFY desc=OFPPort(port_no=1,hw_addr='10:00:00:00:00:00',name=b'ap1-wlan1',config=0,state=4,curr=0,advertised=0,supported=0,peer=0,curr_speed=0,max_speed=0)
---> OFPPortStatus received: reason=MODIFY desc=OFPPort(port_no=1,hw_addr='20:00:00:00:00:00',name=b'ap2-wlan1',config=0,state=4,curr=0,advertised=0,supported=0,peer=0,curr_speed=0,max_speed=0)
---> OFPPortStatus received: reason=MODIFY desc=OFPPort(port_no=1,hw_addr='30:00:00:00:00:00',name=b'ap3-wlan1',config=0,state=4,curr=0,advertised=0,supported=0,peer=0,curr_speed=0,max_speed=0)
datapath         port     rx-pkts  rx-bytes rx-error tx-pkts  tx-bytes tx-error
---------------- -------- -------- -------- -------- -------- -------- --------
0000000000000002        1        6      476        0      814    63590        0
0000000000000002        2      841    53148        0      840    53088        0
0000000000000002        3      841    53148        0      842    53208        0
datapath         in-port  eth-dst           out-port packets  bytes
---------------- -------- ----------------- -------- -------- --------
0000000000000002        1       192.168.0.1        2        2      196
0000000000000002        1       192.168.0.2        3        2      196
0000000000000002        2       192.168.0.3        1        2      196
0000000000000002        3       192.168.0.3        1        2      196
datapath         port     rx-pkts  rx-bytes rx-error tx-pkts  tx-bytes tx-error
---------------- -------- -------- -------- -------- -------- -------- --------
0000000000000001        1        6      476        0      818    63884        0
0000000000000001        2      843    53268        0      840    53088        0
0000000000000001        3      840    53088        0      841    53148        0
datapath         in-port  eth-dst           out-port packets  bytes
---------------- -------- ----------------- -------- -------- --------
0000000000000001        1       192.168.0.2        2        1       98
0000000000000001        1       192.168.0.3        3        1       98
0000000000000001        2       192.168.0.1        1        2      196
0000000000000001        3       192.168.0.1        1        2      196
datapath         port     rx-pkts  rx-bytes rx-error tx-pkts  tx-bytes tx-error
---------------- -------- -------- -------- -------- -------- -------- --------
0000000000000003        1        6      476        0      813    63530        0
0000000000000003        2      840    53088        0      843    53268        0
0000000000000003        3      842    53208        0      841    53148        0
datapath         in-port  eth-dst           out-port packets  bytes
---------------- -------- ----------------- -------- -------- --------
0000000000000003        1       192.168.0.1        2        2      196
0000000000000003        1       192.168.0.3        3        1       98
0000000000000003        2       192.168.0.2        1        2      196
0000000000000003        3       192.168.0.2        1        2      196
discovery--->==================================== discovery ====================================
discovery---> cls: [(2, 3), (2, 1), (3, 1)]
discovery--->=============================================================================
==================================== link detector ====================================

----------------------------
src    dst :    delay
2 <---> 3 : 26.5653133392334
2 <---> 1 : 20.129680633544922
1 <---> 3 : 22.13263511657715
1 <---> 2 : 8.220672607421875
3 <---> 1 : 37.94455528259277
3 <---> 2 : 6.464242935180664
==================================== link detector ====================================

----------------------------
src    dst :    delay
2 <---> 3 : 7.486104965209961
2 <---> 1 : 18.956422805786133
1 <---> 3 : 6.621360778808594
1 <---> 2 : 8.331298828125
3 <---> 1 : 11.656999588012695
3 <---> 2 : 8.171558380126953
datapath         port     rx-pkts  rx-bytes rx-error tx-pkts  tx-bytes tx-error
---------------- -------- -------- -------- -------- -------- -------- --------
0000000000000001        1        6      476        0      823    64274        0
0000000000000001        2      848    53568        0      845    53388        0
0000000000000001        3      846    53448        0      846    53448        0
datapath         in-port  eth-dst           out-port packets  bytes
---------------- -------- ----------------- -------- -------- --------
0000000000000001        1       192.168.0.2        2        1       98
0000000000000001        1       192.168.0.3        3        1       98
0000000000000001        2       192.168.0.1        1        2      196
0000000000000001        3       192.168.0.1        1        2      196
datapath         port     rx-pkts  rx-bytes rx-error tx-pkts  tx-bytes tx-error
---------------- -------- -------- -------- -------- -------- -------- --------
0000000000000002        1        6      476        0      819    63980        0
0000000000000002        2      846    53448        0      846    53448        0
0000000000000002        3      846    53448        0      848    53568        0
datapath         in-port  eth-dst           out-port packets  bytes
---------------- -------- ----------------- -------- -------- --------
0000000000000002        1       192.168.0.1        2        2      196
0000000000000002        1       192.168.0.2        3        2      196
0000000000000002        2       192.168.0.3        1        2      196
0000000000000002        3       192.168.0.3        1        2      196
datapath         port     rx-pkts  rx-bytes rx-error tx-pkts  tx-bytes tx-error
---------------- -------- -------- -------- -------- -------- -------- --------
0000000000000003        1        6      476        0      818    63920        0
0000000000000003        2      845    53388        0      848    53568        0
0000000000000003        3      848    53568        0      846    53448        0
datapath         in-port  eth-dst           out-port packets  bytes
---------------- -------- ----------------- -------- -------- --------
0000000000000003        1       192.168.0.1        2        2      196
0000000000000003        1       192.168.0.3        3        1       98
0000000000000003        2       192.168.0.2        1        2      196
0000000000000003        3       192.168.0.2        1        2      196
discovery--->==================================== discovery ====================================
discovery---> cls: [(2, 3), (2, 1), (3, 1)]
discovery--->=============================================================================
==================================== link detector ====================================

----------------------------
src    dst :    delay
2 <---> 3 : 8.447885513305664
2 <---> 1 : 8.84699821472168
1 <---> 3 : 6.845712661743164
1 <---> 2 : 9.001731872558594
3 <---> 1 : 6.981372833251953
3 <---> 2 : 7.367610931396484
