loading app network_structure.py
Matplotlib created a temporary config/cache directory at /tmp/matplotlib-f4br6kr7 because the default path (/home/terry/.config/matplotlib) is not a writable directory; it is highly recommended to set the MPLCONFIGDIR environment variable to a writable directory, in particular to speed up the import of Matplotlib and to better support multiprocessing.
Generating new fontManager, this may take some time...
Failed to extract font properties from /usr/share/fonts/truetype/noto/NotoColorEmoji.ttf: In FT2Font: Can not load face.  Unknown file format.
loading app network_monitor.py
loading app network_delay.py
loading app network_shortest_path.py
loading app arp_handler.py
loading app ryu.controller.ofp_handler
instantiating app None of Switches
creating context switches
instantiating app network_structure.py of NetworkStructure
instantiating app network_monitor.py of NetworkMonitor
instantiating app network_delay.py of NetworkDelay
instantiating app network_shortest_path.py of NetworkShortestPath
instantiating app arp_handler.py of ArpHandler
instantiating app ryu.controller.ofp_handler of OFPHandler
==================================== link detector ====================================

----------------------------
src    dst :    delay
discovery--->==================================== discovery ====================================
discovery---> cls: []
discovery--->==============================
discovery---> switch: 1152921504606846977 connected
monitor---->register datapath: 1000000000000001
discovery---> switch: 1152921504606846978 connected
monitor---->register datapath: 1000000000000002
discovery---> switch: 1152921504606846979 connected
monitor---->register datapath: 1000000000000003
---> OFPPortStatus received: reason=MODIFY desc=OFPPort(port_no=2,hw_addr='62:ea:6d:ae:34:b1',name=b'ap1-eth2',config=0,state=4,curr=2112,advertised=0,supported=0,peer=0,curr_speed=10000000,max_speed=0)
---> OFPPortStatus received: reason=MODIFY desc=OFPPort(port_no=3,hw_addr='42:a5:4b:df:dd:8e',name=b'ap2-eth3',config=0,state=4,curr=2112,advertised=0,supported=0,peer=0,curr_speed=10000000,max_speed=0)
---> OFPPortStatus received: reason=MODIFY desc=OFPPort(port_no=2,hw_addr='62:f9:0a:1c:a9:b6',name=b'ap3-eth2',config=0,state=4,curr=2112,advertised=0,supported=0,peer=0,curr_speed=10000000,max_speed=0)
==================================== link detector ====================================

----------------------------
src    dst :    delay
1152921504606846978 <---> 1152921504606846977 : 12.93802261352539
1152921504606846978 <---> 1152921504606846979 : 1.458883285522461
1152921504606846977 <---> 1152921504606846978 : 3.0062198638916016
1152921504606846977 <---> 1152921504606846979 : 1.5032291412353516
1152921504606846979 <---> 1152921504606846978 : 2.2492408752441406
1152921504606846979 <---> 1152921504606846977 : 2.2513866424560547
---> OFPPortStatus received: reason=MODIFY desc=OFPPort(port_no=3,hw_addr='8e:70:d6:ad:c7:d7',name=b'ap3-eth3',config=0,state=4,curr=2112,advertised=0,supported=0,peer=0,curr_speed=10000000,max_speed=0)
---> OFPPortStatus received: reason=MODIFY desc=OFPPort(port_no=2,hw_addr='3e:85:ab:bf:f4:f4',name=b'ap2-eth2',config=0,state=4,curr=2112,advertised=0,supported=0,peer=0,curr_speed=10000000,max_speed=0)
---> OFPPortStatus received: reason=MODIFY desc=OFPPort(port_no=3,hw_addr='32:c3:6f:ae:53:b5',name=b'ap1-eth3',config=0,state=4,curr=2112,advertised=0,supported=0,peer=0,curr_speed=10000000,max_speed=0)
==================================== link detector ====================================

----------------------------
src    dst :    delay
1152921504606846978 <---> 1152921504606846977 : 1.924753189086914
1152921504606846978 <---> 1152921504606846979 : 2.8755664825439453
1152921504606846977 <---> 1152921504606846978 : 2.837657928466797
1152921504606846977 <---> 1152921504606846979 : 3.075122833251953
1152921504606846979 <---> 1152921504606846978 : 2.040863037109375
1152921504606846979 <---> 1152921504606846977 : 3.075838088989258
discovery--->==================================== discovery ====================================
discovery---> cls: [(1152921504606846978, 1152921504606846977), (1152921504606846978, 1152921504606846979), (1152921504606846977, 1152921504606846979)]
discovery--->==============================
datapath         port     rx-pkts  rx-bytes rx-error tx-pkts  tx-bytes tx-error
---------------- -------- -------- -------- -------- -------- -------- --------
1000000000000001        1        0        0        0        6      468        0
1000000000000001        2       22     2463        0       24     2729        0
1000000000000001        3       23     2669        0       23     2523        0
datapath         in-port  eth-dst           out-port packets  bytes
---------------- -------- ----------------- -------- -------- --------
datapath         port     rx-pkts  rx-bytes rx-error tx-pkts  tx-bytes tx-error
---------------- -------- -------- -------- -------- -------- -------- --------
1000000000000002        1        0        0        0        6      468        0
1000000000000002        2       24     2729        0       22     2463        0
1000000000000002        3       22     2463        0       24     2729        0
datapath         in-port  eth-dst           out-port packets  bytes
---------------- -------- ----------------- -------- -------- --------
datapath         port     rx-pkts  rx-bytes rx-error tx-pkts  tx-bytes tx-error
---------------- -------- -------- -------- -------- -------- -------- --------
1000000000000003        1        0        0        0        5      390        0
1000000000000003        2       23     2523        0       23     2669        0
1000000000000003        3       24     2729        0       22     2463        0
datapath         in-port  eth-dst           out-port packets  bytes
---------------- -------- ----------------- -------- -------- --------
==================================== link detector ====================================

----------------------------
src    dst :    delay
1152921504606846978 <---> 1152921504606846977 : 3.0395984649658203
1152921504606846978 <---> 1152921504606846979 : 3.003835678100586
1152921504606846977 <---> 1152921504606846978 : 1.5916824340820312
1152921504606846977 <---> 1152921504606846979 : 3.0112266540527344
1152921504606846979 <---> 1152921504606846978 : 2.916574478149414
1152921504606846979 <---> 1152921504606846977 : 3.0612945556640625
discovery--->==================================== discovery ====================================
discovery---> cls: [(1152921504606846978, 1152921504606846977), (1152921504606846978, 1152921504606846979), (1152921504606846977, 1152921504606846979)]
discovery--->==============================
hub: uncaught exception: Traceback (most recent call last):
  File "/usr/local/lib/python3.6/dist-packages/ryu/lib/hub.py", line 60, in _launch
    return func(*args, **kwargs)
  File "/home/terry/LJQ/Task/ryu/network_monitor.py", line 59, in scheduler
    self.create_bandwidth_graph()
  File "/home/terry/LJQ/Task/ryu/network_monitor.py", line 316, in create_bandwidth_graph
    capacity = self.network_structure.m_graph[src_dpid][dst_dpid]['bw']
  File "/home/terry/.local/lib/python3.6/site-packages/networkx/classes/cls.py", line 465, in __getitem__
    return self.adj[n]
  File "/home/terry/.local/lib/python3.6/site-packages/networkx/classes/coreviews.py", line 79, in __getitem__
    return AtlasView(self._atlas[name])
KeyError: 1152921504606846978

datapath         port     rx-pkts  rx-bytes rx-error tx-pkts  tx-bytes tx-error
---------------- -------- -------- -------- -------- -------- -------- --------
1000000000000001        1        0        0        0       11      858        0
1000000000000001        2       31     3206        0       32     3266        0
1000000000000001        3       30     3146        0       32     3266        0
datapath         in-port  eth-dst           out-port packets  bytes
---------------- -------- ----------------- -------- -------- --------
datapath         port     rx-pkts  rx-bytes rx-error tx-pkts  tx-bytes tx-error
---------------- -------- -------- -------- -------- -------- -------- --------
1000000000000003        1        0        0        0       11      858        0
1000000000000003        2       32     3266        0       30     3146        0
1000000000000003        3       32     3266        0       30     3146        0
datapath         in-port  eth-dst           out-port packets  bytes
---------------- -------- ----------------- -------- -------- --------
datapath         port     rx-pkts  rx-bytes rx-error tx-pkts  tx-bytes tx-error
---------------- -------- -------- -------- -------- -------- -------- --------
1000000000000002        1        0        0        0       11      858        0
1000000000000002        2       32     3266        0       31     3206        0
1000000000000002        3       30     3146        0       32     3266        0
datapath         in-port  eth-dst           out-port packets  bytes
---------------- -------- ----------------- -------- -------- --------
==================================== link detector ====================================

----------------------------
src    dst :    delay
1152921504606846978 <---> 1152921504606846977 : 2.490520477294922
1152921504606846978 <---> 1152921504606846979 : 2.977609634399414
1152921504606846977 <---> 1152921504606846978 : 2.9058456420898438
1152921504606846977 <---> 1152921504606846979 : 2.042531967163086
1152921504606846979 <---> 1152921504606846978 : 3.0803680419921875
1152921504606846979 <---> 1152921504606846977 : 1.3632774353027344
==================================== link detector ====================================

----------------------------
src    dst :    delay
1152921504606846978 <---> 1152921504606846977 : 2.6988983154296875
1152921504606846978 <---> 1152921504606846979 : 1.661062240600586
1152921504606846977 <---> 1152921504606846978 : 1.9042491912841797
1152921504606846977 <---> 1152921504606846979 : 2.935171127319336
1152921504606846979 <---> 1152921504606846978 : 1.9314289093017578
1152921504606846979 <---> 1152921504606846977 : 2.0966529846191406
discovery--->==================================== discovery ====================================
discovery---> cls: [(1152921504606846978, 1152921504606846977), (1152921504606846978, 1152921504606846979), (1152921504606846977, 1152921504606846979)]
discovery--->==============================
==================================== link detector ====================================

----------------------------
src    dst :    delay
1152921504606846978 <---> 1152921504606846977 : 2.774477005004883
1152921504606846978 <---> 1152921504606846979 : 3.003835678100586
1152921504606846977 <---> 1152921504606846978 : 2.925872802734375
1152921504606846977 <---> 1152921504606846979 : 1.5933513641357422
1152921504606846979 <---> 1152921504606846978 : 2.9952526092529297
1152921504606846979 <---> 1152921504606846977 : 1.7046928405761719
discovery--->==================================== discovery ====================================
discovery---> cls: [(1152921504606846978, 1152921504606846977), (1152921504606846978, 1152921504606846979), (1152921504606846977, 1152921504606846979)]
discovery--->==============================
==================================== link detector ====================================

----------------------------
src    dst :    delay
1152921504606846978 <---> 1152921504606846977 : 2.9222965240478516
1152921504606846978 <---> 1152921504606846979 : 1.5895366668701172
1152921504606846977 <---> 1152921504606846978 : 2.9020309448242188
1152921504606846977 <---> 1152921504606846979 : 2.8836727142333984
1152921504606846979 <---> 1152921504606846978 : 2.355337142944336
1152921504606846979 <---> 1152921504606846977 : 2.553701400756836
==================================== link detector ====================================

----------------------------
src    dst :    delay
1152921504606846978 <---> 1152921504606846977 : 1.6627311706542969
1152921504606846978 <---> 1152921504606846979 : 2.053499221801758
1152921504606846977 <---> 1152921504606846978 : 1.5091896057128906
1152921504606846977 <---> 1152921504606846979 : 2.9768943786621094
1152921504606846979 <---> 1152921504606846978 : 2.6841163635253906
1152921504606846979 <---> 1152921504606846977 : 2.178668975830078
discovery--->==================================== discovery ====================================
discovery---> cls: [(1152921504606846978, 1152921504606846977), (1152921504606846978, 1152921504606846979), (1152921504606846977, 1152921504606846979)]
discovery--->==============================
==================================== link detector ====================================

----------------------------
src    dst :    delay
1152921504606846978 <---> 1152921504606846977 : 2.972126007080078
1152921504606846978 <---> 1152921504606846979 : 1.600027084350586
1152921504606846977 <---> 1152921504606846978 : 3.0825138092041016
1152921504606846977 <---> 1152921504606846979 : 3.136157989501953
1152921504606846979 <---> 1152921504606846978 : 1.6150474548339844
1152921504606846979 <---> 1152921504606846977 : 2.965688705444336
==================================== link detector ====================================

----------------------------
src    dst :    delay
1152921504606846978 <---> 1152921504606846977 : 3.2215118408203125
1152921504606846978 <---> 1152921504606846979 : 3.126859664916992
1152921504606846977 <---> 1152921504606846978 : 1.8885135650634766
1152921504606846977 <---> 1152921504606846979 : 2.8333663940429688
1152921504606846979 <---> 1152921504606846978 : 2.9010772705078125
1152921504606846979 <---> 1152921504606846977 : 2.9931068420410156
discovery--->==================================== discovery ====================================
discovery---> cls: [(1152921504606846978, 1152921504606846977), (1152921504606846978, 1152921504606846979), (1152921504606846977, 1152921504606846979)]
discovery--->==============================
==================================== link detector ====================================

----------------------------
src    dst :    delay
1152921504606846978 <---> 1152921504606846977 : 3.0975341796875
1152921504606846978 <---> 1152921504606846979 : 2.214193344116211
1152921504606846977 <---> 1152921504606846978 : 1.5866756439208984
1152921504606846977 <---> 1152921504606846979 : 2.5103092193603516
1152921504606846979 <---> 1152921504606846978 : 2.918243408203125
1152921504606846979 <---> 1152921504606846977 : 3.007173538208008
discovery--->==================================== discovery ====================================
discovery---> cls: [(1152921504606846978, 1152921504606846977), (1152921504606846978, 1152921504606846979), (1152921504606846977, 1152921504606846979)]
discovery--->==============================
==================================== link detector ====================================

----------------------------
src    dst :    delay
1152921504606846978 <---> 1152921504606846977 : 2.970457077026367
1152921504606846978 <---> 1152921504606846979 : 2.6488304138183594
1152921504606846977 <---> 1152921504606846978 : 2.645254135131836
1152921504606846977 <---> 1152921504606846979 : 2.767324447631836
1152921504606846979 <---> 1152921504606846978 : 2.9740333557128906
1152921504606846979 <---> 1152921504606846977 : 2.0422935485839844
==================================== link detector ====================================

----------------------------
src    dst :    delay
1152921504606846978 <---> 1152921504606846977 : 1.6062259674072266
1152921504606846978 <---> 1152921504606846979 : 3.284454345703125
1152921504606846977 <---> 1152921504606846978 : 2.909421920776367
1152921504606846977 <---> 1152921504606846979 : 2.9387474060058594
1152921504606846979 <---> 1152921504606846978 : 2.0017623901367188
1152921504606846979 <---> 1152921504606846977 : 2.346515655517578
discovery--->==================================== discovery ====================================
discovery---> cls: [(1152921504606846978, 1152921504606846977), (1152921504606846978, 1152921504606846979), (1152921504606846977, 1152921504606846979)]
discovery--->==============================
==================================== link detector ====================================

----------------------------
src    dst :    delay
1152921504606846978 <---> 1152921504606846977 : 2.448558807373047
1152921504606846978 <---> 1152921504606846979 : 1.6241073608398438
1152921504606846977 <---> 1152921504606846978 : 2.029895782470703
1152921504606846977 <---> 1152921504606846979 : 2.8755664825439453
1152921504606846979 <---> 1152921504606846978 : 2.9363632202148438
1152921504606846979 <---> 1152921504606846977 : 2.431631088256836
discovery--->==================================== discovery ====================================
discovery---> cls: [(1152921504606846978, 1152921504606846977), (1152921504606846978, 1152921504606846979), (1152921504606846977, 1152921504606846979)]
discovery--->==============================
==================================== link detector ====================================

----------------------------
src    dst :    delay
1152921504606846978 <---> 1152921504606846977 : 2.471923828125
1152921504606846978 <---> 1152921504606846979 : 1.9679069519042969
1152921504606846977 <---> 1152921504606846978 : 2.8581619262695312
1152921504606846977 <---> 1152921504606846979 : 1.5418529510498047
1152921504606846979 <---> 1152921504606846978 : 1.6109943389892578
1152921504606846979 <---> 1152921504606846977 : 2.9153823852539062
==================================== link detector ====================================

----------------------------
src    dst :    delay
1152921504606846978 <---> 1152921504606846977 : 1.9299983978271484
1152921504606846978 <---> 1152921504606846979 : 2.048015594482422
1152921504606846977 <---> 1152921504606846978 : 2.6350021362304688
1152921504606846977 <---> 1152921504606846979 : 2.984285354614258
1152921504606846979 <---> 1152921504606846978 : 2.245664596557617
1152921504606846979 <---> 1152921504606846977 : 2.446413040161133
discovery--->==================================== discovery ====================================
discovery---> cls: [(1152921504606846978, 1152921504606846977), (1152921504606846978, 1152921504606846979), (1152921504606846977, 1152921504606846979)]
discovery--->==============================
==================================== link detector ====================================

----------------------------
src    dst :    delay
1152921504606846978 <---> 1152921504606846977 : 2.2711753845214844
1152921504606846978 <---> 1152921504606846979 : 2.927064895629883
1152921504606846977 <---> 1152921504606846978 : 2.8793811798095703
1152921504606846977 <---> 1152921504606846979 : 1.5702247619628906
1152921504606846979 <---> 1152921504606846978 : 1.6112327575683594
1152921504606846979 <---> 1152921504606846977 : 2.9304027557373047
==================================== link detector ====================================

----------------------------
src    dst :    delay
1152921504606846978 <---> 1152921504606846977 : 2.969980239868164
1152921504606846978 <---> 1152921504606846979 : 2.970457077026367
1152921504606846977 <---> 1152921504606846978 : 1.6338825225830078
1152921504606846977 <---> 1152921504606846979 : 1.9001960754394531
1152921504606846979 <---> 1152921504606846978 : 2.9230117797851562
1152921504606846979 <---> 1152921504606846977 : 2.0356178283691406
discovery--->==================================== discovery ====================================
discovery---> cls: [(1152921504606846978, 1152921504606846977), (1152921504606846978, 1152921504606846979), (1152921504606846977, 1152921504606846979)]
discovery--->==============================
==================================== link detector ====================================

----------------------------
src    dst :    delay
1152921504606846978 <---> 1152921504606846977 : 1.8239021301269531
1152921504606846978 <---> 1152921504606846979 : 2.0782947540283203
1152921504606846977 <---> 1152921504606846978 : 2.317667007446289
1152921504606846977 <---> 1152921504606846979 : 2.9137134552001953
1152921504606846979 <---> 1152921504606846978 : 1.6415119171142578
1152921504606846979 <---> 1152921504606846977 : 2.661466598510742
discovery--->==================================== discovery ====================================
discovery---> cls: [(1152921504606846978, 1152921504606846977), (1152921504606846978, 1152921504606846979), (1152921504606846977, 1152921504606846979)]
discovery--->==============================
==================================== link detector ====================================

----------------------------
src    dst :    delay
1152921504606846978 <---> 1152921504606846977 : 1.4235973358154297
1152921504606846978 <---> 1152921504606846979 : 2.9838085174560547
1152921504606846977 <---> 1152921504606846978 : 1.7194747924804688
1152921504606846977 <---> 1152921504606846979 : 2.9811859130859375
1152921504606846979 <---> 1152921504606846978 : 1.4476776123046875
1152921504606846979 <---> 1152921504606846977 : 2.996683120727539
network_shorest_path: Exception occurred during handler processing. Backtrace from offending handler [_packet_in_handler] servicing event [EventOFPPacketIn] follows.
Traceback (most recent call last):
  File "/usr/local/lib/python3.6/dist-packages/ryu/base/app_manager.py", line 290, in _event_loop
    handler(ev)
  File "/home/terry/LJQ/Task/ryu/network_shortest_path.py", line 99, in _packet_in_handler
    self.calculate_shortest_paths(msg, eth_type, ipv4_pkt.src, ipv4_pkt.dst)
  File "/home/terry/LJQ/Task/ryu/network_shortest_path.py", line 113, in calculate_shortest_paths
    path = self.calculate_path(src_switch, dst_switch)
  File "/home/terry/LJQ/Task/ryu/network_shortest_path.py", line 157, in calculate_path
    self.network_structure.calculate_shortest_paths(src_dpid, dst_dpid, self.network_structure.calculate_weight)
  File "/home/terry/LJQ/Task/ryu/network_structure.py", line 225, in calculate_shortest_paths
    weight=weight, method=setting.METHOD)
  File "/home/terry/.local/lib/python3.6/site-packages/networkx/algorithms/shortest_paths/generic.py", line 162, in shortest_path
    paths = nx.dijkstra_path(G, source, target, weight)
  File "/home/terry/.local/lib/python3.6/site-packages/networkx/algorithms/shortest_paths/weighted.py", line 157, in dijkstra_path
    (length, path) = single_source_dijkstra(G, source, target=target, weight=weight)
  File "/home/terry/.local/lib/python3.6/site-packages/networkx/algorithms/shortest_paths/weighted.py", line 465, in single_source_dijkstra
    G, {source}, cutoff=cutoff, target=target, weight=weight
  File "/home/terry/.local/lib/python3.6/site-packages/networkx/algorithms/shortest_paths/weighted.py", line 723, in multi_source_dijkstra
    G, sources, weight, paths=paths, cutoff=cutoff, target=target
  File "/home/terry/.local/lib/python3.6/site-packages/networkx/algorithms/shortest_paths/weighted.py", line 831, in _dijkstra_multisource
    raise ValueError("Contradictory paths found:", "negative weights?")
ValueError: ('Contradictory paths found:', 'negative weights?')
==================================== link detector ====================================

----------------------------
src    dst :    delay
1152921504606846978 <---> 1152921504606846977 : 2.0203590393066406
1152921504606846978 <---> 1152921504606846979 : 2.4514198303222656
1152921504606846977 <---> 1152921504606846978 : 1.5399456024169922
1152921504606846977 <---> 1152921504606846979 : 2.2296905517578125
1152921504606846979 <---> 1152921504606846978 : 1.333475112915039
1152921504606846979 <---> 1152921504606846977 : 3.0264854431152344
discovery--->==================================== discovery ====================================
discovery---> cls: [(1152921504606846978, 1152921504606846977), (1152921504606846978, 1152921504606846979), (1152921504606846977, 1152921504606846979)]
discovery--->==============================
==================================== link detector ====================================

----------------------------
src    dst :    delay
1152921504606846978 <---> 1152921504606846977 : 2.9180049896240234
1152921504606846978 <---> 1152921504606846979 : 2.9916763305664062
1152921504606846977 <---> 1152921504606846978 : 2.214193344116211
1152921504606846977 <---> 1152921504606846979 : 2.139568328857422
1152921504606846979 <---> 1152921504606846978 : 1.5544891357421875
1152921504606846979 <---> 1152921504606846977 : 2.8924942016601562
discovery--->==================================== discovery ====================================
discovery---> cls: [(1152921504606846978, 1152921504606846977), (1152921504606846978, 1152921504606846979), (1152921504606846977, 1152921504606846979)]
discovery--->==============================
==================================== link detector ====================================

----------------------------
src    dst :    delay
1152921504606846978 <---> 1152921504606846977 : 1.6829967498779297
1152921504606846978 <---> 1152921504606846979 : 2.891063690185547
1152921504606846977 <---> 1152921504606846978 : 1.8041133880615234
1152921504606846977 <---> 1152921504606846979 : 2.9883384704589844
1152921504606846979 <---> 1152921504606846978 : 2.995729446411133
1152921504606846979 <---> 1152921504606846977 : 1.9450187683105469
shortest=====>[PATH] [10.0.0.1 <----> 10.0.0.3]: [1152921504606846977, 1152921504606846979]
network_shorest_path: Exception occurred during handler processing. Backtrace from offending handler [_packet_in_handler] servicing event [EventOFPPacketIn] follows.
Traceback (most recent call last):
  File "/usr/local/lib/python3.6/dist-packages/ryu/base/app_manager.py", line 290, in _event_loop
    handler(ev)
  File "/home/terry/LJQ/Task/ryu/network_shortest_path.py", line 99, in _packet_in_handler
    self.calculate_shortest_paths(msg, eth_type, ipv4_pkt.src, ipv4_pkt.dst)
  File "/home/terry/LJQ/Task/ryu/network_shortest_path.py", line 113, in calculate_shortest_paths
    path = self.calculate_path(src_switch, dst_switch)
  File "/home/terry/LJQ/Task/ryu/network_shortest_path.py", line 157, in calculate_path
    self.network_structure.calculate_shortest_paths(src_dpid, dst_dpid, self.network_structure.calculate_weight)
  File "/home/terry/LJQ/Task/ryu/network_structure.py", line 225, in calculate_shortest_paths
    weight=weight, method=setting.METHOD)
  File "/home/terry/.local/lib/python3.6/site-packages/networkx/algorithms/shortest_paths/generic.py", line 162, in shortest_path
    paths = nx.dijkstra_path(G, source, target, weight)
  File "/home/terry/.local/lib/python3.6/site-packages/networkx/algorithms/shortest_paths/weighted.py", line 157, in dijkstra_path
    (length, path) = single_source_dijkstra(G, source, target=target, weight=weight)
  File "/home/terry/.local/lib/python3.6/site-packages/networkx/algorithms/shortest_paths/weighted.py", line 465, in single_source_dijkstra
    G, {source}, cutoff=cutoff, target=target, weight=weight
  File "/home/terry/.local/lib/python3.6/site-packages/networkx/algorithms/shortest_paths/weighted.py", line 723, in multi_source_dijkstra
    G, sources, weight, paths=paths, cutoff=cutoff, target=target
  File "/home/terry/.local/lib/python3.6/site-packages/networkx/algorithms/shortest_paths/weighted.py", line 831, in _dijkstra_multisource
    raise ValueError("Contradictory paths found:", "negative weights?")
ValueError: ('Contradictory paths found:', 'negative weights?')
==================================== link detector ====================================

----------------------------
src    dst :    delay
1152921504606846978 <---> 1152921504606846977 : 2.9878616333007812
1152921504606846978 <---> 1152921504606846979 : 2.954721450805664
1152921504606846977 <---> 1152921504606846978 : 2.767324447631836
1152921504606846977 <---> 1152921504606846979 : 1.6412734985351562
1152921504606846979 <---> 1152921504606846978 : 2.4220943450927734
1152921504606846979 <---> 1152921504606846977 : 1.6417503356933594
discovery--->==================================== discovery ====================================
discovery---> cls: [(1152921504606846978, 1152921504606846977), (1152921504606846978, 1152921504606846979), (1152921504606846977, 1152921504606846979)]
discovery--->==============================
==================================== link detector ====================================

----------------------------
src    dst :    delay
1152921504606846978 <---> 1152921504606846977 : 3.0269622802734375
1152921504606846978 <---> 1152921504606846979 : 1.6164779663085938
1152921504606846977 <---> 1152921504606846978 : 1.9428730010986328
1152921504606846977 <---> 1152921504606846979 : 2.923727035522461
1152921504606846979 <---> 1152921504606846978 : 1.6291141510009766
1152921504606846979 <---> 1152921504606846977 : 3.2324790954589844
==================================== link detector ====================================

----------------------------
src    dst :    delay
1152921504606846978 <---> 1152921504606846977 : 3.126382827758789
1152921504606846978 <---> 1152921504606846979 : 2.457857131958008
1152921504606846977 <---> 1152921504606846978 : 1.5213489532470703
1152921504606846977 <---> 1152921504606846979 : 1.8935203552246094
1152921504606846979 <---> 1152921504606846978 : 3.127574920654297
1152921504606846979 <---> 1152921504606846977 : 2.9616355895996094
discovery--->==================================== discovery ====================================
discovery---> cls: [(1152921504606846978, 1152921504606846977), (1152921504606846978, 1152921504606846979), (1152921504606846977, 1152921504606846979)]
discovery--->==============================
shortest=====>[PATH] [10.0.0.2 <----> 10.0.0.3]: [1152921504606846978, 1152921504606846979]
==================================== link detector ====================================

----------------------------
src    dst :    delay
1152921504606846978 <---> 1152921504606846977 : 2.8808116912841797
1152921504606846978 <---> 1152921504606846979 : 2.6755332946777344
1152921504606846977 <---> 1152921504606846978 : 2.598285675048828
1152921504606846977 <---> 1152921504606846979 : 2.6056766510009766
1152921504606846979 <---> 1152921504606846978 : 3.0660629272460938
1152921504606846979 <---> 1152921504606846977 : 2.0279884338378906
discovery--->==================================== discovery ====================================
discovery---> cls: [(1152921504606846978, 1152921504606846977), (1152921504606846978, 1152921504606846979), (1152921504606846977, 1152921504606846979)]
discovery--->==============================
==================================== link detector ====================================

----------------------------
src    dst :    delay
1152921504606846978 <---> 1152921504606846977 : 3.0956268310546875
1152921504606846978 <---> 1152921504606846979 : 2.969026565551758
1152921504606846977 <---> 1152921504606846978 : 2.737283706665039
1152921504606846977 <---> 1152921504606846979 : 2.9349327087402344
1152921504606846979 <---> 1152921504606846978 : 1.6536712646484375
1152921504606846979 <---> 1152921504606846977 : 1.7004013061523438
==================================== link detector ====================================

----------------------------
src    dst :    delay
1152921504606846978 <---> 1152921504606846977 : 3.034830093383789
1152921504606846978 <---> 1152921504606846979 : 2.0530223846435547
1152921504606846977 <---> 1152921504606846978 : 2.071857452392578
1152921504606846977 <---> 1152921504606846979 : 2.4945735931396484
1152921504606846979 <---> 1152921504606846978 : 1.6796588897705078
1152921504606846979 <---> 1152921504606846977 : 2.0728111267089844
discovery--->==================================== discovery ====================================
discovery---> cls: [(1152921504606846978, 1152921504606846977), (1152921504606846978, 1152921504606846979), (1152921504606846977, 1152921504606846979)]
discovery--->==============================
==================================== link detector ====================================

----------------------------
src    dst :    delay
1152921504606846978 <---> 1152921504606846977 : 1.6977787017822266
1152921504606846978 <---> 1152921504606846979 : 1.9423961639404297
1152921504606846977 <---> 1152921504606846978 : 2.0914077758789062
1152921504606846977 <---> 1152921504606846979 : 2.539396286010742
1152921504606846979 <---> 1152921504606846978 : 2.9659271240234375
1152921504606846979 <---> 1152921504606846977 : 2.447366714477539
discovery--->==================================== discovery ====================================
discovery---> cls: [(1152921504606846978, 1152921504606846977), (1152921504606846978, 1152921504606846979), (1152921504606846977, 1152921504606846979)]
discovery--->==============================
==================================== link detector ====================================

----------------------------
src    dst :    delay
1152921504606846978 <---> 1152921504606846977 : 2.87628173828125
1152921504606846978 <---> 1152921504606846979 : 2.914905548095703
1152921504606846977 <---> 1152921504606846978 : 2.864837646484375
1152921504606846977 <---> 1152921504606846979 : 1.2633800506591797
1152921504606846979 <---> 1152921504606846978 : 3.0400753021240234
1152921504606846979 <---> 1152921504606846977 : 1.653432846069336
==================================== link detector ====================================

----------------------------
src    dst :    delay
1152921504606846978 <---> 1152921504606846977 : 2.08282470703125
1152921504606846978 <---> 1152921504606846979 : 2.2988319396972656
1152921504606846977 <---> 1152921504606846978 : 1.9330978393554688
1152921504606846977 <---> 1152921504606846979 : 1.1029243469238281
1152921504606846979 <---> 1152921504606846978 : 2.0492076873779297
1152921504606846979 <---> 1152921504606846977 : 1.644134521484375
discovery--->==================================== discovery ====================================
discovery---> cls: [(1152921504606846978, 1152921504606846977), (1152921504606846978, 1152921504606846979), (1152921504606846977, 1152921504606846979)]
discovery--->==============================
==================================== link detector ====================================

----------------------------
src    dst :    delay
1152921504606846978 <---> 1152921504606846977 : 2.5479793548583984
1152921504606846978 <---> 1152921504606846979 : 2.7031898498535156
1152921504606846977 <---> 1152921504606846978 : 1.743316650390625
1152921504606846977 <---> 1152921504606846979 : 2.885580062866211
1152921504606846979 <---> 1152921504606846978 : 2.9342174530029297
1152921504606846979 <---> 1152921504606846977 : 2.9497146606445312
network_shorest_path: Exception occurred during handler processing. Backtrace from offending handler [_packet_in_handler] servicing event [EventOFPPacketIn] follows.
Traceback (most recent call last):
  File "/usr/local/lib/python3.6/dist-packages/ryu/base/app_manager.py", line 290, in _event_loop
    handler(ev)
  File "/home/terry/LJQ/Task/ryu/network_shortest_path.py", line 99, in _packet_in_handler
    self.calculate_shortest_paths(msg, eth_type, ipv4_pkt.src, ipv4_pkt.dst)
  File "/home/terry/LJQ/Task/ryu/network_shortest_path.py", line 113, in calculate_shortest_paths
    path = self.calculate_path(src_switch, dst_switch)
  File "/home/terry/LJQ/Task/ryu/network_shortest_path.py", line 157, in calculate_path
    self.network_structure.calculate_shortest_paths(src_dpid, dst_dpid, self.network_structure.calculate_weight)
  File "/home/terry/LJQ/Task/ryu/network_structure.py", line 225, in calculate_shortest_paths
    weight=weight, method=setting.METHOD)
  File "/home/terry/.local/lib/python3.6/site-packages/networkx/algorithms/shortest_paths/generic.py", line 162, in shortest_path
    paths = nx.dijkstra_path(G, source, target, weight)
  File "/home/terry/.local/lib/python3.6/site-packages/networkx/algorithms/shortest_paths/weighted.py", line 157, in dijkstra_path
    (length, path) = single_source_dijkstra(G, source, target=target, weight=weight)
  File "/home/terry/.local/lib/python3.6/site-packages/networkx/algorithms/shortest_paths/weighted.py", line 465, in single_source_dijkstra
    G, {source}, cutoff=cutoff, target=target, weight=weight
  File "/home/terry/.local/lib/python3.6/site-packages/networkx/algorithms/shortest_paths/weighted.py", line 723, in multi_source_dijkstra
    G, sources, weight, paths=paths, cutoff=cutoff, target=target
  File "/home/terry/.local/lib/python3.6/site-packages/networkx/algorithms/shortest_paths/weighted.py", line 831, in _dijkstra_multisource
    raise ValueError("Contradictory paths found:", "negative weights?")
ValueError: ('Contradictory paths found:', 'negative weights?')
discovery--->==================================== discovery ====================================
discovery---> cls: [(1152921504606846978, 1152921504606846977), (1152921504606846978, 1152921504606846979), (1152921504606846977, 1152921504606846979)]
discovery--->==============================
==================================== link detector ====================================

----------------------------
src    dst :    delay
1152921504606846978 <---> 1152921504606846977 : 1.6558170318603516
1152921504606846978 <---> 1152921504606846979 : 2.5680065155029297
1152921504606846977 <---> 1152921504606846978 : 3.032684326171875
1152921504606846977 <---> 1152921504606846979 : 2.3336410522460938
1152921504606846979 <---> 1152921504606846978 : 2.946615219116211
1152921504606846979 <---> 1152921504606846977 : 2.0580291748046875
==================================== link detector ====================================

----------------------------
src    dst :    delay
1152921504606846978 <---> 1152921504606846977 : 2.5177001953125
1152921504606846978 <---> 1152921504606846979 : 3.0281543731689453
1152921504606846977 <---> 1152921504606846978 : 2.9523372650146484
1152921504606846977 <---> 1152921504606846979 : 1.5883445739746094
1152921504606846979 <---> 1152921504606846978 : 2.552509307861328
1152921504606846979 <---> 1152921504606846977 : 3.1104087829589844
discovery--->==================================== discovery ====================================
discovery---> cls: [(1152921504606846978, 1152921504606846977), (1152921504606846978, 1152921504606846979), (1152921504606846977, 1152921504606846979)]
discovery--->==============================
==================================== link detector ====================================

----------------------------
src    dst :    delay
1152921504606846978 <---> 1152921504606846977 : 2.0341873168945312
1152921504606846978 <---> 1152921504606846979 : 2.9892921447753906
1152921504606846977 <---> 1152921504606846978 : 2.4271011352539062
1152921504606846977 <---> 1152921504606846979 : 1.592874526977539
1152921504606846979 <---> 1152921504606846978 : 2.073049545288086
1152921504606846979 <---> 1152921504606846977 : 1.6796588897705078
network_shorest_path: Exception occurred during handler processing. Backtrace from offending handler [_packet_in_handler] servicing event [EventOFPPacketIn] follows.
Traceback (most recent call last):
  File "/usr/local/lib/python3.6/dist-packages/ryu/base/app_manager.py", line 290, in _event_loop
    handler(ev)
  File "/home/terry/LJQ/Task/ryu/network_shortest_path.py", line 99, in _packet_in_handler
    self.calculate_shortest_paths(msg, eth_type, ipv4_pkt.src, ipv4_pkt.dst)
  File "/home/terry/LJQ/Task/ryu/network_shortest_path.py", line 113, in calculate_shortest_paths
    path = self.calculate_path(src_switch, dst_switch)
  File "/home/terry/LJQ/Task/ryu/network_shortest_path.py", line 157, in calculate_path
    self.network_structure.calculate_shortest_paths(src_dpid, dst_dpid, self.network_structure.calculate_weight)
  File "/home/terry/LJQ/Task/ryu/network_structure.py", line 225, in calculate_shortest_paths
    weight=weight, method=setting.METHOD)
  File "/home/terry/.local/lib/python3.6/site-packages/networkx/algorithms/shortest_paths/generic.py", line 162, in shortest_path
    paths = nx.dijkstra_path(G, source, target, weight)
  File "/home/terry/.local/lib/python3.6/site-packages/networkx/algorithms/shortest_paths/weighted.py", line 157, in dijkstra_path
    (length, path) = single_source_dijkstra(G, source, target=target, weight=weight)
  File "/home/terry/.local/lib/python3.6/site-packages/networkx/algorithms/shortest_paths/weighted.py", line 465, in single_source_dijkstra
    G, {source}, cutoff=cutoff, target=target, weight=weight
  File "/home/terry/.local/lib/python3.6/site-packages/networkx/algorithms/shortest_paths/weighted.py", line 723, in multi_source_dijkstra
    G, sources, weight, paths=paths, cutoff=cutoff, target=target
  File "/home/terry/.local/lib/python3.6/site-packages/networkx/algorithms/shortest_paths/weighted.py", line 831, in _dijkstra_multisource
    raise ValueError("Contradictory paths found:", "negative weights?")
ValueError: ('Contradictory paths found:', 'negative weights?')
==================================== link detector ====================================

----------------------------
src    dst :    delay
1152921504606846978 <---> 1152921504606846977 : 3.093719482421875
1152921504606846978 <---> 1152921504606846979 : 3.0465126037597656
1152921504606846977 <---> 1152921504606846978 : 2.5370121002197266
1152921504606846977 <---> 1152921504606846979 : 1.8291473388671875
1152921504606846979 <---> 1152921504606846978 : 1.623392105102539
1152921504606846979 <---> 1152921504606846977 : 1.9161701202392578
discovery--->==================================== discovery ====================================
discovery---> cls: [(1152921504606846978, 1152921504606846977), (1152921504606846978, 1152921504606846979), (1152921504606846977, 1152921504606846979)]
discovery--->==============================
==================================== link detector ====================================

----------------------------
src    dst :    delay
1152921504606846978 <---> 1152921504606846977 : 3.0498504638671875
1152921504606846978 <---> 1152921504606846979 : 2.1059513092041016
1152921504606846977 <---> 1152921504606846978 : 2.8619766235351562
1152921504606846977 <---> 1152921504606846979 : 2.7620792388916016
1152921504606846979 <---> 1152921504606846978 : 2.9191970825195312
1152921504606846979 <---> 1152921504606846977 : 2.959012985229492
discovery--->==================================== discovery ====================================
discovery---> cls: [(1152921504606846978, 1152921504606846977), (1152921504606846978, 1152921504606846979), (1152921504606846977, 1152921504606846979)]
discovery--->==============================
==================================== link detector ====================================

----------------------------
src    dst :    delay
1152921504606846978 <---> 1152921504606846977 : 2.255678176879883
1152921504606846978 <---> 1152921504606846979 : 3.0202865600585938
1152921504606846977 <---> 1152921504606846978 : 1.3418197631835938
1152921504606846977 <---> 1152921504606846979 : 1.2400150299072266
1152921504606846979 <---> 1152921504606846978 : 2.3076534271240234
1152921504606846979 <---> 1152921504606846977 : 1.600027084350586
==================================== link detector ====================================

----------------------------
src    dst :    delay
1152921504606846978 <---> 1152921504606846977 : 3.023386001586914
1152921504606846978 <---> 1152921504606846979 : 2.088785171508789
1152921504606846977 <---> 1152921504606846978 : 2.9163360595703125
1152921504606846977 <---> 1152921504606846979 : 2.922534942626953
1152921504606846979 <---> 1152921504606846978 : 1.6109943389892578
1152921504606846979 <---> 1152921504606846977 : 1.3947486877441406
discovery--->==================================== discovery ====================================
discovery---> cls: [(1152921504606846978, 1152921504606846977), (1152921504606846978, 1152921504606846979), (1152921504606846977, 1152921504606846979)]
discovery--->==============================
==================================== link detector ====================================

----------------------------
src    dst :    delay
1152921504606846978 <---> 1152921504606846977 : 2.4733543395996094
1152921504606846978 <---> 1152921504606846979 : 2.1109580993652344
1152921504606846977 <---> 1152921504606846978 : 2.888917922973633
1152921504606846977 <---> 1152921504606846979 : 3.0825138092041016
1152921504606846979 <---> 1152921504606846978 : 1.6243457794189453
1152921504606846979 <---> 1152921504606846977 : 2.0608901977539062
discovery--->==================================== discovery ====================================
discovery---> cls: [(1152921504606846978, 1152921504606846977), (1152921504606846978, 1152921504606846979), (1152921504606846977, 1152921504606846979)]
discovery--->==============================
==================================== link detector ====================================

----------------------------
src    dst :    delay
1152921504606846978 <---> 1152921504606846977 : 2.519845962524414
1152921504606846978 <---> 1152921504606846979 : 3.0138492584228516
1152921504606846977 <---> 1152921504606846978 : 1.7192363739013672
1152921504606846977 <---> 1152921504606846979 : 3.1402111053466797
1152921504606846979 <---> 1152921504606846978 : 3.049612045288086
1152921504606846979 <---> 1152921504606846977 : 2.1545886993408203
==================================== link detector ====================================

----------------------------
src    dst :    delay
1152921504606846978 <---> 1152921504606846977 : 2.982616424560547
1152921504606846978 <---> 1152921504606846979 : 2.071380615234375
1152921504606846977 <---> 1152921504606846978 : 1.5532970428466797
1152921504606846977 <---> 1152921504606846979 : 2.9294490814208984
1152921504606846979 <---> 1152921504606846978 : 2.952098846435547
1152921504606846979 <---> 1152921504606846977 : 2.9420852661132812
discovery--->==================================== discovery ====================================
discovery---> cls: [(1152921504606846978, 1152921504606846977), (1152921504606846978, 1152921504606846979), (1152921504606846977, 1152921504606846979)]
discovery--->==============================
==================================== link detector ====================================

----------------------------
src    dst :    delay
1152921504606846978 <---> 1152921504606846977 : 3.0896663665771484
1152921504606846978 <---> 1152921504606846979 : 2.918720245361328
1152921504606846977 <---> 1152921504606846978 : 2.7763843536376953
1152921504606846977 <---> 1152921504606846979 : 1.9617080688476562
1152921504606846979 <---> 1152921504606846978 : 3.031015396118164
1152921504606846979 <---> 1152921504606846977 : 1.8122196197509766
==================================== link detector ====================================

----------------------------
src    dst :    delay
1152921504606846978 <---> 1152921504606846977 : 2.9747486114501953
1152921504606846978 <---> 1152921504606846979 : 2.9811859130859375
1152921504606846977 <---> 1152921504606846978 : 3.1402111053466797
1152921504606846977 <---> 1152921504606846979 : 2.1178722381591797
1152921504606846979 <---> 1152921504606846978 : 3.1087398529052734
1152921504606846979 <---> 1152921504606846977 : 2.3152828216552734
discovery--->==================================== discovery ====================================
discovery---> cls: [(1152921504606846978, 1152921504606846977), (1152921504606846978, 1152921504606846979), (1152921504606846977, 1152921504606846979)]
discovery--->==============================
==================================== link detector ====================================

----------------------------
src    dst :    delay
1152921504606846978 <---> 1152921504606846977 : 2.9296875
1152921504606846978 <---> 1152921504606846979 : 3.0121803283691406
1152921504606846977 <---> 1152921504606846978 : 2.794981002807617
1152921504606846977 <---> 1152921504606846979 : 2.0928382873535156
1152921504606846979 <---> 1152921504606846978 : 2.0339488983154297
1152921504606846979 <---> 1152921504606846977 : 2.9489994049072266
discovery--->==================================== discovery ====================================
discovery---> cls: [(1152921504606846978, 1152921504606846977), (1152921504606846978, 1152921504606846979), (1152921504606846977, 1152921504606846979)]
discovery--->==============================
==================================== link detector ====================================

----------------------------
src    dst :    delay
1152921504606846978 <---> 1152921504606846977 : 2.923727035522461
1152921504606846978 <---> 1152921504606846979 : 3.0069351196289062
1152921504606846977 <---> 1152921504606846978 : 1.9457340240478516
1152921504606846977 <---> 1152921504606846979 : 1.9469261169433594
1152921504606846979 <---> 1152921504606846978 : 1.5704631805419922
1152921504606846979 <---> 1152921504606846977 : 1.497030258178711
==================================== link detector ====================================

----------------------------
src    dst :    delay
1152921504606846978 <---> 1152921504606846977 : 3.0918121337890625
1152921504606846978 <---> 1152921504606846979 : 3.039836883544922
1152921504606846977 <---> 1152921504606846978 : 2.7348995208740234
1152921504606846977 <---> 1152921504606846979 : 1.5959739685058594
1152921504606846979 <---> 1152921504606846978 : 3.058910369873047
1152921504606846979 <---> 1152921504606846977 : 2.9892921447753906
discovery--->==================================== discovery ====================================
discovery---> cls: [(1152921504606846978, 1152921504606846977), (1152921504606846978, 1152921504606846979), (1152921504606846977, 1152921504606846979)]
discovery--->==============================
==================================== link detector ====================================

----------------------------
src    dst :    delay
1152921504606846978 <---> 1152921504606846977 : 2.9468536376953125
1152921504606846978 <---> 1152921504606846979 : 2.5696754455566406
1152921504606846977 <---> 1152921504606846978 : 1.6078948974609375
1152921504606846977 <---> 1152921504606846979 : 1.5816688537597656
1152921504606846979 <---> 1152921504606846978 : 1.6140937805175781
1152921504606846979 <---> 1152921504606846977 : 3.33404541015625
discovery--->==================================== discovery ====================================
discovery---> cls: [(1152921504606846978, 1152921504606846977), (1152921504606846978, 1152921504606846979), (1152921504606846977, 1152921504606846979)]
discovery--->==============================
==================================== link detector ====================================

----------------------------
src    dst :    delay
1152921504606846978 <---> 1152921504606846977 : 3.091573715209961
1152921504606846978 <---> 1152921504606846979 : 2.442598342895508
1152921504606846977 <---> 1152921504606846978 : 2.840757369995117
1152921504606846977 <---> 1152921504606846979 : 1.5063285827636719
1152921504606846979 <---> 1152921504606846978 : 2.9380321502685547
1152921504606846979 <---> 1152921504606846977 : 2.062082290649414
shortest=====>[PATH] [10.0.0.1 <----> 10.0.0.2]: [1152921504606846977, 1152921504606846978]
==================================== link detector ====================================

----------------------------
src    dst :    delay
1152921504606846978 <---> 1152921504606846977 : 2.246379852294922
1152921504606846978 <---> 1152921504606846979 : 2.008199691772461
1152921504606846977 <---> 1152921504606846978 : 2.859354019165039
1152921504606846977 <---> 1152921504606846979 : 1.453399658203125
1152921504606846979 <---> 1152921504606846978 : 1.644134521484375
1152921504606846979 <---> 1152921504606846977 : 2.9981136322021484
discovery--->==================================== discovery ====================================
discovery---> cls: [(1152921504606846978, 1152921504606846977), (1152921504606846978, 1152921504606846979), (1152921504606846977, 1152921504606846979)]
discovery--->==============================
==================================== link detector ====================================

----------------------------
src    dst :    delay
1152921504606846978 <---> 1152921504606846977 : 1.6660690307617188
1152921504606846978 <---> 1152921504606846979 : 2.423524856567383
1152921504606846977 <---> 1152921504606846978 : 1.1453628540039062
1152921504606846977 <---> 1152921504606846979 : 2.4061203002929688
1152921504606846979 <---> 1152921504606846978 : 1.6024112701416016
1152921504606846979 <---> 1152921504606846977 : 1.6028881072998047
discovery--->==================================== discovery ====================================
discovery---> cls: [(1152921504606846978, 1152921504606846977), (1152921504606846978, 1152921504606846979), (1152921504606846977, 1152921504606846979)]
discovery--->==============================
==================================== link detector ====================================

----------------------------
src    dst :    delay
1152921504606846978 <---> 1152921504606846977 : 3.0832290649414062
1152921504606846978 <---> 1152921504606846979 : 1.8701553344726562
1152921504606846977 <---> 1152921504606846978 : 2.9671192169189453
1152921504606846977 <---> 1152921504606846979 : 1.6133785247802734
1152921504606846979 <---> 1152921504606846978 : 3.0100345611572266
1152921504606846979 <---> 1152921504606846977 : 1.997232437133789
==================================== link detector ====================================

----------------------------
src    dst :    delay
1152921504606846978 <---> 1152921504606846977 : 3.029346466064453
1152921504606846978 <---> 1152921504606846979 : 2.3484230041503906
1152921504606846977 <---> 1152921504606846978 : 2.334117889404297
1152921504606846977 <---> 1152921504606846979 : 1.5268325805664062
1152921504606846979 <---> 1152921504606846978 : 3.0155181884765625
1152921504606846979 <---> 1152921504606846977 : 2.1533966064453125
discovery--->==================================== discovery ====================================
discovery---> cls: [(1152921504606846978, 1152921504606846977), (1152921504606846978, 1152921504606846979), (1152921504606846977, 1152921504606846979)]
discovery--->==============================
==================================== link detector ====================================

----------------------------
src    dst :    delay
1152921504606846978 <---> 1152921504606846977 : 1.598358154296875
1152921504606846978 <---> 1152921504606846979 : 3.049135208129883
1152921504606846977 <---> 1152921504606846978 : 1.5039443969726562
1152921504606846977 <---> 1152921504606846979 : 2.9404163360595703
1152921504606846979 <---> 1152921504606846978 : 3.0460357666015625
1152921504606846979 <---> 1152921504606846977 : 3.020763397216797
==================================== link detector ====================================

----------------------------
src    dst :    delay
1152921504606846978 <---> 1152921504606846977 : 1.611471176147461
1152921504606846978 <---> 1152921504606846979 : 3.004789352416992
1152921504606846977 <---> 1152921504606846978 : 2.8154850006103516
1152921504606846977 <---> 1152921504606846979 : 1.6579627990722656
1152921504606846979 <---> 1152921504606846978 : 1.7633438110351562
1152921504606846979 <---> 1152921504606846977 : 2.0563602447509766
discovery--->==================================== discovery ====================================
discovery---> cls: [(1152921504606846978, 1152921504606846977), (1152921504606846978, 1152921504606846979), (1152921504606846977, 1152921504606846979)]
discovery--->==============================
==================================== link detector ====================================

----------------------------
src    dst :    delay
1152921504606846978 <---> 1152921504606846977 : 3.0059814453125
1152921504606846978 <---> 1152921504606846979 : 2.257823944091797
1152921504606846977 <---> 1152921504606846978 : 2.312898635864258
1152921504606846977 <---> 1152921504606846979 : 1.8177032470703125
1152921504606846979 <---> 1152921504606846978 : 2.918720245361328
1152921504606846979 <---> 1152921504606846977 : 2.9213428497314453
discovery--->==================================== discovery ====================================
discovery---> cls: [(1152921504606846978, 1152921504606846977), (1152921504606846978, 1152921504606846979), (1152921504606846977, 1152921504606846979)]
discovery--->==============================
==================================== link detector ====================================

----------------------------
src    dst :    delay
1152921504606846978 <---> 1152921504606846977 : 3.108501434326172
1152921504606846978 <---> 1152921504606846979 : 3.1621456146240234
1152921504606846977 <---> 1152921504606846978 : 2.819061279296875
1152921504606846977 <---> 1152921504606846979 : 2.9554367065429688
1152921504606846979 <---> 1152921504606846978 : 2.6230812072753906
1152921504606846979 <---> 1152921504606846977 : 3.0133724212646484
==================================== link detector ====================================

----------------------------
src    dst :    delay
1152921504606846978 <---> 1152921504606846977 : 1.6281604766845703
1152921504606846978 <---> 1152921504606846979 : 3.0443668365478516
1152921504606846977 <---> 1152921504606846978 : 2.9532909393310547
1152921504606846977 <---> 1152921504606846979 : 1.9767284393310547
1152921504606846979 <---> 1152921504606846978 : 2.2308826446533203
1152921504606846979 <---> 1152921504606846977 : 1.5935897827148438
discovery--->==================================== discovery ====================================
discovery---> cls: [(1152921504606846978, 1152921504606846977), (1152921504606846978, 1152921504606846979), (1152921504606846977, 1152921504606846979)]
discovery--->==============================
==================================== link detector ====================================

----------------------------
src    dst :    delay
1152921504606846978 <---> 1152921504606846977 : 2.137422561645508
1152921504606846978 <---> 1152921504606846979 : 3.0395984649658203
1152921504606846977 <---> 1152921504606846978 : 2.9892921447753906
1152921504606846977 <---> 1152921504606846979 : 2.0046234130859375
1152921504606846979 <---> 1152921504606846978 : 3.0341148376464844
1152921504606846979 <---> 1152921504606846977 : 2.997875213623047
discovery--->==================================== discovery ====================================
discovery---> cls: [(1152921504606846978, 1152921504606846977), (1152921504606846978, 1152921504606846979), (1152921504606846977, 1152921504606846979)]
discovery--->==============================
==================================== link detector ====================================

----------------------------
src    dst :    delay
1152921504606846978 <---> 1152921504606846977 : 1.5857219696044922
1152921504606846978 <---> 1152921504606846979 : 3.033161163330078
1152921504606846977 <---> 1152921504606846978 : 2.8595924377441406
1152921504606846977 <---> 1152921504606846979 : 1.506805419921875
1152921504606846979 <---> 1152921504606846978 : 2.9599666595458984
1152921504606846979 <---> 1152921504606846977 : 3.0372142791748047
==================================== link detector ====================================

----------------------------
src    dst :    delay
1152921504606846978 <---> 1152921504606846977 : 2.4666786193847656
1152921504606846978 <---> 1152921504606846979 : 2.112865447998047
1152921504606846977 <---> 1152921504606846978 : 2.768993377685547
1152921504606846977 <---> 1152921504606846979 : 1.5838146209716797
1152921504606846979 <---> 1152921504606846978 : 3.0221939086914062
1152921504606846979 <---> 1152921504606846977 : 1.7774105072021484
discovery--->==================================== discovery ====================================
discovery---> cls: [(1152921504606846978, 1152921504606846977), (1152921504606846978, 1152921504606846979), (1152921504606846977, 1152921504606846979)]
discovery--->==============================
==================================== link detector ====================================

----------------------------
src    dst :    delay
1152921504606846978 <---> 1152921504606846977 : 2.150297164916992
1152921504606846978 <---> 1152921504606846979 : 2.9332637786865234
1152921504606846977 <---> 1152921504606846978 : 2.868175506591797
1152921504606846977 <---> 1152921504606846979 : 1.6083717346191406
1152921504606846979 <---> 1152921504606846978 : 3.0221939086914062
1152921504606846979 <---> 1152921504606846977 : 2.4442672729492188
==================================== link detector ====================================

----------------------------
src    dst :    delay
1152921504606846978 <---> 1152921504606846977 : 2.979755401611328
1152921504606846978 <---> 1152921504606846979 : 3.618001937866211
1152921504606846977 <---> 1152921504606846978 : 2.733469009399414
1152921504606846977 <---> 1152921504606846979 : 1.5194416046142578
1152921504606846979 <---> 1152921504606846978 : 2.888202667236328
1152921504606846979 <---> 1152921504606846977 : 1.5835762023925781
discovery--->==================================== discovery ====================================
discovery---> cls: [(1152921504606846978, 1152921504606846977), (1152921504606846978, 1152921504606846979), (1152921504606846977, 1152921504606846979)]
discovery--->==============================
==================================== link detector ====================================

----------------------------
src    dst :    delay
1152921504606846978 <---> 1152921504606846977 : 3.1087398529052734
1152921504606846978 <---> 1152921504606846979 : 1.590728759765625
1152921504606846977 <---> 1152921504606846978 : 1.6281604766845703
1152921504606846977 <---> 1152921504606846979 : 2.960681915283203
1152921504606846979 <---> 1152921504606846978 : 3.045320510864258
1152921504606846979 <---> 1152921504606846977 : 3.0274391174316406
discovery--->==================================== discovery ====================================
discovery---> cls: [(1152921504606846978, 1152921504606846977), (1152921504606846978, 1152921504606846979), (1152921504606846977, 1152921504606846979)]
discovery--->==============================
==================================== link detector ====================================

----------------------------
src    dst :    delay
1152921504606846978 <---> 1152921504606846977 : 2.930879592895508
1152921504606846978 <---> 1152921504606846979 : 3.0329227447509766
1152921504606846977 <---> 1152921504606846978 : 1.5473365783691406
1152921504606846977 <---> 1152921504606846979 : 2.9184818267822266
1152921504606846979 <---> 1152921504606846978 : 2.945423126220703
1152921504606846979 <---> 1152921504606846977 : 3.0624866485595703
==================================== link detector ====================================

----------------------------
src    dst :    delay
1152921504606846978 <---> 1152921504606846977 : 3.010272979736328
1152921504606846978 <---> 1152921504606846979 : 3.122091293334961
1152921504606846977 <---> 1152921504606846978 : 1.5301704406738281
1152921504606846977 <---> 1152921504606846979 : 2.9633045196533203
1152921504606846979 <---> 1152921504606846978 : 2.948760986328125
1152921504606846979 <---> 1152921504606846977 : 2.1085739135742188
discovery--->==================================== discovery ====================================
discovery---> cls: [(1152921504606846978, 1152921504606846977), (1152921504606846978, 1152921504606846979), (1152921504606846977, 1152921504606846979)]
discovery--->==============================
==================================== link detector ====================================

----------------------------
src    dst :    delay
1152921504606846978 <---> 1152921504606846977 : 2.977609634399414
1152921504606846978 <---> 1152921504606846979 : 2.060413360595703
1152921504606846977 <---> 1152921504606846978 : 2.964019775390625
1152921504606846977 <---> 1152921504606846979 : 2.8493404388427734
1152921504606846979 <---> 1152921504606846978 : 2.432107925415039
1152921504606846979 <---> 1152921504606846977 : 1.5609264373779297
discovery--->==================================== discovery ====================================
discovery---> cls: [(1152921504606846978, 1152921504606846977), (1152921504606846978, 1152921504606846979), (1152921504606846977, 1152921504606846979)]
discovery--->==============================
==================================== link detector ====================================

----------------------------
src    dst :    delay
1152921504606846978 <---> 1152921504606846977 : 3.0465126037597656
1152921504606846978 <---> 1152921504606846979 : 2.9621124267578125
1152921504606846977 <---> 1152921504606846978 : 1.5454292297363281
1152921504606846977 <---> 1152921504606846979 : 2.4046897888183594
1152921504606846979 <---> 1152921504606846978 : 1.5683174133300781
1152921504606846979 <---> 1152921504606846977 : 2.8171539306640625
==================================== link detector ====================================

----------------------------
src    dst :    delay
1152921504606846978 <---> 1152921504606846977 : 1.0573863983154297
1152921504606846978 <---> 1152921504606846979 : 1.096963882446289
1152921504606846977 <---> 1152921504606846978 : 0.9455680847167969
1152921504606846977 <---> 1152921504606846979 : 1.1675357818603516
1152921504606846979 <---> 1152921504606846978 : 1.0380744934082031
1152921504606846979 <---> 1152921504606846977 : 1.0619163513183594
discovery--->==================================== discovery ====================================
discovery---> cls: [(1152921504606846978, 1152921504606846977), (1152921504606846978, 1152921504606846979), (1152921504606846977, 1152921504606846979)]
discovery--->==============================
==================================== link detector ====================================

----------------------------
src    dst :    delay
1152921504606846978 <---> 1152921504606846977 : 1.0797977447509766
1152921504606846978 <---> 1152921504606846979 : 1.1563301086425781
1152921504606846977 <---> 1152921504606846978 : 1.0914802551269531
1152921504606846977 <---> 1152921504606846979 : 1.1103153228759766
1152921504606846979 <---> 1152921504606846978 : 1.0879039764404297
1152921504606846979 <---> 1152921504606846977 : 1.0118484497070312
discovery--->==================================== discovery ====================================
discovery---> cls: [(1152921504606846978, 1152921504606846977), (1152921504606846978, 1152921504606846979), (1152921504606846977, 1152921504606846979)]
discovery--->==============================
==================================== link detector ====================================

----------------------------
src    dst :    delay
1152921504606846978 <---> 1152921504606846977 : 3.040790557861328
1152921504606846978 <---> 1152921504606846979 : 3.0875205993652344
1152921504606846977 <---> 1152921504606846978 : 2.0036697387695312
1152921504606846977 <---> 1152921504606846979 : 2.4766921997070312
1152921504606846979 <---> 1152921504606846978 : 3.2465457916259766
1152921504606846979 <---> 1152921504606846977 : 1.6474723815917969
==================================== link detector ====================================

----------------------------
src    dst :    delay
1152921504606846978 <---> 1152921504606846977 : 3.0128955841064453
1152921504606846978 <---> 1152921504606846979 : 2.975940704345703
1152921504606846977 <---> 1152921504606846978 : 1.5306472778320312
1152921504606846977 <---> 1152921504606846979 : 2.318859100341797
1152921504606846979 <---> 1152921504606846978 : 1.7898082733154297
1152921504606846979 <---> 1152921504606846977 : 1.596212387084961
discovery--->==================================== discovery ====================================
discovery---> cls: [(1152921504606846978, 1152921504606846977), (1152921504606846978, 1152921504606846979), (1152921504606846977, 1152921504606846979)]
discovery--->==============================
==================================== link detector ====================================

----------------------------
src    dst :    delay
1152921504606846978 <---> 1152921504606846977 : 2.982616424560547
1152921504606846978 <---> 1152921504606846979 : 3.0035972595214844
1152921504606846977 <---> 1152921504606846978 : 2.911090850830078
1152921504606846977 <---> 1152921504606846979 : 2.902507781982422
1152921504606846979 <---> 1152921504606846978 : 2.9616355895996094
1152921504606846979 <---> 1152921504606846977 : 1.5943050384521484
==================================== link detector ====================================

----------------------------
src    dst :    delay
1152921504606846978 <---> 1152921504606846977 : 3.0364990234375
1152921504606846978 <---> 1152921504606846979 : 2.9473304748535156
1152921504606846977 <---> 1152921504606846978 : 1.6407966613769531
1152921504606846977 <---> 1152921504606846979 : 1.5883445739746094
1152921504606846979 <---> 1152921504606846978 : 2.8519630432128906
1152921504606846979 <---> 1152921504606846977 : 2.9489994049072266
discovery--->==================================== discovery ====================================
discovery---> cls: [(1152921504606846978, 1152921504606846977), (1152921504606846978, 1152921504606846979), (1152921504606846977, 1152921504606846979)]
discovery--->==============================
==================================== link detector ====================================

----------------------------
src    dst :    delay
1152921504606846978 <---> 1152921504606846977 : 3.0717849731445312
1152921504606846978 <---> 1152921504606846979 : 2.9647350311279297
1152921504606846977 <---> 1152921504606846978 : 2.7060508728027344
1152921504606846977 <---> 1152921504606846979 : 2.8400421142578125
1152921504606846979 <---> 1152921504606846978 : 2.105712890625
1152921504606846979 <---> 1152921504606846977 : 1.6887187957763672
discovery--->==================================== discovery ====================================
discovery---> cls: [(1152921504606846978, 1152921504606846977), (1152921504606846978, 1152921504606846979), (1152921504606846977, 1152921504606846979)]
discovery--->==============================
==================================== link detector ====================================

----------------------------
src    dst :    delay
1152921504606846978 <---> 1152921504606846977 : 3.1082630157470703
1152921504606846978 <---> 1152921504606846979 : 3.0028820037841797
1152921504606846977 <---> 1152921504606846978 : 2.0635128021240234
1152921504606846977 <---> 1152921504606846979 : 2.78472900390625
1152921504606846979 <---> 1152921504606846978 : 3.016233444213867
1152921504606846979 <---> 1152921504606846977 : 3.0944347381591797
==================================== link detector ====================================

----------------------------
src    dst :    delay
1152921504606846978 <---> 1152921504606846977 : 1.920461654663086
1152921504606846978 <---> 1152921504606846979 : 2.12860107421875
1152921504606846977 <---> 1152921504606846978 : 1.5528202056884766
1152921504606846977 <---> 1152921504606846979 : 3.0689239501953125
1152921504606846979 <---> 1152921504606846978 : 2.3877620697021484
1152921504606846979 <---> 1152921504606846977 : 3.064393997192383
discovery--->==================================== discovery ====================================
discovery---> cls: [(1152921504606846978, 1152921504606846977), (1152921504606846978, 1152921504606846979), (1152921504606846977, 1152921504606846979)]
discovery--->==============================
==================================== link detector ====================================

----------------------------
src    dst :    delay
1152921504606846978 <---> 1152921504606846977 : 1.6889572143554688
1152921504606846978 <---> 1152921504606846979 : 2.0635128021240234
1152921504606846977 <---> 1152921504606846978 : 1.558542251586914
1152921504606846977 <---> 1152921504606846979 : 2.912282943725586
1152921504606846979 <---> 1152921504606846978 : 3.0133724212646484
1152921504606846979 <---> 1152921504606846977 : 2.6443004608154297
discovery--->==================================== discovery ====================================
discovery---> cls: [(1152921504606846978, 1152921504606846977), (1152921504606846978, 1152921504606846979), (1152921504606846977, 1152921504606846979)]
discovery--->==============================
==================================== link detector ====================================

----------------------------
src    dst :    delay
1152921504606846978 <---> 1152921504606846977 : 1.6012191772460938
1152921504606846978 <---> 1152921504606846979 : 3.027200698852539
1152921504606846977 <---> 1152921504606846978 : 2.9108524322509766
1152921504606846977 <---> 1152921504606846979 : 2.0809173583984375
1152921504606846979 <---> 1152921504606846978 : 2.8259754180908203
1152921504606846979 <---> 1152921504606846977 : 2.9861927032470703
==================================== link detector ====================================

----------------------------
src    dst :    delay
1152921504606846978 <---> 1152921504606846977 : 2.405881881713867
1152921504606846978 <---> 1152921504606846979 : 1.596689224243164
1152921504606846977 <---> 1152921504606846978 : 2.900838851928711
1152921504606846977 <---> 1152921504606846979 : 3.0663013458251953
1152921504606846979 <---> 1152921504606846978 : 1.6181468963623047
1152921504606846979 <---> 1152921504606846977 : 2.9494762420654297
discovery--->==================================== discovery ====================================
discovery---> cls: [(1152921504606846978, 1152921504606846977), (1152921504606846978, 1152921504606846979), (1152921504606846977, 1152921504606846979)]
discovery--->==============================
==================================== link detector ====================================

----------------------------
src    dst :    delay
1152921504606846978 <---> 1152921504606846977 : 2.472400665283203
1152921504606846978 <---> 1152921504606846979 : 1.5976428985595703
1152921504606846977 <---> 1152921504606846978 : 2.9888153076171875
1152921504606846977 <---> 1152921504606846979 : 2.0580291748046875
1152921504606846979 <---> 1152921504606846978 : 2.281665802001953
1152921504606846979 <---> 1152921504606846977 : 2.9866695404052734
==================================== link detector ====================================

----------------------------
src    dst :    delay
1152921504606846978 <---> 1152921504606846977 : 2.4619102478027344
1152921504606846978 <---> 1152921504606846979 : 2.8340816497802734
1152921504606846977 <---> 1152921504606846978 : 3.109455108642578
1152921504606846977 <---> 1152921504606846979 : 1.6109943389892578
1152921504606846979 <---> 1152921504606846978 : 1.628875732421875
1152921504606846979 <---> 1152921504606846977 : 3.1604766845703125
discovery--->==================================== discovery ====================================
discovery---> cls: [(1152921504606846978, 1152921504606846977), (1152921504606846978, 1152921504606846979), (1152921504606846977, 1152921504606846979)]
discovery--->==============================
==================================== link detector ====================================

----------------------------
src    dst :    delay
1152921504606846978 <---> 1152921504606846977 : 2.5434494018554688
1152921504606846978 <---> 1152921504606846979 : 1.8248558044433594
1152921504606846977 <---> 1152921504606846978 : 2.5551319122314453
1152921504606846977 <---> 1152921504606846979 : 1.7626285552978516
1152921504606846979 <---> 1152921504606846978 : 2.931833267211914
1152921504606846979 <---> 1152921504606846977 : 2.3233890533447266
discovery--->==================================== discovery ====================================
discovery---> cls: [(1152921504606846978, 1152921504606846977), (1152921504606846978, 1152921504606846979), (1152921504606846977, 1152921504606846979)]
discovery--->==============================
==================================== link detector ====================================

----------------------------
src    dst :    delay
1152921504606846978 <---> 1152921504606846977 : 2.9795169830322266
1152921504606846978 <---> 1152921504606846979 : 2.0754337310791016
1152921504606846977 <---> 1152921504606846978 : 2.1152496337890625
1152921504606846977 <---> 1152921504606846979 : 2.834796905517578
1152921504606846979 <---> 1152921504606846978 : 2.99835205078125
1152921504606846979 <---> 1152921504606846977 : 2.9866695404052734
==================================== link detector ====================================

----------------------------
src    dst :    delay
1152921504606846978 <---> 1152921504606846977 : 2.6717185974121094
1152921504606846978 <---> 1152921504606846979 : 1.646280288696289
1152921504606846977 <---> 1152921504606846978 : 2.064943313598633
1152921504606846977 <---> 1152921504606846979 : 2.746105194091797
1152921504606846979 <---> 1152921504606846978 : 2.1746158599853516
1152921504606846979 <---> 1152921504606846977 : 2.104043960571289
discovery--->==================================== discovery ====================================
discovery---> cls: [(1152921504606846978, 1152921504606846977), (1152921504606846978, 1152921504606846979), (1152921504606846977, 1152921504606846979)]
discovery--->==============================
==================================== link detector ====================================

----------------------------
src    dst :    delay
1152921504606846978 <---> 1152921504606846977 : 2.088308334350586
1152921504606846978 <---> 1152921504606846979 : 1.5461444854736328
1152921504606846977 <---> 1152921504606846978 : 3.024578094482422
1152921504606846977 <---> 1152921504606846979 : 3.0961036682128906
1152921504606846979 <---> 1152921504606846978 : 1.5802383422851562
1152921504606846979 <---> 1152921504606846977 : 1.67083740234375
discovery--->==================================== discovery ====================================
discovery---> cls: [(1152921504606846978, 1152921504606846977), (1152921504606846978, 1152921504606846979), (1152921504606846977, 1152921504606846979)]
discovery--->==============================
==================================== link detector ====================================

----------------------------
src    dst :    delay
1152921504606846978 <---> 1152921504606846977 : 2.9981136322021484
1152921504606846978 <---> 1152921504606846979 : 1.6093254089355469
1152921504606846977 <---> 1152921504606846978 : 2.8934478759765625
1152921504606846977 <---> 1152921504606846979 : 3.0031204223632812
1152921504606846979 <---> 1152921504606846978 : 2.4454593658447266
1152921504606846979 <---> 1152921504606846977 : 2.9070377349853516
==================================== link detector ====================================

----------------------------
src    dst :    delay
1152921504606846978 <---> 1152921504606846977 : 3.0078887939453125
1152921504606846978 <---> 1152921504606846979 : 2.027273178100586
1152921504606846977 <---> 1152921504606846978 : 1.8050670623779297
1152921504606846977 <---> 1152921504606846979 : 2.911090850830078
1152921504606846979 <---> 1152921504606846978 : 3.108978271484375
1152921504606846979 <---> 1152921504606846977 : 1.6455650329589844
discovery--->==================================== discovery ====================================
discovery---> cls: [(1152921504606846978, 1152921504606846977), (1152921504606846978, 1152921504606846979), (1152921504606846977, 1152921504606846979)]
discovery--->==============================
==================================== link detector ====================================

----------------------------
src    dst :    delay
1152921504606846978 <---> 1152921504606846977 : 3.0667781829833984
1152921504606846978 <---> 1152921504606846979 : 1.6880035400390625
1152921504606846977 <---> 1152921504606846978 : 2.872943878173828
1152921504606846977 <---> 1152921504606846979 : 2.7990341186523438
1152921504606846979 <---> 1152921504606846978 : 2.961397171020508
1152921504606846979 <---> 1152921504606846977 : 3.0143260955810547
==================================== link detector ====================================

----------------------------
src    dst :    delay
1152921504606846978 <---> 1152921504606846977 : 1.9237995147705078
1152921504606846978 <---> 1152921504606846979 : 2.1936893463134766
1152921504606846977 <---> 1152921504606846978 : 2.225637435913086
1152921504606846977 <---> 1152921504606846979 : 2.1119117736816406
1152921504606846979 <---> 1152921504606846978 : 3.0088424682617188
1152921504606846979 <---> 1152921504606846977 : 2.127408981323242
discovery--->==================================== discovery ====================================
discovery---> cls: [(1152921504606846978, 1152921504606846977), (1152921504606846978, 1152921504606846979), (1152921504606846977, 1152921504606846979)]
discovery--->==============================
==================================== link detector ====================================

----------------------------
src    dst :    delay
1152921504606846978 <---> 1152921504606846977 : 2.981424331665039
1152921504606846978 <---> 1152921504606846979 : 2.904653549194336
1152921504606846977 <---> 1152921504606846978 : 3.003358840942383
1152921504606846977 <---> 1152921504606846979 : 2.0291805267333984
1152921504606846979 <---> 1152921504606846978 : 1.5492439270019531
1152921504606846979 <---> 1152921504606846977 : 2.4721622467041016
discovery--->==================================== discovery ====================================
discovery---> cls: [(1152921504606846978, 1152921504606846977), (1152921504606846978, 1152921504606846979), (1152921504606846977, 1152921504606846979)]
discovery--->==============================
==================================== link detector ====================================

----------------------------
src    dst :    delay
1152921504606846978 <---> 1152921504606846977 : 1.7082691192626953
1152921504606846978 <---> 1152921504606846979 : 3.0231475830078125
1152921504606846977 <---> 1152921504606846978 : 1.6312599182128906
1152921504606846977 <---> 1152921504606846979 : 3.1185150146484375
1152921504606846979 <---> 1152921504606846978 : 3.0057430267333984
1152921504606846979 <---> 1152921504606846977 : 2.685546875
==================================== link detector ====================================

----------------------------
src    dst :    delay
1152921504606846978 <---> 1152921504606846977 : 1.5690326690673828
1152921504606846978 <---> 1152921504606846979 : 2.973318099975586
1152921504606846977 <---> 1152921504606846978 : 1.5687942504882812
1152921504606846977 <---> 1152921504606846979 : 2.357959747314453
1152921504606846979 <---> 1152921504606846978 : 3.072977066040039
1152921504606846979 <---> 1152921504606846977 : 3.066539764404297
discovery--->==================================== discovery ====================================
discovery---> cls: [(1152921504606846978, 1152921504606846977), (1152921504606846978, 1152921504606846979), (1152921504606846977, 1152921504606846979)]
discovery--->==============================
==================================== link detector ====================================

----------------------------
src    dst :    delay
1152921504606846978 <---> 1152921504606846977 : 1.7354488372802734
1152921504606846978 <---> 1152921504606846979 : 2.6912689208984375
1152921504606846977 <---> 1152921504606846978 : 1.9428730010986328
1152921504606846977 <---> 1152921504606846979 : 2.4633407592773438
1152921504606846979 <---> 1152921504606846978 : 1.5764236450195312
1152921504606846979 <---> 1152921504606846977 : 3.0133724212646484
discovery--->==================================== discovery ====================================
discovery---> cls: [(1152921504606846978, 1152921504606846977), (1152921504606846978, 1152921504606846979), (1152921504606846977, 1152921504606846979)]
discovery--->==============================
==================================== link detector ====================================

----------------------------
src    dst :    delay
1152921504606846978 <---> 1152921504606846977 : 3.051280975341797
1152921504606846978 <---> 1152921504606846979 : 2.892017364501953
1152921504606846977 <---> 1152921504606846978 : 1.619577407836914
1152921504606846977 <---> 1152921504606846979 : 2.9044151306152344
1152921504606846979 <---> 1152921504606846978 : 2.9425621032714844
1152921504606846979 <---> 1152921504606846977 : 1.7139911651611328
==================================== link detector ====================================

----------------------------
src    dst :    delay
1152921504606846978 <---> 1152921504606846977 : 1.573801040649414
1152921504606846978 <---> 1152921504606846979 : 3.0138492584228516
1152921504606846977 <---> 1152921504606846978 : 2.948284149169922
1152921504606846977 <---> 1152921504606846979 : 2.038240432739258
1152921504606846979 <---> 1152921504606846978 : 2.974271774291992
1152921504606846979 <---> 1152921504606846977 : 1.5785694122314453
discovery--->==================================== discovery ====================================
discovery---> cls: [(1152921504606846978, 1152921504606846977), (1152921504606846978, 1152921504606846979), (1152921504606846977, 1152921504606846979)]
discovery--->==============================
==================================== link detector ====================================

----------------------------
src    dst :    delay
1152921504606846978 <---> 1152921504606846977 : 2.9687881469726562
1152921504606846978 <---> 1152921504606846979 : 2.7000904083251953
1152921504606846977 <---> 1152921504606846978 : 3.0248165130615234
1152921504606846977 <---> 1152921504606846979 : 2.0589828491210938
1152921504606846979 <---> 1152921504606846978 : 2.0487308502197266
1152921504606846979 <---> 1152921504606846977 : 3.0062198638916016
discovery--->==================================== discovery ====================================
discovery---> cls: [(1152921504606846978, 1152921504606846977), (1152921504606846978, 1152921504606846979), (1152921504606846977, 1152921504606846979)]
discovery--->==============================
==================================== link detector ====================================

----------------------------
src    dst :    delay
1152921504606846978 <---> 1152921504606846977 : 2.457141876220703
1152921504606846978 <---> 1152921504606846979 : 2.0971298217773438
1152921504606846977 <---> 1152921504606846978 : 1.93023681640625
1152921504606846977 <---> 1152921504606846979 : 2.0830631256103516
1152921504606846979 <---> 1152921504606846978 : 3.1058788299560547
1152921504606846979 <---> 1152921504606846977 : 3.1020641326904297
==================================== link detector ====================================

----------------------------
src    dst :    delay
1152921504606846978 <---> 1152921504606846977 : 2.992868423461914
1152921504606846978 <---> 1152921504606846979 : 2.965688705444336
1152921504606846977 <---> 1152921504606846978 : 2.949953079223633
1152921504606846977 <---> 1152921504606846979 : 1.5628337860107422
1152921504606846979 <---> 1152921504606846978 : 2.6464462280273438
1152921504606846979 <---> 1152921504606846977 : 1.6422271728515625
discovery--->==================================== discovery ====================================
discovery---> cls: [(1152921504606846978, 1152921504606846977), (1152921504606846978, 1152921504606846979), (1152921504606846977, 1152921504606846979)]
discovery--->==============================
==================================== link detector ====================================

----------------------------
src    dst :    delay
1152921504606846978 <---> 1152921504606846977 : 2.948760986328125
1152921504606846978 <---> 1152921504606846979 : 2.9697418212890625
1152921504606846977 <---> 1152921504606846978 : 2.894878387451172
1152921504606846977 <---> 1152921504606846979 : 2.9664039611816406
1152921504606846979 <---> 1152921504606846978 : 1.5914440155029297
1152921504606846979 <---> 1152921504606846977 : 2.9833316802978516
==================================== link detector ====================================

----------------------------
src    dst :    delay
1152921504606846978 <---> 1152921504606846977 : 2.4385452270507812
1152921504606846978 <---> 1152921504606846979 : 2.9828548431396484
1152921504606846977 <---> 1152921504606846978 : 1.5132427215576172
1152921504606846977 <---> 1152921504606846979 : 2.9757022857666016
1152921504606846979 <---> 1152921504606846978 : 1.5795230865478516
1152921504606846979 <---> 1152921504606846977 : 3.0956268310546875
discovery--->==================================== discovery ====================================
discovery---> cls: [(1152921504606846978, 1152921504606846977), (1152921504606846978, 1152921504606846979), (1152921504606846977, 1152921504606846979)]
discovery--->==============================
==================================== link detector ====================================

----------------------------
src    dst :    delay
1152921504606846978 <---> 1152921504606846977 : 1.6913414001464844
1152921504606846978 <---> 1152921504606846979 : 1.5575885772705078
1152921504606846977 <---> 1152921504606846978 : 1.5151500701904297
1152921504606846977 <---> 1152921504606846979 : 2.7856826782226562
1152921504606846979 <---> 1152921504606846978 : 3.0012130737304688
1152921504606846979 <---> 1152921504606846977 : 1.6207695007324219
discovery--->==================================== discovery ====================================
discovery---> cls: [(1152921504606846978, 1152921504606846977), (1152921504606846978, 1152921504606846979), (1152921504606846977, 1152921504606846979)]
discovery--->==============================
==================================== link detector ====================================

----------------------------
src    dst :    delay
1152921504606846978 <---> 1152921504606846977 : 3.0481815338134766
1152921504606846978 <---> 1152921504606846979 : 2.99072265625
1152921504606846977 <---> 1152921504606846978 : 2.8524398803710938
1152921504606846977 <---> 1152921504606846979 : 1.5671253204345703
1152921504606846979 <---> 1152921504606846978 : 2.9230117797851562
1152921504606846979 <---> 1152921504606846977 : 3.0829906463623047
==================================== link detector ====================================

----------------------------
src    dst :    delay
1152921504606846978 <---> 1152921504606846977 : 3.1151771545410156
1152921504606846978 <---> 1152921504606846979 : 2.850055694580078
1152921504606846977 <---> 1152921504606846978 : 2.933502197265625
1152921504606846977 <---> 1152921504606846979 : 1.8815994262695312
1152921504606846979 <---> 1152921504606846978 : 1.5938282012939453
1152921504606846979 <---> 1152921504606846977 : 3.1015872955322266
discovery--->==================================== discovery ====================================
discovery---> cls: [(1152921504606846978, 1152921504606846977), (1152921504606846978, 1152921504606846979), (1152921504606846977, 1152921504606846979)]
discovery--->==============================
==================================== link detector ====================================

----------------------------
src    dst :    delay
1152921504606846978 <---> 1152921504606846977 : 1.9254684448242188
1152921504606846978 <---> 1152921504606846979 : 1.5323162078857422
1152921504606846977 <---> 1152921504606846978 : 2.844572067260742
1152921504606846977 <---> 1152921504606846979 : 2.845287322998047
1152921504606846979 <---> 1152921504606846978 : 2.139568328857422
1152921504606846979 <---> 1152921504606846977 : 2.991914749145508
discovery--->==================================== discovery ====================================
discovery---> cls: [(1152921504606846978, 1152921504606846977), (1152921504606846978, 1152921504606846979), (1152921504606846977, 1152921504606846979)]
discovery--->==============================
==================================== link detector ====================================

----------------------------
src    dst :    delay
1152921504606846978 <---> 1152921504606846977 : 1.665353775024414
1152921504606846978 <---> 1152921504606846979 : 2.9387474060058594
1152921504606846977 <---> 1152921504606846978 : 1.8267631530761719
1152921504606846977 <---> 1152921504606846979 : 2.8798580169677734
1152921504606846979 <---> 1152921504606846978 : 1.3651847839355469
1152921504606846979 <---> 1152921504606846977 : 3.103017807006836
==================================== link detector ====================================

----------------------------
src    dst :    delay
1152921504606846978 <---> 1152921504606846977 : 2.457857131958008
1152921504606846978 <---> 1152921504606846979 : 2.796173095703125
1152921504606846977 <---> 1152921504606846978 : 2.7475357055664062
1152921504606846977 <---> 1152921504606846979 : 2.6814937591552734
1152921504606846979 <---> 1152921504606846978 : 2.3703575134277344
1152921504606846979 <---> 1152921504606846977 : 2.957582473754883
discovery--->==================================== discovery ====================================
discovery---> cls: [(1152921504606846978, 1152921504606846977), (1152921504606846978, 1152921504606846979), (1152921504606846977, 1152921504606846979)]
discovery--->==============================
==================================== link detector ====================================

----------------------------
src    dst :    delay
1152921504606846978 <---> 1152921504606846977 : 2.147674560546875
1152921504606846978 <---> 1152921504606846979 : 3.0493736267089844
1152921504606846977 <---> 1152921504606846978 : 1.9876956939697266
1152921504606846977 <---> 1152921504606846979 : 2.9349327087402344
1152921504606846979 <---> 1152921504606846978 : 2.9048919677734375
1152921504606846979 <---> 1152921504606846977 : 1.6736984252929688
==================================== link detector ====================================

----------------------------
src    dst :    delay
1152921504606846978 <---> 1152921504606846977 : 2.946138381958008
1152921504606846978 <---> 1152921504606846979 : 2.248525619506836
1152921504606846977 <---> 1152921504606846978 : 1.9562244415283203
1152921504606846977 <---> 1152921504606846979 : 1.4514923095703125
1152921504606846979 <---> 1152921504606846978 : 2.9480457305908203
1152921504606846979 <---> 1152921504606846977 : 1.6591548919677734
discovery--->==================================== discovery ====================================
discovery---> cls: [(1152921504606846978, 1152921504606846977), (1152921504606846978, 1152921504606846979), (1152921504606846977, 1152921504606846979)]
discovery--->==============================
==================================== link detector ====================================

----------------------------
src    dst :    delay
1152921504606846978 <---> 1152921504606846977 : 3.018617630004883
1152921504606846978 <---> 1152921504606846979 : 2.913236618041992
1152921504606846977 <---> 1152921504606846978 : 1.626729965209961
1152921504606846977 <---> 1152921504606846979 : 2.9273033142089844
1152921504606846979 <---> 1152921504606846978 : 1.6276836395263672
1152921504606846979 <---> 1152921504606846977 : 2.1016597747802734
discovery--->==================================== discovery ====================================
discovery---> cls: [(1152921504606846978, 1152921504606846977), (1152921504606846978, 1152921504606846979), (1152921504606846977, 1152921504606846979)]
discovery--->==============================
==================================== link detector ====================================

----------------------------
src    dst :    delay
1152921504606846978 <---> 1152921504606846977 : 1.5933513641357422
1152921504606846978 <---> 1152921504606846979 : 2.9659271240234375
1152921504606846977 <---> 1152921504606846978 : 1.934051513671875
1152921504606846977 <---> 1152921504606846979 : 2.8820037841796875
1152921504606846979 <---> 1152921504606846978 : 1.6734600067138672
1152921504606846979 <---> 1152921504606846977 : 3.040313720703125
==================================== link detector ====================================

----------------------------
src    dst :    delay
1152921504606846978 <---> 1152921504606846977 : 3.045797348022461
1152921504606846978 <---> 1152921504606846979 : 3.0591487884521484
1152921504606846977 <---> 1152921504606846978 : 2.7391910552978516
1152921504606846977 <---> 1152921504606846979 : 1.5950202941894531
1152921504606846979 <---> 1152921504606846978 : 2.053976058959961
1152921504606846979 <---> 1152921504606846977 : 2.0072460174560547
discovery--->==================================== discovery ====================================
discovery---> cls: [(1152921504606846978, 1152921504606846977), (1152921504606846978, 1152921504606846979), (1152921504606846977, 1152921504606846979)]
discovery--->==============================
==================================== link detector ====================================

----------------------------
src    dst :    delay
1152921504606846978 <---> 1152921504606846977 : 3.0508041381835938
1152921504606846978 <---> 1152921504606846979 : 2.11334228515625
1152921504606846977 <---> 1152921504606846978 : 2.9442310333251953
1152921504606846977 <---> 1152921504606846979 : 2.898693084716797
1152921504606846979 <---> 1152921504606846978 : 3.0035972595214844
1152921504606846979 <---> 1152921504606846977 : 2.9702186584472656
discovery--->==================================== discovery ====================================
discovery---> cls: [(1152921504606846978, 1152921504606846977), (1152921504606846978, 1152921504606846979), (1152921504606846977, 1152921504606846979)]
discovery--->==============================
==================================== link detector ====================================

----------------------------
src    dst :    delay
1152921504606846978 <---> 1152921504606846977 : 3.007173538208008
1152921504606846978 <---> 1152921504606846979 : 2.8727054595947266
1152921504606846977 <---> 1152921504606846978 : 2.835512161254883
1152921504606846977 <---> 1152921504606846979 : 1.5900135040283203
1152921504606846979 <---> 1152921504606846978 : 2.7015209197998047
1152921504606846979 <---> 1152921504606846977 : 2.9137134552001953
==================================== link detector ====================================

----------------------------
src    dst :    delay
1152921504606846978 <---> 1152921504606846977 : 3.0291080474853516
1152921504606846978 <---> 1152921504606846979 : 3.0984878540039062
1152921504606846977 <---> 1152921504606846978 : 3.0608177185058594
1152921504606846977 <---> 1152921504606846979 : 2.977132797241211
1152921504606846979 <---> 1152921504606846978 : 2.1409988403320312
1152921504606846979 <---> 1152921504606846977 : 3.083944320678711
discovery--->==================================== discovery ====================================
discovery---> cls: [(1152921504606846978, 1152921504606846977), (1152921504606846978, 1152921504606846979), (1152921504606846977, 1152921504606846979)]
discovery--->==============================
==================================== link detector ====================================

----------------------------
src    dst :    delay
1152921504606846978 <---> 1152921504606846977 : 2.9134750366210938
1152921504606846978 <---> 1152921504606846979 : 2.980470657348633
1152921504606846977 <---> 1152921504606846978 : 2.813100814819336
1152921504606846977 <---> 1152921504606846979 : 1.5418529510498047
1152921504606846979 <---> 1152921504606846978 : 2.9344558715820312
1152921504606846979 <---> 1152921504606846977 : 2.124309539794922
discovery--->==================================== discovery ====================================
discovery---> cls: [(1152921504606846978, 1152921504606846977), (1152921504606846978, 1152921504606846979), (1152921504606846977, 1152921504606846979)]
discovery--->==============================
==================================== link detector ====================================

----------------------------
src    dst :    delay
1152921504606846978 <---> 1152921504606846977 : 2.5510787963867188
1152921504606846978 <---> 1152921504606846979 : 1.9347667694091797
1152921504606846977 <---> 1152921504606846978 : 2.6175975799560547
1152921504606846977 <---> 1152921504606846979 : 2.1965503692626953
1152921504606846979 <---> 1152921504606846978 : 2.994537353515625
1152921504606846979 <---> 1152921504606846977 : 2.9442310333251953
==================================== link detector ====================================

----------------------------
src    dst :    delay
1152921504606846978 <---> 1152921504606846977 : 2.113819122314453
1152921504606846978 <---> 1152921504606846979 : 1.6334056854248047
1152921504606846977 <---> 1152921504606846978 : 2.851247787475586
1152921504606846977 <---> 1152921504606846979 : 3.086090087890625
1152921504606846979 <---> 1152921504606846978 : 2.9070377349853516
1152921504606846979 <---> 1152921504606846977 : 3.0298233032226562
discovery--->==================================== discovery ====================================
discovery---> cls: [(1152921504606846978, 1152921504606846977), (1152921504606846978, 1152921504606846979), (1152921504606846977, 1152921504606846979)]
discovery--->==============================
==================================== link detector ====================================

----------------------------
src    dst :    delay
1152921504606846978 <---> 1152921504606846977 : 2.969026565551758
1152921504606846978 <---> 1152921504606846979 : 2.895832061767578
1152921504606846977 <---> 1152921504606846978 : 1.9845962524414062
1152921504606846977 <---> 1152921504606846979 : 2.8018951416015625
1152921504606846979 <---> 1152921504606846978 : 3.0515193939208984
1152921504606846979 <---> 1152921504606846977 : 3.0176639556884766
==================================== link detector ====================================

----------------------------
src    dst :    delay
1152921504606846978 <---> 1152921504606846977 : 2.9768943786621094
1152921504606846978 <---> 1152921504606846979 : 3.2079219818115234
1152921504606846977 <---> 1152921504606846978 : 2.023458480834961
1152921504606846977 <---> 1152921504606846979 : 3.0438899993896484
1152921504606846979 <---> 1152921504606846978 : 2.109527587890625
1152921504606846979 <---> 1152921504606846977 : 2.5606155395507812
discovery--->==================================== discovery ====================================
discovery---> cls: [(1152921504606846978, 1152921504606846977), (1152921504606846978, 1152921504606846979), (1152921504606846977, 1152921504606846979)]
discovery--->==============================
==================================== link detector ====================================

----------------------------
src    dst :    delay
1152921504606846978 <---> 1152921504606846977 : 2.103567123413086
1152921504606846978 <---> 1152921504606846979 : 2.9180049896240234
1152921504606846977 <---> 1152921504606846978 : 2.0101070404052734
1152921504606846977 <---> 1152921504606846979 : 2.3877620697021484
1152921504606846979 <---> 1152921504606846978 : 2.6869773864746094
1152921504606846979 <---> 1152921504606846977 : 2.1791458129882812
discovery--->==================================== discovery ====================================
discovery---> cls: [(1152921504606846978, 1152921504606846977), (1152921504606846978, 1152921504606846979), (1152921504606846977, 1152921504606846979)]
discovery--->==============================
==================================== link detector ====================================

----------------------------
src    dst :    delay
1152921504606846978 <---> 1152921504606846977 : 2.1059513092041016
1152921504606846978 <---> 1152921504606846979 : 2.4552345275878906
1152921504606846977 <---> 1152921504606846978 : 2.8824806213378906
1152921504606846977 <---> 1152921504606846979 : 1.6255378723144531
1152921504606846979 <---> 1152921504606846978 : 1.8203258514404297
1152921504606846979 <---> 1152921504606846977 : 3.0121803283691406
==================================== link detector ====================================

----------------------------
src    dst :    delay
1152921504606846978 <---> 1152921504606846977 : 2.9718875885009766
1152921504606846978 <---> 1152921504606846979 : 2.025127410888672
1152921504606846977 <---> 1152921504606846978 : 2.86102294921875
1152921504606846977 <---> 1152921504606846979 : 2.896547317504883
1152921504606846979 <---> 1152921504606846978 : 3.0167102813720703
1152921504606846979 <---> 1152921504606846977 : 1.4977455139160156
discovery--->==================================== discovery ====================================
discovery---> cls: [(1152921504606846978, 1152921504606846977), (1152921504606846978, 1152921504606846979), (1152921504606846977, 1152921504606846979)]
discovery--->==============================
==================================== link detector ====================================

----------------------------
src    dst :    delay
1152921504606846978 <---> 1152921504606846977 : 1.6100406646728516
1152921504606846978 <---> 1152921504606846979 : 3.108501434326172
1152921504606846977 <---> 1152921504606846978 : 1.5082359313964844
1152921504606846977 <---> 1152921504606846979 : 2.9108524322509766
1152921504606846979 <---> 1152921504606846978 : 1.9588470458984375
1152921504606846979 <---> 1152921504606846977 : 3.057718276977539
discovery--->==================================== discovery ====================================
discovery---> cls: [(1152921504606846978, 1152921504606846977), (1152921504606846978, 1152921504606846979), (1152921504606846977, 1152921504606846979)]
discovery--->==============================
==================================== link detector ====================================

----------------------------
src    dst :    delay
1152921504606846978 <---> 1152921504606846977 : 3.086566925048828
1152921504606846978 <---> 1152921504606846979 : 2.9621124267578125
1152921504606846977 <---> 1152921504606846978 : 1.5826225280761719
1152921504606846977 <---> 1152921504606846979 : 2.9096603393554688
1152921504606846979 <---> 1152921504606846978 : 2.938985824584961
1152921504606846979 <---> 1152921504606846977 : 2.9675960540771484
==================================== link detector ====================================

----------------------------
src    dst :    delay
1152921504606846978 <---> 1152921504606846977 : 2.068042755126953
1152921504606846978 <---> 1152921504606846979 : 3.0167102813720703
1152921504606846977 <---> 1152921504606846978 : 1.9123554229736328
1152921504606846977 <---> 1152921504606846979 : 3.255128860473633
1152921504606846979 <---> 1152921504606846978 : 1.9617080688476562
1152921504606846979 <---> 1152921504606846977 : 3.244638442993164
discovery--->==================================== discovery ====================================
discovery---> cls: [(1152921504606846978, 1152921504606846977), (1152921504606846978, 1152921504606846979), (1152921504606846977, 1152921504606846979)]
discovery--->==============================
==================================== link detector ====================================

----------------------------
src    dst :    delay
1152921504606846978 <---> 1152921504606846977 : 1.6586780548095703
1152921504606846978 <---> 1152921504606846979 : 1.5730857849121094
1152921504606846977 <---> 1152921504606846978 : 2.479076385498047
1152921504606846977 <---> 1152921504606846979 : 2.8362274169921875
1152921504606846979 <---> 1152921504606846978 : 3.0040740966796875
1152921504606846979 <---> 1152921504606846977 : 1.6467571258544922
==================================== link detector ====================================

----------------------------
src    dst :    delay
1152921504606846978 <---> 1152921504606846977 : 2.2017955780029297
1152921504606846978 <---> 1152921504606846979 : 2.9451847076416016
1152921504606846977 <---> 1152921504606846978 : 2.8688907623291016
1152921504606846977 <---> 1152921504606846979 : 1.5873908996582031
1152921504606846979 <---> 1152921504606846978 : 2.3822784423828125
1152921504606846979 <---> 1152921504606846977 : 2.2323131561279297
discovery--->==================================== discovery ====================================
discovery---> cls: [(1152921504606846978, 1152921504606846977), (1152921504606846978, 1152921504606846979), (1152921504606846977, 1152921504606846979)]
discovery--->==============================
==================================== link detector ====================================

----------------------------
src    dst :    delay
1152921504606846978 <---> 1152921504606846977 : 2.1588802337646484
1152921504606846978 <---> 1152921504606846979 : 1.566171646118164
1152921504606846977 <---> 1152921504606846978 : 2.8395652770996094
1152921504606846977 <---> 1152921504606846979 : 2.9091835021972656
1152921504606846979 <---> 1152921504606846978 : 3.020763397216797
1152921504606846979 <---> 1152921504606846977 : 3.0870437622070312
discovery--->==================================== discovery ====================================
discovery---> cls: [(1152921504606846978, 1152921504606846977), (1152921504606846978, 1152921504606846979), (1152921504606846977, 1152921504606846979)]
discovery--->==============================
==================================== link detector ====================================

----------------------------
src    dst :    delay
1152921504606846978 <---> 1152921504606846977 : 2.9764175415039062
1152921504606846978 <---> 1152921504606846979 : 2.9802322387695312
1152921504606846977 <---> 1152921504606846978 : 2.9180049896240234
1152921504606846977 <---> 1152921504606846979 : 2.022266387939453
1152921504606846979 <---> 1152921504606846978 : 1.917123794555664
1152921504606846979 <---> 1152921504606846977 : 2.98309326171875
==================================== link detector ====================================

----------------------------
src    dst :    delay
1152921504606846978 <---> 1152921504606846977 : 1.1289119720458984
1152921504606846978 <---> 1152921504606846979 : 2.970457077026367
1152921504606846977 <---> 1152921504606846978 : 3.054380416870117
1152921504606846977 <---> 1152921504606846979 : 1.7116069793701172
1152921504606846979 <---> 1152921504606846978 : 2.9077529907226562
1152921504606846979 <---> 1152921504606846977 : 3.263235092163086
discovery--->==================================== discovery ====================================
discovery---> cls: [(1152921504606846978, 1152921504606846977), (1152921504606846978, 1152921504606846979), (1152921504606846977, 1152921504606846979)]
discovery--->==============================
==================================== link detector ====================================

----------------------------
src    dst :    delay
1152921504606846978 <---> 1152921504606846977 : 3.0059814453125
1152921504606846978 <---> 1152921504606846979 : 3.041982650756836
1152921504606846977 <---> 1152921504606846978 : 2.9120445251464844
1152921504606846977 <---> 1152921504606846979 : 1.9719600677490234
1152921504606846979 <---> 1152921504606846978 : 2.7740001678466797
1152921504606846979 <---> 1152921504606846977 : 3.1366348266601562
discovery--->==================================== discovery ====================================
discovery---> cls: [(1152921504606846978, 1152921504606846977), (1152921504606846978, 1152921504606846979), (1152921504606846977, 1152921504606846979)]
discovery--->==============================
==================================== link detector ====================================

----------------------------
src    dst :    delay
1152921504606846978 <---> 1152921504606846977 : 2.7315616607666016
1152921504606846978 <---> 1152921504606846979 : 3.1332969665527344
1152921504606846977 <---> 1152921504606846978 : 2.596616744995117
1152921504606846977 <---> 1152921504606846979 : 1.8253326416015625
1152921504606846979 <---> 1152921504606846978 : 2.9282569885253906
1152921504606846979 <---> 1152921504606846977 : 2.8505325317382812
==================================== link detector ====================================

----------------------------
src    dst :    delay
1152921504606846978 <---> 1152921504606846977 : 3.122568130493164
1152921504606846978 <---> 1152921504606846979 : 1.7952919006347656
1152921504606846977 <---> 1152921504606846978 : 1.9676685333251953
1152921504606846977 <---> 1152921504606846979 : 2.9754638671875
1152921504606846979 <---> 1152921504606846978 : 1.613616943359375
1152921504606846979 <---> 1152921504606846977 : 2.1300315856933594
discovery--->==================================== discovery ====================================
discovery---> cls: [(1152921504606846978, 1152921504606846977), (1152921504606846978, 1152921504606846979), (1152921504606846977, 1152921504606846979)]
discovery--->==============================
==================================== link detector ====================================

----------------------------
src    dst :    delay
1152921504606846978 <---> 1152921504606846977 : 2.965688705444336
1152921504606846978 <---> 1152921504606846979 : 2.8219223022460938
1152921504606846977 <---> 1152921504606846978 : 1.6143321990966797
1152921504606846977 <---> 1152921504606846979 : 2.9070377349853516
1152921504606846979 <---> 1152921504606846978 : 2.900838851928711
1152921504606846979 <---> 1152921504606846977 : 3.105640411376953
==================================== link detector ====================================

----------------------------
src    dst :    delay
1152921504606846978 <---> 1152921504606846977 : 2.9816627502441406
1152921504606846978 <---> 1152921504606846979 : 3.014087677001953
1152921504606846977 <---> 1152921504606846978 : 1.6314983367919922
1152921504606846977 <---> 1152921504606846979 : 1.5604496002197266
1152921504606846979 <---> 1152921504606846978 : 3.070354461669922
1152921504606846979 <---> 1152921504606846977 : 2.7217864990234375
discovery--->==================================== discovery ====================================
discovery---> cls: [(1152921504606846978, 1152921504606846977), (1152921504606846978, 1152921504606846979), (1152921504606846977, 1152921504606846979)]
discovery--->==============================
==================================== link detector ====================================

----------------------------
src    dst :    delay
1152921504606846978 <---> 1152921504606846977 : 2.0744800567626953
1152921504606846978 <---> 1152921504606846979 : 1.5153884887695312
1152921504606846977 <---> 1152921504606846978 : 1.8780231475830078
1152921504606846977 <---> 1152921504606846979 : 2.8901100158691406
1152921504606846979 <---> 1152921504606846978 : 1.6283988952636719
1152921504606846979 <---> 1152921504606846977 : 1.644134521484375
discovery--->==================================== discovery ====================================
discovery---> cls: [(1152921504606846978, 1152921504606846977), (1152921504606846978, 1152921504606846979), (1152921504606846977, 1152921504606846979)]
discovery--->==============================
==================================== link detector ====================================

----------------------------
src    dst :    delay
1152921504606846978 <---> 1152921504606846977 : 2.8734207153320312
1152921504606846978 <---> 1152921504606846979 : 3.0248165130615234
1152921504606846977 <---> 1152921504606846978 : 2.3193359375
1152921504606846977 <---> 1152921504606846979 : 2.9761791229248047
1152921504606846979 <---> 1152921504606846978 : 2.959012985229492
1152921504606846979 <---> 1152921504606846977 : 2.00653076171875
==================================== link detector ====================================

----------------------------
src    dst :    delay
1152921504606846978 <---> 1152921504606846977 : 2.1185874938964844
1152921504606846978 <---> 1152921504606846979 : 2.8426647186279297
1152921504606846977 <---> 1152921504606846978 : 2.9740333557128906
1152921504606846977 <---> 1152921504606846979 : 2.8383731842041016
1152921504606846979 <---> 1152921504606846978 : 2.0427703857421875
1152921504606846979 <---> 1152921504606846977 : 2.050161361694336
discovery--->==================================== discovery ====================================
discovery---> cls: [(1152921504606846978, 1152921504606846977), (1152921504606846978, 1152921504606846979), (1152921504606846977, 1152921504606846979)]
discovery--->==============================
==================================== link detector ====================================

----------------------------
src    dst :    delay
1152921504606846978 <---> 1152921504606846977 : 3.0007362365722656
1152921504606846978 <---> 1152921504606846979 : 2.953767776489258
1152921504606846977 <---> 1152921504606846978 : 1.5604496002197266
1152921504606846977 <---> 1152921504606846979 : 3.0858516693115234
1152921504606846979 <---> 1152921504606846978 : 1.62506103515625
1152921504606846979 <---> 1152921504606846977 : 1.5778541564941406
discovery--->==================================== discovery ====================================
discovery---> cls: [(1152921504606846978, 1152921504606846977), (1152921504606846978, 1152921504606846979), (1152921504606846977, 1152921504606846979)]
discovery--->==============================
==================================== link detector ====================================

----------------------------
src    dst :    delay
1152921504606846978 <---> 1152921504606846977 : 2.0525455474853516
1152921504606846978 <---> 1152921504606846979 : 1.42669677734375
1152921504606846977 <---> 1152921504606846978 : 2.8960704803466797
1152921504606846977 <---> 1152921504606846979 : 2.744436264038086
1152921504606846979 <---> 1152921504606846978 : 3.010988235473633
1152921504606846979 <---> 1152921504606846977 : 3.1011104583740234
==================================== link detector ====================================

----------------------------
src    dst :    delay
1152921504606846978 <---> 1152921504606846977 : 3.1328201293945312
1152921504606846978 <---> 1152921504606846979 : 1.9154548645019531
1152921504606846977 <---> 1152921504606846978 : 3.191709518432617
1152921504606846977 <---> 1152921504606846979 : 2.772808074951172
1152921504606846979 <---> 1152921504606846978 : 1.981496810913086
1152921504606846979 <---> 1152921504606846977 : 1.6181468963623047
discovery--->==================================== discovery ====================================
discovery---> cls: [(1152921504606846978, 1152921504606846977), (1152921504606846978, 1152921504606846979), (1152921504606846977, 1152921504606846979)]
discovery--->==============================
==================================== link detector ====================================

----------------------------
src    dst :    delay
1152921504606846978 <---> 1152921504606846977 : 2.054452896118164
1152921504606846978 <---> 1152921504606846979 : 3.2596588134765625
1152921504606846977 <---> 1152921504606846978 : 1.573324203491211
1152921504606846977 <---> 1152921504606846979 : 2.863645553588867
1152921504606846979 <---> 1152921504606846978 : 3.239154815673828
1152921504606846979 <---> 1152921504606846977 : 2.9430389404296875
discovery--->==================================== discovery ====================================
discovery---> cls: [(1152921504606846978, 1152921504606846977), (1152921504606846978, 1152921504606846979), (1152921504606846977, 1152921504606846979)]
discovery--->==============================
==================================== link detector ====================================

----------------------------
src    dst :    delay
1152921504606846978 <---> 1152921504606846977 : 3.040790557861328
1152921504606846978 <---> 1152921504606846979 : 1.367330551147461
1152921504606846977 <---> 1152921504606846978 : 1.51824951171875
1152921504606846977 <---> 1152921504606846979 : 2.863645553588867
1152921504606846979 <---> 1152921504606846978 : 1.9333362579345703
1152921504606846979 <---> 1152921504606846977 : 3.0295848846435547
