loading app network_structure.py
Matplotlib created a temporary config/cache directory at /tmp/matplotlib-7p62awzp because the default path (/home/terry/.config/matplotlib) is not a writable directory; it is highly recommended to set the MPLCONFIGDIR environment variable to a writable directory, in particular to speed up the import of Matplotlib and to better support multiprocessing.
Generating new fontManager, this may take some time...
Failed to extract font properties from /usr/share/fonts/truetype/noto/NotoColorEmoji.ttf: In FT2Font: Can not load face.  Unknown file format.
loading app network_monitor.py
loading app network_delay.py
loading app network_shortest_path.py
loading app arp_handler.py
loading app ryu.controller.ofp_handler
instantiating app None of Switches
creating context switches
instantiating app network_structure.py of NetworkStructure
instantiating app network_monitor.py of NetworkMonitor
instantiating app network_delay.py of NetworkDelay
instantiating app network_shortest_path.py of NetworkShortestPath
instantiating app arp_handler.py of ArpHandler
instantiating app ryu.controller.ofp_handler of OFPHandler
discovery---> AccessPoint: 1 connected
discovery---> AccessPoint: 2 connected
discovery---> AccessPoint: 3 connected
monitor---->register datapath: 1000000000000001
monitor---->register datapath: 1000000000000002
monitor---->register datapath: 1000000000000003
==================================== link detector ====================================

----------------------------
src    dst :    delay
2 <---> 3 : 2.671480178833008
2 <---> 1 : 4.058599472045898
1 <---> 2 : 2.4039745330810547
1 <---> 3 : 4.088163375854492
3 <---> 2 : 2.382040023803711
3 <---> 1 : 4.029750823974609
---> OFPPortStatus received: reason=MODIFY desc=OFPPort(port_no=1,hw_addr='30:00:00:00:00:00',name=b'ap3-wlan1',config=0,state=0,curr=0,advertised=0,supported=0,peer=0,curr_speed=0,max_speed=0)
---> OFPPortStatus received: reason=MODIFY desc=OFPPort(port_no=1,hw_addr='30:00:00:00:00:00',name=b'ap3-wlan1',config=0,state=1,curr=0,advertised=0,supported=0,peer=0,curr_speed=0,max_speed=0)
discovery--->==================================== discovery ====================================
discovery---> cls: [(2, 3), (2, 1), (3, 1)]
discovery--->=============================================================================
datapath         port     rx-pkts  rx-bytes rx-error tx-pkts  tx-bytes tx-error
---------------- -------- -------- -------- -------- -------- -------- --------
0000000000000001        1        0        0        0        5      390        0
0000000000000001        2       24     3170        0       23     2934        0
0000000000000001        3       24     3170        0       25     3230        0
datapath         in-port  eth-dst           out-port packets  bytes
---------------- -------- ----------------- -------- -------- --------
datapath         port     rx-pkts  rx-bytes rx-error tx-pkts  tx-bytes tx-error
---------------- -------- -------- -------- -------- -------- -------- --------
0000000000000002        1        0        0        0        5      390        0
0000000000000002        2       23     2934        0       24     3170        0
0000000000000002        3       25     3230        0       24     3170        0
datapath         in-port  eth-dst           out-port packets  bytes
---------------- -------- ----------------- -------- -------- --------
datapath         port     rx-pkts  rx-bytes rx-error tx-pkts  tx-bytes tx-error
---------------- -------- -------- -------- -------- -------- -------- --------
0000000000000003        1        0        0        0        5      390        0
0000000000000003        2       25     3230        0       24     3170        0
0000000000000003        3       24     3170        0       25     3230        0
datapath         in-port  eth-dst           out-port packets  bytes
---------------- -------- ----------------- -------- -------- --------
==================================== link detector ====================================

----------------------------
src    dst :    delay
2 <---> 3 : 3.161907196044922
2 <---> 1 : 2.641916275024414
1 <---> 2 : 3.9560794830322266
1 <---> 3 : 4.111528396606445
3 <---> 2 : 3.3609867095947266
3 <---> 1 : 3.141641616821289
==================================== link detector ====================================

----------------------------
src    dst :    delay
2 <---> 3 : 2.7742385864257812
2 <---> 1 : 2.250194549560547
1 <---> 2 : 4.063844680786133
1 <---> 3 : 2.5482177734375
3 <---> 2 : 4.01616096496582
3 <---> 1 : 4.063129425048828
discovery--->==================================== discovery ====================================
discovery---> cls: [(2, 3), (2, 1), (3, 1)]
discovery--->=============================================================================
datapath         port     rx-pkts  rx-bytes rx-error tx-pkts  tx-bytes tx-error
---------------- -------- -------- -------- -------- -------- -------- --------
0000000000000001        1        0        0        0       10      780        0
0000000000000001        2       31     3600        0       29     3304        0
0000000000000001        3       30     3540        0       31     3600        0
datapath         in-port  eth-dst           out-port packets  bytes
---------------- -------- ----------------- -------- -------- --------
datapath         port     rx-pkts  rx-bytes rx-error tx-pkts  tx-bytes tx-error
---------------- -------- -------- -------- -------- -------- -------- --------
0000000000000003        1        0        0        0        5      390        0
0000000000000003        2       31     3600        0       30     3540        0
0000000000000003        3       31     3600        0       31     3600        0
datapath         in-port  eth-dst           out-port packets  bytes
---------------- -------- ----------------- -------- -------- --------
datapath         port     rx-pkts  rx-bytes rx-error tx-pkts  tx-bytes tx-error
---------------- -------- -------- -------- -------- -------- -------- --------
0000000000000002        1        0        0        0       11      858        0
0000000000000002        2       29     3304        0       31     3600        0
0000000000000002        3       31     3600        0       31     3600        0
datapath         in-port  eth-dst           out-port packets  bytes
---------------- -------- ----------------- -------- -------- --------
==================================== link detector ====================================

----------------------------
src    dst :    delay
2 <---> 3 : 3.5376548767089844
2 <---> 1 : 3.9136409759521484
1 <---> 2 : 2.5260448455810547
1 <---> 3 : 3.6630630493164062
3 <---> 2 : 2.6874542236328125
3 <---> 1 : 3.7500858306884766
discovery--->==================================== discovery ====================================
discovery---> cls: [(2, 3), (2, 1), (3, 1)]
discovery--->=============================================================================
datapath         port     rx-pkts  rx-bytes rx-error tx-pkts  tx-bytes tx-error
---------------- -------- -------- -------- -------- -------- -------- --------
0000000000000001        1        0        0        0       16     1248        0
0000000000000001        2       37     4103        0       36     3867        0
0000000000000001        3       37     4103        0       37     4103        0
datapath         in-port  eth-dst           out-port packets  bytes
---------------- -------- ----------------- -------- -------- --------
datapath         port     rx-pkts  rx-bytes rx-error tx-pkts  tx-bytes tx-error
---------------- -------- -------- -------- -------- -------- -------- --------
0000000000000002        1        0        0        0       16     1248        0
0000000000000002        2       36     3867        0       37     4103        0
0000000000000002        3       38     4163        0       37     4103        0
datapath         in-port  eth-dst           out-port packets  bytes
---------------- -------- ----------------- -------- -------- --------
datapath         port     rx-pkts  rx-bytes rx-error tx-pkts  tx-bytes tx-error
---------------- -------- -------- -------- -------- -------- -------- --------
0000000000000003        1        0        0        0        5      390        0
0000000000000003        2       37     4103        0       37     4103        0
0000000000000003        3       37     4103        0       38     4163        0
datapath         in-port  eth-dst           out-port packets  bytes
---------------- -------- ----------------- -------- -------- --------
==================================== link detector ====================================

----------------------------
src    dst :    delay
2 <---> 3 : 4.178524017333984
2 <---> 1 : 4.046440124511719
1 <---> 2 : 3.1876564025878906
1 <---> 3 : 4.03141975402832
3 <---> 2 : 2.737760543823242
3 <---> 1 : 3.9839744567871094
==================================== link detector ====================================

----------------------------
src    dst :    delay
2 <---> 3 : 3.794431686401367
2 <---> 1 : 2.970457077026367
1 <---> 2 : 4.069089889526367
1 <---> 3 : 2.916574478149414
3 <---> 2 : 4.134893417358398
3 <---> 1 : 3.9429664611816406
datapath         port     rx-pkts  rx-bytes rx-error tx-pkts  tx-bytes tx-error
---------------- -------- -------- -------- -------- -------- -------- --------
0000000000000001        1        0        0        0       22     1716        0
0000000000000001        2       43     4463        0       41     4167        0
0000000000000001        3       41     4343        0       42     4403        0
datapath         in-port  eth-dst           out-port packets  bytes
---------------- -------- ----------------- -------- -------- --------
discovery--->==================================== discovery ====================================
discovery---> cls: [(2, 3), (2, 1), (3, 1)]
discovery--->=============================================================================
datapath         port     rx-pkts  rx-bytes rx-error tx-pkts  tx-bytes tx-error
---------------- -------- -------- -------- -------- -------- -------- --------
0000000000000002        1        0        0        0       22     1716        0
0000000000000002        2       41     4167        0       43     4463        0
0000000000000002        3       43     4463        0       43     4463        0
datapath         in-port  eth-dst           out-port packets  bytes
---------------- -------- ----------------- -------- -------- --------
datapath         port     rx-pkts  rx-bytes rx-error tx-pkts  tx-bytes tx-error
---------------- -------- -------- -------- -------- -------- -------- --------
0000000000000003        1        0        0        0        5      390        0
0000000000000003        2       42     4403        0       41     4343        0
0000000000000003        3       43     4463        0       43     4463        0
datapath         in-port  eth-dst           out-port packets  bytes
---------------- -------- ----------------- -------- -------- --------
==================================== link detector ====================================

----------------------------
src    dst :    delay
2 <---> 3 : 4.224300384521484
2 <---> 1 : 2.697467803955078
1 <---> 2 : 4.278421401977539
1 <---> 3 : 3.3996105194091797
3 <---> 2 : 2.654552459716797
3 <---> 1 : 3.109455108642578
datapath         port     rx-pkts  rx-bytes rx-error tx-pkts  tx-bytes tx-error
---------------- -------- -------- -------- -------- -------- -------- --------
0000000000000002        1        0        0        0       27     2106        0
0000000000000002        2       47     4527        0       49     4833        0
0000000000000002        3       50     4893        0       49     4833        0
datapath         in-port  eth-dst           out-port packets  bytes
---------------- -------- ----------------- -------- -------- --------
datapath         port     rx-pkts  rx-bytes rx-error tx-pkts  tx-bytes tx-error
---------------- -------- -------- -------- -------- -------- -------- --------
0000000000000001        1        0        0        0       27     2106        0
0000000000000001        2       49     4833        0       47     4527        0
0000000000000001        3       48     4773        0       49     4833        0
datapath         in-port  eth-dst           out-port packets  bytes
---------------- -------- ----------------- -------- -------- --------
datapath         port     rx-pkts  rx-bytes rx-error tx-pkts  tx-bytes tx-error
---------------- -------- -------- -------- -------- -------- -------- --------
0000000000000003        1        0        0        0        5      390        0
0000000000000003        2       49     4833        0       48     4773        0
0000000000000003        3       49     4833        0       50     4893        0
datapath         in-port  eth-dst           out-port packets  bytes
---------------- -------- ----------------- -------- -------- --------
discovery--->==================================== discovery ====================================
discovery---> cls: [(2, 3), (2, 1), (3, 1)]
discovery--->=============================================================================
==================================== link detector ====================================

----------------------------
src    dst :    delay
2 <---> 3 : 4.12750244140625
2 <---> 1 : 3.0541419982910156
1 <---> 2 : 4.021406173706055
1 <---> 3 : 3.986358642578125
3 <---> 2 : 3.1905174255371094
3 <---> 1 : 4.045248031616211
==================================== link detector ====================================

----------------------------
src    dst :    delay
2 <---> 3 : 2.6967525482177734
2 <---> 1 : 3.812074661254883
1 <---> 2 : 3.9527416229248047
1 <---> 3 : 2.616405487060547
3 <---> 2 : 4.156589508056641
3 <---> 1 : 3.8394927978515625
datapath         port     rx-pkts  rx-bytes rx-error tx-pkts  tx-bytes tx-error
---------------- -------- -------- -------- -------- -------- -------- --------
0000000000000001        1        0        0        0       33     2574        0
0000000000000001        2       56     5396        0       54     5100        0
0000000000000001        3       55     5336        0       55     5336        0
datapath         in-port  eth-dst           out-port packets  bytes
---------------- -------- ----------------- -------- -------- --------
datapath         port     rx-pkts  rx-bytes rx-error tx-pkts  tx-bytes tx-error
---------------- -------- -------- -------- -------- -------- -------- --------
0000000000000003        1        0        0        0        5      390        0
0000000000000003        2       55     5336        0       55     5336        0
0000000000000003        3       55     5336        0       56     5396        0
datapath         in-port  eth-dst           out-port packets  bytes
---------------- -------- ----------------- -------- -------- --------
datapath         port     rx-pkts  rx-bytes rx-error tx-pkts  tx-bytes tx-error
---------------- -------- -------- -------- -------- -------- -------- --------
0000000000000002        1        0        0        0       33     2574        0
0000000000000002        2       54     5100        0       56     5396        0
0000000000000002        3       56     5396        0       55     5336        0
datapath         in-port  eth-dst           out-port packets  bytes
---------------- -------- ----------------- -------- -------- --------
discovery--->==================================== discovery ====================================
discovery---> cls: [(2, 3), (2, 1), (3, 1)]
discovery--->=============================================================================
shortest=====>[PATH] [192.168.0.1 <----> 192.168.0.2]: [1, 2]
==================================== link detector ====================================

----------------------------
src    dst :    delay
2 <---> 3 : 4.001617431640625
2 <---> 1 : 3.173351287841797
1 <---> 2 : 3.864288330078125
1 <---> 3 : 2.9268264770507812
3 <---> 2 : 3.0260086059570312
3 <---> 1 : 3.725767135620117
==================================== link detector ====================================

----------------------------
src    dst :    delay
2 <---> 3 : 3.408670425415039
2 <---> 1 : 3.543376922607422
1 <---> 2 : 4.071950912475586
1 <---> 3 : 3.0317306518554688
3 <---> 2 : 4.184484481811523
3 <---> 1 : 2.3145675659179688
datapath         port     rx-pkts  rx-bytes rx-error tx-pkts  tx-bytes tx-error
---------------- -------- -------- -------- -------- -------- -------- --------
0000000000000001        1        6      364        0       47     3616        0
0000000000000001        2       70     6186        0       69     5950        0
0000000000000001        3       67     5930        0       68     5990        0
datapath         in-port  eth-dst           out-port packets  bytes
---------------- -------- ----------------- -------- -------- --------
0000000000000001        1       192.168.0.2        2        1       98
0000000000000001        2       192.168.0.1        1        2      196
datapath         port     rx-pkts  rx-bytes rx-error tx-pkts  tx-bytes tx-error
---------------- -------- -------- -------- -------- -------- -------- --------
0000000000000003        1        0        0        0        5      390        0
0000000000000003        2       68     5990        0       67     5930        0
0000000000000003        3       67     5930        0       69     6050        0
datapath         in-port  eth-dst           out-port packets  bytes
---------------- -------- ----------------- -------- -------- --------
datapath         port     rx-pkts  rx-bytes rx-error tx-pkts  tx-bytes tx-error
---------------- -------- -------- -------- -------- -------- -------- --------
0000000000000002        1        6      364        0       44     3436        0
0000000000000002        2       69     5950        0       70     6186        0
0000000000000002        3       69     6050        0       67     5930        0
datapath         in-port  eth-dst           out-port packets  bytes
---------------- -------- ----------------- -------- -------- --------
0000000000000002        1       192.168.0.1        2        2      196
0000000000000002        2       192.168.0.2        1        2      196
discovery--->==================================== discovery ====================================
discovery---> cls: [(2, 3), (2, 1), (3, 1)]
discovery--->=============================================================================
==================================== link detector ====================================

----------------------------
src    dst :    delay
2 <---> 3 : 4.234552383422852
2 <---> 1 : 2.196788787841797
1 <---> 2 : 4.276514053344727
1 <---> 3 : 4.105329513549805
3 <---> 2 : 2.2635459899902344
3 <---> 1 : 2.478361129760742
datapath         port     rx-pkts  rx-bytes rx-error tx-pkts  tx-bytes tx-error
---------------- -------- -------- -------- -------- -------- -------- --------
0000000000000001        1        6      364        0       53     4084        0
0000000000000001        2       76     6546        0       75     6310        0
0000000000000001        3       73     6290        0       72     6230        0
datapath         in-port  eth-dst           out-port packets  bytes
---------------- -------- ----------------- -------- -------- --------
0000000000000001        1       192.168.0.2        2        1       98
0000000000000001        2       192.168.0.1        1        2      196
datapath         port     rx-pkts  rx-bytes rx-error tx-pkts  tx-bytes tx-error
---------------- -------- -------- -------- -------- -------- -------- --------
0000000000000003        1        0        0        0        5      390        0
0000000000000003        2       72     6230        0       73     6290        0
0000000000000003        3       73     6290        0       75     6410        0
datapath         in-port  eth-dst           out-port packets  bytes
---------------- -------- ----------------- -------- -------- --------
datapath         port     rx-pkts  rx-bytes rx-error tx-pkts  tx-bytes tx-error
---------------- -------- -------- -------- -------- -------- -------- --------
0000000000000002        1        9      490        0       53     4102        0
0000000000000002        2       75     6310        0       76     6546        0
0000000000000002        3       75     6410        0       73     6290        0
datapath         in-port  eth-dst           out-port packets  bytes
---------------- -------- ----------------- -------- -------- --------
0000000000000002        1       192.168.0.1        2        2      196
0000000000000002        2       192.168.0.2        1        2      196
discovery--->==================================== discovery ====================================
discovery---> cls: [(2, 3), (2, 1), (3, 1)]
discovery--->=============================================================================
==================================== link detector ====================================

----------------------------
src    dst :    delay
2 <---> 3 : 4.045009613037109
2 <---> 1 : 3.963947296142578
1 <---> 2 : 4.083156585693359
1 <---> 3 : 3.1316280364990234
3 <---> 2 : 4.071235656738281
3 <---> 1 : 3.9827823638916016
==================================== link detector ====================================

----------------------------
src    dst :    delay
2 <---> 3 : 3.9191246032714844
2 <---> 1 : 4.098653793334961
1 <---> 2 : 2.751588821411133
1 <---> 3 : 3.489255905151367
3 <---> 2 : 3.8442611694335938
3 <---> 1 : 3.9925575256347656
datapath         port     rx-pkts  rx-bytes rx-error tx-pkts  tx-bytes tx-error
---------------- -------- -------- -------- -------- -------- -------- --------
0000000000000001        1        6      364        0       58     4474        0
0000000000000001        2       81     6846        0       80     6610        0
0000000000000001        3       78     6590        0       78     6590        0
datapath         in-port  eth-dst           out-port packets  bytes
---------------- -------- ----------------- -------- -------- --------
0000000000000001        1       192.168.0.2        2        1       98
0000000000000001        2       192.168.0.1        1        2      196
datapath         port     rx-pkts  rx-bytes rx-error tx-pkts  tx-bytes tx-error
---------------- -------- -------- -------- -------- -------- -------- --------
0000000000000002        1        9      490        0       58     4492        0
0000000000000002        2       80     6610        0       81     6846        0
0000000000000002        3       80     6710        0       77     6530        0
datapath         in-port  eth-dst           out-port packets  bytes
---------------- -------- ----------------- -------- -------- --------
0000000000000002        1       192.168.0.1        2        2      196
0000000000000002        2       192.168.0.2        1        2      196
datapath         port     rx-pkts  rx-bytes rx-error tx-pkts  tx-bytes tx-error
---------------- -------- -------- -------- -------- -------- -------- --------
0000000000000003        1        0        0        0        5      390        0
0000000000000003        2       78     6590        0       78     6590        0
0000000000000003        3       77     6530        0       80     6710        0
datapath         in-port  eth-dst           out-port packets  bytes
---------------- -------- ----------------- -------- -------- --------
discovery--->==================================== discovery ====================================
discovery---> cls: [(2, 3), (2, 1), (3, 1)]
discovery--->=============================================================================
==================================== link detector ====================================

----------------------------
src    dst :    delay
2 <---> 3 : 3.1082630157470703
2 <---> 1 : 3.0553340911865234
1 <---> 2 : 4.060506820678711
1 <---> 3 : 2.6090145111083984
3 <---> 2 : 3.996133804321289
3 <---> 1 : 2.653837203979492
datapath         port     rx-pkts  rx-bytes rx-error tx-pkts  tx-bytes tx-error
---------------- -------- -------- -------- -------- -------- -------- --------
0000000000000001        1        6      364        0       64     4942        0
0000000000000001        2       87     7206        0       86     6970        0
0000000000000001        3       84     6950        0       84     6950        0
datapath         in-port  eth-dst           out-port packets  bytes
---------------- -------- ----------------- -------- -------- --------
0000000000000001        1       192.168.0.2        2        1       98
0000000000000001        2       192.168.0.1        1        2      196
datapath         port     rx-pkts  rx-bytes rx-error tx-pkts  tx-bytes tx-error
---------------- -------- -------- -------- -------- -------- -------- --------
0000000000000003        1        0        0        0        5      390        0
0000000000000003        2       84     6950        0       84     6950        0
0000000000000003        3       83     6890        0       87     7140        0
datapath         in-port  eth-dst           out-port packets  bytes
---------------- -------- ----------------- -------- -------- --------
datapath         port     rx-pkts  rx-bytes rx-error tx-pkts  tx-bytes tx-error
---------------- -------- -------- -------- -------- -------- -------- --------
0000000000000002        1        9      490        0       64     4960        0
0000000000000002        2       86     6970        0       87     7206        0
0000000000000002        3       87     7140        0       83     6890        0
datapath         in-port  eth-dst           out-port packets  bytes
---------------- -------- ----------------- -------- -------- --------
0000000000000002        1       192.168.0.1        2        2      196
0000000000000002        2       192.168.0.2        1        2      196
discovery--->==================================== discovery ====================================
discovery---> cls: [(2, 3), (2, 1), (3, 1)]
discovery--->=============================================================================
==================================== link detector ====================================

----------------------------
src    dst :    delay
2 <---> 3 : 2.6891231536865234
2 <---> 1 : 3.978252410888672
1 <---> 2 : 4.093647003173828
1 <---> 3 : 2.8176307678222656
3 <---> 2 : 4.012107849121094
3 <---> 1 : 3.7162303924560547
==================================== link detector ====================================

----------------------------
src    dst :    delay
2 <---> 3 : 4.008054733276367
2 <---> 1 : 3.0825138092041016
1 <---> 2 : 3.9756298065185547
1 <---> 3 : 3.083467483520508
3 <---> 2 : 4.525899887084961
3 <---> 1 : 4.013538360595703
datapath         port     rx-pkts  rx-bytes rx-error tx-pkts  tx-bytes tx-error
---------------- -------- -------- -------- -------- -------- -------- --------
0000000000000001        1        6      364        0       69     5332        0
0000000000000001        2       94     7636        0       91     7270        0
0000000000000001        3       90     7320        0       88     7190        0
datapath         in-port  eth-dst           out-port packets  bytes
---------------- -------- ----------------- -------- -------- --------
0000000000000001        1       192.168.0.2        2        1       98
0000000000000001        2       192.168.0.1        1        2      196
datapath         port     rx-pkts  rx-bytes rx-error tx-pkts  tx-bytes tx-error
---------------- -------- -------- -------- -------- -------- -------- --------
0000000000000002        1        9      490        0       69     5350        0
0000000000000002        2       91     7270        0       94     7636        0
0000000000000002        3       92     7440        0       90     7320        0
datapath         in-port  eth-dst           out-port packets  bytes
---------------- -------- ----------------- -------- -------- --------
0000000000000002        1       192.168.0.1        2        2      196
0000000000000002        2       192.168.0.2        1        2      196
datapath         port     rx-pkts  rx-bytes rx-error tx-pkts  tx-bytes tx-error
---------------- -------- -------- -------- -------- -------- -------- --------
0000000000000003        1        0        0        0        5      390        0
0000000000000003        2       88     7190        0       90     7320        0
0000000000000003        3       90     7320        0       92     7440        0
datapath         in-port  eth-dst           out-port packets  bytes
---------------- -------- ----------------- -------- -------- --------
discovery--->==================================== discovery ====================================
discovery---> cls: [(2, 3), (2, 1), (3, 1)]
discovery--->=============================================================================
==================================== link detector ====================================

----------------------------
src    dst :    delay
2 <---> 3 : 4.307985305786133
2 <---> 1 : 4.065990447998047
1 <---> 2 : 3.6263465881347656
1 <---> 3 : 4.0149688720703125
3 <---> 2 : 3.5660266876220703
3 <---> 1 : 3.393888473510742
==================================== link detector ====================================

----------------------------
src    dst :    delay
2 <---> 3 : 4.121541976928711
2 <---> 1 : 2.547740936279297
1 <---> 2 : 3.9865970611572266
1 <---> 3 : 2.586841583251953
3 <---> 2 : 2.5191307067871094
3 <---> 1 : 2.603292465209961
datapath         port     rx-pkts  rx-bytes rx-error tx-pkts  tx-bytes tx-error
---------------- -------- -------- -------- -------- -------- -------- --------
0000000000000001        1        6      364        0       75     5800        0
0000000000000001        2      100     8139        0       98     7833        0
0000000000000001        3       96     7823        0       96     7823        0
datapath         in-port  eth-dst           out-port packets  bytes
---------------- -------- ----------------- -------- -------- --------
0000000000000001        1       192.168.0.2        2        1       98
0000000000000001        2       192.168.0.1        1        2      196
datapath         port     rx-pkts  rx-bytes rx-error tx-pkts  tx-bytes tx-error
---------------- -------- -------- -------- -------- -------- -------- --------
0000000000000002        1        9      490        0       75     5818        0
0000000000000002        2       98     7833        0      100     8139        0
0000000000000002        3       99     8003        0       96     7823        0
datapath         in-port  eth-dst           out-port packets  bytes
---------------- -------- ----------------- -------- -------- --------
0000000000000002        1       192.168.0.1        2        2      196
0000000000000002        2       192.168.0.2        1        2      196
datapath         port     rx-pkts  rx-bytes rx-error tx-pkts  tx-bytes tx-error
---------------- -------- -------- -------- -------- -------- -------- --------
0000000000000003        1        0        0        0        5      390        0
0000000000000003        2       96     7823        0       96     7823        0
0000000000000003        3       96     7823        0       99     8003        0
datapath         in-port  eth-dst           out-port packets  bytes
---------------- -------- ----------------- -------- -------- --------
discovery--->==================================== discovery ====================================
discovery---> cls: [(2, 3), (2, 1), (3, 1)]
discovery--->=============================================================================
==================================== link detector ====================================

----------------------------
src    dst :    delay
2 <---> 3 : 4.014492034912109
2 <---> 1 : 4.149913787841797
1 <---> 2 : 3.640413284301758
1 <---> 3 : 2.1796226501464844
3 <---> 2 : 2.8793811798095703
3 <---> 1 : 3.3898353576660156
datapath         port     rx-pkts  rx-bytes rx-error tx-pkts  tx-bytes tx-error
---------------- -------- -------- -------- -------- -------- -------- --------
0000000000000001        1       11      686        0       86     6680        0
0000000000000001        2      108     8695        0      106     8399        0
0000000000000001        3      101     8123        0      101     8123        0
datapath         in-port  eth-dst           out-port packets  bytes
---------------- -------- ----------------- -------- -------- --------
0000000000000001        1       192.168.0.2        2        3      294
0000000000000001        2       192.168.0.1        1        4      392
datapath         port     rx-pkts  rx-bytes rx-error tx-pkts  tx-bytes tx-error
---------------- -------- -------- -------- -------- -------- -------- --------
0000000000000002        1       13      770        0       85     6638        0
0000000000000002        2      106     8399        0      108     8695        0
0000000000000002        3      104     8303        0      102     8183        0
datapath         in-port  eth-dst           out-port packets  bytes
---------------- -------- ----------------- -------- -------- --------
0000000000000002        1       192.168.0.1        2        4      392
0000000000000002        2       192.168.0.2        1        4      392
datapath         port     rx-pkts  rx-bytes rx-error tx-pkts  tx-bytes tx-error
---------------- -------- -------- -------- -------- -------- -------- --------
0000000000000003        1        0        0        0        5      390        0
0000000000000003        2      101     8123        0      101     8123        0
0000000000000003        3      102     8183        0      104     8303        0
datapath         in-port  eth-dst           out-port packets  bytes
---------------- -------- ----------------- -------- -------- --------
discovery--->==================================== discovery ====================================
discovery---> cls: [(2, 3), (2, 1), (3, 1)]
discovery--->=============================================================================
==================================== link detector ====================================

----------------------------
src    dst :    delay
2 <---> 3 : 4.105329513549805
2 <---> 1 : 2.6977062225341797
1 <---> 2 : 4.061698913574219
1 <---> 3 : 2.521991729736328
3 <---> 2 : 4.054784774780273
3 <---> 1 : 3.9882659912109375
==================================== link detector ====================================

----------------------------
src    dst :    delay
2 <---> 3 : 3.5486221313476562
2 <---> 1 : 3.431081771850586
1 <---> 2 : 4.02522087097168
1 <---> 3 : 3.9756298065185547
3 <---> 2 : 3.973245620727539
3 <---> 1 : 2.569437026977539
datapath         port     rx-pkts  rx-bytes rx-error tx-pkts  tx-bytes tx-error
---------------- -------- -------- -------- -------- -------- -------- --------
0000000000000001        1       12      728        0       92     7148        0
0000000000000001        2      113     8995        0      112     8759        0
0000000000000001        3      107     8483        0      107     8483        0
datapath         in-port  eth-dst           out-port packets  bytes
---------------- -------- ----------------- -------- -------- --------
0000000000000001        1       192.168.0.2        2        3      294
0000000000000001        2       192.168.0.1        1        4      392
datapath         port     rx-pkts  rx-bytes rx-error tx-pkts  tx-bytes tx-error
---------------- -------- -------- -------- -------- -------- -------- --------
0000000000000003        1        0        0        0        5      390        0
0000000000000003        2      107     8483        0      107     8483        0
0000000000000003        3      107     8483        0      110     8663        0
datapath         in-port  eth-dst           out-port packets  bytes
---------------- -------- ----------------- -------- -------- --------
datapath         port     rx-pkts  rx-bytes rx-error tx-pkts  tx-bytes tx-error
---------------- -------- -------- -------- -------- -------- -------- --------
0000000000000002        1       15      854        0       92     7166        0
0000000000000002        2      112     8759        0      113     8995        0
0000000000000002        3      110     8663        0      107     8483        0
datapath         in-port  eth-dst           out-port packets  bytes
---------------- -------- ----------------- -------- -------- --------
0000000000000002        1       192.168.0.1        2        4      392
0000000000000002        2       192.168.0.2        1        4      392
discovery--->==================================== discovery ====================================
discovery---> cls: [(2, 3), (2, 1), (3, 1)]
discovery--->=============================================================================
==================================== link detector ====================================

----------------------------
src    dst :    delay
2 <---> 3 : 4.212379455566406
2 <---> 1 : 3.259420394897461
1 <---> 2 : 3.580808639526367
1 <---> 3 : 3.5092830657958984
3 <---> 2 : 4.121541976928711
3 <---> 1 : 3.972768783569336
datapath         port     rx-pkts  rx-bytes rx-error tx-pkts  tx-bytes tx-error
---------------- -------- -------- -------- -------- -------- -------- --------
0000000000000001        1       12      728        0       98     7616        0
0000000000000001        2      119     9355        0      116     8999        0
0000000000000001        3      113     8843        0      112     8783        0
datapath         in-port  eth-dst           out-port packets  bytes
---------------- -------- ----------------- -------- -------- --------
0000000000000001        1       192.168.0.2        2        3      294
0000000000000001        2       192.168.0.1        1        4      392
datapath         port     rx-pkts  rx-bytes rx-error tx-pkts  tx-bytes tx-error
---------------- -------- -------- -------- -------- -------- -------- --------
0000000000000002        1       15      854        0       98     7634        0
0000000000000002        2      116     8999        0      119     9355        0
0000000000000002        3      115     8963        0      113     8843        0
datapath         in-port  eth-dst           out-port packets  bytes
---------------- -------- ----------------- -------- -------- --------
0000000000000002        1       192.168.0.1        2        4      392
0000000000000002        2       192.168.0.2        1        4      392
datapath         port     rx-pkts  rx-bytes rx-error tx-pkts  tx-bytes tx-error
---------------- -------- -------- -------- -------- -------- -------- --------
0000000000000003        1        0        0        0        5      390        0
0000000000000003        2      112     8783        0      113     8843        0
0000000000000003        3      113     8843        0      115     8963        0
datapath         in-port  eth-dst           out-port packets  bytes
---------------- -------- ----------------- -------- -------- --------
discovery--->==================================== discovery ====================================
discovery---> cls: [(2, 3), (2, 1), (3, 1)]
discovery--->=============================================================================
==================================== link detector ====================================

----------------------------
src    dst :    delay
2 <---> 3 : 4.212856292724609
2 <---> 1 : 3.9365291595458984
1 <---> 2 : 3.516674041748047
1 <---> 3 : 2.635478973388672
3 <---> 2 : 2.9544830322265625
3 <---> 1 : 2.9478073120117188
---> OFPPortStatus received: reason=DELETE desc=OFPPort(port_no=2,hw_addr='4e:5f:8b:b6:f1:4b',name=b'ap1-eth2',config=0,state=4,curr=2112,advertised=0,supported=0,peer=0,curr_speed=10000000,max_speed=0)
---> OFPPortStatus received: reason=DELETE desc=OFPPort(port_no=2,hw_addr='0e:8f:95:fb:3a:b9',name=b'ap2-eth2',config=0,state=4,curr=2112,advertised=0,supported=0,peer=0,curr_speed=10000000,max_speed=0)
---> OFPPortStatus received: reason=DELETE desc=OFPPort(port_no=2,hw_addr='02:23:cf:95:c7:a2',name=b'ap3-eth2',config=0,state=4,curr=2112,advertised=0,supported=0,peer=0,curr_speed=10000000,max_speed=0)
---> OFPPortStatus received: reason=DELETE desc=OFPPort(port_no=3,hw_addr='52:31:a2:50:ae:19',name=b'ap1-eth3',config=0,state=4,curr=2112,advertised=0,supported=0,peer=0,curr_speed=10000000,max_speed=0)
---> OFPPortStatus received: reason=DELETE desc=OFPPort(port_no=3,hw_addr='a2:0f:a5:6d:9f:97',name=b'ap2-eth3',config=0,state=4,curr=2112,advertised=0,supported=0,peer=0,curr_speed=10000000,max_speed=0)
---> OFPPortStatus received: reason=DELETE desc=OFPPort(port_no=3,hw_addr='8e:b5:74:b7:36:22',name=b'ap3-eth3',config=0,state=4,curr=2112,advertised=0,supported=0,peer=0,curr_speed=10000000,max_speed=0)
==================================== link detector ====================================

----------------------------
src    dst :    delay
2 <---> 3 : 3.7689208984375
2 <---> 1 : 2.7916431427001953
1 <---> 2 : 4.031658172607422
1 <---> 3 : 4.029989242553711
3 <---> 2 : 2.721071243286133
3 <---> 1 : 3.992319107055664
discovery--->==================================== discovery ====================================
discovery---> cls: []
discovery--->=============================================================================
==================================== link detector ====================================

----------------------------
src    dst :    delay
2 <---> 3 : 3.7689208984375
2 <---> 1 : 2.7916431427001953
1 <---> 2 : 4.031658172607422
1 <---> 3 : 4.029989242553711
3 <---> 2 : 2.721071243286133
3 <---> 1 : 3.992319107055664
discovery--->==================================== discovery ====================================
discovery---> cls: []
discovery--->=============================================================================
==================================== link detector ====================================

----------------------------
src    dst :    delay
2 <---> 3 : 3.7689208984375
2 <---> 1 : 2.7916431427001953
1 <---> 2 : 4.031658172607422
1 <---> 3 : 4.029989242553711
3 <---> 2 : 2.721071243286133
3 <---> 1 : 3.992319107055664
==================================== link detector ====================================

----------------------------
src    dst :    delay
2 <---> 3 : 3.7689208984375
2 <---> 1 : 2.7916431427001953
1 <---> 2 : 4.031658172607422
1 <---> 3 : 4.029989242553711
3 <---> 2 : 2.721071243286133
3 <---> 1 : 3.992319107055664
discovery--->==================================== discovery ====================================
discovery---> cls: []
discovery--->=============================================================================
==================================== link detector ====================================

----------------------------
src    dst :    delay
2 <---> 3 : 3.7689208984375
2 <---> 1 : 2.7916431427001953
1 <---> 2 : 4.031658172607422
1 <---> 3 : 4.029989242553711
3 <---> 2 : 2.721071243286133
3 <---> 1 : 3.992319107055664
==================================== link detector ====================================

----------------------------
src    dst :    delay
2 <---> 3 : 3.7689208984375
2 <---> 1 : 2.7916431427001953
1 <---> 2 : 4.031658172607422
1 <---> 3 : 4.029989242553711
3 <---> 2 : 2.721071243286133
3 <---> 1 : 3.992319107055664
discovery--->==================================== discovery ====================================
discovery---> cls: []
discovery--->=============================================================================
==================================== link detector ====================================

----------------------------
src    dst :    delay
2 <---> 3 : 3.7689208984375
2 <---> 1 : 2.7916431427001953
1 <---> 2 : 4.031658172607422
1 <---> 3 : 4.029989242553711
3 <---> 2 : 2.721071243286133
3 <---> 1 : 3.992319107055664
discovery--->==================================== discovery ====================================
discovery---> cls: []
discovery--->=============================================================================
==================================== link detector ====================================

----------------------------
src    dst :    delay
2 <---> 3 : 3.7689208984375
2 <---> 1 : 2.7916431427001953
1 <---> 2 : 4.031658172607422
1 <---> 3 : 4.029989242553711
3 <---> 2 : 2.721071243286133
3 <---> 1 : 3.992319107055664
==================================== link detector ====================================

----------------------------
src    dst :    delay
2 <---> 3 : 3.7689208984375
2 <---> 1 : 2.7916431427001953
1 <---> 2 : 4.031658172607422
1 <---> 3 : 4.029989242553711
3 <---> 2 : 2.721071243286133
3 <---> 1 : 3.992319107055664
discovery--->==================================== discovery ====================================
discovery---> cls: []
discovery--->=============================================================================
==================================== link detector ====================================

----------------------------
src    dst :    delay
2 <---> 3 : 3.7689208984375
2 <---> 1 : 2.7916431427001953
1 <---> 2 : 4.031658172607422
1 <---> 3 : 4.029989242553711
3 <---> 2 : 2.721071243286133
3 <---> 1 : 3.992319107055664
discovery--->==================================== discovery ====================================
discovery---> cls: []
discovery--->=============================================================================
==================================== link detector ====================================

----------------------------
src    dst :    delay
2 <---> 3 : 3.7689208984375
2 <---> 1 : 2.7916431427001953
1 <---> 2 : 4.031658172607422
1 <---> 3 : 4.029989242553711
3 <---> 2 : 2.721071243286133
3 <---> 1 : 3.992319107055664
==================================== link detector ====================================

----------------------------
src    dst :    delay
2 <---> 3 : 3.7689208984375
2 <---> 1 : 2.7916431427001953
1 <---> 2 : 4.031658172607422
1 <---> 3 : 4.029989242553711
3 <---> 2 : 2.721071243286133
3 <---> 1 : 3.992319107055664
discovery--->==================================== discovery ====================================
discovery---> cls: []
discovery--->=============================================================================
==================================== link detector ====================================

----------------------------
src    dst :    delay
2 <---> 3 : 3.7689208984375
2 <---> 1 : 2.7916431427001953
1 <---> 2 : 4.031658172607422
1 <---> 3 : 4.029989242553711
3 <---> 2 : 2.721071243286133
3 <---> 1 : 3.992319107055664
==================================== link detector ====================================

----------------------------
src    dst :    delay
2 <---> 3 : 3.7689208984375
2 <---> 1 : 2.7916431427001953
1 <---> 2 : 4.031658172607422
1 <---> 3 : 4.029989242553711
3 <---> 2 : 2.721071243286133
3 <---> 1 : 3.992319107055664
discovery--->==================================== discovery ====================================
discovery---> cls: []
discovery--->=============================================================================
==================================== link detector ====================================

----------------------------
src    dst :    delay
2 <---> 3 : 3.7689208984375
2 <---> 1 : 2.7916431427001953
1 <---> 2 : 4.031658172607422
1 <---> 3 : 4.029989242553711
3 <---> 2 : 2.721071243286133
3 <---> 1 : 3.992319107055664
discovery--->==================================== discovery ====================================
discovery---> cls: []
discovery--->=============================================================================
==================================== link detector ====================================

----------------------------
src    dst :    delay
2 <---> 3 : 3.7689208984375
2 <---> 1 : 2.7916431427001953
1 <---> 2 : 4.031658172607422
1 <---> 3 : 4.029989242553711
3 <---> 2 : 2.721071243286133
3 <---> 1 : 3.992319107055664
==================================== link detector ====================================

----------------------------
src    dst :    delay
2 <---> 3 : 3.7689208984375
2 <---> 1 : 2.7916431427001953
1 <---> 2 : 4.031658172607422
1 <---> 3 : 4.029989242553711
3 <---> 2 : 2.721071243286133
3 <---> 1 : 3.992319107055664
discovery--->==================================== discovery ====================================
discovery---> cls: []
discovery--->=============================================================================
==================================== link detector ====================================

----------------------------
src    dst :    delay
2 <---> 3 : 3.7689208984375
2 <---> 1 : 2.7916431427001953
1 <---> 2 : 4.031658172607422
1 <---> 3 : 4.029989242553711
3 <---> 2 : 2.721071243286133
3 <---> 1 : 3.992319107055664
discovery--->==================================== discovery ====================================
discovery---> cls: []
discovery--->=============================================================================
==================================== link detector ====================================

----------------------------
src    dst :    delay
2 <---> 3 : 3.7689208984375
2 <---> 1 : 2.7916431427001953
1 <---> 2 : 4.031658172607422
1 <---> 3 : 4.029989242553711
3 <---> 2 : 2.721071243286133
3 <---> 1 : 3.992319107055664
==================================== link detector ====================================

----------------------------
src    dst :    delay
2 <---> 3 : 3.7689208984375
2 <---> 1 : 2.7916431427001953
1 <---> 2 : 4.031658172607422
1 <---> 3 : 4.029989242553711
3 <---> 2 : 2.721071243286133
3 <---> 1 : 3.992319107055664
discovery--->==================================== discovery ====================================
discovery---> cls: []
discovery--->=============================================================================
==================================== link detector ====================================

----------------------------
src    dst :    delay
2 <---> 3 : 3.7689208984375
2 <---> 1 : 2.7916431427001953
1 <---> 2 : 4.031658172607422
1 <---> 3 : 4.029989242553711
3 <---> 2 : 2.721071243286133
3 <---> 1 : 3.992319107055664
discovery--->==================================== discovery ====================================
discovery---> cls: []
discovery--->=============================================================================
==================================== link detector ====================================

----------------------------
src    dst :    delay
2 <---> 3 : 3.7689208984375
2 <---> 1 : 2.7916431427001953
1 <---> 2 : 4.031658172607422
1 <---> 3 : 4.029989242553711
3 <---> 2 : 2.721071243286133
3 <---> 1 : 3.992319107055664
==================================== link detector ====================================

----------------------------
src    dst :    delay
2 <---> 3 : 3.7689208984375
2 <---> 1 : 2.7916431427001953
1 <---> 2 : 4.031658172607422
1 <---> 3 : 4.029989242553711
3 <---> 2 : 2.721071243286133
3 <---> 1 : 3.992319107055664
discovery--->==================================== discovery ====================================
discovery---> cls: []
discovery--->=============================================================================
==================================== link detector ====================================

----------------------------
src    dst :    delay
2 <---> 3 : 3.7689208984375
2 <---> 1 : 2.7916431427001953
1 <---> 2 : 4.031658172607422
1 <---> 3 : 4.029989242553711
3 <---> 2 : 2.721071243286133
3 <---> 1 : 3.992319107055664
==================================== link detector ====================================

----------------------------
src    dst :    delay
2 <---> 3 : 3.7689208984375
2 <---> 1 : 2.7916431427001953
1 <---> 2 : 4.031658172607422
1 <---> 3 : 4.029989242553711
3 <---> 2 : 2.721071243286133
3 <---> 1 : 3.992319107055664
discovery--->==================================== discovery ====================================
discovery---> cls: []
discovery--->=============================================================================
==================================== link detector ====================================

----------------------------
src    dst :    delay
2 <---> 3 : 3.7689208984375
2 <---> 1 : 2.7916431427001953
1 <---> 2 : 4.031658172607422
1 <---> 3 : 4.029989242553711
3 <---> 2 : 2.721071243286133
3 <---> 1 : 3.992319107055664
discovery--->==================================== discovery ====================================
discovery---> cls: []
discovery--->=============================================================================
==================================== link detector ====================================

----------------------------
src    dst :    delay
2 <---> 3 : 3.7689208984375
2 <---> 1 : 2.7916431427001953
1 <---> 2 : 4.031658172607422
1 <---> 3 : 4.029989242553711
3 <---> 2 : 2.721071243286133
3 <---> 1 : 3.992319107055664
==================================== link detector ====================================

----------------------------
src    dst :    delay
2 <---> 3 : 3.7689208984375
2 <---> 1 : 2.7916431427001953
1 <---> 2 : 4.031658172607422
1 <---> 3 : 4.029989242553711
3 <---> 2 : 2.721071243286133
3 <---> 1 : 3.992319107055664
discovery--->==================================== discovery ====================================
discovery---> cls: []
discovery--->=============================================================================
==================================== link detector ====================================

----------------------------
src    dst :    delay
2 <---> 3 : 3.7689208984375
2 <---> 1 : 2.7916431427001953
1 <---> 2 : 4.031658172607422
1 <---> 3 : 4.029989242553711
3 <---> 2 : 2.721071243286133
3 <---> 1 : 3.992319107055664
discovery--->==================================== discovery ====================================
discovery---> cls: []
discovery--->=============================================================================
==================================== link detector ====================================

----------------------------
src    dst :    delay
2 <---> 3 : 3.7689208984375
2 <---> 1 : 2.7916431427001953
1 <---> 2 : 4.031658172607422
1 <---> 3 : 4.029989242553711
3 <---> 2 : 2.721071243286133
3 <---> 1 : 3.992319107055664
==================================== link detector ====================================

----------------------------
src    dst :    delay
2 <---> 3 : 3.7689208984375
2 <---> 1 : 2.7916431427001953
1 <---> 2 : 4.031658172607422
1 <---> 3 : 4.029989242553711
3 <---> 2 : 2.721071243286133
3 <---> 1 : 3.992319107055664
discovery--->==================================== discovery ====================================
discovery---> cls: []
discovery--->=============================================================================
==================================== link detector ====================================

----------------------------
src    dst :    delay
2 <---> 3 : 3.7689208984375
2 <---> 1 : 2.7916431427001953
1 <---> 2 : 4.031658172607422
1 <---> 3 : 4.029989242553711
3 <---> 2 : 2.721071243286133
3 <---> 1 : 3.992319107055664
==================================== link detector ====================================

----------------------------
src    dst :    delay
2 <---> 3 : 3.7689208984375
2 <---> 1 : 2.7916431427001953
1 <---> 2 : 4.031658172607422
1 <---> 3 : 4.029989242553711
3 <---> 2 : 2.721071243286133
3 <---> 1 : 3.992319107055664
discovery--->==================================== discovery ====================================
discovery---> cls: []
discovery--->=============================================================================
==================================== link detector ====================================

----------------------------
src    dst :    delay
2 <---> 3 : 3.7689208984375
2 <---> 1 : 2.7916431427001953
1 <---> 2 : 4.031658172607422
1 <---> 3 : 4.029989242553711
3 <---> 2 : 2.721071243286133
3 <---> 1 : 3.992319107055664
discovery--->==================================== discovery ====================================
discovery---> cls: []
discovery--->=============================================================================
==================================== link detector ====================================

----------------------------
src    dst :    delay
2 <---> 3 : 3.7689208984375
2 <---> 1 : 2.7916431427001953
1 <---> 2 : 4.031658172607422
1 <---> 3 : 4.029989242553711
3 <---> 2 : 2.721071243286133
3 <---> 1 : 3.992319107055664
==================================== link detector ====================================

----------------------------
src    dst :    delay
2 <---> 3 : 3.7689208984375
2 <---> 1 : 2.7916431427001953
1 <---> 2 : 4.031658172607422
1 <---> 3 : 4.029989242553711
3 <---> 2 : 2.721071243286133
3 <---> 1 : 3.992319107055664
discovery--->==================================== discovery ====================================
discovery---> cls: []
discovery--->=============================================================================
==================================== link detector ====================================

----------------------------
src    dst :    delay
2 <---> 3 : 3.7689208984375
2 <---> 1 : 2.7916431427001953
1 <---> 2 : 4.031658172607422
1 <---> 3 : 4.029989242553711
3 <---> 2 : 2.721071243286133
3 <---> 1 : 3.992319107055664
discovery--->==================================== discovery ====================================
discovery---> cls: []
discovery--->=============================================================================
==================================== link detector ====================================

----------------------------
src    dst :    delay
2 <---> 3 : 3.7689208984375
2 <---> 1 : 2.7916431427001953
1 <---> 2 : 4.031658172607422
1 <---> 3 : 4.029989242553711
3 <---> 2 : 2.721071243286133
3 <---> 1 : 3.992319107055664
==================================== link detector ====================================

----------------------------
src    dst :    delay
2 <---> 3 : 3.7689208984375
2 <---> 1 : 2.7916431427001953
1 <---> 2 : 4.031658172607422
1 <---> 3 : 4.029989242553711
3 <---> 2 : 2.721071243286133
3 <---> 1 : 3.992319107055664
discovery--->==================================== discovery ====================================
discovery---> cls: []
discovery--->=============================================================================
==================================== link detector ====================================

----------------------------
src    dst :    delay
2 <---> 3 : 3.7689208984375
2 <---> 1 : 2.7916431427001953
1 <---> 2 : 4.031658172607422
1 <---> 3 : 4.029989242553711
3 <---> 2 : 2.721071243286133
3 <---> 1 : 3.992319107055664
==================================== link detector ====================================

----------------------------
src    dst :    delay
2 <---> 3 : 3.7689208984375
2 <---> 1 : 2.7916431427001953
1 <---> 2 : 4.031658172607422
1 <---> 3 : 4.029989242553711
3 <---> 2 : 2.721071243286133
3 <---> 1 : 3.992319107055664
discovery--->==================================== discovery ====================================
discovery---> cls: []
discovery--->=============================================================================
==================================== link detector ====================================

----------------------------
src    dst :    delay
2 <---> 3 : 3.7689208984375
2 <---> 1 : 2.7916431427001953
1 <---> 2 : 4.031658172607422
1 <---> 3 : 4.029989242553711
3 <---> 2 : 2.721071243286133
3 <---> 1 : 3.992319107055664
discovery--->==================================== discovery ====================================
discovery---> cls: []
discovery--->=============================================================================
==================================== link detector ====================================

----------------------------
src    dst :    delay
2 <---> 3 : 3.7689208984375
2 <---> 1 : 2.7916431427001953
1 <---> 2 : 4.031658172607422
1 <---> 3 : 4.029989242553711
3 <---> 2 : 2.721071243286133
3 <---> 1 : 3.992319107055664
==================================== link detector ====================================

----------------------------
src    dst :    delay
2 <---> 3 : 3.7689208984375
2 <---> 1 : 2.7916431427001953
1 <---> 2 : 4.031658172607422
1 <---> 3 : 4.029989242553711
3 <---> 2 : 2.721071243286133
3 <---> 1 : 3.992319107055664
discovery--->==================================== discovery ====================================
discovery---> cls: []
discovery--->=============================================================================
==================================== link detector ====================================

----------------------------
src    dst :    delay
2 <---> 3 : 3.7689208984375
2 <---> 1 : 2.7916431427001953
1 <---> 2 : 4.031658172607422
1 <---> 3 : 4.029989242553711
3 <---> 2 : 2.721071243286133
3 <---> 1 : 3.992319107055664
discovery--->==================================== discovery ====================================
discovery---> cls: []
discovery--->=============================================================================
==================================== link detector ====================================

----------------------------
src    dst :    delay
2 <---> 3 : 3.7689208984375
2 <---> 1 : 2.7916431427001953
1 <---> 2 : 4.031658172607422
1 <---> 3 : 4.029989242553711
3 <---> 2 : 2.721071243286133
3 <---> 1 : 3.992319107055664
==================================== link detector ====================================

----------------------------
src    dst :    delay
2 <---> 3 : 3.7689208984375
2 <---> 1 : 2.7916431427001953
1 <---> 2 : 4.031658172607422
1 <---> 3 : 4.029989242553711
3 <---> 2 : 2.721071243286133
3 <---> 1 : 3.992319107055664
discovery--->==================================== discovery ====================================
discovery---> cls: []
discovery--->=============================================================================
==================================== link detector ====================================

----------------------------
src    dst :    delay
2 <---> 3 : 3.7689208984375
2 <---> 1 : 2.7916431427001953
1 <---> 2 : 4.031658172607422
1 <---> 3 : 4.029989242553711
3 <---> 2 : 2.721071243286133
3 <---> 1 : 3.992319107055664
discovery--->==================================== discovery ====================================
discovery---> cls: []
discovery--->=============================================================================
==================================== link detector ====================================

----------------------------
src    dst :    delay
2 <---> 3 : 3.7689208984375
2 <---> 1 : 2.7916431427001953
1 <---> 2 : 4.031658172607422
1 <---> 3 : 4.029989242553711
3 <---> 2 : 2.721071243286133
3 <---> 1 : 3.992319107055664
==================================== link detector ====================================

----------------------------
src    dst :    delay
2 <---> 3 : 3.7689208984375
2 <---> 1 : 2.7916431427001953
1 <---> 2 : 4.031658172607422
1 <---> 3 : 4.029989242553711
3 <---> 2 : 2.721071243286133
3 <---> 1 : 3.992319107055664
discovery--->==================================== discovery ====================================
discovery---> cls: []
discovery--->=============================================================================
==================================== link detector ====================================

----------------------------
src    dst :    delay
2 <---> 3 : 3.7689208984375
2 <---> 1 : 2.7916431427001953
1 <---> 2 : 4.031658172607422
1 <---> 3 : 4.029989242553711
3 <---> 2 : 2.721071243286133
3 <---> 1 : 3.992319107055664
==================================== link detector ====================================

----------------------------
src    dst :    delay
2 <---> 3 : 3.7689208984375
2 <---> 1 : 2.7916431427001953
1 <---> 2 : 4.031658172607422
1 <---> 3 : 4.029989242553711
3 <---> 2 : 2.721071243286133
3 <---> 1 : 3.992319107055664
discovery--->==================================== discovery ====================================
discovery---> cls: []
discovery--->=============================================================================
==================================== link detector ====================================

----------------------------
src    dst :    delay
2 <---> 3 : 3.7689208984375
2 <---> 1 : 2.7916431427001953
1 <---> 2 : 4.031658172607422
1 <---> 3 : 4.029989242553711
3 <---> 2 : 2.721071243286133
3 <---> 1 : 3.992319107055664
discovery--->==================================== discovery ====================================
discovery---> cls: []
discovery--->=============================================================================
==================================== link detector ====================================

----------------------------
src    dst :    delay
2 <---> 3 : 3.7689208984375
2 <---> 1 : 2.7916431427001953
1 <---> 2 : 4.031658172607422
1 <---> 3 : 4.029989242553711
3 <---> 2 : 2.721071243286133
3 <---> 1 : 3.992319107055664
==================================== link detector ====================================

----------------------------
src    dst :    delay
2 <---> 3 : 3.7689208984375
2 <---> 1 : 2.7916431427001953
1 <---> 2 : 4.031658172607422
1 <---> 3 : 4.029989242553711
3 <---> 2 : 2.721071243286133
3 <---> 1 : 3.992319107055664
discovery--->==================================== discovery ====================================
discovery---> cls: []
discovery--->=============================================================================
==================================== link detector ====================================

----------------------------
src    dst :    delay
2 <---> 3 : 3.7689208984375
2 <---> 1 : 2.7916431427001953
1 <---> 2 : 4.031658172607422
1 <---> 3 : 4.029989242553711
3 <---> 2 : 2.721071243286133
3 <---> 1 : 3.992319107055664
discovery--->==================================== discovery ====================================
discovery---> cls: []
discovery--->=============================================================================
==================================== link detector ====================================

----------------------------
src    dst :    delay
2 <---> 3 : 3.7689208984375
2 <---> 1 : 2.7916431427001953
1 <---> 2 : 4.031658172607422
1 <---> 3 : 4.029989242553711
3 <---> 2 : 2.721071243286133
3 <---> 1 : 3.992319107055664
==================================== link detector ====================================

----------------------------
src    dst :    delay
2 <---> 3 : 3.7689208984375
2 <---> 1 : 2.7916431427001953
1 <---> 2 : 4.031658172607422
1 <---> 3 : 4.029989242553711
3 <---> 2 : 2.721071243286133
3 <---> 1 : 3.992319107055664
discovery--->==================================== discovery ====================================
discovery---> cls: []
discovery--->=============================================================================
==================================== link detector ====================================

----------------------------
src    dst :    delay
2 <---> 3 : 3.7689208984375
2 <---> 1 : 2.7916431427001953
1 <---> 2 : 4.031658172607422
1 <---> 3 : 4.029989242553711
3 <---> 2 : 2.721071243286133
3 <---> 1 : 3.992319107055664
==================================== link detector ====================================

----------------------------
src    dst :    delay
2 <---> 3 : 3.7689208984375
2 <---> 1 : 2.7916431427001953
1 <---> 2 : 4.031658172607422
1 <---> 3 : 4.029989242553711
3 <---> 2 : 2.721071243286133
3 <---> 1 : 3.992319107055664
discovery--->==================================== discovery ====================================
discovery---> cls: []
discovery--->=============================================================================
==================================== link detector ====================================

----------------------------
src    dst :    delay
2 <---> 3 : 3.7689208984375
2 <---> 1 : 2.7916431427001953
1 <---> 2 : 4.031658172607422
1 <---> 3 : 4.029989242553711
3 <---> 2 : 2.721071243286133
3 <---> 1 : 3.992319107055664
discovery--->==================================== discovery ====================================
discovery---> cls: []
discovery--->=============================================================================
==================================== link detector ====================================

----------------------------
src    dst :    delay
2 <---> 3 : 3.7689208984375
2 <---> 1 : 2.7916431427001953
1 <---> 2 : 4.031658172607422
1 <---> 3 : 4.029989242553711
3 <---> 2 : 2.721071243286133
3 <---> 1 : 3.992319107055664
==================================== link detector ====================================

----------------------------
src    dst :    delay
2 <---> 3 : 3.7689208984375
2 <---> 1 : 2.7916431427001953
1 <---> 2 : 4.031658172607422
1 <---> 3 : 4.029989242553711
3 <---> 2 : 2.721071243286133
3 <---> 1 : 3.992319107055664
discovery--->==================================== discovery ====================================
discovery---> cls: []
discovery--->=============================================================================
==================================== link detector ====================================

----------------------------
src    dst :    delay
2 <---> 3 : 3.7689208984375
2 <---> 1 : 2.7916431427001953
1 <---> 2 : 4.031658172607422
1 <---> 3 : 4.029989242553711
3 <---> 2 : 2.721071243286133
3 <---> 1 : 3.992319107055664
discovery--->==================================== discovery ====================================
discovery---> cls: []
discovery--->=============================================================================
==================================== link detector ====================================

----------------------------
src    dst :    delay
2 <---> 3 : 3.7689208984375
2 <---> 1 : 2.7916431427001953
1 <---> 2 : 4.031658172607422
1 <---> 3 : 4.029989242553711
3 <---> 2 : 2.721071243286133
3 <---> 1 : 3.992319107055664
==================================== link detector ====================================

----------------------------
src    dst :    delay
2 <---> 3 : 3.7689208984375
2 <---> 1 : 2.7916431427001953
1 <---> 2 : 4.031658172607422
1 <---> 3 : 4.029989242553711
3 <---> 2 : 2.721071243286133
3 <---> 1 : 3.992319107055664
discovery--->==================================== discovery ====================================
discovery---> cls: []
discovery--->=============================================================================
==================================== link detector ====================================

----------------------------
src    dst :    delay
2 <---> 3 : 3.7689208984375
2 <---> 1 : 2.7916431427001953
1 <---> 2 : 4.031658172607422
1 <---> 3 : 4.029989242553711
3 <---> 2 : 2.721071243286133
3 <---> 1 : 3.992319107055664
discovery--->==================================== discovery ====================================
discovery---> cls: []
discovery--->=============================================================================
==================================== link detector ====================================

----------------------------
src    dst :    delay
2 <---> 3 : 3.7689208984375
2 <---> 1 : 2.7916431427001953
1 <---> 2 : 4.031658172607422
1 <---> 3 : 4.029989242553711
3 <---> 2 : 2.721071243286133
3 <---> 1 : 3.992319107055664
==================================== link detector ====================================

----------------------------
src    dst :    delay
2 <---> 3 : 3.7689208984375
2 <---> 1 : 2.7916431427001953
1 <---> 2 : 4.031658172607422
1 <---> 3 : 4.029989242553711
3 <---> 2 : 2.721071243286133
3 <---> 1 : 3.992319107055664
discovery--->==================================== discovery ====================================
discovery---> cls: []
discovery--->=============================================================================
==================================== link detector ====================================

----------------------------
src    dst :    delay
2 <---> 3 : 3.7689208984375
2 <---> 1 : 2.7916431427001953
1 <---> 2 : 4.031658172607422
1 <---> 3 : 4.029989242553711
3 <---> 2 : 2.721071243286133
3 <---> 1 : 3.992319107055664
==================================== link detector ====================================

----------------------------
src    dst :    delay
2 <---> 3 : 3.7689208984375
2 <---> 1 : 2.7916431427001953
1 <---> 2 : 4.031658172607422
1 <---> 3 : 4.029989242553711
3 <---> 2 : 2.721071243286133
3 <---> 1 : 3.992319107055664
discovery--->==================================== discovery ====================================
discovery---> cls: []
discovery--->=============================================================================
==================================== link detector ====================================

----------------------------
src    dst :    delay
2 <---> 3 : 3.7689208984375
2 <---> 1 : 2.7916431427001953
1 <---> 2 : 4.031658172607422
1 <---> 3 : 4.029989242553711
3 <---> 2 : 2.721071243286133
3 <---> 1 : 3.992319107055664
discovery--->==================================== discovery ====================================
discovery---> cls: []
discovery--->=============================================================================
==================================== link detector ====================================

----------------------------
src    dst :    delay
2 <---> 3 : 3.7689208984375
2 <---> 1 : 2.7916431427001953
1 <---> 2 : 4.031658172607422
1 <---> 3 : 4.029989242553711
3 <---> 2 : 2.721071243286133
3 <---> 1 : 3.992319107055664
==================================== link detector ====================================

----------------------------
src    dst :    delay
2 <---> 3 : 3.7689208984375
2 <---> 1 : 2.7916431427001953
1 <---> 2 : 4.031658172607422
1 <---> 3 : 4.029989242553711
3 <---> 2 : 2.721071243286133
3 <---> 1 : 3.992319107055664
discovery--->==================================== discovery ====================================
discovery---> cls: []
discovery--->=============================================================================
==================================== link detector ====================================

----------------------------
src    dst :    delay
2 <---> 3 : 3.7689208984375
2 <---> 1 : 2.7916431427001953
1 <---> 2 : 4.031658172607422
1 <---> 3 : 4.029989242553711
3 <---> 2 : 2.721071243286133
3 <---> 1 : 3.992319107055664
discovery--->==================================== discovery ====================================
discovery---> cls: []
discovery--->=============================================================================
==================================== link detector ====================================

----------------------------
src    dst :    delay
2 <---> 3 : 3.7689208984375
2 <---> 1 : 2.7916431427001953
1 <---> 2 : 4.031658172607422
1 <---> 3 : 4.029989242553711
3 <---> 2 : 2.721071243286133
3 <---> 1 : 3.992319107055664
==================================== link detector ====================================

----------------------------
src    dst :    delay
2 <---> 3 : 3.7689208984375
2 <---> 1 : 2.7916431427001953
1 <---> 2 : 4.031658172607422
1 <---> 3 : 4.029989242553711
3 <---> 2 : 2.721071243286133
3 <---> 1 : 3.992319107055664
discovery--->==================================== discovery ====================================
discovery---> cls: []
discovery--->=============================================================================
==================================== link detector ====================================

----------------------------
src    dst :    delay
2 <---> 3 : 3.7689208984375
2 <---> 1 : 2.7916431427001953
1 <---> 2 : 4.031658172607422
1 <---> 3 : 4.029989242553711
3 <---> 2 : 2.721071243286133
3 <---> 1 : 3.992319107055664
==================================== link detector ====================================

----------------------------
src    dst :    delay
2 <---> 3 : 3.7689208984375
2 <---> 1 : 2.7916431427001953
1 <---> 2 : 4.031658172607422
1 <---> 3 : 4.029989242553711
3 <---> 2 : 2.721071243286133
3 <---> 1 : 3.992319107055664
discovery--->==================================== discovery ====================================
discovery---> cls: []
discovery--->=============================================================================
==================================== link detector ====================================

----------------------------
src    dst :    delay
2 <---> 3 : 3.7689208984375
2 <---> 1 : 2.7916431427001953
1 <---> 2 : 4.031658172607422
1 <---> 3 : 4.029989242553711
3 <---> 2 : 2.721071243286133
3 <---> 1 : 3.992319107055664
discovery--->==================================== discovery ====================================
discovery---> cls: []
discovery--->=============================================================================
==================================== link detector ====================================

----------------------------
src    dst :    delay
2 <---> 3 : 3.7689208984375
2 <---> 1 : 2.7916431427001953
1 <---> 2 : 4.031658172607422
1 <---> 3 : 4.029989242553711
3 <---> 2 : 2.721071243286133
3 <---> 1 : 3.992319107055664
==================================== link detector ====================================

----------------------------
src    dst :    delay
2 <---> 3 : 3.7689208984375
2 <---> 1 : 2.7916431427001953
1 <---> 2 : 4.031658172607422
1 <---> 3 : 4.029989242553711
3 <---> 2 : 2.721071243286133
3 <---> 1 : 3.992319107055664
discovery--->==================================== discovery ====================================
discovery---> cls: []
discovery--->=============================================================================
==================================== link detector ====================================

----------------------------
src    dst :    delay
2 <---> 3 : 3.7689208984375
2 <---> 1 : 2.7916431427001953
1 <---> 2 : 4.031658172607422
1 <---> 3 : 4.029989242553711
3 <---> 2 : 2.721071243286133
3 <---> 1 : 3.992319107055664
discovery--->==================================== discovery ====================================
discovery---> cls: []
discovery--->=============================================================================
==================================== link detector ====================================

----------------------------
src    dst :    delay
2 <---> 3 : 3.7689208984375
2 <---> 1 : 2.7916431427001953
1 <---> 2 : 4.031658172607422
1 <---> 3 : 4.029989242553711
3 <---> 2 : 2.721071243286133
3 <---> 1 : 3.992319107055664
==================================== link detector ====================================

----------------------------
src    dst :    delay
2 <---> 3 : 3.7689208984375
2 <---> 1 : 2.7916431427001953
1 <---> 2 : 4.031658172607422
1 <---> 3 : 4.029989242553711
3 <---> 2 : 2.721071243286133
3 <---> 1 : 3.992319107055664
discovery--->==================================== discovery ====================================
discovery---> cls: []
discovery--->=============================================================================
==================================== link detector ====================================

----------------------------
src    dst :    delay
2 <---> 3 : 3.7689208984375
2 <---> 1 : 2.7916431427001953
1 <---> 2 : 4.031658172607422
1 <---> 3 : 4.029989242553711
3 <---> 2 : 2.721071243286133
3 <---> 1 : 3.992319107055664
==================================== link detector ====================================

----------------------------
src    dst :    delay
2 <---> 3 : 3.7689208984375
2 <---> 1 : 2.7916431427001953
1 <---> 2 : 4.031658172607422
1 <---> 3 : 4.029989242553711
3 <---> 2 : 2.721071243286133
3 <---> 1 : 3.992319107055664
discovery--->==================================== discovery ====================================
discovery---> cls: []
discovery--->=============================================================================
==================================== link detector ====================================

----------------------------
src    dst :    delay
2 <---> 3 : 3.7689208984375
2 <---> 1 : 2.7916431427001953
1 <---> 2 : 4.031658172607422
1 <---> 3 : 4.029989242553711
3 <---> 2 : 2.721071243286133
3 <---> 1 : 3.992319107055664
discovery--->==================================== discovery ====================================
discovery---> cls: []
discovery--->=============================================================================
==================================== link detector ====================================

----------------------------
src    dst :    delay
2 <---> 3 : 3.7689208984375
2 <---> 1 : 2.7916431427001953
1 <---> 2 : 4.031658172607422
1 <---> 3 : 4.029989242553711
3 <---> 2 : 2.721071243286133
3 <---> 1 : 3.992319107055664
==================================== link detector ====================================

----------------------------
src    dst :    delay
2 <---> 3 : 3.7689208984375
2 <---> 1 : 2.7916431427001953
1 <---> 2 : 4.031658172607422
1 <---> 3 : 4.029989242553711
3 <---> 2 : 2.721071243286133
3 <---> 1 : 3.992319107055664
discovery--->==================================== discovery ====================================
discovery---> cls: []
discovery--->=============================================================================
==================================== link detector ====================================

----------------------------
src    dst :    delay
2 <---> 3 : 3.7689208984375
2 <---> 1 : 2.7916431427001953
1 <---> 2 : 4.031658172607422
1 <---> 3 : 4.029989242553711
3 <---> 2 : 2.721071243286133
3 <---> 1 : 3.992319107055664
discovery--->==================================== discovery ====================================
discovery---> cls: []
discovery--->=============================================================================
==================================== link detector ====================================

----------------------------
src    dst :    delay
2 <---> 3 : 3.7689208984375
2 <---> 1 : 2.7916431427001953
1 <---> 2 : 4.031658172607422
1 <---> 3 : 4.029989242553711
3 <---> 2 : 2.721071243286133
3 <---> 1 : 3.992319107055664
==================================== link detector ====================================

----------------------------
src    dst :    delay
2 <---> 3 : 3.7689208984375
2 <---> 1 : 2.7916431427001953
1 <---> 2 : 4.031658172607422
1 <---> 3 : 4.029989242553711
3 <---> 2 : 2.721071243286133
3 <---> 1 : 3.992319107055664
discovery--->==================================== discovery ====================================
discovery---> cls: []
discovery--->=============================================================================
==================================== link detector ====================================

----------------------------
src    dst :    delay
2 <---> 3 : 3.7689208984375
2 <---> 1 : 2.7916431427001953
1 <---> 2 : 4.031658172607422
1 <---> 3 : 4.029989242553711
3 <---> 2 : 2.721071243286133
3 <---> 1 : 3.992319107055664
discovery--->==================================== discovery ====================================
discovery---> cls: []
discovery--->=============================================================================
==================================== link detector ====================================

----------------------------
src    dst :    delay
2 <---> 3 : 3.7689208984375
2 <---> 1 : 2.7916431427001953
1 <---> 2 : 4.031658172607422
1 <---> 3 : 4.029989242553711
3 <---> 2 : 2.721071243286133
3 <---> 1 : 3.992319107055664
==================================== link detector ====================================

----------------------------
src    dst :    delay
2 <---> 3 : 3.7689208984375
2 <---> 1 : 2.7916431427001953
1 <---> 2 : 4.031658172607422
1 <---> 3 : 4.029989242553711
3 <---> 2 : 2.721071243286133
3 <---> 1 : 3.992319107055664
discovery--->==================================== discovery ====================================
discovery---> cls: []
discovery--->=============================================================================
==================================== link detector ====================================

----------------------------
src    dst :    delay
2 <---> 3 : 3.7689208984375
2 <---> 1 : 2.7916431427001953
1 <---> 2 : 4.031658172607422
1 <---> 3 : 4.029989242553711
3 <---> 2 : 2.721071243286133
3 <---> 1 : 3.992319107055664
==================================== link detector ====================================

----------------------------
src    dst :    delay
2 <---> 3 : 3.7689208984375
2 <---> 1 : 2.7916431427001953
1 <---> 2 : 4.031658172607422
1 <---> 3 : 4.029989242553711
3 <---> 2 : 2.721071243286133
3 <---> 1 : 3.992319107055664
discovery--->==================================== discovery ====================================
discovery---> cls: []
discovery--->=============================================================================
==================================== link detector ====================================

----------------------------
src    dst :    delay
2 <---> 3 : 3.7689208984375
2 <---> 1 : 2.7916431427001953
1 <---> 2 : 4.031658172607422
1 <---> 3 : 4.029989242553711
3 <---> 2 : 2.721071243286133
3 <---> 1 : 3.992319107055664
discovery--->==================================== discovery ====================================
discovery---> cls: []
discovery--->=============================================================================
==================================== link detector ====================================

----------------------------
src    dst :    delay
2 <---> 3 : 3.7689208984375
2 <---> 1 : 2.7916431427001953
1 <---> 2 : 4.031658172607422
1 <---> 3 : 4.029989242553711
3 <---> 2 : 2.721071243286133
3 <---> 1 : 3.992319107055664
==================================== link detector ====================================

----------------------------
src    dst :    delay
2 <---> 3 : 3.7689208984375
2 <---> 1 : 2.7916431427001953
1 <---> 2 : 4.031658172607422
1 <---> 3 : 4.029989242553711
3 <---> 2 : 2.721071243286133
3 <---> 1 : 3.992319107055664
discovery--->==================================== discovery ====================================
discovery---> cls: []
discovery--->=============================================================================
==================================== link detector ====================================

----------------------------
src    dst :    delay
2 <---> 3 : 3.7689208984375
2 <---> 1 : 2.7916431427001953
1 <---> 2 : 4.031658172607422
1 <---> 3 : 4.029989242553711
3 <---> 2 : 2.721071243286133
3 <---> 1 : 3.992319107055664
discovery--->==================================== discovery ====================================
discovery---> cls: []
discovery--->=============================================================================
==================================== link detector ====================================

----------------------------
src    dst :    delay
2 <---> 3 : 3.7689208984375
2 <---> 1 : 2.7916431427001953
1 <---> 2 : 4.031658172607422
1 <---> 3 : 4.029989242553711
3 <---> 2 : 2.721071243286133
3 <---> 1 : 3.992319107055664
==================================== link detector ====================================

----------------------------
src    dst :    delay
2 <---> 3 : 3.7689208984375
2 <---> 1 : 2.7916431427001953
1 <---> 2 : 4.031658172607422
1 <---> 3 : 4.029989242553711
3 <---> 2 : 2.721071243286133
3 <---> 1 : 3.992319107055664
discovery--->==================================== discovery ====================================
discovery---> cls: []
discovery--->=============================================================================
==================================== link detector ====================================

----------------------------
src    dst :    delay
2 <---> 3 : 3.7689208984375
2 <---> 1 : 2.7916431427001953
1 <---> 2 : 4.031658172607422
1 <---> 3 : 4.029989242553711
3 <---> 2 : 2.721071243286133
3 <---> 1 : 3.992319107055664
==================================== link detector ====================================

----------------------------
src    dst :    delay
2 <---> 3 : 3.7689208984375
2 <---> 1 : 2.7916431427001953
1 <---> 2 : 4.031658172607422
1 <---> 3 : 4.029989242553711
3 <---> 2 : 2.721071243286133
3 <---> 1 : 3.992319107055664
discovery--->==================================== discovery ====================================
discovery---> cls: []
discovery--->=============================================================================
==================================== link detector ====================================

----------------------------
src    dst :    delay
2 <---> 3 : 3.7689208984375
2 <---> 1 : 2.7916431427001953
1 <---> 2 : 4.031658172607422
1 <---> 3 : 4.029989242553711
3 <---> 2 : 2.721071243286133
3 <---> 1 : 3.992319107055664
discovery--->==================================== discovery ====================================
discovery---> cls: []
discovery--->=============================================================================
==================================== link detector ====================================

----------------------------
src    dst :    delay
2 <---> 3 : 3.7689208984375
2 <---> 1 : 2.7916431427001953
1 <---> 2 : 4.031658172607422
1 <---> 3 : 4.029989242553711
3 <---> 2 : 2.721071243286133
3 <---> 1 : 3.992319107055664
==================================== link detector ====================================

----------------------------
src    dst :    delay
2 <---> 3 : 3.7689208984375
2 <---> 1 : 2.7916431427001953
1 <---> 2 : 4.031658172607422
1 <---> 3 : 4.029989242553711
3 <---> 2 : 2.721071243286133
3 <---> 1 : 3.992319107055664
discovery--->==================================== discovery ====================================
discovery---> cls: []
discovery--->=============================================================================
==================================== link detector ====================================

----------------------------
src    dst :    delay
2 <---> 3 : 3.7689208984375
2 <---> 1 : 2.7916431427001953
1 <---> 2 : 4.031658172607422
1 <---> 3 : 4.029989242553711
3 <---> 2 : 2.721071243286133
3 <---> 1 : 3.992319107055664
discovery--->==================================== discovery ====================================
discovery---> cls: []
discovery--->=============================================================================
==================================== link detector ====================================

----------------------------
src    dst :    delay
2 <---> 3 : 3.7689208984375
2 <---> 1 : 2.7916431427001953
1 <---> 2 : 4.031658172607422
1 <---> 3 : 4.029989242553711
3 <---> 2 : 2.721071243286133
3 <---> 1 : 3.992319107055664
==================================== link detector ====================================

----------------------------
src    dst :    delay
2 <---> 3 : 3.7689208984375
2 <---> 1 : 2.7916431427001953
1 <---> 2 : 4.031658172607422
1 <---> 3 : 4.029989242553711
3 <---> 2 : 2.721071243286133
3 <---> 1 : 3.992319107055664
discovery--->==================================== discovery ====================================
discovery---> cls: []
discovery--->=============================================================================
==================================== link detector ====================================

----------------------------
src    dst :    delay
2 <---> 3 : 3.7689208984375
2 <---> 1 : 2.7916431427001953
1 <---> 2 : 4.031658172607422
1 <---> 3 : 4.029989242553711
3 <---> 2 : 2.721071243286133
3 <---> 1 : 3.992319107055664
discovery--->==================================== discovery ====================================
discovery---> cls: []
discovery--->=============================================================================
==================================== link detector ====================================

----------------------------
src    dst :    delay
2 <---> 3 : 3.7689208984375
2 <---> 1 : 2.7916431427001953
1 <---> 2 : 4.031658172607422
1 <---> 3 : 4.029989242553711
3 <---> 2 : 2.721071243286133
3 <---> 1 : 3.992319107055664
==================================== link detector ====================================

----------------------------
src    dst :    delay
2 <---> 3 : 3.7689208984375
2 <---> 1 : 2.7916431427001953
1 <---> 2 : 4.031658172607422
1 <---> 3 : 4.029989242553711
3 <---> 2 : 2.721071243286133
3 <---> 1 : 3.992319107055664
discovery--->==================================== discovery ====================================
discovery---> cls: []
discovery--->=============================================================================
==================================== link detector ====================================

----------------------------
src    dst :    delay
2 <---> 3 : 3.7689208984375
2 <---> 1 : 2.7916431427001953
1 <---> 2 : 4.031658172607422
1 <---> 3 : 4.029989242553711
3 <---> 2 : 2.721071243286133
3 <---> 1 : 3.992319107055664
==================================== link detector ====================================

----------------------------
src    dst :    delay
2 <---> 3 : 3.7689208984375
2 <---> 1 : 2.7916431427001953
1 <---> 2 : 4.031658172607422
1 <---> 3 : 4.029989242553711
3 <---> 2 : 2.721071243286133
3 <---> 1 : 3.992319107055664
discovery--->==================================== discovery ====================================
discovery---> cls: []
discovery--->=============================================================================
==================================== link detector ====================================

----------------------------
src    dst :    delay
2 <---> 3 : 3.7689208984375
2 <---> 1 : 2.7916431427001953
1 <---> 2 : 4.031658172607422
1 <---> 3 : 4.029989242553711
3 <---> 2 : 2.721071243286133
3 <---> 1 : 3.992319107055664
discovery--->==================================== discovery ====================================
discovery---> cls: []
discovery--->=============================================================================
==================================== link detector ====================================

----------------------------
src    dst :    delay
2 <---> 3 : 3.7689208984375
2 <---> 1 : 2.7916431427001953
1 <---> 2 : 4.031658172607422
1 <---> 3 : 4.029989242553711
3 <---> 2 : 2.721071243286133
3 <---> 1 : 3.992319107055664
==================================== link detector ====================================

----------------------------
src    dst :    delay
2 <---> 3 : 3.7689208984375
2 <---> 1 : 2.7916431427001953
1 <---> 2 : 4.031658172607422
1 <---> 3 : 4.029989242553711
3 <---> 2 : 2.721071243286133
3 <---> 1 : 3.992319107055664
discovery--->==================================== discovery ====================================
discovery---> cls: []
discovery--->=============================================================================
==================================== link detector ====================================

----------------------------
src    dst :    delay
2 <---> 3 : 3.7689208984375
2 <---> 1 : 2.7916431427001953
1 <---> 2 : 4.031658172607422
1 <---> 3 : 4.029989242553711
3 <---> 2 : 2.721071243286133
3 <---> 1 : 3.992319107055664
discovery--->==================================== discovery ====================================
discovery---> cls: []
discovery--->=============================================================================
==================================== link detector ====================================

----------------------------
src    dst :    delay
2 <---> 3 : 3.7689208984375
2 <---> 1 : 2.7916431427001953
1 <---> 2 : 4.031658172607422
1 <---> 3 : 4.029989242553711
3 <---> 2 : 2.721071243286133
3 <---> 1 : 3.992319107055664
==================================== link detector ====================================

----------------------------
src    dst :    delay
2 <---> 3 : 3.7689208984375
2 <---> 1 : 2.7916431427001953
1 <---> 2 : 4.031658172607422
1 <---> 3 : 4.029989242553711
3 <---> 2 : 2.721071243286133
3 <---> 1 : 3.992319107055664
discovery--->==================================== discovery ====================================
discovery---> cls: []
discovery--->=============================================================================
==================================== link detector ====================================

----------------------------
src    dst :    delay
2 <---> 3 : 3.7689208984375
2 <---> 1 : 2.7916431427001953
1 <---> 2 : 4.031658172607422
1 <---> 3 : 4.029989242553711
3 <---> 2 : 2.721071243286133
3 <---> 1 : 3.992319107055664
==================================== link detector ====================================

----------------------------
src    dst :    delay
2 <---> 3 : 3.7689208984375
2 <---> 1 : 2.7916431427001953
1 <---> 2 : 4.031658172607422
1 <---> 3 : 4.029989242553711
3 <---> 2 : 2.721071243286133
3 <---> 1 : 3.992319107055664
discovery--->==================================== discovery ====================================
discovery---> cls: []
discovery--->=============================================================================
==================================== link detector ====================================

----------------------------
src    dst :    delay
2 <---> 3 : 3.7689208984375
2 <---> 1 : 2.7916431427001953
1 <---> 2 : 4.031658172607422
1 <---> 3 : 4.029989242553711
3 <---> 2 : 2.721071243286133
3 <---> 1 : 3.992319107055664
discovery--->==================================== discovery ====================================
discovery---> cls: []
discovery--->=============================================================================
==================================== link detector ====================================

----------------------------
src    dst :    delay
2 <---> 3 : 3.7689208984375
2 <---> 1 : 2.7916431427001953
1 <---> 2 : 4.031658172607422
1 <---> 3 : 4.029989242553711
3 <---> 2 : 2.721071243286133
3 <---> 1 : 3.992319107055664
==================================== link detector ====================================

----------------------------
src    dst :    delay
2 <---> 3 : 3.7689208984375
2 <---> 1 : 2.7916431427001953
1 <---> 2 : 4.031658172607422
1 <---> 3 : 4.029989242553711
3 <---> 2 : 2.721071243286133
3 <---> 1 : 3.992319107055664
discovery--->==================================== discovery ====================================
discovery---> cls: []
discovery--->=============================================================================
==================================== link detector ====================================

----------------------------
src    dst :    delay
2 <---> 3 : 3.7689208984375
2 <---> 1 : 2.7916431427001953
1 <---> 2 : 4.031658172607422
1 <---> 3 : 4.029989242553711
3 <---> 2 : 2.721071243286133
3 <---> 1 : 3.992319107055664
discovery--->==================================== discovery ====================================
discovery---> cls: []
discovery--->=============================================================================
==================================== link detector ====================================

----------------------------
src    dst :    delay
2 <---> 3 : 3.7689208984375
2 <---> 1 : 2.7916431427001953
1 <---> 2 : 4.031658172607422
1 <---> 3 : 4.029989242553711
3 <---> 2 : 2.721071243286133
3 <---> 1 : 3.992319107055664
==================================== link detector ====================================

----------------------------
src    dst :    delay
2 <---> 3 : 3.7689208984375
2 <---> 1 : 2.7916431427001953
1 <---> 2 : 4.031658172607422
1 <---> 3 : 4.029989242553711
3 <---> 2 : 2.721071243286133
3 <---> 1 : 3.992319107055664
discovery--->==================================== discovery ====================================
discovery---> cls: []
discovery--->=============================================================================
==================================== link detector ====================================

----------------------------
src    dst :    delay
2 <---> 3 : 3.7689208984375
2 <---> 1 : 2.7916431427001953
1 <---> 2 : 4.031658172607422
1 <---> 3 : 4.029989242553711
3 <---> 2 : 2.721071243286133
3 <---> 1 : 3.992319107055664
discovery--->==================================== discovery ====================================
discovery---> cls: []
discovery--->=============================================================================
==================================== link detector ====================================

----------------------------
src    dst :    delay
2 <---> 3 : 3.7689208984375
2 <---> 1 : 2.7916431427001953
1 <---> 2 : 4.031658172607422
1 <---> 3 : 4.029989242553711
3 <---> 2 : 2.721071243286133
3 <---> 1 : 3.992319107055664
==================================== link detector ====================================

----------------------------
src    dst :    delay
2 <---> 3 : 3.7689208984375
2 <---> 1 : 2.7916431427001953
1 <---> 2 : 4.031658172607422
1 <---> 3 : 4.029989242553711
3 <---> 2 : 2.721071243286133
3 <---> 1 : 3.992319107055664
discovery--->==================================== discovery ====================================
discovery---> cls: []
discovery--->=============================================================================
==================================== link detector ====================================

----------------------------
src    dst :    delay
2 <---> 3 : 3.7689208984375
2 <---> 1 : 2.7916431427001953
1 <---> 2 : 4.031658172607422
1 <---> 3 : 4.029989242553711
3 <---> 2 : 2.721071243286133
3 <---> 1 : 3.992319107055664
==================================== link detector ====================================

----------------------------
src    dst :    delay
2 <---> 3 : 3.7689208984375
2 <---> 1 : 2.7916431427001953
1 <---> 2 : 4.031658172607422
1 <---> 3 : 4.029989242553711
3 <---> 2 : 2.721071243286133
3 <---> 1 : 3.992319107055664
discovery--->==================================== discovery ====================================
discovery---> cls: []
discovery--->=============================================================================
==================================== link detector ====================================

----------------------------
src    dst :    delay
2 <---> 3 : 3.7689208984375
2 <---> 1 : 2.7916431427001953
1 <---> 2 : 4.031658172607422
1 <---> 3 : 4.029989242553711
3 <---> 2 : 2.721071243286133
3 <---> 1 : 3.992319107055664
discovery--->==================================== discovery ====================================
discovery---> cls: []
discovery--->=============================================================================
==================================== link detector ====================================

----------------------------
src    dst :    delay
2 <---> 3 : 3.7689208984375
2 <---> 1 : 2.7916431427001953
1 <---> 2 : 4.031658172607422
1 <---> 3 : 4.029989242553711
3 <---> 2 : 2.721071243286133
3 <---> 1 : 3.992319107055664
==================================== link detector ====================================

----------------------------
src    dst :    delay
2 <---> 3 : 3.7689208984375
2 <---> 1 : 2.7916431427001953
1 <---> 2 : 4.031658172607422
1 <---> 3 : 4.029989242553711
3 <---> 2 : 2.721071243286133
3 <---> 1 : 3.992319107055664
discovery--->==================================== discovery ====================================
discovery---> cls: []
discovery--->=============================================================================
==================================== link detector ====================================

----------------------------
src    dst :    delay
2 <---> 3 : 3.7689208984375
2 <---> 1 : 2.7916431427001953
1 <---> 2 : 4.031658172607422
1 <---> 3 : 4.029989242553711
3 <---> 2 : 2.721071243286133
3 <---> 1 : 3.992319107055664
