loading app network_structure.py
Matplotlib created a temporary config/cache directory at /tmp/matplotlib-a5o4anni because the default path (/home/terry/.config/matplotlib) is not a writable directory; it is highly recommended to set the MPLCONFIGDIR environment variable to a writable directory, in particular to speed up the import of Matplotlib and to better support multiprocessing.
Generating new fontManager, this may take some time...
Failed to extract font properties from /usr/share/fonts/truetype/noto/NotoColorEmoji.ttf: In FT2Font: Can not load face.  Unknown file format.
loading app network_monitor.py
loading app network_delay.py
loading app network_shortest_path.py
loading app arp_handler.py
loading app ryu.controller.ofp_handler
instantiating app None of Switches
creating context switches
instantiating app network_structure.py of NetworkStructure
instantiating app network_monitor.py of NetworkMonitor
instantiating app network_delay.py of NetworkDelay
instantiating app network_shortest_path.py of NetworkShortestPath
instantiating app arp_handler.py of ArpHandler
instantiating app ryu.controller.ofp_handler of OFPHandler
discovery---> AccessPoint: 1 connected
discovery---> AccessPoint: 2 connected
discovery---> AccessPoint: 3 connected
monitor---->register datapath: 1000000000000003
monitor---->register datapath: 1000000000000001
monitor---->register datapath: 1000000000000002
==================================== link detector ====================================

----------------------------
src    dst :    delay
2 <---> 1 : 3.7374496459960938
2 <---> 3 : 3.719806671142578
3 <---> 1 : 3.048419952392578
3 <---> 2 : 3.1239986419677734
1 <---> 3 : 5.837202072143555
1 <---> 2 : 3.131389617919922
discovery--->==================================== discovery ====================================
discovery---> cls: [(2, 1), (2, 3), (1, 3)]
discovery--->=============================================================================
datapath         port     rx-pkts  rx-bytes rx-error tx-pkts  tx-bytes tx-error
---------------- -------- -------- -------- -------- -------- -------- --------
0000000000000003        1        0        0        0        5      390        0
0000000000000003        2       24     3170        0       25     3230        0
0000000000000003        3       25     3230        0       24     3170        0
datapath         in-port  eth-dst           out-port packets  bytes
---------------- -------- ----------------- -------- -------- --------
datapath         port     rx-pkts  rx-bytes rx-error tx-pkts  tx-bytes tx-error
---------------- -------- -------- -------- -------- -------- -------- --------
0000000000000002        1        0        0        0        5      390        0
0000000000000002        2       25     3230        0       24     3170        0
0000000000000002        3       25     3230        0       24     3170        0
datapath         in-port  eth-dst           out-port packets  bytes
---------------- -------- ----------------- -------- -------- --------
datapath         port     rx-pkts  rx-bytes rx-error tx-pkts  tx-bytes tx-error
---------------- -------- -------- -------- -------- -------- -------- --------
0000000000000001        1        0        0        0        5      390        0
0000000000000001        2       24     3170        0       25     3230        0
0000000000000001        3       24     3170        0       25     3230        0
datapath         in-port  eth-dst           out-port packets  bytes
---------------- -------- ----------------- -------- -------- --------
==================================== link detector ====================================

----------------------------
src    dst :    delay
2 <---> 1 : 3.286600112915039
2 <---> 3 : 3.239154815673828
3 <---> 1 : 3.2842159271240234
3 <---> 2 : 4.049539566040039
1 <---> 3 : 2.6650428771972656
1 <---> 2 : 3.25775146484375
==================================== link detector ====================================

----------------------------
src    dst :    delay
2 <---> 1 : 3.284454345703125
2 <---> 3 : 3.403186798095703
3 <---> 1 : 3.2880306243896484
3 <---> 2 : 3.177165985107422
1 <---> 3 : 3.949880599975586
1 <---> 2 : 3.198385238647461
discovery--->==================================== discovery ====================================
discovery---> cls: [(2, 1), (2, 3), (1, 3)]
discovery--->=============================================================================
datapath         port     rx-pkts  rx-bytes rx-error tx-pkts  tx-bytes tx-error
---------------- -------- -------- -------- -------- -------- -------- --------
0000000000000003        1        0        0        0       11      858        0
0000000000000003        2       31     3600        0       32     3660        0
0000000000000003        3       31     3600        0       31     3600        0
datapath         in-port  eth-dst           out-port packets  bytes
---------------- -------- ----------------- -------- -------- --------
datapath         port     rx-pkts  rx-bytes rx-error tx-pkts  tx-bytes tx-error
---------------- -------- -------- -------- -------- -------- -------- --------
0000000000000001        1        0        0        0       11      858        0
0000000000000001        2       31     3600        0       31     3600        0
0000000000000001        3       31     3600        0       31     3600        0
datapath         in-port  eth-dst           out-port packets  bytes
---------------- -------- ----------------- -------- -------- --------
datapath         port     rx-pkts  rx-bytes rx-error tx-pkts  tx-bytes tx-error
---------------- -------- -------- -------- -------- -------- -------- --------
0000000000000002        1        0        0        0       11      858        0
0000000000000002        2       31     3600        0       31     3600        0
0000000000000002        3       32     3660        0       31     3600        0
datapath         in-port  eth-dst           out-port packets  bytes
---------------- -------- ----------------- -------- -------- --------
==================================== link detector ====================================

----------------------------
src    dst :    delay
2 <---> 1 : 2.754688262939453
2 <---> 3 : 4.218816757202148
3 <---> 1 : 4.254579544067383
3 <---> 2 : 4.005908966064453
1 <---> 3 : 3.591299057006836
1 <---> 2 : 2.6786327362060547
discovery--->==================================== discovery ====================================
discovery---> cls: [(2, 1), (2, 3), (1, 3)]
discovery--->=============================================================================
datapath         port     rx-pkts  rx-bytes rx-error tx-pkts  tx-bytes tx-error
---------------- -------- -------- -------- -------- -------- -------- --------
0000000000000003        1        0        0        0       16     1248        0
0000000000000003        2       37     4103        0       38     4163        0
0000000000000003        3       38     4163        0       37     4103        0
datapath         in-port  eth-dst           out-port packets  bytes
---------------- -------- ----------------- -------- -------- --------
datapath         port     rx-pkts  rx-bytes rx-error tx-pkts  tx-bytes tx-error
---------------- -------- -------- -------- -------- -------- -------- --------
0000000000000001        1        0        0        0       16     1248        0
0000000000000001        2       37     4103        0       38     4163        0
0000000000000001        3       37     4103        0       38     4163        0
datapath         in-port  eth-dst           out-port packets  bytes
---------------- -------- ----------------- -------- -------- --------
datapath         port     rx-pkts  rx-bytes rx-error tx-pkts  tx-bytes tx-error
---------------- -------- -------- -------- -------- -------- -------- --------
0000000000000002        1        0        0        0       16     1248        0
0000000000000002        2       38     4163        0       37     4103        0
0000000000000002        3       38     4163        0       37     4103        0
datapath         in-port  eth-dst           out-port packets  bytes
---------------- -------- ----------------- -------- -------- --------
==================================== link detector ====================================

----------------------------
src    dst :    delay
2 <---> 1 : 2.2475719451904297
2 <---> 3 : 2.270936965942383
3 <---> 1 : 2.1486282348632812
3 <---> 2 : 2.221345901489258
1 <---> 3 : 2.253293991088867
1 <---> 2 : 2.1708011627197266
==================================== link detector ====================================

----------------------------
src    dst :    delay
2 <---> 1 : 2.1791458129882812
2 <---> 3 : 2.338409423828125
3 <---> 1 : 3.9713382720947266
3 <---> 2 : 4.033565521240234
1 <---> 3 : 2.6645660400390625
1 <---> 2 : 3.9491653442382812
discovery--->==================================== discovery ====================================
discovery---> cls: [(2, 1), (2, 3), (1, 3)]
discovery--->=============================================================================
datapath         port     rx-pkts  rx-bytes rx-error tx-pkts  tx-bytes tx-error
---------------- -------- -------- -------- -------- -------- -------- --------
0000000000000003        1        0        0        0       22     1716        0
0000000000000003        2       43     4463        0       44     4523        0
0000000000000003        3       43     4463        0       43     4463        0
datapath         in-port  eth-dst           out-port packets  bytes
---------------- -------- ----------------- -------- -------- --------
datapath         port     rx-pkts  rx-bytes rx-error tx-pkts  tx-bytes tx-error
---------------- -------- -------- -------- -------- -------- -------- --------
0000000000000001        1        0        0        0       22     1716        0
0000000000000001        2       43     4463        0       44     4523        0
0000000000000001        3       43     4463        0       43     4463        0
datapath         in-port  eth-dst           out-port packets  bytes
---------------- -------- ----------------- -------- -------- --------
datapath         port     rx-pkts  rx-bytes rx-error tx-pkts  tx-bytes tx-error
---------------- -------- -------- -------- -------- -------- -------- --------
0000000000000002        1        0        0        0       22     1716        0
0000000000000002        2       44     4523        0       43     4463        0
0000000000000002        3       44     4523        0       43     4463        0
datapath         in-port  eth-dst           out-port packets  bytes
---------------- -------- ----------------- -------- -------- --------
==================================== link detector ====================================

----------------------------
src    dst :    delay
2 <---> 1 : 4.029035568237305
2 <---> 3 : 4.0416717529296875
3 <---> 1 : 4.1713714599609375
3 <---> 2 : 4.028797149658203
1 <---> 3 : 3.189563751220703
1 <---> 2 : 4.103899002075195
shortest=====>[PATH] [192.168.0.1 <----> 192.168.0.2]: [2, 1]
datapath         port     rx-pkts  rx-bytes rx-error tx-pkts  tx-bytes tx-error
---------------- -------- -------- -------- -------- -------- -------- --------
0000000000000003        1        0        0        0       28     2166        0
0000000000000003        2       51     4935        0       50     4865        0
0000000000000003        3       50     4865        0       49     4805        0
datapath         in-port  eth-dst           out-port packets  bytes
---------------- -------- ----------------- -------- -------- --------
discovery--->==================================== discovery ====================================
discovery---> cls: [(2, 1), (2, 3), (1, 3)]
discovery--->=============================================================================
datapath         port     rx-pkts  rx-bytes rx-error tx-pkts  tx-bytes tx-error
---------------- -------- -------- -------- -------- -------- -------- --------
0000000000000001        1     1037    68386        0     1926  2896838        0
0000000000000001        2     1948  2868327        0     1083    73059        0
0000000000000001        3       49     4805        0       50     4865        0
datapath         in-port  eth-dst           out-port packets  bytes
---------------- -------- ----------------- -------- -------- --------
0000000000000001        1       192.168.0.1        2      888    58624
0000000000000001        2       192.168.0.2        1     1637  2468298
datapath         port     rx-pkts  rx-bytes rx-error tx-pkts  tx-bytes tx-error
---------------- -------- -------- -------- -------- -------- -------- --------
0000000000000002        1     1899  2863494        0     1064    89134        0
0000000000000002        2     1084    73125        0     1948  2868327        0
0000000000000002        3       50     4865        0       51     4935        0
datapath         in-port  eth-dst           out-port packets  bytes
---------------- -------- ----------------- -------- -------- --------
0000000000000002        1       192.168.0.2        2     1636  2468224
0000000000000002        2       192.168.0.1        1      888    58624
==================================== link detector ====================================

----------------------------
src    dst :    delay
2 <---> 1 : 3.005504608154297
2 <---> 3 : 4.168987274169922
3 <---> 1 : 3.509044647216797
3 <---> 2 : 3.1082630157470703
1 <---> 3 : 3.985166549682617
1 <---> 2 : 3.761768341064453
==================================== link detector ====================================

----------------------------
src    dst :    delay
2 <---> 1 : 3.600597381591797
2 <---> 3 : 2.6259422302246094
3 <---> 1 : 2.665281295776367
3 <---> 2 : 4.149675369262695
1 <---> 3 : 3.266572952270508
1 <---> 2 : 3.230571746826172
datapath         port     rx-pkts  rx-bytes rx-error tx-pkts  tx-bytes tx-error
---------------- -------- -------- -------- -------- -------- -------- --------
0000000000000003        1        0        0        0       34     2634        0
0000000000000003        2       57     5438        0       58     5498        0
0000000000000003        3       58     5498        0       57     5438        0
datapath         in-port  eth-dst           out-port packets  bytes
---------------- -------- ----------------- -------- -------- --------
datapath         port     rx-pkts  rx-bytes rx-error tx-pkts  tx-bytes tx-error
---------------- -------- -------- -------- -------- -------- -------- --------
0000000000000002        1     5441  8223418        0     2928   245674        0
0000000000000002        2     2949   196320        0     5497  8228814        0
0000000000000002        3       58     5498        0       57     5438        0
datapath         in-port  eth-dst           out-port packets  bytes
---------------- -------- ----------------- -------- -------- --------
0000000000000002        1       192.168.0.2        2     5439  8223302
0000000000000002        2       192.168.0.1        1     2891   190822
datapath         port     rx-pkts  rx-bytes rx-error tx-pkts  tx-bytes tx-error
---------------- -------- -------- -------- -------- -------- -------- --------
0000000000000001        1     2895   190990        0     5477  8324128        0
0000000000000001        2     5497  8228814        0     2949   196320        0
0000000000000001        3       57     5438        0       58     5498        0
datapath         in-port  eth-dst           out-port packets  bytes
---------------- -------- ----------------- -------- -------- --------
0000000000000001        1       192.168.0.1        2     2891   190822
0000000000000001        2       192.168.0.2        1     5440  8223376
discovery--->==================================== discovery ====================================
discovery---> cls: [(2, 1), (2, 3), (1, 3)]
discovery--->=============================================================================
==================================== link detector ====================================

----------------------------
src    dst :    delay
2 <---> 1 : 4.245519638061523
2 <---> 3 : 3.951549530029297
3 <---> 1 : 3.2100677490234375
3 <---> 2 : 2.3169517517089844
1 <---> 3 : 4.1332244873046875
1 <---> 2 : 3.036975860595703
==================================== link detector ====================================

----------------------------
src    dst :    delay
2 <---> 1 : 2.2020339965820312
2 <---> 3 : 2.2821426391601562
3 <---> 1 : 2.447366714477539
3 <---> 2 : 2.1567344665527344
1 <---> 3 : 2.336740493774414
1 <---> 2 : 2.237558364868164
datapath         port     rx-pkts  rx-bytes rx-error tx-pkts  tx-bytes tx-error
---------------- -------- -------- -------- -------- -------- -------- --------
0000000000000003        1        0        0        0       39     3024        0
0000000000000003        2       63     5798        0       63     5798        0
0000000000000003        3       63     5798        0       62     5738        0
datapath         in-port  eth-dst           out-port packets  bytes
---------------- -------- ----------------- -------- -------- --------
datapath         port     rx-pkts  rx-bytes rx-error tx-pkts  tx-bytes tx-error
---------------- -------- -------- -------- -------- -------- -------- --------
0000000000000002        1     5441  8223418        0     2933   246064        0
0000000000000002        2     2954   196620        0     5503  8229174        0
0000000000000002        3       63     5798        0       63     5798        0
datapath         in-port  eth-dst           out-port packets  bytes
---------------- -------- ----------------- -------- -------- --------
0000000000000002        1       192.168.0.2        2     5439  8223302
0000000000000002        2       192.168.0.1        1     2891   190822
datapath         port     rx-pkts  rx-bytes rx-error tx-pkts  tx-bytes tx-error
---------------- -------- -------- -------- -------- -------- -------- --------
0000000000000001        1     2895   190990        0     5482  8324518        0
0000000000000001        2     5503  8229174        0     2954   196620        0
0000000000000001        3       62     5738        0       63     5798        0
datapath         in-port  eth-dst           out-port packets  bytes
---------------- -------- ----------------- -------- -------- --------
0000000000000001        1       192.168.0.1        2     2891   190822
0000000000000001        2       192.168.0.2        1     5440  8223376
discovery--->==================================== discovery ====================================
discovery---> cls: [(2, 1), (2, 3), (1, 3)]
discovery--->=============================================================================
==================================== link detector ====================================

----------------------------
src    dst :    delay
2 <---> 1 : 4.292964935302734
2 <---> 3 : 4.118680953979492
3 <---> 1 : 3.631114959716797
3 <---> 2 : 2.6946067810058594
1 <---> 3 : 2.6259422302246094
1 <---> 2 : 4.146814346313477
datapath         port     rx-pkts  rx-bytes rx-error tx-pkts  tx-bytes tx-error
---------------- -------- -------- -------- -------- -------- -------- --------
0000000000000003        1        0        0        0       45     3492        0
0000000000000003        2       68     6098        0       69     6158        0
0000000000000003        3       69     6158        0       68     6098        0
datapath         in-port  eth-dst           out-port packets  bytes
---------------- -------- ----------------- -------- -------- --------
datapath         port     rx-pkts  rx-bytes rx-error tx-pkts  tx-bytes tx-error
---------------- -------- -------- -------- -------- -------- -------- --------
0000000000000002        1     5441  8223418        0     2939   246532        0
0000000000000002        2     2960   196980        0     5508  8229474        0
0000000000000002        3       69     6158        0       68     6098        0
datapath         in-port  eth-dst           out-port packets  bytes
---------------- -------- ----------------- -------- -------- --------
0000000000000002        1       192.168.0.2        2     5439  8223302
0000000000000002        2       192.168.0.1        1     2891   190822
datapath         port     rx-pkts  rx-bytes rx-error tx-pkts  tx-bytes tx-error
---------------- -------- -------- -------- -------- -------- -------- --------
0000000000000001        1     2895   190990        0     5488  8324986        0
0000000000000001        2     5508  8229474        0     2960   196980        0
0000000000000001        3       68     6098        0       69     6158        0
datapath         in-port  eth-dst           out-port packets  bytes
---------------- -------- ----------------- -------- -------- --------
0000000000000001        1       192.168.0.1        2     2891   190822
0000000000000001        2       192.168.0.2        1     5440  8223376
discovery--->==================================== discovery ====================================
discovery---> cls: [(2, 1), (2, 3), (1, 3)]
discovery--->=============================================================================
==================================== link detector ====================================

----------------------------
src    dst :    delay
2 <---> 1 : 3.8652420043945312
2 <---> 3 : 3.0837059020996094
3 <---> 1 : 3.753662109375
3 <---> 2 : 3.4894943237304688
1 <---> 3 : 3.4334659576416016
1 <---> 2 : 3.3986568450927734
==================================== link detector ====================================

----------------------------
src    dst :    delay
2 <---> 1 : 3.7794113159179688
2 <---> 3 : 4.073858261108398
3 <---> 1 : 4.18543815612793
3 <---> 2 : 2.9413700103759766
1 <---> 3 : 4.038810729980469
1 <---> 2 : 3.851652145385742
datapath         port     rx-pkts  rx-bytes rx-error tx-pkts  tx-bytes tx-error
---------------- -------- -------- -------- -------- -------- -------- --------
0000000000000003        1        0        0        0       50     3882        0
0000000000000003        2       74     6458        0       74     6458        0
0000000000000003        3       74     6458        0       74     6458        0
datapath         in-port  eth-dst           out-port packets  bytes
---------------- -------- ----------------- -------- -------- --------
datapath         port     rx-pkts  rx-bytes rx-error tx-pkts  tx-bytes tx-error
---------------- -------- -------- -------- -------- -------- -------- --------
0000000000000002        1     5441  8223418        0     2945   247000        0
0000000000000002        2     2965   197280        0     5514  8229834        0
0000000000000002        3       74     6458        0       74     6458        0
datapath         in-port  eth-dst           out-port packets  bytes
---------------- -------- ----------------- -------- -------- --------
0000000000000002        1       192.168.0.2        2     5439  8223302
0000000000000002        2       192.168.0.1        1     2891   190822
datapath         port     rx-pkts  rx-bytes rx-error tx-pkts  tx-bytes tx-error
---------------- -------- -------- -------- -------- -------- -------- --------
0000000000000001        1     2895   190990        0     5493  8325376        0
0000000000000001        2     5514  8229834        0     2965   197280        0
0000000000000001        3       74     6458        0       74     6458        0
datapath         in-port  eth-dst           out-port packets  bytes
---------------- -------- ----------------- -------- -------- --------
0000000000000001        1       192.168.0.1        2     2891   190822
0000000000000001        2       192.168.0.2        1     5440  8223376
discovery--->==================================== discovery ====================================
discovery---> cls: [(2, 1), (2, 3), (1, 3)]
discovery--->=============================================================================
==================================== link detector ====================================

----------------------------
src    dst :    delay
2 <---> 1 : 2.6552677154541016
2 <---> 3 : 3.9234161376953125
3 <---> 1 : 3.4880638122558594
3 <---> 2 : 3.9942264556884766
1 <---> 3 : 2.9201507568359375
1 <---> 2 : 3.110170364379883
datapath         port     rx-pkts  rx-bytes rx-error tx-pkts  tx-bytes tx-error
---------------- -------- -------- -------- -------- -------- -------- --------
0000000000000003        1        0        0        0       56     4350        0
0000000000000003        2       79     6758        0       80     6818        0
0000000000000003        3       80     6818        0       79     6758        0
datapath         in-port  eth-dst           out-port packets  bytes
---------------- -------- ----------------- -------- -------- --------
datapath         port     rx-pkts  rx-bytes rx-error tx-pkts  tx-bytes tx-error
---------------- -------- -------- -------- -------- -------- -------- --------
0000000000000002        1     5441  8223418        0     2950   247390        0
0000000000000002        2     2971   197640        0     5519  8230134        0
0000000000000002        3       80     6818        0       79     6758        0
datapath         in-port  eth-dst           out-port packets  bytes
---------------- -------- ----------------- -------- -------- --------
0000000000000002        1       192.168.0.2        2     5439  8223302
0000000000000002        2       192.168.0.1        1     2891   190822
datapath         port     rx-pkts  rx-bytes rx-error tx-pkts  tx-bytes tx-error
---------------- -------- -------- -------- -------- -------- -------- --------
0000000000000001        1     2895   190990        0     5499  8325844        0
0000000000000001        2     5519  8230134        0     2971   197640        0
0000000000000001        3       79     6758        0       80     6818        0
datapath         in-port  eth-dst           out-port packets  bytes
---------------- -------- ----------------- -------- -------- --------
0000000000000001        1       192.168.0.1        2     2891   190822
0000000000000001        2       192.168.0.2        1     5440  8223376
discovery--->==================================== discovery ====================================
discovery---> cls: [(2, 1), (2, 3), (1, 3)]
discovery--->=============================================================================
==================================== link detector ====================================

----------------------------
src    dst :    delay
2 <---> 1 : 4.12440299987793
2 <---> 3 : 4.111766815185547
3 <---> 1 : 3.1108856201171875
3 <---> 2 : 4.007816314697266
1 <---> 3 : 3.2401084899902344
1 <---> 2 : 3.2279491424560547
==================================== link detector ====================================

----------------------------
src    dst :    delay
2 <---> 1 : 2.835988998413086
2 <---> 3 : 2.9816627502441406
3 <---> 1 : 2.9001235961914062
3 <---> 2 : 3.7145614624023438
1 <---> 3 : 2.4030208587646484
1 <---> 2 : 2.5641918182373047
datapath         port     rx-pkts  rx-bytes rx-error tx-pkts  tx-bytes tx-error
---------------- -------- -------- -------- -------- -------- -------- --------
0000000000000003        1        0        0        0       62     4818        0
0000000000000003        2       86     7188        0       85     7118        0
0000000000000003        3       85     7118        0       85     7118        0
datapath         in-port  eth-dst           out-port packets  bytes
---------------- -------- ----------------- -------- -------- --------
datapath         port     rx-pkts  rx-bytes rx-error tx-pkts  tx-bytes tx-error
---------------- -------- -------- -------- -------- -------- -------- --------
0000000000000001        1     2895   190990        0     5505  8326312        0
0000000000000001        2     5526  8230564        0     2976   197940        0
0000000000000001        3       85     7118        0       85     7118        0
datapath         in-port  eth-dst           out-port packets  bytes
---------------- -------- ----------------- -------- -------- --------
0000000000000001        1       192.168.0.1        2     2891   190822
0000000000000001        2       192.168.0.2        1     5440  8223376
datapath         port     rx-pkts  rx-bytes rx-error tx-pkts  tx-bytes tx-error
---------------- -------- -------- -------- -------- -------- -------- --------
0000000000000002        1     5441  8223418        0     2956   247858        0
0000000000000002        2     2976   197940        0     5526  8230564        0
0000000000000002        3       85     7118        0       86     7188        0
datapath         in-port  eth-dst           out-port packets  bytes
---------------- -------- ----------------- -------- -------- --------
0000000000000002        1       192.168.0.2        2     5439  8223302
0000000000000002        2       192.168.0.1        1     2891   190822
discovery--->==================================== discovery ====================================
discovery---> cls: [(2, 1), (2, 3), (1, 3)]
discovery--->=============================================================================
==================================== link detector ====================================

----------------------------
src    dst :    delay
2 <---> 1 : 3.7686824798583984
2 <---> 3 : 3.152132034301758
3 <---> 1 : 3.866434097290039
3 <---> 2 : 4.010677337646484
1 <---> 3 : 3.6509037017822266
1 <---> 2 : 3.076314926147461
==================================== link detector ====================================

----------------------------
src    dst :    delay
2 <---> 1 : 2.6407241821289062
2 <---> 3 : 2.6667118072509766
3 <---> 1 : 3.9741992950439453
3 <---> 2 : 3.2126903533935547
1 <---> 3 : 4.0874481201171875
1 <---> 2 : 4.052162170410156
datapath         port     rx-pkts  rx-bytes rx-error tx-pkts  tx-bytes tx-error
---------------- -------- -------- -------- -------- -------- -------- --------
0000000000000003        1        0        0        0       67     5208        0
0000000000000003        2       92     7691        0       92     7681        0
0000000000000003        3       92     7681        0       91     7621        0
datapath         in-port  eth-dst           out-port packets  bytes
---------------- -------- ----------------- -------- -------- --------
datapath         port     rx-pkts  rx-bytes rx-error tx-pkts  tx-bytes tx-error
---------------- -------- -------- -------- -------- -------- -------- --------
0000000000000001        1     2895   190990        0     5510  8326702        0
0000000000000001        2     5532  8231067        0     2983   198503        0
0000000000000001        3       91     7621        0       92     7681        0
datapath         in-port  eth-dst           out-port packets  bytes
---------------- -------- ----------------- -------- -------- --------
0000000000000001        1       192.168.0.1        2     2891   190822
0000000000000001        2       192.168.0.2        1     5440  8223376
datapath         port     rx-pkts  rx-bytes rx-error tx-pkts  tx-bytes tx-error
---------------- -------- -------- -------- -------- -------- -------- --------
0000000000000002        1     5441  8223418        0     2961   248248        0
0000000000000002        2     2983   198503        0     5532  8231067        0
0000000000000002        3       92     7681        0       92     7691        0
datapath         in-port  eth-dst           out-port packets  bytes
---------------- -------- ----------------- -------- -------- --------
0000000000000002        1       192.168.0.2        2     5439  8223302
0000000000000002        2       192.168.0.1        1     2891   190822
discovery--->==================================== discovery ====================================
discovery---> cls: [(2, 1), (2, 3), (1, 3)]
discovery--->=============================================================================
==================================== link detector ====================================

----------------------------
src    dst :    delay
2 <---> 1 : 3.9963722229003906
2 <---> 3 : 4.041433334350586
3 <---> 1 : 3.0243396759033203
3 <---> 2 : 4.016876220703125
1 <---> 3 : 3.8022994995117188
1 <---> 2 : 4.054546356201172
datapath         port     rx-pkts  rx-bytes rx-error tx-pkts  tx-bytes tx-error
---------------- -------- -------- -------- -------- -------- -------- --------
0000000000000002        1     5487  8274630        0     2976   249464        0
0000000000000002        2     2999   199519        0     5584  8282639        0
0000000000000002        3       99     8111        0       98     8051        0
datapath         in-port  eth-dst           out-port packets  bytes
---------------- -------- ----------------- -------- -------- --------
0000000000000002        1       192.168.0.2        2     5473  8257706
0000000000000002        2       192.168.0.1        1     2900   191408
datapath         port     rx-pkts  rx-bytes rx-error tx-pkts  tx-bytes tx-error
---------------- -------- -------- -------- -------- -------- -------- --------
0000000000000001        1     2904   191576        0     5562  8379210        0
0000000000000001        2     5584  8282639        0     2999   199519        0
0000000000000001        3       98     8051        0       98     8051        0
datapath         in-port  eth-dst           out-port packets  bytes
---------------- -------- ----------------- -------- -------- --------
0000000000000001        1       192.168.0.1        2     2900   191408
0000000000000001        2       192.168.0.2        1     5474  8257780
datapath         port     rx-pkts  rx-bytes rx-error tx-pkts  tx-bytes tx-error
---------------- -------- -------- -------- -------- -------- -------- --------
0000000000000003        1        0        0        0       73     5676        0
0000000000000003        2       98     8051        0       99     8111        0
0000000000000003        3       98     8051        0       98     8051        0
datapath         in-port  eth-dst           out-port packets  bytes
---------------- -------- ----------------- -------- -------- --------
discovery--->==================================== discovery ====================================
discovery---> cls: [(2, 1), (2, 3), (1, 3)]
discovery--->=============================================================================
==================================== link detector ====================================

----------------------------
src    dst :    delay
2 <---> 1 : 2.2783279418945312
2 <---> 3 : 2.466440200805664
3 <---> 1 : 2.113819122314453
3 <---> 2 : 3.6072731018066406
1 <---> 3 : 4.495382308959961
1 <---> 2 : 4.11534309387207
==================================== link detector ====================================

----------------------------
src    dst :    delay
2 <---> 1 : 4.04810905456543
2 <---> 3 : 4.050731658935547
3 <---> 1 : 2.9273033142089844
3 <---> 2 : 3.424406051635742
1 <---> 3 : 3.7059783935546875
1 <---> 2 : 3.510713577270508
datapath         port     rx-pkts  rx-bytes rx-error tx-pkts  tx-bytes tx-error
---------------- -------- -------- -------- -------- -------- -------- --------
0000000000000003        1        0        0        0       78     6066        0
0000000000000003        2      103     8351        0      104     8411        0
0000000000000003        3      104     8411        0      103     8351        0
datapath         in-port  eth-dst           out-port packets  bytes
---------------- -------- ----------------- -------- -------- --------
datapath         port     rx-pkts  rx-bytes rx-error tx-pkts  tx-bytes tx-error
---------------- -------- -------- -------- -------- -------- -------- --------
0000000000000001        1     2904   191576        0     5867  8805200        0
0000000000000001        2     5889  8703139        0     3004   199819        0
0000000000000001        3      103     8351        0      104     8411        0
datapath         in-port  eth-dst           out-port packets  bytes
---------------- -------- ----------------- -------- -------- --------
0000000000000001        1       192.168.0.1        2     2900   191408
0000000000000001        2       192.168.0.2        1     5774  8677980
datapath         port     rx-pkts  rx-bytes rx-error tx-pkts  tx-bytes tx-error
---------------- -------- -------- -------- -------- -------- -------- --------
0000000000000002        1     5787  8694830        0     2981   249854        0
0000000000000002        2     3004   199819        0     5889  8703139        0
0000000000000002        3      104     8411        0      103     8351        0
datapath         in-port  eth-dst           out-port packets  bytes
---------------- -------- ----------------- -------- -------- --------
0000000000000002        1       192.168.0.2        2     5773  8677906
0000000000000002        2       192.168.0.1        1     2900   191408
discovery--->==================================== discovery ====================================
discovery---> cls: [(2, 1), (2, 3), (1, 3)]
discovery--->=============================================================================
==================================== link detector ====================================

----------------------------
src    dst :    delay
2 <---> 1 : 3.6792755126953125
2 <---> 3 : 3.94439697265625
3 <---> 1 : 3.2715797424316406
3 <---> 2 : 3.2601356506347656
1 <---> 3 : 4.007577896118164
1 <---> 2 : 4.008293151855469
datapath         port     rx-pkts  rx-bytes rx-error tx-pkts  tx-bytes tx-error
---------------- -------- -------- -------- -------- -------- -------- --------
0000000000000003        1        0        0        0       84     6534        0
0000000000000003        2      109     8711        0      110     8771        0
0000000000000003        3      110     8771        0      109     8711        0
datapath         in-port  eth-dst           out-port packets  bytes
---------------- -------- ----------------- -------- -------- --------
datapath         port     rx-pkts  rx-bytes rx-error tx-pkts  tx-bytes tx-error
---------------- -------- -------- -------- -------- -------- -------- --------
0000000000000001        1     2904   191576        0     6173  9231268        0
0000000000000001        2     6195  9123699        0     3010   200179        0
0000000000000001        3      109     8711        0      110     8771        0
datapath         in-port  eth-dst           out-port packets  bytes
---------------- -------- ----------------- -------- -------- --------
0000000000000001        1       192.168.0.1        2     2900   191408
0000000000000001        2       192.168.0.2        1     6074  9098180
datapath         port     rx-pkts  rx-bytes rx-error tx-pkts  tx-bytes tx-error
---------------- -------- -------- -------- -------- -------- -------- --------
0000000000000002        1     6087  9115030        0     2987   250322        0
0000000000000002        2     3010   200179        0     6195  9123699        0
0000000000000002        3      110     8771        0      109     8711        0
datapath         in-port  eth-dst           out-port packets  bytes
---------------- -------- ----------------- -------- -------- --------
0000000000000002        1       192.168.0.2        2     6073  9098106
0000000000000002        2       192.168.0.1        1     2900   191408
discovery--->==================================== discovery ====================================
discovery---> cls: [(2, 1), (2, 3), (1, 3)]
discovery--->=============================================================================
==================================== link detector ====================================

----------------------------
src    dst :    delay
2 <---> 1 : 4.008769989013672
2 <---> 3 : 3.014087677001953
3 <---> 1 : 4.210948944091797
3 <---> 2 : 4.149913787841797
1 <---> 3 : 2.7217864990234375
1 <---> 2 : 3.9882659912109375
==================================== link detector ====================================

----------------------------
src    dst :    delay
2 <---> 1 : 3.779172897338867
2 <---> 3 : 3.1490325927734375
3 <---> 1 : 4.242181777954102
3 <---> 2 : 4.07862663269043
1 <---> 3 : 2.8831958770751953
1 <---> 2 : 4.074335098266602
datapath         port     rx-pkts  rx-bytes rx-error tx-pkts  tx-bytes tx-error
---------------- -------- -------- -------- -------- -------- -------- --------
0000000000000002        1     6387  9535230        0     2992   250712        0
0000000000000002        2     3015   200479        0     6501  9544259        0
0000000000000002        3      115     9071        0      115     9071        0
datapath         in-port  eth-dst           out-port packets  bytes
---------------- -------- ----------------- -------- -------- --------
0000000000000002        1       192.168.0.2        2     6373  9518306
0000000000000002        2       192.168.0.1        1     2900   191408
datapath         port     rx-pkts  rx-bytes rx-error tx-pkts  tx-bytes tx-error
---------------- -------- -------- -------- -------- -------- -------- --------
0000000000000003        1        0        0        0       89     6924        0
0000000000000003        2      115     9071        0      115     9071        0
0000000000000003        3      115     9071        0      114     9011        0
datapath         in-port  eth-dst           out-port packets  bytes
---------------- -------- ----------------- -------- -------- --------
datapath         port     rx-pkts  rx-bytes rx-error tx-pkts  tx-bytes tx-error
---------------- -------- -------- -------- -------- -------- -------- --------
0000000000000001        1     2904   191576        0     6478  9657258        0
0000000000000001        2     6501  9544259        0     3015   200479        0
0000000000000001        3      114     9011        0      115     9071        0
datapath         in-port  eth-dst           out-port packets  bytes
---------------- -------- ----------------- -------- -------- --------
0000000000000001        1       192.168.0.1        2     2900   191408
0000000000000001        2       192.168.0.2        1     6374  9518380
discovery--->==================================== discovery ====================================
discovery---> cls: [(2, 1), (2, 3), (1, 3)]
discovery--->=============================================================================
==================================== link detector ====================================

----------------------------
src    dst :    delay
2 <---> 1 : 2.588510513305664
2 <---> 3 : 2.5577545166015625
3 <---> 1 : 3.4220218658447266
3 <---> 2 : 3.9124488830566406
1 <---> 3 : 3.653287887573242
1 <---> 2 : 3.2014846801757812
datapath         port     rx-pkts  rx-bytes rx-error tx-pkts  tx-bytes tx-error
---------------- -------- -------- -------- -------- -------- -------- --------
0000000000000003        1        0        0        0       95     7392        0
0000000000000003        2      120     9371        0      121     9431        0
0000000000000003        3      121     9431        0      120     9371        0
datapath         in-port  eth-dst           out-port packets  bytes
---------------- -------- ----------------- -------- -------- --------
datapath         port     rx-pkts  rx-bytes rx-error tx-pkts  tx-bytes tx-error
---------------- -------- -------- -------- -------- -------- -------- --------
0000000000000001        1     2912   192307        0     6763 10041717        0
0000000000000001        2     6785  9923528        0     3029   201570        0
0000000000000001        3      120     9371        0      121     9431        0
datapath         in-port  eth-dst           out-port packets  bytes
---------------- -------- ----------------- -------- -------- --------
0000000000000001        1       192.168.0.1        2     2908   192139
0000000000000001        2       192.168.0.2        1     6665  9914157
datapath         port     rx-pkts  rx-bytes rx-error tx-pkts  tx-bytes tx-error
---------------- -------- -------- -------- -------- -------- -------- --------
0000000000000002        1     6666  9914199        0     3006   252055        0
0000000000000002        2     3029   201570        0     6785  9923528        0
0000000000000002        3      121     9431        0      120     9371        0
datapath         in-port  eth-dst           out-port packets  bytes
---------------- -------- ----------------- -------- -------- --------
0000000000000002        1       192.168.0.2        2     6664  9914083
0000000000000002        2       192.168.0.1        1     2908   192139
discovery--->==================================== discovery ====================================
discovery---> cls: [(2, 1), (2, 3), (1, 3)]
discovery--->=============================================================================
==================================== link detector ====================================

----------------------------
src    dst :    delay
2 <---> 1 : 3.3757686614990234
2 <---> 3 : 2.6137828826904297
3 <---> 1 : 4.105567932128906
3 <---> 2 : 2.9752254486083984
1 <---> 3 : 4.066705703735352
1 <---> 2 : 3.9980411529541016
==================================== link detector ====================================

----------------------------
src    dst :    delay
2 <---> 1 : 2.9935836791992188
2 <---> 3 : 2.2399425506591797
3 <---> 1 : 2.599954605102539
3 <---> 2 : 2.249479293823242
1 <---> 3 : 2.3059844970703125
1 <---> 2 : 2.2847652435302734
datapath         port     rx-pkts  rx-bytes rx-error tx-pkts  tx-bytes tx-error
---------------- -------- -------- -------- -------- -------- -------- --------
0000000000000003        1        0        0        0      100     7782        0
0000000000000003        2      126     9731        0      126     9731        0
0000000000000003        3      126     9731        0      126     9731        0
datapath         in-port  eth-dst           out-port packets  bytes
---------------- -------- ----------------- -------- -------- --------
datapath         port     rx-pkts  rx-bytes rx-error tx-pkts  tx-bytes tx-error
---------------- -------- -------- -------- -------- -------- -------- --------
0000000000000002        1     6666  9914199        0     3012   252523        0
0000000000000002        2     3034   201870        0     6791  9923888        0
0000000000000002        3      126     9731        0      126     9731        0
datapath         in-port  eth-dst           out-port packets  bytes
---------------- -------- ----------------- -------- -------- --------
0000000000000002        1       192.168.0.2        2     6664  9914083
0000000000000002        2       192.168.0.1        1     2908   192139
datapath         port     rx-pkts  rx-bytes rx-error tx-pkts  tx-bytes tx-error
---------------- -------- -------- -------- -------- -------- -------- --------
0000000000000001        1     2912   192307        0     6768 10042107        0
0000000000000001        2     6791  9923888        0     3034   201870        0
0000000000000001        3      126     9731        0      126     9731        0
datapath         in-port  eth-dst           out-port packets  bytes
---------------- -------- ----------------- -------- -------- --------
0000000000000001        1       192.168.0.1        2     2908   192139
0000000000000001        2       192.168.0.2        1     6665  9914157
discovery--->==================================== discovery ====================================
discovery---> cls: [(2, 1), (2, 3), (1, 3)]
discovery--->=============================================================================
==================================== link detector ====================================

----------------------------
src    dst :    delay
2 <---> 1 : 4.084348678588867
2 <---> 3 : 3.2110214233398438
3 <---> 1 : 4.125833511352539
3 <---> 2 : 4.17780876159668
1 <---> 3 : 2.680540084838867
1 <---> 2 : 4.154205322265625
==================================== link detector ====================================

----------------------------
src    dst :    delay
2 <---> 1 : 3.6721229553222656
2 <---> 3 : 4.0283203125
3 <---> 1 : 4.214763641357422
3 <---> 2 : 2.6121139526367188
1 <---> 3 : 4.076242446899414
1 <---> 2 : 2.691984176635742
datapath         port     rx-pkts  rx-bytes rx-error tx-pkts  tx-bytes tx-error
---------------- -------- -------- -------- -------- -------- -------- --------
0000000000000003        1        0        0        0      106     8250        0
0000000000000003        2      131    10031        0      132    10091        0
0000000000000003        3      132    10091        0      131    10031        0
datapath         in-port  eth-dst           out-port packets  bytes
---------------- -------- ----------------- -------- -------- --------
datapath         port     rx-pkts  rx-bytes rx-error tx-pkts  tx-bytes tx-error
---------------- -------- -------- -------- -------- -------- -------- --------
0000000000000001        1     2912   192307        0     6774 10042575        0
0000000000000001        2     6796  9924188        0     3040   202230        0
0000000000000001        3      131    10031        0      132    10091        0
datapath         in-port  eth-dst           out-port packets  bytes
---------------- -------- ----------------- -------- -------- --------
0000000000000001        1       192.168.0.1        2     2908   192139
0000000000000001        2       192.168.0.2        1     6665  9914157
datapath         port     rx-pkts  rx-bytes rx-error tx-pkts  tx-bytes tx-error
---------------- -------- -------- -------- -------- -------- -------- --------
0000000000000002        1     6666  9914199        0     3017   252913        0
0000000000000002        2     3040   202230        0     6796  9924188        0
0000000000000002        3      132    10091        0      131    10031        0
datapath         in-port  eth-dst           out-port packets  bytes
---------------- -------- ----------------- -------- -------- --------
0000000000000002        1       192.168.0.2        2     6664  9914083
0000000000000002        2       192.168.0.1        1     2908   192139
discovery--->==================================== discovery ====================================
discovery---> cls: [(2, 1), (2, 3), (1, 3)]
discovery--->=============================================================================
==================================== link detector ====================================

----------------------------
src    dst :    delay
2 <---> 1 : 3.257274627685547
2 <---> 3 : 2.867460250854492
3 <---> 1 : 2.3539066314697266
3 <---> 2 : 2.601146697998047
1 <---> 3 : 2.9296875
1 <---> 2 : 3.113269805908203
datapath         port     rx-pkts  rx-bytes rx-error tx-pkts  tx-bytes tx-error
---------------- -------- -------- -------- -------- -------- -------- --------
0000000000000003        1        0        0        0      112     8718        0
0000000000000003        2      137    10391        0      137    10391        0
0000000000000003        3      137    10391        0      137    10391        0
datapath         in-port  eth-dst           out-port packets  bytes
---------------- -------- ----------------- -------- -------- --------
datapath         port     rx-pkts  rx-bytes rx-error tx-pkts  tx-bytes tx-error
---------------- -------- -------- -------- -------- -------- -------- --------
0000000000000001        1     2912   192307        0     6779 10042965        0
0000000000000001        2     6802  9924548        0     3045   202530        0
0000000000000001        3      137    10391        0      137    10391        0
datapath         in-port  eth-dst           out-port packets  bytes
---------------- -------- ----------------- -------- -------- --------
0000000000000001        1       192.168.0.1        2     2908   192139
0000000000000001        2       192.168.0.2        1     6665  9914157
datapath         port     rx-pkts  rx-bytes rx-error tx-pkts  tx-bytes tx-error
---------------- -------- -------- -------- -------- -------- -------- --------
0000000000000002        1     6666  9914199        0     3023   253381        0
0000000000000002        2     3045   202530        0     6802  9924548        0
0000000000000002        3      137    10391        0      137    10391        0
datapath         in-port  eth-dst           out-port packets  bytes
---------------- -------- ----------------- -------- -------- --------
0000000000000002        1       192.168.0.2        2     6664  9914083
0000000000000002        2       192.168.0.1        1     2908   192139
discovery--->==================================== discovery ====================================
discovery---> cls: [(2, 1), (2, 3), (1, 3)]
discovery--->=============================================================================
==================================== link detector ====================================

----------------------------
src    dst :    delay
2 <---> 1 : 4.026174545288086
2 <---> 3 : 3.9904117584228516
3 <---> 1 : 2.6466846466064453
3 <---> 2 : 3.0677318572998047
1 <---> 3 : 3.6334991455078125
1 <---> 2 : 2.6793479919433594
==================================== link detector ====================================

----------------------------
src    dst :    delay
2 <---> 1 : 4.108428955078125
2 <---> 3 : 2.756357192993164
3 <---> 1 : 4.227876663208008
3 <---> 2 : 4.297971725463867
1 <---> 3 : 3.2205581665039062
1 <---> 2 : 3.247976303100586
datapath         port     rx-pkts  rx-bytes rx-error tx-pkts  tx-bytes tx-error
---------------- -------- -------- -------- -------- -------- -------- --------
0000000000000003        1        0        0        0      117     9108        0
0000000000000003        2      142    10691        0      143    10751        0
0000000000000003        3      143    10751        0      142    10691        0
datapath         in-port  eth-dst           out-port packets  bytes
---------------- -------- ----------------- -------- -------- --------
datapath         port     rx-pkts  rx-bytes rx-error tx-pkts  tx-bytes tx-error
---------------- -------- -------- -------- -------- -------- -------- --------
0000000000000002        1     8107 11919683        0     3037   254519        0
0000000000000002        2     3060   203476        0     8248 11930332        0
0000000000000002        3      143    10751        0      142    10691        0
datapath         in-port  eth-dst           out-port packets  bytes
---------------- -------- ----------------- -------- -------- --------
0000000000000002        1       192.168.0.2        2     8083 11888979
0000000000000002        2       192.168.0.1        1     2917   192725
datapath         port     rx-pkts  rx-bytes rx-error tx-pkts  tx-bytes tx-error
---------------- -------- -------- -------- -------- -------- -------- --------
0000000000000001        1     2921   192893        0     8224 12071791        0
0000000000000001        2     8247 11928818        0     3060   203476        0
0000000000000001        3      142    10691        0      143    10751        0
datapath         in-port  eth-dst           out-port packets  bytes
---------------- -------- ----------------- -------- -------- --------
0000000000000001        1       192.168.0.1        2     2917   192725
0000000000000001        2       192.168.0.2        1     8083 11887539
discovery--->==================================== discovery ====================================
discovery---> cls: [(2, 1), (2, 3), (1, 3)]
discovery--->=============================================================================
==================================== link detector ====================================

----------------------------
src    dst :    delay
2 <---> 1 : 2.6204586029052734
2 <---> 3 : 3.953695297241211
3 <---> 1 : 4.004716873168945
3 <---> 2 : 3.434419631958008
1 <---> 3 : 5.385160446166992
1 <---> 2 : 3.325223922729492
datapath         port     rx-pkts  rx-bytes rx-error tx-pkts  tx-bytes tx-error
---------------- -------- -------- -------- -------- -------- -------- --------
0000000000000003        1        0        0        0      123     9576        0
0000000000000003        2      148    11051        0      149    11111        0
0000000000000003        3      148    11051        0      148    11051        0
datapath         in-port  eth-dst           out-port packets  bytes
---------------- -------- ----------------- -------- -------- --------
datapath         port     rx-pkts  rx-bytes rx-error tx-pkts  tx-bytes tx-error
---------------- -------- -------- -------- -------- -------- -------- --------
0000000000000002        1    12536 18147149        0     3043   254987        0
0000000000000002        2     3065   203776        0    12682 18156644        0
0000000000000002        3      149    11111        0      148    11051        0
datapath         in-port  eth-dst           out-port packets  bytes
---------------- -------- ----------------- -------- -------- --------
0000000000000002        1       192.168.0.2        2    12513 18117959
0000000000000002        2       192.168.0.1        1     2917   192725
datapath         port     rx-pkts  rx-bytes rx-error tx-pkts  tx-bytes tx-error
---------------- -------- -------- -------- -------- -------- -------- --------
0000000000000001        1     2921   192893        0    12659 18379447        0
0000000000000001        2    12682 18156644        0     3065   203776        0
0000000000000001        3      148    11051        0      148    11051        0
datapath         in-port  eth-dst           out-port packets  bytes
---------------- -------- ----------------- -------- -------- --------
0000000000000001        1       192.168.0.1        2     2917   192725
0000000000000001        2       192.168.0.2        1    12513 18116519
discovery--->==================================== discovery ====================================
discovery---> cls: [(2, 1), (2, 3), (1, 3)]
discovery--->=============================================================================
==================================== link detector ====================================

----------------------------
src    dst :    delay
2 <---> 1 : 3.704547882080078
2 <---> 3 : 3.706693649291992
3 <---> 1 : 3.8559436798095703
3 <---> 2 : 3.6721229553222656
1 <---> 3 : 2.9044151306152344
1 <---> 2 : 5.169391632080078
==================================== link detector ====================================

----------------------------
src    dst :    delay
2 <---> 1 : 4.076719284057617
2 <---> 3 : 4.081010818481445
3 <---> 1 : 3.065347671508789
3 <---> 2 : 4.496097564697266
1 <---> 3 : 3.535747528076172
1 <---> 2 : 4.285097122192383
datapath         port     rx-pkts  rx-bytes rx-error tx-pkts  tx-bytes tx-error
---------------- -------- -------- -------- -------- -------- -------- --------
0000000000000002        1    16962 24372113        0     3048   255377        0
0000000000000002        2     3071   204136        0    17113 24381908        0
0000000000000002        3      154    11411        0      154    11421        0
datapath         in-port  eth-dst           out-port packets  bytes
---------------- -------- ----------------- -------- -------- --------
0000000000000002        1       192.168.0.2        2    16943 24348299
0000000000000002        2       192.168.0.1        1     2917   192725
datapath         port     rx-pkts  rx-bytes rx-error tx-pkts  tx-bytes tx-error
---------------- -------- -------- -------- -------- -------- -------- --------
0000000000000001        1     2921   192893        0    17091 24686001        0
0000000000000001        2    17114 24383422        0     3071   204136        0
0000000000000001        3      153    11351        0      154    11411        0
datapath         in-port  eth-dst           out-port packets  bytes
---------------- -------- ----------------- -------- -------- --------
0000000000000001        1       192.168.0.1        2     2917   192725
0000000000000001        2       192.168.0.2        1    16943 24346859
datapath         port     rx-pkts  rx-bytes rx-error tx-pkts  tx-bytes tx-error
---------------- -------- -------- -------- -------- -------- -------- --------
0000000000000003        1        0        0        0      128     9966        0
0000000000000003        2      154    11421        0      154    11411        0
0000000000000003        3      154    11411        0      153    11351        0
datapath         in-port  eth-dst           out-port packets  bytes
---------------- -------- ----------------- -------- -------- --------
discovery--->==================================== discovery ====================================
discovery---> cls: [(2, 1), (2, 3), (1, 3)]
discovery--->=============================================================================
==================================== link detector ====================================

----------------------------
src    dst :    delay
2 <---> 1 : 4.0874481201171875
2 <---> 3 : 3.1423568725585938
3 <---> 1 : 2.7468204498291016
3 <---> 2 : 3.9861202239990234
1 <---> 3 : 4.0683746337890625
1 <---> 2 : 2.6721954345703125
==================================== link detector ====================================

----------------------------
src    dst :    delay
2 <---> 1 : 3.993988037109375
2 <---> 3 : 3.307819366455078
3 <---> 1 : 3.984689712524414
3 <---> 2 : 4.431247711181641
1 <---> 3 : 2.763032913208008
1 <---> 2 : 4.354238510131836
datapath         port     rx-pkts  rx-bytes rx-error tx-pkts  tx-bytes tx-error
---------------- -------- -------- -------- -------- -------- -------- --------
0000000000000003        1        0        0        0      134    10434        0
0000000000000003        2      160    11781        0      160    11771        0
0000000000000003        3      160    11771        0      159    11711        0
datapath         in-port  eth-dst           out-port packets  bytes
---------------- -------- ----------------- -------- -------- --------
datapath         port     rx-pkts  rx-bytes rx-error tx-pkts  tx-bytes tx-error
---------------- -------- -------- -------- -------- -------- -------- --------
0000000000000002        1    21388 30597077        0     3054   255845        0
0000000000000002        2     3077   204496        0    21547 30608816        0
0000000000000002        3      160    11771        0      160    11781        0
datapath         in-port  eth-dst           out-port packets  bytes
---------------- -------- ----------------- -------- -------- --------
0000000000000002        1       192.168.0.2        2    21373 30578639
0000000000000002        2       192.168.0.1        1     2917   192725
datapath         port     rx-pkts  rx-bytes rx-error tx-pkts  tx-bytes tx-error
---------------- -------- -------- -------- -------- -------- -------- --------
0000000000000001        1     2921   192893        0    21522 30989569        0
0000000000000001        2    21546 30607302        0     3077   204496        0
0000000000000001        3      159    11711        0      160    11771        0
datapath         in-port  eth-dst           out-port packets  bytes
---------------- -------- ----------------- -------- -------- --------
0000000000000001        1       192.168.0.1        2     2917   192725
0000000000000001        2       192.168.0.2        1    21373 30577199
discovery--->==================================== discovery ====================================
discovery---> cls: [(2, 1), (2, 3), (1, 3)]
discovery--->=============================================================================
==================================== link detector ====================================

----------------------------
src    dst :    delay
2 <---> 1 : 3.2303333282470703
2 <---> 3 : 4.075765609741211
3 <---> 1 : 4.209280014038086
3 <---> 2 : 2.660036087036133
1 <---> 3 : 2.313375473022461
1 <---> 2 : 2.4404525756835938
datapath         port     rx-pkts  rx-bytes rx-error tx-pkts  tx-bytes tx-error
---------------- -------- -------- -------- -------- -------- -------- --------
0000000000000003        1        0        0        0      139    10824        0
0000000000000003        2      167    12344        0      166    12274        0
0000000000000003        3      166    12274        0      165    12214        0
datapath         in-port  eth-dst           out-port packets  bytes
---------------- -------- ----------------- -------- -------- --------
datapath         port     rx-pkts  rx-bytes rx-error tx-pkts  tx-bytes tx-error
---------------- -------- -------- -------- -------- -------- -------- --------
0000000000000002        1    25233 35992812        0     3067   257122        0
0000000000000002        2     3091   205742        0    25398 36005054        0
0000000000000002        3      166    12274        0      167    12344        0
datapath         in-port  eth-dst           out-port packets  bytes
---------------- -------- ----------------- -------- -------- --------
0000000000000002        1       192.168.0.2        2    25231 35992696
0000000000000002        2       192.168.0.1        1     2925   193468
datapath         port     rx-pkts  rx-bytes rx-error tx-pkts  tx-bytes tx-error
---------------- -------- -------- -------- -------- -------- -------- --------
0000000000000001        1     2929   193636        0    25374 36457968        0
0000000000000001        2    25398 36005054        0     3091   205742        0
0000000000000001        3      165    12214        0      166    12274        0
datapath         in-port  eth-dst           out-port packets  bytes
---------------- -------- ----------------- -------- -------- --------
0000000000000001        1       192.168.0.1        2     2925   193468
0000000000000001        2       192.168.0.2        1    25232 35992770
discovery--->==================================== discovery ====================================
discovery---> cls: [(2, 1), (2, 3), (1, 3)]
discovery--->=============================================================================
==================================== link detector ====================================

----------------------------
src    dst :    delay
2 <---> 1 : 4.060029983520508
2 <---> 3 : 3.9894580841064453
3 <---> 1 : 3.2396316528320312
3 <---> 2 : 4.0874481201171875
1 <---> 3 : 4.076957702636719
1 <---> 2 : 4.117012023925781
==================================== link detector ====================================

----------------------------
src    dst :    delay
2 <---> 1 : 2.1560192108154297
2 <---> 3 : 2.5157928466796875
3 <---> 1 : 2.309560775756836
3 <---> 2 : 2.153635025024414
1 <---> 3 : 2.5911331176757812
1 <---> 2 : 2.2432804107666016
datapath         port     rx-pkts  rx-bytes rx-error tx-pkts  tx-bytes tx-error
---------------- -------- -------- -------- -------- -------- -------- --------
0000000000000003        1        0        0        0      145    11292        0
0000000000000003        2      172    12644        0      173    12704        0
0000000000000003        3      172    12634        0      172    12644        0
datapath         in-port  eth-dst           out-port packets  bytes
---------------- -------- ----------------- -------- -------- --------
datapath         port     rx-pkts  rx-bytes rx-error tx-pkts  tx-bytes tx-error
---------------- -------- -------- -------- -------- -------- -------- --------
0000000000000002        1    25233 35992812        0     3073   257590        0
0000000000000002        2     3098   206172        0    25404 36005414        0
0000000000000002        3      173    12704        0      172    12644        0
datapath         in-port  eth-dst           out-port packets  bytes
---------------- -------- ----------------- -------- -------- --------
0000000000000002        1       192.168.0.2        2    25231 35992696
0000000000000002        2       192.168.0.1        1     2925   193468
datapath         port     rx-pkts  rx-bytes rx-error tx-pkts  tx-bytes tx-error
---------------- -------- -------- -------- -------- -------- -------- --------
0000000000000001        1     2929   193636        0    25380 36458436        0
0000000000000001        2    25404 36005414        0     3098   206172        0
0000000000000001        3      172    12644        0      172    12634        0
datapath         in-port  eth-dst           out-port packets  bytes
---------------- -------- ----------------- -------- -------- --------
0000000000000001        1       192.168.0.1        2     2925   193468
0000000000000001        2       192.168.0.2        1    25232 35992770
discovery--->==================================== discovery ====================================
discovery---> cls: [(2, 1), (2, 3), (1, 3)]
discovery--->=============================================================================
==================================== link detector ====================================

----------------------------
src    dst :    delay
2 <---> 1 : 3.0684471130371094
2 <---> 3 : 4.069089889526367
3 <---> 1 : 3.2312870025634766
3 <---> 2 : 2.663135528564453
1 <---> 3 : 4.128217697143555
1 <---> 2 : 3.8330554962158203
datapath         port     rx-pkts  rx-bytes rx-error tx-pkts  tx-bytes tx-error
---------------- -------- -------- -------- -------- -------- -------- --------
0000000000000003        1        0        0        0      150    11682        0
0000000000000003        2      178    13004        0      178    13004        0
0000000000000003        3      178    13004        0      177    12944        0
datapath         in-port  eth-dst           out-port packets  bytes
---------------- -------- ----------------- -------- -------- --------
datapath         port     rx-pkts  rx-bytes rx-error tx-pkts  tx-bytes tx-error
---------------- -------- -------- -------- -------- -------- -------- --------
0000000000000002        1    25233 35992812        0     3079   258058        0
0000000000000002        2     3103   206472        0    25410 36005774        0
0000000000000002        3      178    13004        0      178    13004        0
datapath         in-port  eth-dst           out-port packets  bytes
---------------- -------- ----------------- -------- -------- --------
0000000000000002        1       192.168.0.2        2    25231 35992696
0000000000000002        2       192.168.0.1        1     2925   193468
datapath         port     rx-pkts  rx-bytes rx-error tx-pkts  tx-bytes tx-error
---------------- -------- -------- -------- -------- -------- -------- --------
0000000000000001        1     2929   193636        0    25385 36458826        0
0000000000000001        2    25410 36005774        0     3103   206472        0
0000000000000001        3      177    12944        0      178    13004        0
datapath         in-port  eth-dst           out-port packets  bytes
---------------- -------- ----------------- -------- -------- --------
0000000000000001        1       192.168.0.1        2     2925   193468
0000000000000001        2       192.168.0.2        1    25232 35992770
discovery--->==================================== discovery ====================================
discovery---> cls: [(2, 1), (2, 3), (1, 3)]
discovery--->=============================================================================
==================================== link detector ====================================

----------------------------
src    dst :    delay
2 <---> 1 : 2.2852420806884766
2 <---> 3 : 2.2134780883789062
3 <---> 1 : 2.530336380004883
3 <---> 2 : 2.4080276489257812
1 <---> 3 : 2.3407936096191406
1 <---> 2 : 2.3622512817382812
==================================== link detector ====================================

----------------------------
src    dst :    delay
2 <---> 1 : 3.3392906188964844
2 <---> 3 : 3.2072067260742188
3 <---> 1 : 2.2771358489990234
3 <---> 2 : 3.0655860900878906
1 <---> 3 : 4.138946533203125
1 <---> 2 : 3.6537647247314453
datapath         port     rx-pkts  rx-bytes rx-error tx-pkts  tx-bytes tx-error
---------------- -------- -------- -------- -------- -------- -------- --------
0000000000000002        1    25233 35992812        0     3093   263920        0
0000000000000002        2     3118   212142        0    25415 36006074        0
0000000000000002        3      184    13364        0      183    13304        0
datapath         in-port  eth-dst           out-port packets  bytes
---------------- -------- ----------------- -------- -------- --------
0000000000000002        1       192.168.0.2        2    25231 35992696
0000000000000002        2       192.168.0.1        1     2934   198778
datapath         port     rx-pkts  rx-bytes rx-error tx-pkts  tx-bytes tx-error
---------------- -------- -------- -------- -------- -------- -------- --------
0000000000000003        1        0        0        0      156    12150        0
0000000000000003        2      183    13304        0      184    13364        0
0000000000000003        3      184    13364        0      183    13304        0
datapath         in-port  eth-dst           out-port packets  bytes
---------------- -------- ----------------- -------- -------- --------
datapath         port     rx-pkts  rx-bytes rx-error tx-pkts  tx-bytes tx-error
---------------- -------- -------- -------- -------- -------- -------- --------
0000000000000001        1     2938   198946        0    25391 36459294        0
0000000000000001        2    25415 36006074        0     3118   212142        0
0000000000000001        3      183    13304        0      184    13364        0
datapath         in-port  eth-dst           out-port packets  bytes
---------------- -------- ----------------- -------- -------- --------
0000000000000001        1       192.168.0.1        2     2934   198778
0000000000000001        2       192.168.0.2        1    25232 35992770
discovery--->==================================== discovery ====================================
discovery---> cls: [(2, 1), (2, 3), (1, 3)]
discovery--->=============================================================================
==================================== link detector ====================================

----------------------------
src    dst :    delay
2 <---> 1 : 2.3567676544189453
2 <---> 3 : 2.3534297943115234
3 <---> 1 : 2.1686553955078125
3 <---> 2 : 2.385377883911133
1 <---> 3 : 2.576589584350586
1 <---> 2 : 2.7608871459960938
datapath         port     rx-pkts  rx-bytes rx-error tx-pkts  tx-bytes tx-error
---------------- -------- -------- -------- -------- -------- -------- --------
0000000000000003        1        0        0        0      162    12618        0
0000000000000003        2      189    13664        0      189    13664        0
0000000000000003        3      189    13664        0      189    13664        0
datapath         in-port  eth-dst           out-port packets  bytes
---------------- -------- ----------------- -------- -------- --------
datapath         port     rx-pkts  rx-bytes rx-error tx-pkts  tx-bytes tx-error
---------------- -------- -------- -------- -------- -------- -------- --------
0000000000000001        1     2944   202486        0    25396 36459684        0
0000000000000001        2    25421 36006434        0     3129   215982        0
0000000000000001        3      189    13664        0      189    13664        0
datapath         in-port  eth-dst           out-port packets  bytes
---------------- -------- ----------------- -------- -------- --------
0000000000000001        1       192.168.0.1        2     2940   202318
0000000000000001        2       192.168.0.2        1    25232 35992770
datapath         port     rx-pkts  rx-bytes rx-error tx-pkts  tx-bytes tx-error
---------------- -------- -------- -------- -------- -------- -------- --------
0000000000000002        1    25233 35992812        0     3105   268036        0
0000000000000002        2     3129   215982        0    25421 36006434        0
0000000000000002        3      189    13664        0      189    13664        0
datapath         in-port  eth-dst           out-port packets  bytes
---------------- -------- ----------------- -------- -------- --------
0000000000000002        1       192.168.0.2        2    25231 35992696
0000000000000002        2       192.168.0.1        1     2940   202318
discovery--->==================================== discovery ====================================
discovery---> cls: [(2, 1), (2, 3), (1, 3)]
discovery--->=============================================================================
==================================== link detector ====================================

----------------------------
src    dst :    delay
2 <---> 1 : 3.895998001098633
2 <---> 3 : 3.691434860229492
3 <---> 1 : 2.2459030151367188
3 <---> 2 : 2.722501754760742
1 <---> 3 : 4.1332244873046875
1 <---> 2 : 3.9713382720947266
==================================== link detector ====================================

----------------------------
src    dst :    delay
2 <---> 1 : 2.0999908447265625
2 <---> 3 : 2.2356510162353516
3 <---> 1 : 2.236604690551758
3 <---> 2 : 2.129077911376953
1 <---> 3 : 2.203226089477539
1 <---> 2 : 2.3276805877685547
datapath         port     rx-pkts  rx-bytes rx-error tx-pkts  tx-bytes tx-error
---------------- -------- -------- -------- -------- -------- -------- --------
0000000000000002        1    25233 35992812        0     3114   270858        0
0000000000000002        2     3139   218702        0    25426 36006734        0
0000000000000002        3      195    14024        0      194    13964        0
datapath         in-port  eth-dst           out-port packets  bytes
---------------- -------- ----------------- -------- -------- --------
0000000000000002        1       192.168.0.2        2    25231 35992696
0000000000000002        2       192.168.0.1        1     2944   204678
datapath         port     rx-pkts  rx-bytes rx-error tx-pkts  tx-bytes tx-error
---------------- -------- -------- -------- -------- -------- -------- --------
0000000000000003        1        0        0        0      167    13008        0
0000000000000003        2      194    13964        0      195    14024        0
0000000000000003        3      195    14024        0      194    13964        0
datapath         in-port  eth-dst           out-port packets  bytes
---------------- -------- ----------------- -------- -------- --------
datapath         port     rx-pkts  rx-bytes rx-error tx-pkts  tx-bytes tx-error
---------------- -------- -------- -------- -------- -------- -------- --------
0000000000000001        1     2948   204846        0    25402 36460152        0
0000000000000001        2    25426 36006734        0     3139   218702        0
0000000000000001        3      194    13964        0      195    14024        0
datapath         in-port  eth-dst           out-port packets  bytes
---------------- -------- ----------------- -------- -------- --------
0000000000000001        1       192.168.0.1        2     2944   204678
0000000000000001        2       192.168.0.2        1    25232 35992770
discovery--->==================================== discovery ====================================
discovery---> cls: [(2, 1), (2, 3), (1, 3)]
discovery--->=============================================================================
==================================== link detector ====================================

----------------------------
src    dst :    delay
2 <---> 1 : 4.370689392089844
2 <---> 3 : 4.0111541748046875
3 <---> 1 : 4.065752029418945
3 <---> 2 : 3.977537155151367
1 <---> 3 : 3.042936325073242
1 <---> 2 : 2.6082992553710938
==================================== link detector ====================================

----------------------------
src    dst :    delay
2 <---> 1 : 4.040956497192383
2 <---> 3 : 3.0460357666015625
3 <---> 1 : 4.055500030517578
3 <---> 2 : 4.003763198852539
1 <---> 3 : 3.7755966186523438
1 <---> 2 : 3.1332969665527344
datapath         port     rx-pkts  rx-bytes rx-error tx-pkts  tx-bytes tx-error
---------------- -------- -------- -------- -------- -------- -------- --------
0000000000000003        1        0        0        0      173    13476        0
0000000000000003        2      200    14324        0      201    14384        0
0000000000000003        3      200    14324        0      200    14324        0
datapath         in-port  eth-dst           out-port packets  bytes
---------------- -------- ----------------- -------- -------- --------
datapath         port     rx-pkts  rx-bytes rx-error tx-pkts  tx-bytes tx-error
---------------- -------- -------- -------- -------- -------- -------- --------
0000000000000001        1     2955   208976        0    25408 36460620        0
0000000000000001        2    25432 36007094        0     3151   223132        0
0000000000000001        3      200    14324        0      200    14324        0
datapath         in-port  eth-dst           out-port packets  bytes
---------------- -------- ----------------- -------- -------- --------
0000000000000001        1       192.168.0.1        2     2951   208808
0000000000000001        2       192.168.0.2        1    25232 35992770
datapath         port     rx-pkts  rx-bytes rx-error tx-pkts  tx-bytes tx-error
---------------- -------- -------- -------- -------- -------- -------- --------
0000000000000002        1    25233 35992812        0     3127   275582        0
0000000000000002        2     3151   223132        0    25432 36007094        0
0000000000000002        3      201    14384        0      200    14324        0
datapath         in-port  eth-dst           out-port packets  bytes
---------------- -------- ----------------- -------- -------- --------
0000000000000002        1       192.168.0.2        2    25231 35992696
0000000000000002        2       192.168.0.1        1     2951   208808
discovery--->==================================== discovery ====================================
discovery---> cls: [(2, 1), (2, 3), (1, 3)]
discovery--->=============================================================================
==================================== link detector ====================================

----------------------------
src    dst :    delay
2 <---> 1 : 4.043340682983398
2 <---> 3 : 2.9821395874023438
3 <---> 1 : 3.1778812408447266
3 <---> 2 : 4.359722137451172
1 <---> 3 : 2.887248992919922
1 <---> 2 : 3.403902053833008
datapath         port     rx-pkts  rx-bytes rx-error tx-pkts  tx-bytes tx-error
---------------- -------- -------- -------- -------- -------- -------- --------
0000000000000003        1        0        0        0      178    13866        0
0000000000000003        2      205    14624        0      206    14684        0
0000000000000003        3      206    14684        0      205    14624        0
datapath         in-port  eth-dst           out-port packets  bytes
---------------- -------- ----------------- -------- -------- --------
datapath         port     rx-pkts  rx-bytes rx-error tx-pkts  tx-bytes tx-error
---------------- -------- -------- -------- -------- -------- -------- --------
0000000000000001        1     2955   208976        0    25413 36461010        0
0000000000000001        2    25437 36007394        0     3157   223492        0
0000000000000001        3      205    14624        0      206    14684        0
datapath         in-port  eth-dst           out-port packets  bytes
---------------- -------- ----------------- -------- -------- --------
0000000000000001        1       192.168.0.1        2     2951   208808
0000000000000001        2       192.168.0.2        1    25232 35992770
datapath         port     rx-pkts  rx-bytes rx-error tx-pkts  tx-bytes tx-error
---------------- -------- -------- -------- -------- -------- -------- --------
0000000000000002        1    25233 35992812        0     3132   275972        0
0000000000000002        2     3157   223492        0    25437 36007394        0
0000000000000002        3      206    14684        0      205    14624        0
datapath         in-port  eth-dst           out-port packets  bytes
---------------- -------- ----------------- -------- -------- --------
0000000000000002        1       192.168.0.2        2    25231 35992696
0000000000000002        2       192.168.0.1        1     2951   208808
discovery--->==================================== discovery ====================================
discovery---> cls: [(2, 1), (2, 3), (1, 3)]
discovery--->=============================================================================
==================================== link detector ====================================

----------------------------
src    dst :    delay
2 <---> 1 : 3.0028820037841797
2 <---> 3 : 4.126548767089844
3 <---> 1 : 4.089593887329102
3 <---> 2 : 3.963470458984375
1 <---> 3 : 4.13823127746582
1 <---> 2 : 4.161596298217773
==================================== link detector ====================================

----------------------------
src    dst :    delay
2 <---> 1 : 3.698587417602539
2 <---> 3 : 3.7147998809814453
3 <---> 1 : 3.720998764038086
3 <---> 2 : 4.159688949584961
1 <---> 3 : 4.231452941894531
1 <---> 2 : 2.407073974609375
datapath         port     rx-pkts  rx-bytes rx-error tx-pkts  tx-bytes tx-error
---------------- -------- -------- -------- -------- -------- -------- --------
0000000000000003        1        0        0        0      184    14334        0
0000000000000003        2      211    14984        0      212    15044        0
0000000000000003        3      211    14984        0      211    14984        0
datapath         in-port  eth-dst           out-port packets  bytes
---------------- -------- ----------------- -------- -------- --------
datapath         port     rx-pkts  rx-bytes rx-error tx-pkts  tx-bytes tx-error
---------------- -------- -------- -------- -------- -------- -------- --------
0000000000000001        1     2955   208976        0    25419 36461478        0
0000000000000001        2    25443 36007754        0     3163   223852        0
0000000000000001        3      211    14984        0      211    14984        0
datapath         in-port  eth-dst           out-port packets  bytes
---------------- -------- ----------------- -------- -------- --------
0000000000000001        1       192.168.0.1        2     2951   208808
0000000000000001        2       192.168.0.2        1    25232 35992770
datapath         port     rx-pkts  rx-bytes rx-error tx-pkts  tx-bytes tx-error
---------------- -------- -------- -------- -------- -------- -------- --------
0000000000000002        1    25233 35992812        0     3138   276440        0
0000000000000002        2     3163   223852        0    25443 36007754        0
0000000000000002        3      212    15044        0      211    14984        0
datapath         in-port  eth-dst           out-port packets  bytes
---------------- -------- ----------------- -------- -------- --------
0000000000000002        1       192.168.0.2        2    25231 35992696
0000000000000002        2       192.168.0.1        1     2951   208808
discovery--->==================================== discovery ====================================
discovery---> cls: [(2, 1), (2, 3), (1, 3)]
discovery--->=============================================================================
==================================== link detector ====================================

----------------------------
src    dst :    delay
2 <---> 1 : 3.996133804321289
2 <---> 3 : 3.9625167846679688
3 <---> 1 : 3.988027572631836
3 <---> 2 : 3.963947296142578
1 <---> 3 : 4.939556121826172
1 <---> 2 : 3.0889511108398438
datapath         port     rx-pkts  rx-bytes rx-error tx-pkts  tx-bytes tx-error
---------------- -------- -------- -------- -------- -------- -------- --------
0000000000000003        1        0        0        0      189    14724        0
0000000000000003        2      217    15344        0      217    15344        0
0000000000000003        3      217    15344        0      216    15284        0
datapath         in-port  eth-dst           out-port packets  bytes
---------------- -------- ----------------- -------- -------- --------
datapath         port     rx-pkts  rx-bytes rx-error tx-pkts  tx-bytes tx-error
---------------- -------- -------- -------- -------- -------- -------- --------
0000000000000002        1    25233 35992812        0     3143   276830        0
0000000000000002        2     3168   224152        0    25448 36008054        0
0000000000000002        3      217    15344        0      217    15344        0
datapath         in-port  eth-dst           out-port packets  bytes
---------------- -------- ----------------- -------- -------- --------
0000000000000002        1       192.168.0.2        2    25231 35992696
0000000000000002        2       192.168.0.1        1     2951   208808
datapath         port     rx-pkts  rx-bytes rx-error tx-pkts  tx-bytes tx-error
---------------- -------- -------- -------- -------- -------- -------- --------
0000000000000001        1     2955   208976        0    25424 36461868        0
0000000000000001        2    25448 36008054        0     3168   224152        0
0000000000000001        3      216    15284        0      217    15344        0
datapath         in-port  eth-dst           out-port packets  bytes
---------------- -------- ----------------- -------- -------- --------
0000000000000001        1       192.168.0.1        2     2951   208808
0000000000000001        2       192.168.0.2        1    25232 35992770
discovery--->==================================== discovery ====================================
discovery---> cls: [(2, 1), (2, 3), (1, 3)]
discovery--->=============================================================================
==================================== link detector ====================================

----------------------------
src    dst :    delay
2 <---> 1 : 4.082918167114258
2 <---> 3 : 4.152536392211914
3 <---> 1 : 3.208160400390625
3 <---> 2 : 3.139495849609375
1 <---> 3 : 4.006385803222656
1 <---> 2 : 4.154205322265625
==================================== link detector ====================================

----------------------------
src    dst :    delay
2 <---> 1 : 2.1402835845947266
2 <---> 3 : 2.1276473999023438
3 <---> 1 : 2.265453338623047
3 <---> 2 : 2.373218536376953
1 <---> 3 : 2.208232879638672
1 <---> 2 : 2.1588802337646484
datapath         port     rx-pkts  rx-bytes rx-error tx-pkts  tx-bytes tx-error
---------------- -------- -------- -------- -------- -------- -------- --------
0000000000000003        1        0        0        0      195    15192        0
0000000000000003        2      222    15644        0      223    15704        0
0000000000000003        3      223    15704        0      222    15644        0
datapath         in-port  eth-dst           out-port packets  bytes
---------------- -------- ----------------- -------- -------- --------
datapath         port     rx-pkts  rx-bytes rx-error tx-pkts  tx-bytes tx-error
---------------- -------- -------- -------- -------- -------- -------- --------
0000000000000001        1     2955   208976        0    25430 36462336        0
0000000000000001        2    25454 36008414        0     3174   224512        0
0000000000000001        3      222    15644        0      223    15704        0
datapath         in-port  eth-dst           out-port packets  bytes
---------------- -------- ----------------- -------- -------- --------
0000000000000001        1       192.168.0.1        2     2951   208808
0000000000000001        2       192.168.0.2        1    25232 35992770
datapath         port     rx-pkts  rx-bytes rx-error tx-pkts  tx-bytes tx-error
---------------- -------- -------- -------- -------- -------- -------- --------
0000000000000002        1    25233 35992812        0     3149   277298        0
0000000000000002        2     3174   224512        0    25454 36008414        0
0000000000000002        3      223    15704        0      222    15644        0
datapath         in-port  eth-dst           out-port packets  bytes
---------------- -------- ----------------- -------- -------- --------
0000000000000002        1       192.168.0.2        2    25231 35992696
0000000000000002        2       192.168.0.1        1     2951   208808
discovery--->==================================== discovery ====================================
discovery---> cls: [(2, 1), (2, 3), (1, 3)]
discovery--->=============================================================================
==================================== link detector ====================================

----------------------------
src    dst :    delay
2 <---> 1 : 3.7653446197509766
2 <---> 3 : 3.6296844482421875
3 <---> 1 : 3.9970874786376953
3 <---> 2 : 3.99017333984375
1 <---> 3 : 3.5898685455322266
1 <---> 2 : 3.509998321533203
==================================== link detector ====================================

----------------------------
src    dst :    delay
2 <---> 1 : 3.523111343383789
2 <---> 3 : 3.2303333282470703
3 <---> 1 : 4.082918167114258
3 <---> 2 : 3.8819313049316406
1 <---> 3 : 4.057407379150391
1 <---> 2 : 2.722024917602539
datapath         port     rx-pkts  rx-bytes rx-error tx-pkts  tx-bytes tx-error
---------------- -------- -------- -------- -------- -------- -------- --------
0000000000000003        1        0        0        0      200    15582        0
0000000000000003        2      228    16004        0      228    16004        0
0000000000000003        3      228    16004        0      227    15944        0
datapath         in-port  eth-dst           out-port packets  bytes
---------------- -------- ----------------- -------- -------- --------
datapath         port     rx-pkts  rx-bytes rx-error tx-pkts  tx-bytes tx-error
---------------- -------- -------- -------- -------- -------- -------- --------
0000000000000001        1     2955   208976        0    25435 36462726        0
0000000000000001        2    25460 36008774        0     3179   224812        0
0000000000000001        3      227    15944        0      228    16004        0
datapath         in-port  eth-dst           out-port packets  bytes
---------------- -------- ----------------- -------- -------- --------
0000000000000001        1       192.168.0.1        2     2951   208808
0000000000000001        2       192.168.0.2        1    25232 35992770
datapath         port     rx-pkts  rx-bytes rx-error tx-pkts  tx-bytes tx-error
---------------- -------- -------- -------- -------- -------- -------- --------
0000000000000002        1    25233 35992812        0     3155   277766        0
0000000000000002        2     3179   224812        0    25460 36008774        0
0000000000000002        3      228    16004        0      228    16004        0
datapath         in-port  eth-dst           out-port packets  bytes
---------------- -------- ----------------- -------- -------- --------
0000000000000002        1       192.168.0.2        2    25231 35992696
0000000000000002        2       192.168.0.1        1     2951   208808
discovery--->==================================== discovery ====================================
discovery---> cls: [(2, 1), (2, 3), (1, 3)]
discovery--->=============================================================================
==================================== link detector ====================================

----------------------------
src    dst :    delay
2 <---> 1 : 4.088401794433594
2 <---> 3 : 3.0477046966552734
3 <---> 1 : 3.1609535217285156
3 <---> 2 : 3.9665699005126953
1 <---> 3 : 3.267049789428711
1 <---> 2 : 4.093647003173828
datapath         port     rx-pkts  rx-bytes rx-error tx-pkts  tx-bytes tx-error
---------------- -------- -------- -------- -------- -------- -------- --------
0000000000000002        1    25233 35992812        0     3160   278156        0
0000000000000002        2     3185   225172        0    25465 36009074        0
0000000000000002        3      234    16364        0      233    16304        0
datapath         in-port  eth-dst           out-port packets  bytes
---------------- -------- ----------------- -------- -------- --------
0000000000000002        1       192.168.0.2        2    25231 35992696
0000000000000002        2       192.168.0.1        1     2951   208808
datapath         port     rx-pkts  rx-bytes rx-error tx-pkts  tx-bytes tx-error
---------------- -------- -------- -------- -------- -------- -------- --------
0000000000000001        1     2955   208976        0    25441 36463194        0
0000000000000001        2    25465 36009074        0     3185   225172        0
0000000000000001        3      233    16304        0      234    16364        0
datapath         in-port  eth-dst           out-port packets  bytes
---------------- -------- ----------------- -------- -------- --------
0000000000000001        1       192.168.0.1        2     2951   208808
0000000000000001        2       192.168.0.2        1    25232 35992770
datapath         port     rx-pkts  rx-bytes rx-error tx-pkts  tx-bytes tx-error
---------------- -------- -------- -------- -------- -------- -------- --------
0000000000000003        1        0        0        0      206    16050        0
0000000000000003        2      233    16304        0      234    16364        0
0000000000000003        3      234    16364        0      233    16304        0
datapath         in-port  eth-dst           out-port packets  bytes
---------------- -------- ----------------- -------- -------- --------
discovery--->==================================== discovery ====================================
discovery---> cls: [(2, 1), (2, 3), (1, 3)]
discovery--->=============================================================================
==================================== link detector ====================================

----------------------------
src    dst :    delay
2 <---> 1 : 4.056453704833984
2 <---> 3 : 4.033565521240234
3 <---> 1 : 3.0791759490966797
3 <---> 2 : 3.069639205932617
1 <---> 3 : 3.8073062896728516
1 <---> 2 : 3.134489059448242
==================================== link detector ====================================

----------------------------
src    dst :    delay
2 <---> 1 : 3.790140151977539
2 <---> 3 : 3.7398338317871094
3 <---> 1 : 3.876924514770508
3 <---> 2 : 3.9815902709960938
1 <---> 3 : 3.184795379638672
1 <---> 2 : 3.2176971435546875
datapath         port     rx-pkts  rx-bytes rx-error tx-pkts  tx-bytes tx-error
---------------- -------- -------- -------- -------- -------- -------- --------
0000000000000001        1     2955   208976        0    25446 36463584        0
0000000000000001        2    25471 36009434        0     3190   225472        0
0000000000000001        3      239    16664        0      239    16664        0
datapath         in-port  eth-dst           out-port packets  bytes
---------------- -------- ----------------- -------- -------- --------
0000000000000001        1       192.168.0.1        2     2951   208808
0000000000000001        2       192.168.0.2        1    25232 35992770
datapath         port     rx-pkts  rx-bytes rx-error tx-pkts  tx-bytes tx-error
---------------- -------- -------- -------- -------- -------- -------- --------
0000000000000003        1        0        0        0      211    16440        0
0000000000000003        2      239    16664        0      239    16664        0
0000000000000003        3      239    16664        0      239    16664        0
datapath         in-port  eth-dst           out-port packets  bytes
---------------- -------- ----------------- -------- -------- --------
datapath         port     rx-pkts  rx-bytes rx-error tx-pkts  tx-bytes tx-error
---------------- -------- -------- -------- -------- -------- -------- --------
0000000000000002        1    25233 35992812        0     3166   278624        0
0000000000000002        2     3190   225472        0    25471 36009434        0
0000000000000002        3      239    16664        0      239    16664        0
datapath         in-port  eth-dst           out-port packets  bytes
---------------- -------- ----------------- -------- -------- --------
0000000000000002        1       192.168.0.2        2    25231 35992696
0000000000000002        2       192.168.0.1        1     2951   208808
discovery--->==================================== discovery ====================================
discovery---> cls: [(2, 1), (2, 3), (1, 3)]
discovery--->=============================================================================
==================================== link detector ====================================

----------------------------
src    dst :    delay
2 <---> 1 : 3.124713897705078
2 <---> 3 : 4.028081893920898
3 <---> 1 : 3.071308135986328
3 <---> 2 : 3.1201839447021484
1 <---> 3 : 3.1654834747314453
1 <---> 2 : 4.105329513549805
datapath         port     rx-pkts  rx-bytes rx-error tx-pkts  tx-bytes tx-error
---------------- -------- -------- -------- -------- -------- -------- --------
0000000000000003        1        0        0        0      217    16908        0
0000000000000003        2      244    16964        0      245    17024        0
0000000000000003        3      245    17024        0      244    16964        0
datapath         in-port  eth-dst           out-port packets  bytes
---------------- -------- ----------------- -------- -------- --------
datapath         port     rx-pkts  rx-bytes rx-error tx-pkts  tx-bytes tx-error
---------------- -------- -------- -------- -------- -------- -------- --------
0000000000000001        1     2955   208976        0    25452 36464052        0
0000000000000001        2    25476 36009734        0     3196   225832        0
0000000000000001        3      244    16964        0      245    17024        0
datapath         in-port  eth-dst           out-port packets  bytes
---------------- -------- ----------------- -------- -------- --------
0000000000000001        1       192.168.0.1        2     2951   208808
0000000000000001        2       192.168.0.2        1    25232 35992770
datapath         port     rx-pkts  rx-bytes rx-error tx-pkts  tx-bytes tx-error
---------------- -------- -------- -------- -------- -------- -------- --------
0000000000000002        1    25233 35992812        0     3171   279014        0
0000000000000002        2     3196   225832        0    25476 36009734        0
0000000000000002        3      245    17024        0      244    16964        0
datapath         in-port  eth-dst           out-port packets  bytes
---------------- -------- ----------------- -------- -------- --------
0000000000000002        1       192.168.0.2        2    25231 35992696
0000000000000002        2       192.168.0.1        1     2951   208808
discovery--->==================================== discovery ====================================
discovery---> cls: [(2, 1), (2, 3), (1, 3)]
discovery--->=============================================================================
==================================== link detector ====================================

----------------------------
src    dst :    delay
2 <---> 1 : 4.093170166015625
2 <---> 3 : 4.005670547485352
3 <---> 1 : 3.084897994995117
3 <---> 2 : 3.6504268646240234
1 <---> 3 : 4.196643829345703
1 <---> 2 : 3.0558109283447266
==================================== link detector ====================================

----------------------------
src    dst :    delay
2 <---> 1 : 3.971576690673828
2 <---> 3 : 3.801107406616211
3 <---> 1 : 4.112005233764648
3 <---> 2 : 3.298044204711914
1 <---> 3 : 4.136562347412109
1 <---> 2 : 4.011631011962891
datapath         port     rx-pkts  rx-bytes rx-error tx-pkts  tx-bytes tx-error
---------------- -------- -------- -------- -------- -------- -------- --------
0000000000000003        1        0        0        0      223    17376        0
0000000000000003        2      250    17324        0      250    17324        0
0000000000000003        3      250    17324        0      250    17324        0
datapath         in-port  eth-dst           out-port packets  bytes
---------------- -------- ----------------- -------- -------- --------
datapath         port     rx-pkts  rx-bytes rx-error tx-pkts  tx-bytes tx-error
---------------- -------- -------- -------- -------- -------- -------- --------
0000000000000001        1     2955   208976        0    25458 36464520        0
0000000000000001        2    25482 36010094        0     3201   226132        0
0000000000000001        3      250    17324        0      250    17324        0
datapath         in-port  eth-dst           out-port packets  bytes
---------------- -------- ----------------- -------- -------- --------
0000000000000001        1       192.168.0.1        2     2951   208808
0000000000000001        2       192.168.0.2        1    25232 35992770
datapath         port     rx-pkts  rx-bytes rx-error tx-pkts  tx-bytes tx-error
---------------- -------- -------- -------- -------- -------- -------- --------
0000000000000002        1    25233 35992812        0     3177   279482        0
0000000000000002        2     3201   226132        0    25482 36010094        0
0000000000000002        3      250    17324        0      250    17324        0
datapath         in-port  eth-dst           out-port packets  bytes
---------------- -------- ----------------- -------- -------- --------
0000000000000002        1       192.168.0.2        2    25231 35992696
0000000000000002        2       192.168.0.1        1     2951   208808
discovery--->==================================== discovery ====================================
discovery---> cls: [(2, 1), (2, 3), (1, 3)]
discovery--->=============================================================================
==================================== link detector ====================================

----------------------------
src    dst :    delay
2 <---> 1 : 4.046916961669922
2 <---> 3 : 3.3507347106933594
3 <---> 1 : 4.021644592285156
3 <---> 2 : 3.9691925048828125
1 <---> 3 : 2.3374557495117188
1 <---> 2 : 2.2945404052734375
datapath         port     rx-pkts  rx-bytes rx-error tx-pkts  tx-bytes tx-error
---------------- -------- -------- -------- -------- -------- -------- --------
0000000000000003        1        0        0        0      228    17766        0
0000000000000003        2      255    17624        0      256    17684        0
0000000000000003        3      256    17684        0      255    17624        0
datapath         in-port  eth-dst           out-port packets  bytes
---------------- -------- ----------------- -------- -------- --------
datapath         port     rx-pkts  rx-bytes rx-error tx-pkts  tx-bytes tx-error
---------------- -------- -------- -------- -------- -------- -------- --------
0000000000000002        1    25233 35992812        0     3182   279872        0
0000000000000002        2     3207   226492        0    25487 36010394        0
0000000000000002        3      256    17684        0      255    17624        0
datapath         in-port  eth-dst           out-port packets  bytes
---------------- -------- ----------------- -------- -------- --------
0000000000000002        1       192.168.0.2        2    25231 35992696
0000000000000002        2       192.168.0.1        1     2951   208808
datapath         port     rx-pkts  rx-bytes rx-error tx-pkts  tx-bytes tx-error
---------------- -------- -------- -------- -------- -------- -------- --------
0000000000000001        1     2955   208976        0    25463 36464910        0
0000000000000001        2    25487 36010394        0     3207   226492        0
0000000000000001        3      255    17624        0      256    17684        0
datapath         in-port  eth-dst           out-port packets  bytes
---------------- -------- ----------------- -------- -------- --------
0000000000000001        1       192.168.0.1        2     2951   208808
0000000000000001        2       192.168.0.2        1    25232 35992770
==================================== link detector ====================================

----------------------------
src    dst :    delay
2 <---> 1 : 3.79180908203125
2 <---> 3 : 3.772258758544922
3 <---> 1 : 3.4399032592773438
3 <---> 2 : 3.027677536010742
1 <---> 3 : 2.480745315551758
1 <---> 2 : 4.064083099365234
discovery--->==================================== discovery ====================================
discovery---> cls: [(2, 1), (2, 3), (1, 3)]
discovery--->=============================================================================
==================================== link detector ====================================

----------------------------
src    dst :    delay
2 <---> 1 : 4.05120849609375
2 <---> 3 : 3.0357837677001953
3 <---> 1 : 4.070043563842773
3 <---> 2 : 4.040718078613281
1 <---> 3 : 2.6581287384033203
1 <---> 2 : 2.681255340576172
datapath         port     rx-pkts  rx-bytes rx-error tx-pkts  tx-bytes tx-error
---------------- -------- -------- -------- -------- -------- -------- --------
0000000000000003        1        0        0        0      234    18234        0
0000000000000003        2      261    17984        0      262    18044        0
0000000000000003        3      261    17984        0      261    17984        0
datapath         in-port  eth-dst           out-port packets  bytes
---------------- -------- ----------------- -------- -------- --------
datapath         port     rx-pkts  rx-bytes rx-error tx-pkts  tx-bytes tx-error
---------------- -------- -------- -------- -------- -------- -------- --------
0000000000000002        1    25233 35992812        0     3188   280340        0
0000000000000002        2     3213   226852        0    25493 36010754        0
0000000000000002        3      262    18044        0      261    17984        0
datapath         in-port  eth-dst           out-port packets  bytes
---------------- -------- ----------------- -------- -------- --------
0000000000000002        1       192.168.0.2        2    25231 35992696
0000000000000002        2       192.168.0.1        1     2951   208808
datapath         port     rx-pkts  rx-bytes rx-error tx-pkts  tx-bytes tx-error
---------------- -------- -------- -------- -------- -------- -------- --------
0000000000000001        1     2955   208976        0    25469 36465378        0
0000000000000001        2    25493 36010754        0     3213   226852        0
0000000000000001        3      261    17984        0      261    17984        0
datapath         in-port  eth-dst           out-port packets  bytes
---------------- -------- ----------------- -------- -------- --------
0000000000000001        1       192.168.0.1        2     2951   208808
0000000000000001        2       192.168.0.2        1    25232 35992770
discovery--->==================================== discovery ====================================
discovery---> cls: [(2, 1), (2, 3), (1, 3)]
discovery--->=============================================================================
==================================== link detector ====================================

----------------------------
src    dst :    delay
2 <---> 1 : 2.63214111328125
2 <---> 3 : 3.994464874267578
3 <---> 1 : 3.455638885498047
3 <---> 2 : 3.062009811401367
1 <---> 3 : 4.136085510253906
1 <---> 2 : 3.9844512939453125
==================================== link detector ====================================

----------------------------
src    dst :    delay
2 <---> 1 : 2.1409988403320312
2 <---> 3 : 3.4339427947998047
3 <---> 1 : 3.9396286010742188
3 <---> 2 : 3.2036304473876953
1 <---> 3 : 3.070354461669922
1 <---> 2 : 2.031087875366211
datapath         port     rx-pkts  rx-bytes rx-error tx-pkts  tx-bytes tx-error
---------------- -------- -------- -------- -------- -------- -------- --------
0000000000000003        1        0        0        0      239    18624        0
0000000000000003        2      266    18284        0      267    18344        0
0000000000000003        3      267    18344        0      266    18284        0
datapath         in-port  eth-dst           out-port packets  bytes
---------------- -------- ----------------- -------- -------- --------
datapath         port     rx-pkts  rx-bytes rx-error tx-pkts  tx-bytes tx-error
---------------- -------- -------- -------- -------- -------- -------- --------
0000000000000002        1    25233 35992812        0     3193   280730        0
0000000000000002        2     3218   227152        0    25498 36011054        0
0000000000000002        3      267    18344        0      266    18284        0
datapath         in-port  eth-dst           out-port packets  bytes
---------------- -------- ----------------- -------- -------- --------
0000000000000002        1       192.168.0.2        2    25231 35992696
0000000000000002        2       192.168.0.1        1     2951   208808
datapath         port     rx-pkts  rx-bytes rx-error tx-pkts  tx-bytes tx-error
---------------- -------- -------- -------- -------- -------- -------- --------
0000000000000001        1     2955   208976        0    25474 36465768        0
0000000000000001        2    25498 36011054        0     3218   227152        0
0000000000000001        3      266    18284        0      267    18344        0
datapath         in-port  eth-dst           out-port packets  bytes
---------------- -------- ----------------- -------- -------- --------
0000000000000001        1       192.168.0.1        2     2951   208808
0000000000000001        2       192.168.0.2        1    25232 35992770
discovery--->==================================== discovery ====================================
discovery---> cls: [(2, 1), (2, 3), (1, 3)]
discovery--->=============================================================================
==================================== link detector ====================================

----------------------------
src    dst :    delay
2 <---> 1 : 4.08172607421875
2 <---> 3 : 3.2439231872558594
3 <---> 1 : 2.719879150390625
3 <---> 2 : 4.105567932128906
1 <---> 3 : 4.1370391845703125
1 <---> 2 : 4.02069091796875
datapath         port     rx-pkts  rx-bytes rx-error tx-pkts  tx-bytes tx-error
---------------- -------- -------- -------- -------- -------- -------- --------
0000000000000003        1        0        0        0      245    19092        0
0000000000000003        2      272    18644        0      273    18704        0
0000000000000003        3      273    18704        0      272    18644        0
datapath         in-port  eth-dst           out-port packets  bytes
---------------- -------- ----------------- -------- -------- --------
datapath         port     rx-pkts  rx-bytes rx-error tx-pkts  tx-bytes tx-error
---------------- -------- -------- -------- -------- -------- -------- --------
0000000000000002        1    25233 35992812        0     3199   281198        0
0000000000000002        2     3224   227512        0    25504 36011414        0
0000000000000002        3      273    18704        0      272    18644        0
datapath         in-port  eth-dst           out-port packets  bytes
---------------- -------- ----------------- -------- -------- --------
0000000000000002        1       192.168.0.2        2    25231 35992696
0000000000000002        2       192.168.0.1        1     2951   208808
datapath         port     rx-pkts  rx-bytes rx-error tx-pkts  tx-bytes tx-error
---------------- -------- -------- -------- -------- -------- -------- --------
0000000000000001        1     2955   208976        0    25480 36466236        0
0000000000000001        2    25504 36011414        0     3224   227512        0
0000000000000001        3      272    18644        0      273    18704        0
datapath         in-port  eth-dst           out-port packets  bytes
---------------- -------- ----------------- -------- -------- --------
0000000000000001        1       192.168.0.1        2     2951   208808
0000000000000001        2       192.168.0.2        1    25232 35992770
discovery--->==================================== discovery ====================================
discovery---> cls: [(2, 1), (2, 3), (1, 3)]
discovery--->=============================================================================
==================================== link detector ====================================

----------------------------
src    dst :    delay
2 <---> 1 : 4.162311553955078
2 <---> 3 : 3.0994415283203125
3 <---> 1 : 3.133535385131836
3 <---> 2 : 2.8488636016845703
1 <---> 3 : 4.1332244873046875
1 <---> 2 : 3.037691116333008
==================================== link detector ====================================

----------------------------
src    dst :    delay
2 <---> 1 : 3.9772987365722656
2 <---> 3 : 3.107309341430664
3 <---> 1 : 3.0930042266845703
3 <---> 2 : 4.025697708129883
1 <---> 3 : 4.222393035888672
1 <---> 2 : 2.7229785919189453
datapath         port     rx-pkts  rx-bytes rx-error tx-pkts  tx-bytes tx-error
---------------- -------- -------- -------- -------- -------- -------- --------
0000000000000003        1        0        0        0      250    19482        0
0000000000000003        2      278    19004        0      278    19004        0
0000000000000003        3      278    19004        0      277    18944        0
datapath         in-port  eth-dst           out-port packets  bytes
---------------- -------- ----------------- -------- -------- --------
datapath         port     rx-pkts  rx-bytes rx-error tx-pkts  tx-bytes tx-error
---------------- -------- -------- -------- -------- -------- -------- --------
0000000000000002        1    25233 35992812        0     3204   281588        0
0000000000000002        2     3229   227812        0    25510 36011774        0
0000000000000002        3      278    19004        0      278    19004        0
datapath         in-port  eth-dst           out-port packets  bytes
---------------- -------- ----------------- -------- -------- --------
0000000000000002        1       192.168.0.2        2    25231 35992696
0000000000000002        2       192.168.0.1        1     2951   208808
datapath         port     rx-pkts  rx-bytes rx-error tx-pkts  tx-bytes tx-error
---------------- -------- -------- -------- -------- -------- -------- --------
0000000000000001        1     2955   208976        0    25485 36466626        0
0000000000000001        2    25510 36011774        0     3229   227812        0
0000000000000001        3      277    18944        0      278    19004        0
datapath         in-port  eth-dst           out-port packets  bytes
---------------- -------- ----------------- -------- -------- --------
0000000000000001        1       192.168.0.1        2     2951   208808
0000000000000001        2       192.168.0.2        1    25232 35992770
discovery--->==================================== discovery ====================================
discovery---> cls: [(2, 1), (2, 3), (1, 3)]
discovery--->=============================================================================
==================================== link detector ====================================

----------------------------
src    dst :    delay
2 <---> 1 : 4.17780876159668
2 <---> 3 : 2.6636123657226562
3 <---> 1 : 3.1058788299560547
3 <---> 2 : 2.6161670684814453
1 <---> 3 : 4.262208938598633
1 <---> 2 : 2.948760986328125
datapath         port     rx-pkts  rx-bytes rx-error tx-pkts  tx-bytes tx-error
---------------- -------- -------- -------- -------- -------- -------- --------
0000000000000003        1        0        0        0      256    19950        0
0000000000000003        2      283    19304        0      284    19364        0
0000000000000003        3      284    19364        0      283    19304        0
datapath         in-port  eth-dst           out-port packets  bytes
---------------- -------- ----------------- -------- -------- --------
datapath         port     rx-pkts  rx-bytes rx-error tx-pkts  tx-bytes tx-error
---------------- -------- -------- -------- -------- -------- -------- --------
0000000000000002        1    25233 35992812        0     3210   282056        0
0000000000000002        2     3235   228172        0    25515 36012074        0
0000000000000002        3      284    19364        0      283    19304        0
datapath         in-port  eth-dst           out-port packets  bytes
---------------- -------- ----------------- -------- -------- --------
0000000000000002        1       192.168.0.2        2    25231 35992696
0000000000000002        2       192.168.0.1        1     2951   208808
datapath         port     rx-pkts  rx-bytes rx-error tx-pkts  tx-bytes tx-error
---------------- -------- -------- -------- -------- -------- -------- --------
0000000000000001        1     2955   208976        0    25491 36467094        0
0000000000000001        2    25515 36012074        0     3235   228172        0
0000000000000001        3      283    19304        0      284    19364        0
datapath         in-port  eth-dst           out-port packets  bytes
---------------- -------- ----------------- -------- -------- --------
0000000000000001        1       192.168.0.1        2     2951   208808
0000000000000001        2       192.168.0.2        1    25232 35992770
discovery--->==================================== discovery ====================================
discovery---> cls: [(2, 1), (2, 3), (1, 3)]
discovery--->=============================================================================
==================================== link detector ====================================

----------------------------
src    dst :    delay
2 <---> 1 : 3.7267208099365234
2 <---> 3 : 3.765106201171875
3 <---> 1 : 3.068685531616211
3 <---> 2 : 2.7761459350585938
1 <---> 3 : 4.093647003173828
1 <---> 2 : 4.108667373657227
==================================== link detector ====================================

----------------------------
src    dst :    delay
2 <---> 1 : 2.7685165405273438
2 <---> 3 : 4.019021987915039
3 <---> 1 : 2.1431446075439453
3 <---> 2 : 2.569437026977539
1 <---> 3 : 2.645730972290039
1 <---> 2 : 4.04810905456543
datapath         port     rx-pkts  rx-bytes rx-error tx-pkts  tx-bytes tx-error
---------------- -------- -------- -------- -------- -------- -------- --------
0000000000000003        1        0        0        0      261    20340        0
0000000000000003        2      290    19734        0      289    19664        0
0000000000000003        3      289    19664        0      289    19664        0
datapath         in-port  eth-dst           out-port packets  bytes
---------------- -------- ----------------- -------- -------- --------
datapath         port     rx-pkts  rx-bytes rx-error tx-pkts  tx-bytes tx-error
---------------- -------- -------- -------- -------- -------- -------- --------
0000000000000002        1    25233 35992812        0     3216   282524        0
0000000000000002        2     3240   228472        0    25522 36012504        0
0000000000000002        3      289    19664        0      290    19734        0
datapath         in-port  eth-dst           out-port packets  bytes
---------------- -------- ----------------- -------- -------- --------
0000000000000002        1       192.168.0.2        2    25231 35992696
0000000000000002        2       192.168.0.1        1     2951   208808
datapath         port     rx-pkts  rx-bytes rx-error tx-pkts  tx-bytes tx-error
---------------- -------- -------- -------- -------- -------- -------- --------
0000000000000001        1     2955   208976        0    25496 36467484        0
0000000000000001        2    25522 36012504        0     3240   228472        0
0000000000000001        3      289    19664        0      289    19664        0
datapath         in-port  eth-dst           out-port packets  bytes
---------------- -------- ----------------- -------- -------- --------
0000000000000001        1       192.168.0.1        2     2951   208808
0000000000000001        2       192.168.0.2        1    25232 35992770
discovery--->==================================== discovery ====================================
discovery---> cls: [(2, 1), (2, 3), (1, 3)]
discovery--->=============================================================================
==================================== link detector ====================================

----------------------------
src    dst :    delay
2 <---> 1 : 3.061056137084961
2 <---> 3 : 3.8661956787109375
3 <---> 1 : 3.4987926483154297
3 <---> 2 : 4.013538360595703
1 <---> 3 : 2.7408599853515625
1 <---> 2 : 4.120349884033203
==================================== link detector ====================================

----------------------------
src    dst :    delay
2 <---> 1 : 2.902984619140625
2 <---> 3 : 3.4666061401367188
3 <---> 1 : 4.0416717529296875
3 <---> 2 : 3.606081008911133
1 <---> 3 : 3.0858516693115234
1 <---> 2 : 3.4525394439697266
datapath         port     rx-pkts  rx-bytes rx-error tx-pkts  tx-bytes tx-error
---------------- -------- -------- -------- -------- -------- -------- --------
0000000000000002        1    25233 35992812        0     3221   282914        0
0000000000000002        2     3246   228832        0    25527 36012804        0
0000000000000002        3      295    20024        0      295    20034        0
datapath         in-port  eth-dst           out-port packets  bytes
---------------- -------- ----------------- -------- -------- --------
0000000000000002        1       192.168.0.2        2    25231 35992696
0000000000000002        2       192.168.0.1        1     2951   208808
datapath         port     rx-pkts  rx-bytes rx-error tx-pkts  tx-bytes tx-error
---------------- -------- -------- -------- -------- -------- -------- --------
0000000000000001        1     2955   208976        0    25502 36467952        0
0000000000000001        2    25527 36012804        0     3246   228832        0
0000000000000001        3      294    19964        0      295    20024        0
datapath         in-port  eth-dst           out-port packets  bytes
---------------- -------- ----------------- -------- -------- --------
0000000000000001        1       192.168.0.1        2     2951   208808
0000000000000001        2       192.168.0.2        1    25232 35992770
datapath         port     rx-pkts  rx-bytes rx-error tx-pkts  tx-bytes tx-error
---------------- -------- -------- -------- -------- -------- -------- --------
0000000000000003        1        0        0        0      267    20808        0
0000000000000003        2      295    20034        0      295    20024        0
0000000000000003        3      295    20024        0      294    19964        0
datapath         in-port  eth-dst           out-port packets  bytes
---------------- -------- ----------------- -------- -------- --------
discovery--->==================================== discovery ====================================
discovery---> cls: [(2, 1), (2, 3), (1, 3)]
discovery--->=============================================================================
==================================== link detector ====================================

----------------------------
src    dst :    delay
2 <---> 1 : 2.6390552520751953
2 <---> 3 : 2.2237300872802734
3 <---> 1 : 2.3093223571777344
3 <---> 2 : 3.7195682525634766
1 <---> 3 : 2.5687217712402344
1 <---> 2 : 2.6199817657470703
datapath         port     rx-pkts  rx-bytes rx-error tx-pkts  tx-bytes tx-error
---------------- -------- -------- -------- -------- -------- -------- --------
0000000000000003        1        0        0        0      273    21276        0
0000000000000003        2      301    20394        0      300    20324        0
0000000000000003        3      300    20324        0      300    20324        0
datapath         in-port  eth-dst           out-port packets  bytes
---------------- -------- ----------------- -------- -------- --------
datapath         port     rx-pkts  rx-bytes rx-error tx-pkts  tx-bytes tx-error
---------------- -------- -------- -------- -------- -------- -------- --------
0000000000000001        1     2955   208976        0    25507 36468342        0
0000000000000001        2    25533 36013164        0     3251   229132        0
0000000000000001        3      300    20324        0      300    20324        0
datapath         in-port  eth-dst           out-port packets  bytes
---------------- -------- ----------------- -------- -------- --------
0000000000000001        1       192.168.0.1        2     2951   208808
0000000000000001        2       192.168.0.2        1    25232 35992770
datapath         port     rx-pkts  rx-bytes rx-error tx-pkts  tx-bytes tx-error
---------------- -------- -------- -------- -------- -------- -------- --------
0000000000000002        1    25233 35992812        0     3227   283382        0
0000000000000002        2     3251   229132        0    25533 36013164        0
0000000000000002        3      300    20324        0      301    20394        0
datapath         in-port  eth-dst           out-port packets  bytes
---------------- -------- ----------------- -------- -------- --------
0000000000000002        1       192.168.0.2        2    25231 35992696
0000000000000002        2       192.168.0.1        1     2951   208808
discovery--->==================================== discovery ====================================
discovery---> cls: [(2, 1), (2, 3), (1, 3)]
discovery--->=============================================================================
==================================== link detector ====================================

----------------------------
src    dst :    delay
2 <---> 1 : 2.671957015991211
2 <---> 3 : 2.641916275024414
3 <---> 1 : 2.9935836791992188
3 <---> 2 : 3.0193328857421875
1 <---> 3 : 4.539966583251953
1 <---> 2 : 3.5200119018554688
==================================== link detector ====================================

----------------------------
src    dst :    delay
2 <---> 1 : 2.9413700103759766
2 <---> 3 : 2.6133060455322266
3 <---> 1 : 4.291772842407227
3 <---> 2 : 2.6903152465820312
1 <---> 3 : 3.164529800415039
1 <---> 2 : 4.109859466552734
datapath         port     rx-pkts  rx-bytes rx-error tx-pkts  tx-bytes tx-error
---------------- -------- -------- -------- -------- -------- -------- --------
0000000000000003        1        0        0        0      278    21666        0
0000000000000003        2      306    20694        0      306    20684        0
0000000000000003        3      306    20684        0      305    20624        0
datapath         in-port  eth-dst           out-port packets  bytes
---------------- -------- ----------------- -------- -------- --------
datapath         port     rx-pkts  rx-bytes rx-error tx-pkts  tx-bytes tx-error
---------------- -------- -------- -------- -------- -------- -------- --------
0000000000000001        1     2955   208976        0    25513 36468810        0
0000000000000001        2    25538 36013464        0     3257   229492        0
0000000000000001        3      305    20624        0      306    20684        0
datapath         in-port  eth-dst           out-port packets  bytes
---------------- -------- ----------------- -------- -------- --------
0000000000000001        1       192.168.0.1        2     2951   208808
0000000000000001        2       192.168.0.2        1    25232 35992770
datapath         port     rx-pkts  rx-bytes rx-error tx-pkts  tx-bytes tx-error
---------------- -------- -------- -------- -------- -------- -------- --------
0000000000000002        1    25233 35992812        0     3232   283772        0
0000000000000002        2     3257   229492        0    25538 36013464        0
0000000000000002        3      306    20684        0      306    20694        0
datapath         in-port  eth-dst           out-port packets  bytes
---------------- -------- ----------------- -------- -------- --------
0000000000000002        1       192.168.0.2        2    25231 35992696
0000000000000002        2       192.168.0.1        1     2951   208808
discovery--->==================================== discovery ====================================
discovery---> cls: [(2, 1), (2, 3), (1, 3)]
discovery--->=============================================================================
==================================== link detector ====================================

----------------------------
src    dst :    delay
2 <---> 1 : 4.015684127807617
2 <---> 3 : 4.665374755859375
3 <---> 1 : 4.12297248840332
3 <---> 2 : 3.5419464111328125
1 <---> 3 : 2.920866012573242
1 <---> 2 : 2.9633045196533203
datapath         port     rx-pkts  rx-bytes rx-error tx-pkts  tx-bytes tx-error
---------------- -------- -------- -------- -------- -------- -------- --------
0000000000000002        1    25233 35992812        0     3238   284240        0
0000000000000002        2     3264   230065        0    25545 36014027        0
0000000000000002        3      313    21247        0      313    21257        0
datapath         in-port  eth-dst           out-port packets  bytes
---------------- -------- ----------------- -------- -------- --------
0000000000000002        1       192.168.0.2        2    25231 35992696
0000000000000002        2       192.168.0.1        1     2951   208808
datapath         port     rx-pkts  rx-bytes rx-error tx-pkts  tx-bytes tx-error
---------------- -------- -------- -------- -------- -------- -------- --------
0000000000000003        1        0        0        0      284    22134        0
0000000000000003        2      313    21257        0      313    21247        0
0000000000000003        3      312    21187        0      312    21187        0
datapath         in-port  eth-dst           out-port packets  bytes
---------------- -------- ----------------- -------- -------- --------
datapath         port     rx-pkts  rx-bytes rx-error tx-pkts  tx-bytes tx-error
---------------- -------- -------- -------- -------- -------- -------- --------
0000000000000001        1     2955   208976        0    25519 36469278        0
0000000000000001        2    25545 36014027        0     3264   230065        0
0000000000000001        3      312    21187        0      312    21187        0
datapath         in-port  eth-dst           out-port packets  bytes
---------------- -------- ----------------- -------- -------- --------
0000000000000001        1       192.168.0.1        2     2951   208808
0000000000000001        2       192.168.0.2        1    25232 35992770
discovery--->==================================== discovery ====================================
discovery---> cls: [(2, 1), (2, 3), (1, 3)]
discovery--->=============================================================================
==================================== link detector ====================================

----------------------------
src    dst :    delay
2 <---> 1 : 2.1736621856689453
2 <---> 3 : 2.2742748260498047
3 <---> 1 : 2.245187759399414
3 <---> 2 : 2.2051334381103516
1 <---> 3 : 2.300262451171875
1 <---> 2 : 2.2056102752685547
==================================== link detector ====================================

----------------------------
src    dst :    delay
2 <---> 1 : 4.110097885131836
2 <---> 3 : 3.9701461791992188
3 <---> 1 : 3.190279006958008
3 <---> 2 : 2.968311309814453
1 <---> 3 : 4.017353057861328
1 <---> 2 : 2.61688232421875
datapath         port     rx-pkts  rx-bytes rx-error tx-pkts  tx-bytes tx-error
---------------- -------- -------- -------- -------- -------- -------- --------
0000000000000003        1        0        0        0      289    22524        0
0000000000000003        2      318    21557        0      318    21547        0
0000000000000003        3      318    21547        0      317    21487        0
datapath         in-port  eth-dst           out-port packets  bytes
---------------- -------- ----------------- -------- -------- --------
datapath         port     rx-pkts  rx-bytes rx-error tx-pkts  tx-bytes tx-error
---------------- -------- -------- -------- -------- -------- -------- --------
0000000000000001        1     2955   208976        0    25524 36469668        0
0000000000000001        2    25550 36014327        0     3270   230425        0
0000000000000001        3      317    21487        0      318    21547        0
datapath         in-port  eth-dst           out-port packets  bytes
---------------- -------- ----------------- -------- -------- --------
0000000000000001        1       192.168.0.1        2     2951   208808
0000000000000001        2       192.168.0.2        1    25232 35992770
datapath         port     rx-pkts  rx-bytes rx-error tx-pkts  tx-bytes tx-error
---------------- -------- -------- -------- -------- -------- -------- --------
0000000000000002        1    25233 35992812        0     3243   284630        0
0000000000000002        2     3270   230425        0    25550 36014327        0
0000000000000002        3      318    21547        0      318    21557        0
datapath         in-port  eth-dst           out-port packets  bytes
---------------- -------- ----------------- -------- -------- --------
0000000000000002        1       192.168.0.2        2    25231 35992696
0000000000000002        2       192.168.0.1        1     2951   208808
discovery--->==================================== discovery ====================================
discovery---> cls: [(2, 1), (2, 3), (1, 3)]
discovery--->=============================================================================
==================================== link detector ====================================

----------------------------
src    dst :    delay
2 <---> 1 : 3.1824111938476562
2 <---> 3 : 3.5538673400878906
3 <---> 1 : 3.0341148376464844
3 <---> 2 : 3.4494400024414062
1 <---> 3 : 3.6754608154296875
1 <---> 2 : 3.7338733673095703
==================================== link detector ====================================

----------------------------
src    dst :    delay
2 <---> 1 : 2.2552013397216797
2 <---> 3 : 2.2094249725341797
3 <---> 1 : 2.1741390228271484
3 <---> 2 : 2.129077911376953
1 <---> 3 : 3.3257007598876953
1 <---> 2 : 2.1538734436035156
datapath         port     rx-pkts  rx-bytes rx-error tx-pkts  tx-bytes tx-error
---------------- -------- -------- -------- -------- -------- -------- --------
0000000000000003        1        0        0        0      295    22992        0
0000000000000003        2      324    21917        0      324    21907        0
0000000000000003        3      324    21907        0      323    21847        0
datapath         in-port  eth-dst           out-port packets  bytes
---------------- -------- ----------------- -------- -------- --------
datapath         port     rx-pkts  rx-bytes rx-error tx-pkts  tx-bytes tx-error
---------------- -------- -------- -------- -------- -------- -------- --------
0000000000000002        1    25233 35992812        0     3249   285098        0
0000000000000002        2     3276   230785        0    25556 36014687        0
0000000000000002        3      324    21907        0      324    21917        0
datapath         in-port  eth-dst           out-port packets  bytes
---------------- -------- ----------------- -------- -------- --------
0000000000000002        1       192.168.0.2        2    25231 35992696
0000000000000002        2       192.168.0.1        1     2951   208808
datapath         port     rx-pkts  rx-bytes rx-error tx-pkts  tx-bytes tx-error
---------------- -------- -------- -------- -------- -------- -------- --------
0000000000000001        1     2955   208976        0    25530 36470136        0
0000000000000001        2    25556 36014687        0     3276   230785        0
0000000000000001        3      323    21847        0      324    21907        0
datapath         in-port  eth-dst           out-port packets  bytes
---------------- -------- ----------------- -------- -------- --------
0000000000000001        1       192.168.0.1        2     2951   208808
0000000000000001        2       192.168.0.2        1    25232 35992770
discovery--->==================================== discovery ====================================
discovery---> cls: [(2, 1), (2, 3), (1, 3)]
discovery--->=============================================================================
==================================== link detector ====================================

----------------------------
src    dst :    delay
2 <---> 1 : 3.444671630859375
2 <---> 3 : 3.5049915313720703
3 <---> 1 : 3.4787654876708984
3 <---> 2 : 3.2885074615478516
1 <---> 3 : 3.3648014068603516
1 <---> 2 : 3.320932388305664
datapath         port     rx-pkts  rx-bytes rx-error tx-pkts  tx-bytes tx-error
---------------- -------- -------- -------- -------- -------- -------- --------
0000000000000003        1        0        0        0      300    23382        0
0000000000000003        2      330    22277        0      330    22277        0
0000000000000003        3      329    22207        0      329    22217        0
datapath         in-port  eth-dst           out-port packets  bytes
---------------- -------- ----------------- -------- -------- --------
datapath         port     rx-pkts  rx-bytes rx-error tx-pkts  tx-bytes tx-error
---------------- -------- -------- -------- -------- -------- -------- --------
0000000000000002        1    25233 35992812        0     3254   285488        0
0000000000000002        2     3281   231085        0    25561 36014987        0
0000000000000002        3      330    22277        0      330    22277        0
datapath         in-port  eth-dst           out-port packets  bytes
---------------- -------- ----------------- -------- -------- --------
0000000000000002        1       192.168.0.2        2    25231 35992696
0000000000000002        2       192.168.0.1        1     2951   208808
datapath         port     rx-pkts  rx-bytes rx-error tx-pkts  tx-bytes tx-error
---------------- -------- -------- -------- -------- -------- -------- --------
0000000000000001        1     2955   208976        0    25535 36470526        0
0000000000000001        2    25561 36014987        0     3281   231085        0
0000000000000001        3      329    22217        0      329    22207        0
datapath         in-port  eth-dst           out-port packets  bytes
---------------- -------- ----------------- -------- -------- --------
0000000000000001        1       192.168.0.1        2     2951   208808
0000000000000001        2       192.168.0.2        1    25232 35992770
discovery--->==================================== discovery ====================================
discovery---> cls: [(2, 1), (2, 3), (1, 3)]
discovery--->=============================================================================
==================================== link detector ====================================

----------------------------
src    dst :    delay
2 <---> 1 : 3.111600875854492
2 <---> 3 : 3.9763450622558594
3 <---> 1 : 3.773212432861328
3 <---> 2 : 3.8170814514160156
1 <---> 3 : 4.22978401184082
1 <---> 2 : 3.086566925048828
==================================== link detector ====================================

----------------------------
src    dst :    delay
2 <---> 1 : 4.19163703918457
2 <---> 3 : 3.118276596069336
3 <---> 1 : 3.0477046966552734
3 <---> 2 : 2.6702880859375
1 <---> 3 : 2.2840499877929688
1 <---> 2 : 2.2585391998291016
datapath         port     rx-pkts  rx-bytes rx-error tx-pkts  tx-bytes tx-error
---------------- -------- -------- -------- -------- -------- -------- --------
0000000000000003        1        0        0        0      306    23850        0
0000000000000003        2      335    22577        0      336    22637        0
0000000000000003        3      335    22567        0      335    22577        0
datapath         in-port  eth-dst           out-port packets  bytes
---------------- -------- ----------------- -------- -------- --------
datapath         port     rx-pkts  rx-bytes rx-error tx-pkts  tx-bytes tx-error
---------------- -------- -------- -------- -------- -------- -------- --------
0000000000000001        1     2955   208976        0    25541 36470994        0
0000000000000001        2    25567 36015347        0     3287   231445        0
0000000000000001        3      335    22577        0      335    22567        0
datapath         in-port  eth-dst           out-port packets  bytes
---------------- -------- ----------------- -------- -------- --------
0000000000000001        1       192.168.0.1        2     2951   208808
0000000000000001        2       192.168.0.2        1    25232 35992770
datapath         port     rx-pkts  rx-bytes rx-error tx-pkts  tx-bytes tx-error
---------------- -------- -------- -------- -------- -------- -------- --------
0000000000000002        1    25233 35992812        0     3260   285956        0
0000000000000002        2     3287   231445        0    25567 36015347        0
0000000000000002        3      336    22637        0      335    22577        0
datapath         in-port  eth-dst           out-port packets  bytes
---------------- -------- ----------------- -------- -------- --------
0000000000000002        1       192.168.0.2        2    25231 35992696
0000000000000002        2       192.168.0.1        1     2951   208808
discovery--->==================================== discovery ====================================
discovery---> cls: [(2, 1), (2, 3), (1, 3)]
discovery--->=============================================================================
==================================== link detector ====================================

----------------------------
src    dst :    delay
2 <---> 1 : 3.061056137084961
2 <---> 3 : 3.1545162200927734
3 <---> 1 : 4.0912628173828125
3 <---> 2 : 3.0694007873535156
1 <---> 3 : 2.340555191040039
1 <---> 2 : 4.018545150756836
datapath         port     rx-pkts  rx-bytes rx-error tx-pkts  tx-bytes tx-error
---------------- -------- -------- -------- -------- -------- -------- --------
0000000000000003        1        0        0        0      311    24240        0
0000000000000003        2      341    22937        0      341    22937        0
0000000000000003        3      340    22867        0      340    22877        0
datapath         in-port  eth-dst           out-port packets  bytes
---------------- -------- ----------------- -------- -------- --------
datapath         port     rx-pkts  rx-bytes rx-error tx-pkts  tx-bytes tx-error
---------------- -------- -------- -------- -------- -------- -------- --------
0000000000000001        1     2955   208976        0    25546 36471384        0
0000000000000001        2    25573 36015707        0     3292   231745        0
0000000000000001        3      340    22877        0      340    22867        0
datapath         in-port  eth-dst           out-port packets  bytes
---------------- -------- ----------------- -------- -------- --------
0000000000000001        1       192.168.0.1        2     2951   208808
0000000000000001        2       192.168.0.2        1    25232 35992770
datapath         port     rx-pkts  rx-bytes rx-error tx-pkts  tx-bytes tx-error
---------------- -------- -------- -------- -------- -------- -------- --------
0000000000000002        1    25233 35992812        0     3266   286424        0
0000000000000002        2     3292   231745        0    25573 36015707        0
0000000000000002        3      341    22937        0      341    22937        0
datapath         in-port  eth-dst           out-port packets  bytes
---------------- -------- ----------------- -------- -------- --------
0000000000000002        1       192.168.0.2        2    25231 35992696
0000000000000002        2       192.168.0.1        1     2951   208808
discovery--->==================================== discovery ====================================
discovery---> cls: [(2, 1), (2, 3), (1, 3)]
discovery--->=============================================================================
==================================== link detector ====================================

----------------------------
src    dst :    delay
2 <---> 1 : 4.077911376953125
2 <---> 3 : 4.29224967956543
3 <---> 1 : 3.022432327270508
3 <---> 2 : 3.998994827270508
1 <---> 3 : 4.075288772583008
1 <---> 2 : 3.939390182495117
==================================== link detector ====================================

----------------------------
src    dst :    delay
2 <---> 1 : 4.1141510009765625
2 <---> 3 : 4.113435745239258
3 <---> 1 : 3.1015872955322266
3 <---> 2 : 3.6923885345458984
1 <---> 3 : 4.33802604675293
1 <---> 2 : 3.637552261352539
datapath         port     rx-pkts  rx-bytes rx-error tx-pkts  tx-bytes tx-error
---------------- -------- -------- -------- -------- -------- -------- --------
0000000000000003        1        0        0        0      317    24708        0
0000000000000003        2      346    23237        0      347    23297        0
0000000000000003        3      347    23297        0      346    23237        0
datapath         in-port  eth-dst           out-port packets  bytes
---------------- -------- ----------------- -------- -------- --------
datapath         port     rx-pkts  rx-bytes rx-error tx-pkts  tx-bytes tx-error
---------------- -------- -------- -------- -------- -------- -------- --------
0000000000000001        1     2955   208976        0    25552 36471852        0
0000000000000001        2    25578 36016007        0     3298   232105        0
0000000000000001        3      346    23237        0      347    23297        0
datapath         in-port  eth-dst           out-port packets  bytes
---------------- -------- ----------------- -------- -------- --------
0000000000000001        1       192.168.0.1        2     2951   208808
0000000000000001        2       192.168.0.2        1    25232 35992770
datapath         port     rx-pkts  rx-bytes rx-error tx-pkts  tx-bytes tx-error
---------------- -------- -------- -------- -------- -------- -------- --------
0000000000000002        1    25233 35992812        0     3271   286814        0
0000000000000002        2     3298   232105        0    25578 36016007        0
0000000000000002        3      347    23297        0      346    23237        0
datapath         in-port  eth-dst           out-port packets  bytes
---------------- -------- ----------------- -------- -------- --------
0000000000000002        1       192.168.0.2        2    25231 35992696
0000000000000002        2       192.168.0.1        1     2951   208808
discovery--->==================================== discovery ====================================
discovery---> cls: [(2, 1), (2, 3), (1, 3)]
discovery--->=============================================================================
==================================== link detector ====================================

----------------------------
src    dst :    delay
2 <---> 1 : 3.4873485565185547
2 <---> 3 : 3.083944320678711
3 <---> 1 : 3.186941146850586
3 <---> 2 : 4.044532775878906
1 <---> 3 : 3.0412673950195312
1 <---> 2 : 3.076791763305664
datapath         port     rx-pkts  rx-bytes rx-error tx-pkts  tx-bytes tx-error
---------------- -------- -------- -------- -------- -------- -------- --------
0000000000000003        1        0        0        0      323    25176        0
0000000000000003        2      352    23597        0      352    23597        0
0000000000000003        3      352    23597        0      352    23597        0
datapath         in-port  eth-dst           out-port packets  bytes
---------------- -------- ----------------- -------- -------- --------
datapath         port     rx-pkts  rx-bytes rx-error tx-pkts  tx-bytes tx-error
---------------- -------- -------- -------- -------- -------- -------- --------
0000000000000002        1    25233 35992812        0     3277   287282        0
0000000000000002        2     3303   232405        0    25584 36016367        0
0000000000000002        3      352    23597        0      352    23597        0
datapath         in-port  eth-dst           out-port packets  bytes
---------------- -------- ----------------- -------- -------- --------
0000000000000002        1       192.168.0.2        2    25231 35992696
0000000000000002        2       192.168.0.1        1     2951   208808
datapath         port     rx-pkts  rx-bytes rx-error tx-pkts  tx-bytes tx-error
---------------- -------- -------- -------- -------- -------- -------- --------
0000000000000001        1     2955   208976        0    25557 36472242        0
0000000000000001        2    25584 36016367        0     3303   232405        0
0000000000000001        3      352    23597        0      352    23597        0
datapath         in-port  eth-dst           out-port packets  bytes
---------------- -------- ----------------- -------- -------- --------
0000000000000001        1       192.168.0.1        2     2951   208808
0000000000000001        2       192.168.0.2        1    25232 35992770
discovery--->==================================== discovery ====================================
discovery---> cls: [(2, 1), (2, 3), (1, 3)]
discovery--->=============================================================================
==================================== link detector ====================================

----------------------------
src    dst :    delay
2 <---> 1 : 4.041194915771484
2 <---> 3 : 3.9741992950439453
3 <---> 1 : 4.062175750732422
3 <---> 2 : 3.0868053436279297
1 <---> 3 : 4.227638244628906
1 <---> 2 : 3.677845001220703
==================================== link detector ====================================

----------------------------
src    dst :    delay
2 <---> 1 : 4.196882247924805
2 <---> 3 : 3.145456314086914
3 <---> 1 : 4.056215286254883
3 <---> 2 : 3.210783004760742
1 <---> 3 : 4.060029983520508
1 <---> 2 : 3.450632095336914
datapath         port     rx-pkts  rx-bytes rx-error tx-pkts  tx-bytes tx-error
---------------- -------- -------- -------- -------- -------- -------- --------
0000000000000003        1        0        0        0      328    25566        0
0000000000000003        2      357    23897        0      358    23957        0
0000000000000003        3      358    23957        0      357    23897        0
datapath         in-port  eth-dst           out-port packets  bytes
---------------- -------- ----------------- -------- -------- --------
datapath         port     rx-pkts  rx-bytes rx-error tx-pkts  tx-bytes tx-error
---------------- -------- -------- -------- -------- -------- -------- --------
0000000000000001        1     2955   208976        0    25563 36472710        0
0000000000000001        2    25589 36016667        0     3309   232765        0
0000000000000001        3      357    23897        0      358    23957        0
datapath         in-port  eth-dst           out-port packets  bytes
---------------- -------- ----------------- -------- -------- --------
0000000000000001        1       192.168.0.1        2     2951   208808
0000000000000001        2       192.168.0.2        1    25232 35992770
datapath         port     rx-pkts  rx-bytes rx-error tx-pkts  tx-bytes tx-error
---------------- -------- -------- -------- -------- -------- -------- --------
0000000000000002        1    25233 35992812        0     3282   287672        0
0000000000000002        2     3309   232765        0    25589 36016667        0
0000000000000002        3      358    23957        0      357    23897        0
datapath         in-port  eth-dst           out-port packets  bytes
---------------- -------- ----------------- -------- -------- --------
0000000000000002        1       192.168.0.2        2    25231 35992696
0000000000000002        2       192.168.0.1        1     2951   208808
discovery--->==================================== discovery ====================================
discovery---> cls: [(2, 1), (2, 3), (1, 3)]
discovery--->=============================================================================
==================================== link detector ====================================

----------------------------
src    dst :    delay
2 <---> 1 : 2.7353763580322266
2 <---> 3 : 2.718687057495117
3 <---> 1 : 3.4210681915283203
3 <---> 2 : 3.579854965209961
1 <---> 3 : 3.463268280029297
1 <---> 2 : 6.092071533203125
==================================== link detector ====================================

----------------------------
src    dst :    delay
2 <---> 1 : 3.035306930541992
2 <---> 3 : 4.172801971435547
3 <---> 1 : 4.0988922119140625
3 <---> 2 : 3.7810802459716797
1 <---> 3 : 4.054546356201172
1 <---> 2 : 3.1671524047851562
datapath         port     rx-pkts  rx-bytes rx-error tx-pkts  tx-bytes tx-error
---------------- -------- -------- -------- -------- -------- -------- --------
0000000000000003        1        0        0        0      334    26034        0
0000000000000003        2      363    24257        0      364    24317        0
0000000000000003        3      363    24257        0      363    24257        0
datapath         in-port  eth-dst           out-port packets  bytes
---------------- -------- ----------------- -------- -------- --------
datapath         port     rx-pkts  rx-bytes rx-error tx-pkts  tx-bytes tx-error
---------------- -------- -------- -------- -------- -------- -------- --------
0000000000000002        1    25233 35992812        0     3288   288140        0
0000000000000002        2     3314   233065        0    25595 36017027        0
0000000000000002        3      364    24317        0      363    24257        0
datapath         in-port  eth-dst           out-port packets  bytes
---------------- -------- ----------------- -------- -------- --------
0000000000000002        1       192.168.0.2        2    25231 35992696
0000000000000002        2       192.168.0.1        1     2951   208808
datapath         port     rx-pkts  rx-bytes rx-error tx-pkts  tx-bytes tx-error
---------------- -------- -------- -------- -------- -------- -------- --------
0000000000000001        1     2955   208976        0    25569 36473178        0
0000000000000001        2    25595 36017027        0     3314   233065        0
0000000000000001        3      363    24257        0      363    24257        0
datapath         in-port  eth-dst           out-port packets  bytes
---------------- -------- ----------------- -------- -------- --------
0000000000000001        1       192.168.0.1        2     2951   208808
0000000000000001        2       192.168.0.2        1    25232 35992770
discovery--->==================================== discovery ====================================
discovery---> cls: [(2, 1), (2, 3), (1, 3)]
discovery--->=============================================================================
==================================== link detector ====================================

----------------------------
src    dst :    delay
2 <---> 1 : 2.265453338623047
2 <---> 3 : 2.294301986694336
3 <---> 1 : 2.2516250610351562
3 <---> 2 : 2.2742748260498047
1 <---> 3 : 3.1583309173583984
1 <---> 2 : 2.305269241333008
datapath         port     rx-pkts  rx-bytes rx-error tx-pkts  tx-bytes tx-error
---------------- -------- -------- -------- -------- -------- -------- --------
0000000000000003        1        0        0        0      339    26424        0
0000000000000003        2      368    24557        0      369    24617        0
0000000000000003        3      369    24617        0      368    24557        0
datapath         in-port  eth-dst           out-port packets  bytes
---------------- -------- ----------------- -------- -------- --------
datapath         port     rx-pkts  rx-bytes rx-error tx-pkts  tx-bytes tx-error
---------------- -------- -------- -------- -------- -------- -------- --------
0000000000000002        1    25233 35992812        0     3293   288530        0
0000000000000002        2     3320   233425        0    25600 36017327        0
0000000000000002        3      369    24617        0      368    24557        0
datapath         in-port  eth-dst           out-port packets  bytes
---------------- -------- ----------------- -------- -------- --------
0000000000000002        1       192.168.0.2        2    25231 35992696
0000000000000002        2       192.168.0.1        1     2951   208808
datapath         port     rx-pkts  rx-bytes rx-error tx-pkts  tx-bytes tx-error
---------------- -------- -------- -------- -------- -------- -------- --------
0000000000000001        1     2955   208976        0    25574 36473568        0
0000000000000001        2    25600 36017327        0     3320   233425        0
0000000000000001        3      368    24557        0      369    24617        0
datapath         in-port  eth-dst           out-port packets  bytes
---------------- -------- ----------------- -------- -------- --------
0000000000000001        1       192.168.0.1        2     2951   208808
0000000000000001        2       192.168.0.2        1    25232 35992770
discovery--->==================================== discovery ====================================
discovery---> cls: [(2, 1), (2, 3), (1, 3)]
discovery--->=============================================================================
==================================== link detector ====================================

----------------------------
src    dst :    delay
2 <---> 1 : 2.6988983154296875
2 <---> 3 : 4.066944122314453
3 <---> 1 : 3.697633743286133
3 <---> 2 : 4.094123840332031
1 <---> 3 : 3.1266212463378906
1 <---> 2 : 4.176139831542969
==================================== link detector ====================================

----------------------------
src    dst :    delay
2 <---> 1 : 3.0536651611328125
2 <---> 3 : 4.348993301391602
3 <---> 1 : 3.047466278076172
3 <---> 2 : 4.332542419433594
1 <---> 3 : 4.08625602722168
1 <---> 2 : 2.5506019592285156
datapath         port     rx-pkts  rx-bytes rx-error tx-pkts  tx-bytes tx-error
---------------- -------- -------- -------- -------- -------- -------- --------
0000000000000003        1        0        0        0      345    26892        0
0000000000000003        2      374    24917        0      375    24977        0
0000000000000003        3      375    24977        0      374    24917        0
datapath         in-port  eth-dst           out-port packets  bytes
---------------- -------- ----------------- -------- -------- --------
datapath         port     rx-pkts  rx-bytes rx-error tx-pkts  tx-bytes tx-error
---------------- -------- -------- -------- -------- -------- -------- --------
0000000000000002        1    25233 35992812        0     3299   288998        0
0000000000000002        2     3326   233785        0    25606 36017687        0
0000000000000002        3      375    24977        0      374    24917        0
datapath         in-port  eth-dst           out-port packets  bytes
---------------- -------- ----------------- -------- -------- --------
0000000000000002        1       192.168.0.2        2    25231 35992696
0000000000000002        2       192.168.0.1        1     2951   208808
datapath         port     rx-pkts  rx-bytes rx-error tx-pkts  tx-bytes tx-error
---------------- -------- -------- -------- -------- -------- -------- --------
0000000000000001        1     2955   208976        0    25580 36474036        0
0000000000000001        2    25606 36017687        0     3326   233785        0
0000000000000001        3      374    24917        0      375    24977        0
datapath         in-port  eth-dst           out-port packets  bytes
---------------- -------- ----------------- -------- -------- --------
0000000000000001        1       192.168.0.1        2     2951   208808
0000000000000001        2       192.168.0.2        1    25232 35992770
discovery--->==================================== discovery ====================================
discovery---> cls: [(2, 1), (2, 3), (1, 3)]
discovery--->=============================================================================
==================================== link detector ====================================

----------------------------
src    dst :    delay
2 <---> 1 : 3.716707229614258
2 <---> 3 : 3.6237239837646484
3 <---> 1 : 3.7775039672851562
3 <---> 2 : 2.897024154663086
1 <---> 3 : 4.324674606323242
1 <---> 2 : 4.101753234863281
datapath         port     rx-pkts  rx-bytes rx-error tx-pkts  tx-bytes tx-error
---------------- -------- -------- -------- -------- -------- -------- --------
0000000000000003        1        0        0        0      350    27282        0
0000000000000003        2      380    25277        0      380    25277        0
0000000000000003        3      380    25277        0      379    25217        0
datapath         in-port  eth-dst           out-port packets  bytes
---------------- -------- ----------------- -------- -------- --------
datapath         port     rx-pkts  rx-bytes rx-error tx-pkts  tx-bytes tx-error
---------------- -------- -------- -------- -------- -------- -------- --------
0000000000000001        1     2955   208976        0    25585 36474426        0
0000000000000001        2    25611 36017987        0     3331   234085        0
0000000000000001        3      379    25217        0      380    25277        0
datapath         in-port  eth-dst           out-port packets  bytes
---------------- -------- ----------------- -------- -------- --------
0000000000000001        1       192.168.0.1        2     2951   208808
0000000000000001        2       192.168.0.2        1    25232 35992770
datapath         port     rx-pkts  rx-bytes rx-error tx-pkts  tx-bytes tx-error
---------------- -------- -------- -------- -------- -------- -------- --------
0000000000000002        1    25233 35992812        0     3304   289388        0
0000000000000002        2     3331   234085        0    25611 36017987        0
0000000000000002        3      380    25277        0      380    25277        0
datapath         in-port  eth-dst           out-port packets  bytes
---------------- -------- ----------------- -------- -------- --------
0000000000000002        1       192.168.0.2        2    25231 35992696
0000000000000002        2       192.168.0.1        1     2951   208808
discovery--->==================================== discovery ====================================
discovery---> cls: [(2, 1), (2, 3), (1, 3)]
discovery--->=============================================================================
==================================== link detector ====================================

----------------------------
src    dst :    delay
2 <---> 1 : 4.738092422485352
2 <---> 3 : 3.478527069091797
3 <---> 1 : 2.482891082763672
3 <---> 2 : 2.851724624633789
1 <---> 3 : 3.1249523162841797
1 <---> 2 : 3.3316612243652344
==================================== link detector ====================================

----------------------------
src    dst :    delay
2 <---> 1 : 3.127574920654297
2 <---> 3 : 3.2634735107421875
3 <---> 1 : 4.052162170410156
3 <---> 2 : 2.239227294921875
1 <---> 3 : 4.164934158325195
1 <---> 2 : 2.7582645416259766
datapath         port     rx-pkts  rx-bytes rx-error tx-pkts  tx-bytes tx-error
---------------- -------- -------- -------- -------- -------- -------- --------
0000000000000002        1    25233 35992812        0     3310   289856        0
0000000000000002        2     3337   234445        0    25617 36018347        0
0000000000000002        3      386    25637        0      385    25577        0
datapath         in-port  eth-dst           out-port packets  bytes
---------------- -------- ----------------- -------- -------- --------
0000000000000002        1       192.168.0.2        2    25231 35992696
0000000000000002        2       192.168.0.1        1     2951   208808
datapath         port     rx-pkts  rx-bytes rx-error tx-pkts  tx-bytes tx-error
---------------- -------- -------- -------- -------- -------- -------- --------
0000000000000001        1     2955   208976        0    25591 36474894        0
0000000000000001        2    25617 36018347        0     3337   234445        0
0000000000000001        3      385    25577        0      386    25637        0
datapath         in-port  eth-dst           out-port packets  bytes
---------------- -------- ----------------- -------- -------- --------
0000000000000001        1       192.168.0.1        2     2951   208808
0000000000000001        2       192.168.0.2        1    25232 35992770
datapath         port     rx-pkts  rx-bytes rx-error tx-pkts  tx-bytes tx-error
---------------- -------- -------- -------- -------- -------- -------- --------
0000000000000003        1        0        0        0      356    27750        0
0000000000000003        2      385    25577        0      386    25637        0
0000000000000003        3      386    25637        0      385    25577        0
datapath         in-port  eth-dst           out-port packets  bytes
---------------- -------- ----------------- -------- -------- --------
discovery--->==================================== discovery ====================================
discovery---> cls: [(2, 1), (2, 3), (1, 3)]
discovery--->=============================================================================
==================================== link detector ====================================

----------------------------
src    dst :    delay
2 <---> 1 : 3.4520626068115234
2 <---> 3 : 2.727508544921875
3 <---> 1 : 3.5271644592285156
3 <---> 2 : 2.3298263549804688
1 <---> 3 : 2.6683807373046875
1 <---> 2 : 3.1714439392089844
==================================== link detector ====================================

----------------------------
src    dst :    delay
2 <---> 1 : 3.068685531616211
2 <---> 3 : 3.118276596069336
3 <---> 1 : 3.778696060180664
3 <---> 2 : 4.029273986816406
1 <---> 3 : 2.1114349365234375
1 <---> 2 : 3.217935562133789
datapath         port     rx-pkts  rx-bytes rx-error tx-pkts  tx-bytes tx-error
---------------- -------- -------- -------- -------- -------- -------- --------
0000000000000003        1        0        0        0      361    28140        0
0000000000000003        2      391    25937        0      391    25937        0
0000000000000003        3      391    25937        0      390    25877        0
datapath         in-port  eth-dst           out-port packets  bytes
---------------- -------- ----------------- -------- -------- --------
datapath         port     rx-pkts  rx-bytes rx-error tx-pkts  tx-bytes tx-error
---------------- -------- -------- -------- -------- -------- -------- --------
0000000000000002        1    25233 35992812        0     3316   290324        0
0000000000000002        2     3342   234745        0    25623 36018707        0
0000000000000002        3      391    25937        0      391    25937        0
datapath         in-port  eth-dst           out-port packets  bytes
---------------- -------- ----------------- -------- -------- --------
0000000000000002        1       192.168.0.2        2    25231 35992696
0000000000000002        2       192.168.0.1        1     2951   208808
datapath         port     rx-pkts  rx-bytes rx-error tx-pkts  tx-bytes tx-error
---------------- -------- -------- -------- -------- -------- -------- --------
0000000000000001        1     2955   208976        0    25596 36475284        0
0000000000000001        2    25623 36018707        0     3342   234745        0
0000000000000001        3      390    25877        0      391    25937        0
datapath         in-port  eth-dst           out-port packets  bytes
---------------- -------- ----------------- -------- -------- --------
0000000000000001        1       192.168.0.1        2     2951   208808
0000000000000001        2       192.168.0.2        1    25232 35992770
discovery--->==================================== discovery ====================================
discovery---> cls: [(2, 1), (2, 3), (1, 3)]
discovery--->=============================================================================
==================================== link detector ====================================

----------------------------
src    dst :    delay
2 <---> 1 : 2.2051334381103516
2 <---> 3 : 2.1986961364746094
3 <---> 1 : 2.2363662719726562
3 <---> 2 : 2.2394657135009766
1 <---> 3 : 2.986907958984375
1 <---> 2 : 2.2237300872802734
datapath         port     rx-pkts  rx-bytes rx-error tx-pkts  tx-bytes tx-error
---------------- -------- -------- -------- -------- -------- -------- --------
0000000000000003        1        0        0        0      367    28608        0
0000000000000003        2      396    26237        0      397    26297        0
0000000000000003        3      397    26297        0      396    26237        0
datapath         in-port  eth-dst           out-port packets  bytes
---------------- -------- ----------------- -------- -------- --------
datapath         port     rx-pkts  rx-bytes rx-error tx-pkts  tx-bytes tx-error
---------------- -------- -------- -------- -------- -------- -------- --------
0000000000000002        1    25233 35992812        0     3321   290714        0
0000000000000002        2     3348   235105        0    25628 36019007        0
0000000000000002        3      397    26297        0      396    26237        0
datapath         in-port  eth-dst           out-port packets  bytes
---------------- -------- ----------------- -------- -------- --------
0000000000000002        1       192.168.0.2        2    25231 35992696
0000000000000002        2       192.168.0.1        1     2951   208808
datapath         port     rx-pkts  rx-bytes rx-error tx-pkts  tx-bytes tx-error
---------------- -------- -------- -------- -------- -------- -------- --------
0000000000000001        1     2955   208976        0    25602 36475752        0
0000000000000001        2    25628 36019007        0     3348   235105        0
0000000000000001        3      396    26237        0      397    26297        0
datapath         in-port  eth-dst           out-port packets  bytes
---------------- -------- ----------------- -------- -------- --------
0000000000000001        1       192.168.0.1        2     2951   208808
0000000000000001        2       192.168.0.2        1    25232 35992770
discovery--->==================================== discovery ====================================
discovery---> cls: [(2, 1), (2, 3), (1, 3)]
discovery--->=============================================================================
==================================== link detector ====================================

----------------------------
src    dst :    delay
2 <---> 1 : 3.6547183990478516
2 <---> 3 : 3.71551513671875
3 <---> 1 : 3.100872039794922
3 <---> 2 : 2.669095993041992
1 <---> 3 : 4.115104675292969
1 <---> 2 : 2.2971630096435547
==================================== link detector ====================================

----------------------------
src    dst :    delay
2 <---> 1 : 2.962827682495117
2 <---> 3 : 2.9153823852539062
3 <---> 1 : 3.634214401245117
3 <---> 2 : 2.848386764526367
1 <---> 3 : 3.332376480102539
1 <---> 2 : 2.936124801635742
datapath         port     rx-pkts  rx-bytes rx-error tx-pkts  tx-bytes tx-error
---------------- -------- -------- -------- -------- -------- -------- --------
0000000000000002        1    25233 35992812        0     3327   291182        0
0000000000000002        2     3353   235405        0    25634 36019367        0
0000000000000002        3      402    26597        0      402    26597        0
datapath         in-port  eth-dst           out-port packets  bytes
---------------- -------- ----------------- -------- -------- --------
0000000000000002        1       192.168.0.2        2    25231 35992696
0000000000000002        2       192.168.0.1        1     2951   208808
datapath         port     rx-pkts  rx-bytes rx-error tx-pkts  tx-bytes tx-error
---------------- -------- -------- -------- -------- -------- -------- --------
0000000000000003        1        0        0        0      372    28998        0
0000000000000003        2      402    26597        0      402    26597        0
0000000000000003        3      402    26597        0      402    26597        0
datapath         in-port  eth-dst           out-port packets  bytes
---------------- -------- ----------------- -------- -------- --------
datapath         port     rx-pkts  rx-bytes rx-error tx-pkts  tx-bytes tx-error
---------------- -------- -------- -------- -------- -------- -------- --------
0000000000000001        1     2955   208976        0    25607 36476142        0
0000000000000001        2    25634 36019367        0     3353   235405        0
0000000000000001        3      402    26597        0      402    26597        0
datapath         in-port  eth-dst           out-port packets  bytes
---------------- -------- ----------------- -------- -------- --------
0000000000000001        1       192.168.0.1        2     2951   208808
0000000000000001        2       192.168.0.2        1    25232 35992770
discovery--->==================================== discovery ====================================
discovery---> cls: [(2, 1), (2, 3), (1, 3)]
discovery--->=============================================================================
==================================== link detector ====================================

----------------------------
src    dst :    delay
2 <---> 1 : 1.992940902709961
2 <---> 3 : 2.7337074279785156
3 <---> 1 : 4.079103469848633
3 <---> 2 : 3.9777755737304688
1 <---> 3 : 3.3457279205322266
1 <---> 2 : 4.252195358276367
datapath         port     rx-pkts  rx-bytes rx-error tx-pkts  tx-bytes tx-error
---------------- -------- -------- -------- -------- -------- -------- --------
0000000000000003        1        0        0        0      378    29466        0
0000000000000003        2      407    26897        0      408    26957        0
0000000000000003        3      408    26957        0      407    26897        0
datapath         in-port  eth-dst           out-port packets  bytes
---------------- -------- ----------------- -------- -------- --------
datapath         port     rx-pkts  rx-bytes rx-error tx-pkts  tx-bytes tx-error
---------------- -------- -------- -------- -------- -------- -------- --------
0000000000000001        1     2955   208976        0    25613 36476610        0
0000000000000001        2    25639 36019667        0     3359   235765        0
0000000000000001        3      407    26897        0      408    26957        0
datapath         in-port  eth-dst           out-port packets  bytes
---------------- -------- ----------------- -------- -------- --------
0000000000000001        1       192.168.0.1        2     2951   208808
0000000000000001        2       192.168.0.2        1    25232 35992770
datapath         port     rx-pkts  rx-bytes rx-error tx-pkts  tx-bytes tx-error
---------------- -------- -------- -------- -------- -------- -------- --------
0000000000000002        1    25233 35992812        0     3332   291572        0
0000000000000002        2     3359   235765        0    25639 36019667        0
0000000000000002        3      408    26957        0      407    26897        0
datapath         in-port  eth-dst           out-port packets  bytes
---------------- -------- ----------------- -------- -------- --------
0000000000000002        1       192.168.0.2        2    25231 35992696
0000000000000002        2       192.168.0.1        1     2951   208808
discovery--->==================================== discovery ====================================
discovery---> cls: [(2, 1), (2, 3), (1, 3)]
discovery--->=============================================================================
==================================== link detector ====================================

----------------------------
src    dst :    delay
2 <---> 1 : 2.354860305786133
2 <---> 3 : 2.365589141845703
3 <---> 1 : 2.276897430419922
3 <---> 2 : 2.303600311279297
1 <---> 3 : 2.3932456970214844
1 <---> 2 : 2.122640609741211
==================================== link detector ====================================

----------------------------
src    dst :    delay
2 <---> 1 : 3.972291946411133
2 <---> 3 : 3.135204315185547
3 <---> 1 : 4.318475723266602
3 <---> 2 : 2.742290496826172
1 <---> 3 : 3.416299819946289
1 <---> 2 : 3.5157203674316406
datapath         port     rx-pkts  rx-bytes rx-error tx-pkts  tx-bytes tx-error
---------------- -------- -------- -------- -------- -------- -------- --------
0000000000000002        1    25233 35992812        0     3338   292040        0
0000000000000002        2     3364   236065        0    25645 36020027        0
0000000000000002        3      413    27257        0      413    27257        0
datapath         in-port  eth-dst           out-port packets  bytes
---------------- -------- ----------------- -------- -------- --------
0000000000000002        1       192.168.0.2        2    25231 35992696
0000000000000002        2       192.168.0.1        1     2951   208808
datapath         port     rx-pkts  rx-bytes rx-error tx-pkts  tx-bytes tx-error
---------------- -------- -------- -------- -------- -------- -------- --------
0000000000000001        1     2955   208976        0    25619 36477078        0
0000000000000001        2    25645 36020027        0     3364   236065        0
0000000000000001        3      413    27257        0      413    27257        0
datapath         in-port  eth-dst           out-port packets  bytes
---------------- -------- ----------------- -------- -------- --------
0000000000000001        1       192.168.0.1        2     2951   208808
0000000000000001        2       192.168.0.2        1    25232 35992770
datapath         port     rx-pkts  rx-bytes rx-error tx-pkts  tx-bytes tx-error
---------------- -------- -------- -------- -------- -------- -------- --------
0000000000000003        1        0        0        0      384    29934        0
0000000000000003        2      413    27257        0      413    27257        0
0000000000000003        3      413    27257        0      413    27257        0
datapath         in-port  eth-dst           out-port packets  bytes
---------------- -------- ----------------- -------- -------- --------
discovery--->==================================== discovery ====================================
discovery---> cls: [(2, 1), (2, 3), (1, 3)]
discovery--->=============================================================================
==================================== link detector ====================================

----------------------------
src    dst :    delay
2 <---> 1 : 2.6459693908691406
2 <---> 3 : 4.075527191162109
3 <---> 1 : 3.4437179565429688
3 <---> 2 : 4.019975662231445
1 <---> 3 : 2.67791748046875
1 <---> 2 : 4.151105880737305
datapath         port     rx-pkts  rx-bytes rx-error tx-pkts  tx-bytes tx-error
---------------- -------- -------- -------- -------- -------- -------- --------
0000000000000003        1        0        0        0      389    30324        0
0000000000000003        2      418    27557        0      419    27617        0
0000000000000003        3      419    27617        0      418    27557        0
datapath         in-port  eth-dst           out-port packets  bytes
---------------- -------- ----------------- -------- -------- --------
datapath         port     rx-pkts  rx-bytes rx-error tx-pkts  tx-bytes tx-error
---------------- -------- -------- -------- -------- -------- -------- --------
0000000000000001        1     2955   208976        0    25624 36477468        0
0000000000000001        2    25650 36020327        0     3370   236425        0
0000000000000001        3      418    27557        0      419    27617        0
datapath         in-port  eth-dst           out-port packets  bytes
---------------- -------- ----------------- -------- -------- --------
0000000000000001        1       192.168.0.1        2     2951   208808
0000000000000001        2       192.168.0.2        1    25232 35992770
datapath         port     rx-pkts  rx-bytes rx-error tx-pkts  tx-bytes tx-error
---------------- -------- -------- -------- -------- -------- -------- --------
0000000000000002        1    25233 35992812        0     3343   292430        0
0000000000000002        2     3370   236425        0    25650 36020327        0
0000000000000002        3      419    27617        0      418    27557        0
datapath         in-port  eth-dst           out-port packets  bytes
---------------- -------- ----------------- -------- -------- --------
0000000000000002        1       192.168.0.2        2    25231 35992696
0000000000000002        2       192.168.0.1        1     2951   208808
discovery--->==================================== discovery ====================================
discovery---> cls: [(2, 1), (2, 3), (1, 3)]
discovery--->=============================================================================
==================================== link detector ====================================

----------------------------
src    dst :    delay
2 <---> 1 : 4.18400764465332
2 <---> 3 : 3.058195114135742
3 <---> 1 : 4.104375839233398
3 <---> 2 : 3.039121627807617
1 <---> 3 : 3.9441585540771484
1 <---> 2 : 3.353595733642578
==================================== link detector ====================================

----------------------------
src    dst :    delay
2 <---> 1 : 4.0225982666015625
2 <---> 3 : 2.6535987854003906
3 <---> 1 : 3.2012462615966797
3 <---> 2 : 3.011941909790039
1 <---> 3 : 2.9435157775878906
1 <---> 2 : 3.783702850341797
datapath         port     rx-pkts  rx-bytes rx-error tx-pkts  tx-bytes tx-error
---------------- -------- -------- -------- -------- -------- -------- --------
0000000000000003        1        0        0        0      395    30792        0
0000000000000003        2      424    27917        0      425    27977        0
0000000000000003        3      424    27917        0      424    27917        0
datapath         in-port  eth-dst           out-port packets  bytes
---------------- -------- ----------------- -------- -------- --------
datapath         port     rx-pkts  rx-bytes rx-error tx-pkts  tx-bytes tx-error
---------------- -------- -------- -------- -------- -------- -------- --------
0000000000000002        1    25233 35992812        0     3349   292898        0
0000000000000002        2     3376   236785        0    25656 36020687        0
0000000000000002        3      425    27977        0      424    27917        0
datapath         in-port  eth-dst           out-port packets  bytes
---------------- -------- ----------------- -------- -------- --------
0000000000000002        1       192.168.0.2        2    25231 35992696
0000000000000002        2       192.168.0.1        1     2951   208808
datapath         port     rx-pkts  rx-bytes rx-error tx-pkts  tx-bytes tx-error
---------------- -------- -------- -------- -------- -------- -------- --------
0000000000000001        1     2955   208976        0    25630 36477936        0
0000000000000001        2    25656 36020687        0     3376   236785        0
0000000000000001        3      424    27917        0      424    27917        0
datapath         in-port  eth-dst           out-port packets  bytes
---------------- -------- ----------------- -------- -------- --------
0000000000000001        1       192.168.0.1        2     2951   208808
0000000000000001        2       192.168.0.2        1    25232 35992770
discovery--->==================================== discovery ====================================
discovery---> cls: [(2, 1), (2, 3), (1, 3)]
discovery--->=============================================================================
==================================== link detector ====================================

----------------------------
src    dst :    delay
2 <---> 1 : 2.6857852935791016
2 <---> 3 : 2.6972293853759766
3 <---> 1 : 3.9391517639160156
3 <---> 2 : 3.7221908569335938
1 <---> 3 : 4.214763641357422
1 <---> 2 : 2.9020309448242188
==================================== link detector ====================================

----------------------------
src    dst :    delay
2 <---> 1 : 3.658294677734375
2 <---> 3 : 4.064083099365234
3 <---> 1 : 4.018068313598633
3 <---> 2 : 3.9756298065185547
1 <---> 3 : 2.644062042236328
1 <---> 2 : 3.243684768676758
datapath         port     rx-pkts  rx-bytes rx-error tx-pkts  tx-bytes tx-error
---------------- -------- -------- -------- -------- -------- -------- --------
0000000000000003        1        0        0        0      400    31182        0
0000000000000003        2      429    28217        0      430    28277        0
0000000000000003        3      430    28277        0      429    28217        0
datapath         in-port  eth-dst           out-port packets  bytes
---------------- -------- ----------------- -------- -------- --------
datapath         port     rx-pkts  rx-bytes rx-error tx-pkts  tx-bytes tx-error
---------------- -------- -------- -------- -------- -------- -------- --------
0000000000000001        1     2955   208976        0    25635 36478326        0
0000000000000001        2    25661 36020987        0     3381   237085        0
0000000000000001        3      429    28217        0      430    28277        0
datapath         in-port  eth-dst           out-port packets  bytes
---------------- -------- ----------------- -------- -------- --------
0000000000000001        1       192.168.0.1        2     2951   208808
0000000000000001        2       192.168.0.2        1    25232 35992770
datapath         port     rx-pkts  rx-bytes rx-error tx-pkts  tx-bytes tx-error
---------------- -------- -------- -------- -------- -------- -------- --------
0000000000000002        1    25233 35992812        0     3354   293288        0
0000000000000002        2     3381   237085        0    25661 36020987        0
0000000000000002        3      430    28277        0      429    28217        0
datapath         in-port  eth-dst           out-port packets  bytes
---------------- -------- ----------------- -------- -------- --------
0000000000000002        1       192.168.0.2        2    25231 35992696
0000000000000002        2       192.168.0.1        1     2951   208808
discovery--->==================================== discovery ====================================
discovery---> cls: [(2, 1), (2, 3), (1, 3)]
discovery--->=============================================================================
==================================== link detector ====================================

----------------------------
src    dst :    delay
2 <---> 1 : 3.6199092864990234
2 <---> 3 : 3.7317276000976562
3 <---> 1 : 2.440214157104492
3 <---> 2 : 4.00233268737793
1 <---> 3 : 4.022359848022461
1 <---> 2 : 4.084587097167969
datapath         port     rx-pkts  rx-bytes rx-error tx-pkts  tx-bytes tx-error
---------------- -------- -------- -------- -------- -------- -------- --------
0000000000000003        1        0        0        0      406    31650        0
0000000000000003        2      435    28577        0      436    28637        0
0000000000000003        3      436    28637        0      435    28577        0
datapath         in-port  eth-dst           out-port packets  bytes
---------------- -------- ----------------- -------- -------- --------
datapath         port     rx-pkts  rx-bytes rx-error tx-pkts  tx-bytes tx-error
---------------- -------- -------- -------- -------- -------- -------- --------
0000000000000001        1     2955   208976        0    25641 36478794        0
0000000000000001        2    25667 36021347        0     3387   237445        0
0000000000000001        3      435    28577        0      436    28637        0
datapath         in-port  eth-dst           out-port packets  bytes
---------------- -------- ----------------- -------- -------- --------
0000000000000001        1       192.168.0.1        2     2951   208808
0000000000000001        2       192.168.0.2        1    25232 35992770
datapath         port     rx-pkts  rx-bytes rx-error tx-pkts  tx-bytes tx-error
---------------- -------- -------- -------- -------- -------- -------- --------
0000000000000002        1    25233 35992812        0     3360   293756        0
0000000000000002        2     3387   237445        0    25667 36021347        0
0000000000000002        3      436    28637        0      435    28577        0
datapath         in-port  eth-dst           out-port packets  bytes
---------------- -------- ----------------- -------- -------- --------
0000000000000002        1       192.168.0.2        2    25231 35992696
0000000000000002        2       192.168.0.1        1     2951   208808
discovery--->==================================== discovery ====================================
discovery---> cls: [(2, 1), (2, 3), (1, 3)]
discovery--->=============================================================================
==================================== link detector ====================================

----------------------------
src    dst :    delay
2 <---> 1 : 2.8116703033447266
2 <---> 3 : 3.5359859466552734
3 <---> 1 : 4.0073394775390625
3 <---> 2 : 3.9186477661132812
1 <---> 3 : 4.003286361694336
1 <---> 2 : 4.024982452392578
==================================== link detector ====================================

----------------------------
src    dst :    delay
2 <---> 1 : 3.924131393432617
2 <---> 3 : 2.656698226928711
3 <---> 1 : 3.160715103149414
3 <---> 2 : 3.375530242919922
1 <---> 3 : 3.2672882080078125
1 <---> 2 : 5.531549453735352
datapath         port     rx-pkts  rx-bytes rx-error tx-pkts  tx-bytes tx-error
---------------- -------- -------- -------- -------- -------- -------- --------
0000000000000003        1        0        0        0      411    32040        0
0000000000000003        2      441    28937        0      441    28937        0
0000000000000003        3      441    28937        0      440    28877        0
datapath         in-port  eth-dst           out-port packets  bytes
---------------- -------- ----------------- -------- -------- --------
datapath         port     rx-pkts  rx-bytes rx-error tx-pkts  tx-bytes tx-error
---------------- -------- -------- -------- -------- -------- -------- --------
0000000000000001        1     2955   208976        0    25646 36479184        0
0000000000000001        2    25673 36021707        0     3392   237745        0
0000000000000001        3      440    28877        0      441    28937        0
datapath         in-port  eth-dst           out-port packets  bytes
---------------- -------- ----------------- -------- -------- --------
0000000000000001        1       192.168.0.1        2     2951   208808
0000000000000001        2       192.168.0.2        1    25232 35992770
datapath         port     rx-pkts  rx-bytes rx-error tx-pkts  tx-bytes tx-error
---------------- -------- -------- -------- -------- -------- -------- --------
0000000000000002        1    25233 35992812        0     3365   294146        0
0000000000000002        2     3392   237745        0    25673 36021707        0
0000000000000002        3      441    28937        0      441    28937        0
datapath         in-port  eth-dst           out-port packets  bytes
---------------- -------- ----------------- -------- -------- --------
0000000000000002        1       192.168.0.2        2    25231 35992696
0000000000000002        2       192.168.0.1        1     2951   208808
discovery--->==================================== discovery ====================================
discovery---> cls: [(2, 1), (2, 3), (1, 3)]
discovery--->=============================================================================
==================================== link detector ====================================

----------------------------
src    dst :    delay
2 <---> 1 : 4.078149795532227
2 <---> 3 : 3.9365291595458984
3 <---> 1 : 2.608776092529297
3 <---> 2 : 3.552675247192383
1 <---> 3 : 3.4003257751464844
1 <---> 2 : 3.386259078979492
datapath         port     rx-pkts  rx-bytes rx-error tx-pkts  tx-bytes tx-error
---------------- -------- -------- -------- -------- -------- -------- --------
0000000000000002        1    25233 35992812        0     3371   294614        0
0000000000000002        2     3398   238105        0    25678 36022007        0
0000000000000002        3      447    29297        0      446    29237        0
datapath         in-port  eth-dst           out-port packets  bytes
---------------- -------- ----------------- -------- -------- --------
0000000000000002        1       192.168.0.2        2    25231 35992696
0000000000000002        2       192.168.0.1        1     2951   208808
datapath         port     rx-pkts  rx-bytes rx-error tx-pkts  tx-bytes tx-error
---------------- -------- -------- -------- -------- -------- -------- --------
0000000000000001        1     2955   208976        0    25652 36479652        0
0000000000000001        2    25678 36022007        0     3398   238105        0
0000000000000001        3      446    29237        0      447    29297        0
datapath         in-port  eth-dst           out-port packets  bytes
---------------- -------- ----------------- -------- -------- --------
0000000000000001        1       192.168.0.1        2     2951   208808
0000000000000001        2       192.168.0.2        1    25232 35992770
datapath         port     rx-pkts  rx-bytes rx-error tx-pkts  tx-bytes tx-error
---------------- -------- -------- -------- -------- -------- -------- --------
0000000000000003        1        0        0        0      417    32508        0
0000000000000003        2      446    29237        0      447    29297        0
0000000000000003        3      447    29297        0      446    29237        0
datapath         in-port  eth-dst           out-port packets  bytes
---------------- -------- ----------------- -------- -------- --------
discovery--->==================================== discovery ====================================
discovery---> cls: [(2, 1), (2, 3), (1, 3)]
discovery--->=============================================================================
==================================== link detector ====================================

----------------------------
src    dst :    delay
2 <---> 1 : 2.302408218383789
2 <---> 3 : 3.675699234008789
3 <---> 1 : 2.2895336151123047
3 <---> 2 : 3.381490707397461
1 <---> 3 : 2.2521018981933594
1 <---> 2 : 3.2777786254882812
==================================== link detector ====================================

----------------------------
src    dst :    delay
2 <---> 1 : 3.954172134399414
2 <---> 3 : 4.13823127746582
3 <---> 1 : 3.5233497619628906
3 <---> 2 : 3.3571720123291016
1 <---> 3 : 3.916501998901367
1 <---> 2 : 2.874135971069336
datapath         port     rx-pkts  rx-bytes rx-error tx-pkts  tx-bytes tx-error
---------------- -------- -------- -------- -------- -------- -------- --------
0000000000000003        1        0        0        0      422    32898        0
0000000000000003        2      452    29597        0      452    29597        0
0000000000000003        3      452    29597        0      452    29597        0
datapath         in-port  eth-dst           out-port packets  bytes
---------------- -------- ----------------- -------- -------- --------
datapath         port     rx-pkts  rx-bytes rx-error tx-pkts  tx-bytes tx-error
---------------- -------- -------- -------- -------- -------- -------- --------
0000000000000001        1     2955   208976        0    25657 36480042        0
0000000000000001        2    25684 36022367        0     3403   238405        0
0000000000000001        3      452    29597        0      452    29597        0
datapath         in-port  eth-dst           out-port packets  bytes
---------------- -------- ----------------- -------- -------- --------
0000000000000001        1       192.168.0.1        2     2951   208808
0000000000000001        2       192.168.0.2        1    25232 35992770
datapath         port     rx-pkts  rx-bytes rx-error tx-pkts  tx-bytes tx-error
---------------- -------- -------- -------- -------- -------- -------- --------
0000000000000002        1    25233 35992812        0     3377   295082        0
0000000000000002        2     3403   238405        0    25684 36022367        0
0000000000000002        3      452    29597        0      452    29597        0
datapath         in-port  eth-dst           out-port packets  bytes
---------------- -------- ----------------- -------- -------- --------
0000000000000002        1       192.168.0.2        2    25231 35992696
0000000000000002        2       192.168.0.1        1     2951   208808
discovery--->==================================== discovery ====================================
discovery---> cls: [(2, 1), (2, 3), (1, 3)]
discovery--->=============================================================================
==================================== link detector ====================================

----------------------------
src    dst :    delay
2 <---> 1 : 2.3038387298583984
2 <---> 3 : 2.375364303588867
3 <---> 1 : 2.1567344665527344
3 <---> 2 : 2.299070358276367
1 <---> 3 : 2.353191375732422
1 <---> 2 : 2.3431777954101562
==================================== link detector ====================================

----------------------------
src    dst :    delay
2 <---> 1 : 3.992319107055664
2 <---> 3 : 2.984285354614258
3 <---> 1 : 2.701997756958008
3 <---> 2 : 2.0422935485839844
1 <---> 3 : 2.2089481353759766
1 <---> 2 : 2.2249221801757812
datapath         port     rx-pkts  rx-bytes rx-error tx-pkts  tx-bytes tx-error
---------------- -------- -------- -------- -------- -------- -------- --------
0000000000000003        1        0        0        0      428    33366        0
0000000000000003        2      457    29897        0      458    29957        0
0000000000000003        3      458    29957        0      457    29897        0
datapath         in-port  eth-dst           out-port packets  bytes
---------------- -------- ----------------- -------- -------- --------
datapath         port     rx-pkts  rx-bytes rx-error tx-pkts  tx-bytes tx-error
---------------- -------- -------- -------- -------- -------- -------- --------
0000000000000001        1     2955   208976        0    25663 36480510        0
0000000000000001        2    25689 36022667        0     3409   238765        0
0000000000000001        3      457    29897        0      458    29957        0
datapath         in-port  eth-dst           out-port packets  bytes
---------------- -------- ----------------- -------- -------- --------
0000000000000001        1       192.168.0.1        2     2951   208808
0000000000000001        2       192.168.0.2        1    25232 35992770
datapath         port     rx-pkts  rx-bytes rx-error tx-pkts  tx-bytes tx-error
---------------- -------- -------- -------- -------- -------- -------- --------
0000000000000002        1    25233 35992812        0     3382   295472        0
0000000000000002        2     3409   238765        0    25689 36022667        0
0000000000000002        3      458    29957        0      457    29897        0
datapath         in-port  eth-dst           out-port packets  bytes
---------------- -------- ----------------- -------- -------- --------
0000000000000002        1       192.168.0.2        2    25231 35992696
0000000000000002        2       192.168.0.1        1     2951   208808
discovery--->==================================== discovery ====================================
discovery---> cls: [(2, 1), (2, 3), (1, 3)]
discovery--->=============================================================================
==================================== link detector ====================================

----------------------------
src    dst :    delay
2 <---> 1 : 2.2873878479003906
2 <---> 3 : 2.946138381958008
3 <---> 1 : 2.2449493408203125
3 <---> 2 : 2.794981002807617
1 <---> 3 : 4.0760040283203125
1 <---> 2 : 2.3517608642578125
datapath         port     rx-pkts  rx-bytes rx-error tx-pkts  tx-bytes tx-error
---------------- -------- -------- -------- -------- -------- -------- --------
0000000000000003        1        0        0        0      434    33834        0
0000000000000003        2      463    30257        0      463    30257        0
0000000000000003        3      463    30257        0      463    30257        0
datapath         in-port  eth-dst           out-port packets  bytes
---------------- -------- ----------------- -------- -------- --------
datapath         port     rx-pkts  rx-bytes rx-error tx-pkts  tx-bytes tx-error
---------------- -------- -------- -------- -------- -------- -------- --------
0000000000000002        1    25233 35992812        0     3388   295940        0
0000000000000002        2     3414   239065        0    25695 36023027        0
0000000000000002        3      463    30257        0      463    30257        0
datapath         in-port  eth-dst           out-port packets  bytes
---------------- -------- ----------------- -------- -------- --------
0000000000000002        1       192.168.0.2        2    25231 35992696
0000000000000002        2       192.168.0.1        1     2951   208808
datapath         port     rx-pkts  rx-bytes rx-error tx-pkts  tx-bytes tx-error
---------------- -------- -------- -------- -------- -------- -------- --------
0000000000000001        1     2955   208976        0    25669 36480978        0
0000000000000001        2    25695 36023027        0     3414   239065        0
0000000000000001        3      463    30257        0      463    30257        0
datapath         in-port  eth-dst           out-port packets  bytes
---------------- -------- ----------------- -------- -------- --------
0000000000000001        1       192.168.0.1        2     2951   208808
0000000000000001        2       192.168.0.2        1    25232 35992770
discovery--->==================================== discovery ====================================
discovery---> cls: [(2, 1), (2, 3), (1, 3)]
discovery--->=============================================================================
==================================== link detector ====================================

----------------------------
src    dst :    delay
2 <---> 1 : 2.881288528442383
2 <---> 3 : 3.1347274780273438
3 <---> 1 : 3.9196014404296875
3 <---> 2 : 3.428936004638672
1 <---> 3 : 3.859996795654297
1 <---> 2 : 3.637552261352539
---> OFPPortStatus received: reason=MODIFY desc=OFPPort(port_no=2,hw_addr='0e:8f:95:fb:3a:b9',name=b'ap2-eth2',config=0,state=0,curr=2112,advertised=0,supported=0,peer=0,curr_speed=10000000,max_speed=0)
---> OFPPortStatus received: reason=DELETE desc=OFPPort(port_no=2,hw_addr='0e:8f:95:fb:3a:b9',name=b'ap2-eth2',config=0,state=0,curr=2112,advertised=0,supported=0,peer=0,curr_speed=10000000,max_speed=0)
---> OFPPortStatus received: reason=MODIFY desc=OFPPort(port_no=2,hw_addr='4e:5f:8b:b6:f1:4b',name=b'ap1-eth2',config=0,state=0,curr=2112,advertised=0,supported=0,peer=0,curr_speed=10000000,max_speed=0)
---> OFPPortStatus received: reason=DELETE desc=OFPPort(port_no=2,hw_addr='4e:5f:8b:b6:f1:4b',name=b'ap1-eth2',config=0,state=0,curr=2112,advertised=0,supported=0,peer=0,curr_speed=10000000,max_speed=0)
---> OFPPortStatus received: reason=DELETE desc=OFPPort(port_no=3,hw_addr='02:23:cf:95:c7:a2',name=b'ap1-eth3',config=0,state=4,curr=2112,advertised=0,supported=0,peer=0,curr_speed=10000000,max_speed=0)
---> OFPPortStatus received: reason=DELETE desc=OFPPort(port_no=2,hw_addr='e2:b7:dc:6f:e5:3e',name=b'ap3-eth2',config=0,state=4,curr=2112,advertised=0,supported=0,peer=0,curr_speed=10000000,max_speed=0)
---> OFPPortStatus received: reason=DELETE desc=OFPPort(port_no=3,hw_addr='92:23:85:00:aa:8d',name=b'ap3-eth3',config=0,state=4,curr=2112,advertised=0,supported=0,peer=0,curr_speed=10000000,max_speed=0)
---> OFPPortStatus received: reason=DELETE desc=OFPPort(port_no=3,hw_addr='d2:38:8c:b5:af:e7',name=b'ap2-eth3',config=0,state=4,curr=2112,advertised=0,supported=0,peer=0,curr_speed=10000000,max_speed=0)
==================================== link detector ====================================

----------------------------
src    dst :    delay
2 <---> 1 : 4.018545150756836
2 <---> 3 : 2.8951168060302734
3 <---> 1 : 3.1099319458007812
3 <---> 2 : 2.660989761352539
1 <---> 3 : 3.654956817626953
1 <---> 2 : 3.436565399169922
discovery--->==================================== discovery ====================================
discovery---> cls: []
discovery--->=============================================================================
==================================== link detector ====================================

----------------------------
src    dst :    delay
2 <---> 1 : 4.018545150756836
2 <---> 3 : 2.8951168060302734
3 <---> 1 : 3.1099319458007812
3 <---> 2 : 2.660989761352539
1 <---> 3 : 3.654956817626953
1 <---> 2 : 3.436565399169922
discovery--->==================================== discovery ====================================
discovery---> cls: []
discovery--->=============================================================================
==================================== link detector ====================================

----------------------------
src    dst :    delay
2 <---> 1 : 4.018545150756836
2 <---> 3 : 2.8951168060302734
3 <---> 1 : 3.1099319458007812
3 <---> 2 : 2.660989761352539
1 <---> 3 : 3.654956817626953
1 <---> 2 : 3.436565399169922
==================================== link detector ====================================

----------------------------
src    dst :    delay
2 <---> 1 : 4.018545150756836
2 <---> 3 : 2.8951168060302734
3 <---> 1 : 3.1099319458007812
3 <---> 2 : 2.660989761352539
1 <---> 3 : 3.654956817626953
1 <---> 2 : 3.436565399169922
discovery--->==================================== discovery ====================================
discovery---> cls: []
discovery--->=============================================================================
==================================== link detector ====================================

----------------------------
src    dst :    delay
2 <---> 1 : 4.018545150756836
2 <---> 3 : 2.8951168060302734
3 <---> 1 : 3.1099319458007812
3 <---> 2 : 2.660989761352539
1 <---> 3 : 3.654956817626953
1 <---> 2 : 3.436565399169922
==================================== link detector ====================================

----------------------------
src    dst :    delay
2 <---> 1 : 4.018545150756836
2 <---> 3 : 2.8951168060302734
3 <---> 1 : 3.1099319458007812
3 <---> 2 : 2.660989761352539
1 <---> 3 : 3.654956817626953
1 <---> 2 : 3.436565399169922
discovery--->==================================== discovery ====================================
discovery---> cls: []
discovery--->=============================================================================
==================================== link detector ====================================

----------------------------
src    dst :    delay
2 <---> 1 : 4.018545150756836
2 <---> 3 : 2.8951168060302734
3 <---> 1 : 3.1099319458007812
3 <---> 2 : 2.660989761352539
1 <---> 3 : 3.654956817626953
1 <---> 2 : 3.436565399169922
discovery--->==================================== discovery ====================================
discovery---> cls: []
discovery--->=============================================================================
==================================== link detector ====================================

----------------------------
src    dst :    delay
2 <---> 1 : 4.018545150756836
2 <---> 3 : 2.8951168060302734
3 <---> 1 : 3.1099319458007812
3 <---> 2 : 2.660989761352539
1 <---> 3 : 3.654956817626953
1 <---> 2 : 3.436565399169922
==================================== link detector ====================================

----------------------------
src    dst :    delay
2 <---> 1 : 4.018545150756836
2 <---> 3 : 2.8951168060302734
3 <---> 1 : 3.1099319458007812
3 <---> 2 : 2.660989761352539
1 <---> 3 : 3.654956817626953
1 <---> 2 : 3.436565399169922
discovery--->==================================== discovery ====================================
discovery---> cls: []
discovery--->=============================================================================
==================================== link detector ====================================

----------------------------
src    dst :    delay
2 <---> 1 : 4.018545150756836
2 <---> 3 : 2.8951168060302734
3 <---> 1 : 3.1099319458007812
3 <---> 2 : 2.660989761352539
1 <---> 3 : 3.654956817626953
1 <---> 2 : 3.436565399169922
discovery--->==================================== discovery ====================================
discovery---> cls: []
discovery--->=============================================================================
==================================== link detector ====================================

----------------------------
src    dst :    delay
2 <---> 1 : 4.018545150756836
2 <---> 3 : 2.8951168060302734
3 <---> 1 : 3.1099319458007812
3 <---> 2 : 2.660989761352539
1 <---> 3 : 3.654956817626953
1 <---> 2 : 3.436565399169922
==================================== link detector ====================================

----------------------------
src    dst :    delay
2 <---> 1 : 4.018545150756836
2 <---> 3 : 2.8951168060302734
3 <---> 1 : 3.1099319458007812
3 <---> 2 : 2.660989761352539
1 <---> 3 : 3.654956817626953
1 <---> 2 : 3.436565399169922
discovery--->==================================== discovery ====================================
discovery---> cls: []
discovery--->=============================================================================
==================================== link detector ====================================

----------------------------
src    dst :    delay
2 <---> 1 : 4.018545150756836
2 <---> 3 : 2.8951168060302734
3 <---> 1 : 3.1099319458007812
3 <---> 2 : 2.660989761352539
1 <---> 3 : 3.654956817626953
1 <---> 2 : 3.436565399169922
discovery--->==================================== discovery ====================================
discovery---> cls: []
discovery--->=============================================================================
==================================== link detector ====================================

----------------------------
src    dst :    delay
2 <---> 1 : 4.018545150756836
2 <---> 3 : 2.8951168060302734
3 <---> 1 : 3.1099319458007812
3 <---> 2 : 2.660989761352539
1 <---> 3 : 3.654956817626953
1 <---> 2 : 3.436565399169922
==================================== link detector ====================================

----------------------------
src    dst :    delay
2 <---> 1 : 4.018545150756836
2 <---> 3 : 2.8951168060302734
3 <---> 1 : 3.1099319458007812
3 <---> 2 : 2.660989761352539
1 <---> 3 : 3.654956817626953
1 <---> 2 : 3.436565399169922
discovery--->==================================== discovery ====================================
discovery---> cls: []
discovery--->=============================================================================
==================================== link detector ====================================

----------------------------
src    dst :    delay
2 <---> 1 : 4.018545150756836
2 <---> 3 : 2.8951168060302734
3 <---> 1 : 3.1099319458007812
3 <---> 2 : 2.660989761352539
1 <---> 3 : 3.654956817626953
1 <---> 2 : 3.436565399169922
==================================== link detector ====================================

----------------------------
src    dst :    delay
2 <---> 1 : 4.018545150756836
2 <---> 3 : 2.8951168060302734
3 <---> 1 : 3.1099319458007812
3 <---> 2 : 2.660989761352539
1 <---> 3 : 3.654956817626953
1 <---> 2 : 3.436565399169922
discovery--->==================================== discovery ====================================
discovery---> cls: []
discovery--->=============================================================================
==================================== link detector ====================================

----------------------------
src    dst :    delay
2 <---> 1 : 4.018545150756836
2 <---> 3 : 2.8951168060302734
3 <---> 1 : 3.1099319458007812
3 <---> 2 : 2.660989761352539
1 <---> 3 : 3.654956817626953
1 <---> 2 : 3.436565399169922
discovery--->==================================== discovery ====================================
discovery---> cls: []
discovery--->=============================================================================
==================================== link detector ====================================

----------------------------
src    dst :    delay
2 <---> 1 : 4.018545150756836
2 <---> 3 : 2.8951168060302734
3 <---> 1 : 3.1099319458007812
3 <---> 2 : 2.660989761352539
1 <---> 3 : 3.654956817626953
1 <---> 2 : 3.436565399169922
==================================== link detector ====================================

----------------------------
src    dst :    delay
2 <---> 1 : 4.018545150756836
2 <---> 3 : 2.8951168060302734
3 <---> 1 : 3.1099319458007812
3 <---> 2 : 2.660989761352539
1 <---> 3 : 3.654956817626953
1 <---> 2 : 3.436565399169922
discovery--->==================================== discovery ====================================
discovery---> cls: []
discovery--->=============================================================================
==================================== link detector ====================================

----------------------------
src    dst :    delay
2 <---> 1 : 4.018545150756836
2 <---> 3 : 2.8951168060302734
3 <---> 1 : 3.1099319458007812
3 <---> 2 : 2.660989761352539
1 <---> 3 : 3.654956817626953
1 <---> 2 : 3.436565399169922
discovery--->==================================== discovery ====================================
discovery---> cls: []
discovery--->=============================================================================
==================================== link detector ====================================

----------------------------
src    dst :    delay
2 <---> 1 : 4.018545150756836
2 <---> 3 : 2.8951168060302734
3 <---> 1 : 3.1099319458007812
3 <---> 2 : 2.660989761352539
1 <---> 3 : 3.654956817626953
1 <---> 2 : 3.436565399169922
==================================== link detector ====================================

----------------------------
src    dst :    delay
2 <---> 1 : 4.018545150756836
2 <---> 3 : 2.8951168060302734
3 <---> 1 : 3.1099319458007812
3 <---> 2 : 2.660989761352539
1 <---> 3 : 3.654956817626953
1 <---> 2 : 3.436565399169922
discovery--->==================================== discovery ====================================
discovery---> cls: []
discovery--->=============================================================================
==================================== link detector ====================================

----------------------------
src    dst :    delay
2 <---> 1 : 4.018545150756836
2 <---> 3 : 2.8951168060302734
3 <---> 1 : 3.1099319458007812
3 <---> 2 : 2.660989761352539
1 <---> 3 : 3.654956817626953
1 <---> 2 : 3.436565399169922
==================================== link detector ====================================

----------------------------
src    dst :    delay
2 <---> 1 : 4.018545150756836
2 <---> 3 : 2.8951168060302734
3 <---> 1 : 3.1099319458007812
3 <---> 2 : 2.660989761352539
1 <---> 3 : 3.654956817626953
1 <---> 2 : 3.436565399169922
discovery--->==================================== discovery ====================================
discovery---> cls: []
discovery--->=============================================================================
==================================== link detector ====================================

----------------------------
src    dst :    delay
2 <---> 1 : 4.018545150756836
2 <---> 3 : 2.8951168060302734
3 <---> 1 : 3.1099319458007812
3 <---> 2 : 2.660989761352539
1 <---> 3 : 3.654956817626953
1 <---> 2 : 3.436565399169922
discovery--->==================================== discovery ====================================
discovery---> cls: []
discovery--->=============================================================================
==================================== link detector ====================================

----------------------------
src    dst :    delay
2 <---> 1 : 4.018545150756836
2 <---> 3 : 2.8951168060302734
3 <---> 1 : 3.1099319458007812
3 <---> 2 : 2.660989761352539
1 <---> 3 : 3.654956817626953
1 <---> 2 : 3.436565399169922
==================================== link detector ====================================

----------------------------
src    dst :    delay
2 <---> 1 : 4.018545150756836
2 <---> 3 : 2.8951168060302734
3 <---> 1 : 3.1099319458007812
3 <---> 2 : 2.660989761352539
1 <---> 3 : 3.654956817626953
1 <---> 2 : 3.436565399169922
discovery--->==================================== discovery ====================================
discovery---> cls: []
discovery--->=============================================================================
==================================== link detector ====================================

----------------------------
src    dst :    delay
2 <---> 1 : 4.018545150756836
2 <---> 3 : 2.8951168060302734
3 <---> 1 : 3.1099319458007812
3 <---> 2 : 2.660989761352539
1 <---> 3 : 3.654956817626953
1 <---> 2 : 3.436565399169922
discovery--->==================================== discovery ====================================
discovery---> cls: []
discovery--->=============================================================================
==================================== link detector ====================================

----------------------------
src    dst :    delay
2 <---> 1 : 4.018545150756836
2 <---> 3 : 2.8951168060302734
3 <---> 1 : 3.1099319458007812
3 <---> 2 : 2.660989761352539
1 <---> 3 : 3.654956817626953
1 <---> 2 : 3.436565399169922
==================================== link detector ====================================

----------------------------
src    dst :    delay
2 <---> 1 : 4.018545150756836
2 <---> 3 : 2.8951168060302734
3 <---> 1 : 3.1099319458007812
3 <---> 2 : 2.660989761352539
1 <---> 3 : 3.654956817626953
1 <---> 2 : 3.436565399169922
discovery--->==================================== discovery ====================================
discovery---> cls: []
discovery--->=============================================================================
==================================== link detector ====================================

----------------------------
src    dst :    delay
2 <---> 1 : 4.018545150756836
2 <---> 3 : 2.8951168060302734
3 <---> 1 : 3.1099319458007812
3 <---> 2 : 2.660989761352539
1 <---> 3 : 3.654956817626953
1 <---> 2 : 3.436565399169922
discovery--->==================================== discovery ====================================
discovery---> cls: []
discovery--->=============================================================================
==================================== link detector ====================================

----------------------------
src    dst :    delay
2 <---> 1 : 4.018545150756836
2 <---> 3 : 2.8951168060302734
3 <---> 1 : 3.1099319458007812
3 <---> 2 : 2.660989761352539
1 <---> 3 : 3.654956817626953
1 <---> 2 : 3.436565399169922
==================================== link detector ====================================

----------------------------
src    dst :    delay
2 <---> 1 : 4.018545150756836
2 <---> 3 : 2.8951168060302734
3 <---> 1 : 3.1099319458007812
3 <---> 2 : 2.660989761352539
1 <---> 3 : 3.654956817626953
1 <---> 2 : 3.436565399169922
discovery--->==================================== discovery ====================================
discovery---> cls: []
discovery--->=============================================================================
==================================== link detector ====================================

----------------------------
src    dst :    delay
2 <---> 1 : 4.018545150756836
2 <---> 3 : 2.8951168060302734
3 <---> 1 : 3.1099319458007812
3 <---> 2 : 2.660989761352539
1 <---> 3 : 3.654956817626953
1 <---> 2 : 3.436565399169922
==================================== link detector ====================================

----------------------------
src    dst :    delay
2 <---> 1 : 4.018545150756836
2 <---> 3 : 2.8951168060302734
3 <---> 1 : 3.1099319458007812
3 <---> 2 : 2.660989761352539
1 <---> 3 : 3.654956817626953
1 <---> 2 : 3.436565399169922
discovery--->==================================== discovery ====================================
discovery---> cls: []
discovery--->=============================================================================
==================================== link detector ====================================

----------------------------
src    dst :    delay
2 <---> 1 : 4.018545150756836
2 <---> 3 : 2.8951168060302734
3 <---> 1 : 3.1099319458007812
3 <---> 2 : 2.660989761352539
1 <---> 3 : 3.654956817626953
1 <---> 2 : 3.436565399169922
discovery--->==================================== discovery ====================================
discovery---> cls: []
discovery--->=============================================================================
==================================== link detector ====================================

----------------------------
src    dst :    delay
2 <---> 1 : 4.018545150756836
2 <---> 3 : 2.8951168060302734
3 <---> 1 : 3.1099319458007812
3 <---> 2 : 2.660989761352539
1 <---> 3 : 3.654956817626953
1 <---> 2 : 3.436565399169922
==================================== link detector ====================================

----------------------------
src    dst :    delay
2 <---> 1 : 4.018545150756836
2 <---> 3 : 2.8951168060302734
3 <---> 1 : 3.1099319458007812
3 <---> 2 : 2.660989761352539
1 <---> 3 : 3.654956817626953
1 <---> 2 : 3.436565399169922
discovery--->==================================== discovery ====================================
discovery---> cls: []
discovery--->=============================================================================
==================================== link detector ====================================

----------------------------
src    dst :    delay
2 <---> 1 : 4.018545150756836
2 <---> 3 : 2.8951168060302734
3 <---> 1 : 3.1099319458007812
3 <---> 2 : 2.660989761352539
1 <---> 3 : 3.654956817626953
1 <---> 2 : 3.436565399169922
discovery--->==================================== discovery ====================================
discovery---> cls: []
discovery--->=============================================================================
==================================== link detector ====================================

----------------------------
src    dst :    delay
2 <---> 1 : 4.018545150756836
2 <---> 3 : 2.8951168060302734
3 <---> 1 : 3.1099319458007812
3 <---> 2 : 2.660989761352539
1 <---> 3 : 3.654956817626953
1 <---> 2 : 3.436565399169922
==================================== link detector ====================================

----------------------------
src    dst :    delay
2 <---> 1 : 4.018545150756836
2 <---> 3 : 2.8951168060302734
3 <---> 1 : 3.1099319458007812
3 <---> 2 : 2.660989761352539
1 <---> 3 : 3.654956817626953
1 <---> 2 : 3.436565399169922
discovery--->==================================== discovery ====================================
discovery---> cls: []
discovery--->=============================================================================
==================================== link detector ====================================

----------------------------
src    dst :    delay
2 <---> 1 : 4.018545150756836
2 <---> 3 : 2.8951168060302734
3 <---> 1 : 3.1099319458007812
3 <---> 2 : 2.660989761352539
1 <---> 3 : 3.654956817626953
1 <---> 2 : 3.436565399169922
==================================== link detector ====================================

----------------------------
src    dst :    delay
2 <---> 1 : 4.018545150756836
2 <---> 3 : 2.8951168060302734
3 <---> 1 : 3.1099319458007812
3 <---> 2 : 2.660989761352539
1 <---> 3 : 3.654956817626953
1 <---> 2 : 3.436565399169922
discovery--->==================================== discovery ====================================
discovery---> cls: []
discovery--->=============================================================================
==================================== link detector ====================================

----------------------------
src    dst :    delay
2 <---> 1 : 4.018545150756836
2 <---> 3 : 2.8951168060302734
3 <---> 1 : 3.1099319458007812
3 <---> 2 : 2.660989761352539
1 <---> 3 : 3.654956817626953
1 <---> 2 : 3.436565399169922
discovery--->==================================== discovery ====================================
discovery---> cls: []
discovery--->=============================================================================
==================================== link detector ====================================

----------------------------
src    dst :    delay
2 <---> 1 : 4.018545150756836
2 <---> 3 : 2.8951168060302734
3 <---> 1 : 3.1099319458007812
3 <---> 2 : 2.660989761352539
1 <---> 3 : 3.654956817626953
1 <---> 2 : 3.436565399169922
==================================== link detector ====================================

----------------------------
src    dst :    delay
2 <---> 1 : 4.018545150756836
2 <---> 3 : 2.8951168060302734
3 <---> 1 : 3.1099319458007812
3 <---> 2 : 2.660989761352539
1 <---> 3 : 3.654956817626953
1 <---> 2 : 3.436565399169922
discovery--->==================================== discovery ====================================
discovery---> cls: []
discovery--->=============================================================================
==================================== link detector ====================================

----------------------------
src    dst :    delay
2 <---> 1 : 4.018545150756836
2 <---> 3 : 2.8951168060302734
3 <---> 1 : 3.1099319458007812
3 <---> 2 : 2.660989761352539
1 <---> 3 : 3.654956817626953
1 <---> 2 : 3.436565399169922
discovery--->==================================== discovery ====================================
discovery---> cls: []
discovery--->=============================================================================
==================================== link detector ====================================

----------------------------
src    dst :    delay
2 <---> 1 : 4.018545150756836
2 <---> 3 : 2.8951168060302734
3 <---> 1 : 3.1099319458007812
3 <---> 2 : 2.660989761352539
1 <---> 3 : 3.654956817626953
1 <---> 2 : 3.436565399169922
==================================== link detector ====================================

----------------------------
src    dst :    delay
2 <---> 1 : 4.018545150756836
2 <---> 3 : 2.8951168060302734
3 <---> 1 : 3.1099319458007812
3 <---> 2 : 2.660989761352539
1 <---> 3 : 3.654956817626953
1 <---> 2 : 3.436565399169922
discovery--->==================================== discovery ====================================
discovery---> cls: []
discovery--->=============================================================================
==================================== link detector ====================================

----------------------------
src    dst :    delay
2 <---> 1 : 4.018545150756836
2 <---> 3 : 2.8951168060302734
3 <---> 1 : 3.1099319458007812
3 <---> 2 : 2.660989761352539
1 <---> 3 : 3.654956817626953
1 <---> 2 : 3.436565399169922
discovery--->==================================== discovery ====================================
discovery---> cls: []
discovery--->=============================================================================
==================================== link detector ====================================

----------------------------
src    dst :    delay
2 <---> 1 : 4.018545150756836
2 <---> 3 : 2.8951168060302734
3 <---> 1 : 3.1099319458007812
3 <---> 2 : 2.660989761352539
1 <---> 3 : 3.654956817626953
1 <---> 2 : 3.436565399169922
==================================== link detector ====================================

----------------------------
src    dst :    delay
2 <---> 1 : 4.018545150756836
2 <---> 3 : 2.8951168060302734
3 <---> 1 : 3.1099319458007812
3 <---> 2 : 2.660989761352539
1 <---> 3 : 3.654956817626953
1 <---> 2 : 3.436565399169922
discovery--->==================================== discovery ====================================
discovery---> cls: []
discovery--->=============================================================================
==================================== link detector ====================================

----------------------------
src    dst :    delay
2 <---> 1 : 4.018545150756836
2 <---> 3 : 2.8951168060302734
3 <---> 1 : 3.1099319458007812
3 <---> 2 : 2.660989761352539
1 <---> 3 : 3.654956817626953
1 <---> 2 : 3.436565399169922
==================================== link detector ====================================

----------------------------
src    dst :    delay
2 <---> 1 : 4.018545150756836
2 <---> 3 : 2.8951168060302734
3 <---> 1 : 3.1099319458007812
3 <---> 2 : 2.660989761352539
1 <---> 3 : 3.654956817626953
1 <---> 2 : 3.436565399169922
discovery--->==================================== discovery ====================================
discovery---> cls: []
discovery--->=============================================================================
==================================== link detector ====================================

----------------------------
src    dst :    delay
2 <---> 1 : 4.018545150756836
2 <---> 3 : 2.8951168060302734
3 <---> 1 : 3.1099319458007812
3 <---> 2 : 2.660989761352539
1 <---> 3 : 3.654956817626953
1 <---> 2 : 3.436565399169922
discovery--->==================================== discovery ====================================
discovery---> cls: []
discovery--->=============================================================================
==================================== link detector ====================================

----------------------------
src    dst :    delay
2 <---> 1 : 4.018545150756836
2 <---> 3 : 2.8951168060302734
3 <---> 1 : 3.1099319458007812
3 <---> 2 : 2.660989761352539
1 <---> 3 : 3.654956817626953
1 <---> 2 : 3.436565399169922
==================================== link detector ====================================

----------------------------
src    dst :    delay
2 <---> 1 : 4.018545150756836
2 <---> 3 : 2.8951168060302734
3 <---> 1 : 3.1099319458007812
3 <---> 2 : 2.660989761352539
1 <---> 3 : 3.654956817626953
1 <---> 2 : 3.436565399169922
discovery--->==================================== discovery ====================================
discovery---> cls: []
discovery--->=============================================================================
==================================== link detector ====================================

----------------------------
src    dst :    delay
2 <---> 1 : 4.018545150756836
2 <---> 3 : 2.8951168060302734
3 <---> 1 : 3.1099319458007812
3 <---> 2 : 2.660989761352539
1 <---> 3 : 3.654956817626953
1 <---> 2 : 3.436565399169922
discovery--->==================================== discovery ====================================
discovery---> cls: []
discovery--->=============================================================================
==================================== link detector ====================================

----------------------------
src    dst :    delay
2 <---> 1 : 4.018545150756836
2 <---> 3 : 2.8951168060302734
3 <---> 1 : 3.1099319458007812
3 <---> 2 : 2.660989761352539
1 <---> 3 : 3.654956817626953
1 <---> 2 : 3.436565399169922
==================================== link detector ====================================

----------------------------
src    dst :    delay
2 <---> 1 : 4.018545150756836
2 <---> 3 : 2.8951168060302734
3 <---> 1 : 3.1099319458007812
3 <---> 2 : 2.660989761352539
1 <---> 3 : 3.654956817626953
1 <---> 2 : 3.436565399169922
discovery--->==================================== discovery ====================================
discovery---> cls: []
discovery--->=============================================================================
==================================== link detector ====================================

----------------------------
src    dst :    delay
2 <---> 1 : 4.018545150756836
2 <---> 3 : 2.8951168060302734
3 <---> 1 : 3.1099319458007812
3 <---> 2 : 2.660989761352539
1 <---> 3 : 3.654956817626953
1 <---> 2 : 3.436565399169922
==================================== link detector ====================================

----------------------------
src    dst :    delay
2 <---> 1 : 4.018545150756836
2 <---> 3 : 2.8951168060302734
3 <---> 1 : 3.1099319458007812
3 <---> 2 : 2.660989761352539
1 <---> 3 : 3.654956817626953
1 <---> 2 : 3.436565399169922
discovery--->==================================== discovery ====================================
discovery---> cls: []
discovery--->=============================================================================
==================================== link detector ====================================

----------------------------
src    dst :    delay
2 <---> 1 : 4.018545150756836
2 <---> 3 : 2.8951168060302734
3 <---> 1 : 3.1099319458007812
3 <---> 2 : 2.660989761352539
1 <---> 3 : 3.654956817626953
1 <---> 2 : 3.436565399169922
discovery--->==================================== discovery ====================================
discovery---> cls: []
discovery--->=============================================================================
==================================== link detector ====================================

----------------------------
src    dst :    delay
2 <---> 1 : 4.018545150756836
2 <---> 3 : 2.8951168060302734
3 <---> 1 : 3.1099319458007812
3 <---> 2 : 2.660989761352539
1 <---> 3 : 3.654956817626953
1 <---> 2 : 3.436565399169922
==================================== link detector ====================================

----------------------------
src    dst :    delay
2 <---> 1 : 4.018545150756836
2 <---> 3 : 2.8951168060302734
3 <---> 1 : 3.1099319458007812
3 <---> 2 : 2.660989761352539
1 <---> 3 : 3.654956817626953
1 <---> 2 : 3.436565399169922
discovery--->==================================== discovery ====================================
discovery---> cls: []
discovery--->=============================================================================
==================================== link detector ====================================

----------------------------
src    dst :    delay
2 <---> 1 : 4.018545150756836
2 <---> 3 : 2.8951168060302734
3 <---> 1 : 3.1099319458007812
3 <---> 2 : 2.660989761352539
1 <---> 3 : 3.654956817626953
1 <---> 2 : 3.436565399169922
discovery--->==================================== discovery ====================================
discovery---> cls: []
discovery--->=============================================================================
==================================== link detector ====================================

----------------------------
src    dst :    delay
2 <---> 1 : 4.018545150756836
2 <---> 3 : 2.8951168060302734
3 <---> 1 : 3.1099319458007812
3 <---> 2 : 2.660989761352539
1 <---> 3 : 3.654956817626953
1 <---> 2 : 3.436565399169922
==================================== link detector ====================================

----------------------------
src    dst :    delay
2 <---> 1 : 4.018545150756836
2 <---> 3 : 2.8951168060302734
3 <---> 1 : 3.1099319458007812
3 <---> 2 : 2.660989761352539
1 <---> 3 : 3.654956817626953
1 <---> 2 : 3.436565399169922
discovery--->==================================== discovery ====================================
discovery---> cls: []
discovery--->=============================================================================
==================================== link detector ====================================

----------------------------
src    dst :    delay
2 <---> 1 : 4.018545150756836
2 <---> 3 : 2.8951168060302734
3 <---> 1 : 3.1099319458007812
3 <---> 2 : 2.660989761352539
1 <---> 3 : 3.654956817626953
1 <---> 2 : 3.436565399169922
==================================== link detector ====================================

----------------------------
src    dst :    delay
2 <---> 1 : 4.018545150756836
2 <---> 3 : 2.8951168060302734
3 <---> 1 : 3.1099319458007812
3 <---> 2 : 2.660989761352539
1 <---> 3 : 3.654956817626953
1 <---> 2 : 3.436565399169922
discovery--->==================================== discovery ====================================
discovery---> cls: []
discovery--->=============================================================================
==================================== link detector ====================================

----------------------------
src    dst :    delay
2 <---> 1 : 4.018545150756836
2 <---> 3 : 2.8951168060302734
3 <---> 1 : 3.1099319458007812
3 <---> 2 : 2.660989761352539
1 <---> 3 : 3.654956817626953
1 <---> 2 : 3.436565399169922
discovery--->==================================== discovery ====================================
discovery---> cls: []
discovery--->=============================================================================
==================================== link detector ====================================

----------------------------
src    dst :    delay
2 <---> 1 : 4.018545150756836
2 <---> 3 : 2.8951168060302734
3 <---> 1 : 3.1099319458007812
3 <---> 2 : 2.660989761352539
1 <---> 3 : 3.654956817626953
1 <---> 2 : 3.436565399169922
==================================== link detector ====================================

----------------------------
src    dst :    delay
2 <---> 1 : 4.018545150756836
2 <---> 3 : 2.8951168060302734
3 <---> 1 : 3.1099319458007812
3 <---> 2 : 2.660989761352539
1 <---> 3 : 3.654956817626953
1 <---> 2 : 3.436565399169922
discovery--->==================================== discovery ====================================
discovery---> cls: []
discovery--->=============================================================================
==================================== link detector ====================================

----------------------------
src    dst :    delay
2 <---> 1 : 4.018545150756836
2 <---> 3 : 2.8951168060302734
3 <---> 1 : 3.1099319458007812
3 <---> 2 : 2.660989761352539
1 <---> 3 : 3.654956817626953
1 <---> 2 : 3.436565399169922
discovery--->==================================== discovery ====================================
discovery---> cls: []
discovery--->=============================================================================
==================================== link detector ====================================

----------------------------
src    dst :    delay
2 <---> 1 : 4.018545150756836
2 <---> 3 : 2.8951168060302734
3 <---> 1 : 3.1099319458007812
3 <---> 2 : 2.660989761352539
1 <---> 3 : 3.654956817626953
1 <---> 2 : 3.436565399169922
==================================== link detector ====================================

----------------------------
src    dst :    delay
2 <---> 1 : 4.018545150756836
2 <---> 3 : 2.8951168060302734
3 <---> 1 : 3.1099319458007812
3 <---> 2 : 2.660989761352539
1 <---> 3 : 3.654956817626953
1 <---> 2 : 3.436565399169922
discovery--->==================================== discovery ====================================
discovery---> cls: []
discovery--->=============================================================================
==================================== link detector ====================================

----------------------------
src    dst :    delay
2 <---> 1 : 4.018545150756836
2 <---> 3 : 2.8951168060302734
3 <---> 1 : 3.1099319458007812
3 <---> 2 : 2.660989761352539
1 <---> 3 : 3.654956817626953
1 <---> 2 : 3.436565399169922
discovery--->==================================== discovery ====================================
discovery---> cls: []
discovery--->=============================================================================
==================================== link detector ====================================

----------------------------
src    dst :    delay
2 <---> 1 : 4.018545150756836
2 <---> 3 : 2.8951168060302734
3 <---> 1 : 3.1099319458007812
3 <---> 2 : 2.660989761352539
1 <---> 3 : 3.654956817626953
1 <---> 2 : 3.436565399169922
==================================== link detector ====================================

----------------------------
src    dst :    delay
2 <---> 1 : 4.018545150756836
2 <---> 3 : 2.8951168060302734
3 <---> 1 : 3.1099319458007812
3 <---> 2 : 2.660989761352539
1 <---> 3 : 3.654956817626953
1 <---> 2 : 3.436565399169922
discovery--->==================================== discovery ====================================
discovery---> cls: []
discovery--->=============================================================================
==================================== link detector ====================================

----------------------------
src    dst :    delay
2 <---> 1 : 4.018545150756836
2 <---> 3 : 2.8951168060302734
3 <---> 1 : 3.1099319458007812
3 <---> 2 : 2.660989761352539
1 <---> 3 : 3.654956817626953
1 <---> 2 : 3.436565399169922
==================================== link detector ====================================

----------------------------
src    dst :    delay
2 <---> 1 : 4.018545150756836
2 <---> 3 : 2.8951168060302734
3 <---> 1 : 3.1099319458007812
3 <---> 2 : 2.660989761352539
1 <---> 3 : 3.654956817626953
1 <---> 2 : 3.436565399169922
discovery--->==================================== discovery ====================================
discovery---> cls: []
discovery--->=============================================================================
==================================== link detector ====================================

----------------------------
src    dst :    delay
2 <---> 1 : 4.018545150756836
2 <---> 3 : 2.8951168060302734
3 <---> 1 : 3.1099319458007812
3 <---> 2 : 2.660989761352539
1 <---> 3 : 3.654956817626953
1 <---> 2 : 3.436565399169922
discovery--->==================================== discovery ====================================
discovery---> cls: []
discovery--->=============================================================================
==================================== link detector ====================================

----------------------------
src    dst :    delay
2 <---> 1 : 4.018545150756836
2 <---> 3 : 2.8951168060302734
3 <---> 1 : 3.1099319458007812
3 <---> 2 : 2.660989761352539
1 <---> 3 : 3.654956817626953
1 <---> 2 : 3.436565399169922
==================================== link detector ====================================

----------------------------
src    dst :    delay
2 <---> 1 : 4.018545150756836
2 <---> 3 : 2.8951168060302734
3 <---> 1 : 3.1099319458007812
3 <---> 2 : 2.660989761352539
1 <---> 3 : 3.654956817626953
1 <---> 2 : 3.436565399169922
discovery--->==================================== discovery ====================================
discovery---> cls: []
discovery--->=============================================================================
==================================== link detector ====================================

----------------------------
src    dst :    delay
2 <---> 1 : 4.018545150756836
2 <---> 3 : 2.8951168060302734
3 <---> 1 : 3.1099319458007812
3 <---> 2 : 2.660989761352539
1 <---> 3 : 3.654956817626953
1 <---> 2 : 3.436565399169922
discovery--->==================================== discovery ====================================
discovery---> cls: []
discovery--->=============================================================================
==================================== link detector ====================================

----------------------------
src    dst :    delay
2 <---> 1 : 4.018545150756836
2 <---> 3 : 2.8951168060302734
3 <---> 1 : 3.1099319458007812
3 <---> 2 : 2.660989761352539
1 <---> 3 : 3.654956817626953
1 <---> 2 : 3.436565399169922
==================================== link detector ====================================

----------------------------
src    dst :    delay
2 <---> 1 : 4.018545150756836
2 <---> 3 : 2.8951168060302734
3 <---> 1 : 3.1099319458007812
3 <---> 2 : 2.660989761352539
1 <---> 3 : 3.654956817626953
1 <---> 2 : 3.436565399169922
discovery--->==================================== discovery ====================================
discovery---> cls: []
discovery--->=============================================================================
==================================== link detector ====================================

----------------------------
src    dst :    delay
2 <---> 1 : 4.018545150756836
2 <---> 3 : 2.8951168060302734
3 <---> 1 : 3.1099319458007812
3 <---> 2 : 2.660989761352539
1 <---> 3 : 3.654956817626953
1 <---> 2 : 3.436565399169922
==================================== link detector ====================================

----------------------------
src    dst :    delay
2 <---> 1 : 4.018545150756836
2 <---> 3 : 2.8951168060302734
3 <---> 1 : 3.1099319458007812
3 <---> 2 : 2.660989761352539
1 <---> 3 : 3.654956817626953
1 <---> 2 : 3.436565399169922
discovery--->==================================== discovery ====================================
discovery---> cls: []
discovery--->=============================================================================
==================================== link detector ====================================

----------------------------
src    dst :    delay
2 <---> 1 : 4.018545150756836
2 <---> 3 : 2.8951168060302734
3 <---> 1 : 3.1099319458007812
3 <---> 2 : 2.660989761352539
1 <---> 3 : 3.654956817626953
1 <---> 2 : 3.436565399169922
discovery--->==================================== discovery ====================================
discovery---> cls: []
discovery--->=============================================================================
==================================== link detector ====================================

----------------------------
src    dst :    delay
2 <---> 1 : 4.018545150756836
2 <---> 3 : 2.8951168060302734
3 <---> 1 : 3.1099319458007812
3 <---> 2 : 2.660989761352539
1 <---> 3 : 3.654956817626953
1 <---> 2 : 3.436565399169922
==================================== link detector ====================================

----------------------------
src    dst :    delay
2 <---> 1 : 4.018545150756836
2 <---> 3 : 2.8951168060302734
3 <---> 1 : 3.1099319458007812
3 <---> 2 : 2.660989761352539
1 <---> 3 : 3.654956817626953
1 <---> 2 : 3.436565399169922
discovery--->==================================== discovery ====================================
discovery---> cls: []
discovery--->=============================================================================
==================================== link detector ====================================

----------------------------
src    dst :    delay
2 <---> 1 : 4.018545150756836
2 <---> 3 : 2.8951168060302734
3 <---> 1 : 3.1099319458007812
3 <---> 2 : 2.660989761352539
1 <---> 3 : 3.654956817626953
1 <---> 2 : 3.436565399169922
discovery--->==================================== discovery ====================================
discovery---> cls: []
discovery--->=============================================================================
==================================== link detector ====================================

----------------------------
src    dst :    delay
2 <---> 1 : 4.018545150756836
2 <---> 3 : 2.8951168060302734
3 <---> 1 : 3.1099319458007812
3 <---> 2 : 2.660989761352539
1 <---> 3 : 3.654956817626953
1 <---> 2 : 3.436565399169922
==================================== link detector ====================================

----------------------------
src    dst :    delay
2 <---> 1 : 4.018545150756836
2 <---> 3 : 2.8951168060302734
3 <---> 1 : 3.1099319458007812
3 <---> 2 : 2.660989761352539
1 <---> 3 : 3.654956817626953
1 <---> 2 : 3.436565399169922
discovery--->==================================== discovery ====================================
discovery---> cls: []
discovery--->=============================================================================
==================================== link detector ====================================

----------------------------
src    dst :    delay
2 <---> 1 : 4.018545150756836
2 <---> 3 : 2.8951168060302734
3 <---> 1 : 3.1099319458007812
3 <---> 2 : 2.660989761352539
1 <---> 3 : 3.654956817626953
1 <---> 2 : 3.436565399169922
discovery--->==================================== discovery ====================================
discovery---> cls: []
discovery--->=============================================================================
==================================== link detector ====================================

----------------------------
src    dst :    delay
2 <---> 1 : 4.018545150756836
2 <---> 3 : 2.8951168060302734
3 <---> 1 : 3.1099319458007812
3 <---> 2 : 2.660989761352539
1 <---> 3 : 3.654956817626953
1 <---> 2 : 3.436565399169922
==================================== link detector ====================================

----------------------------
src    dst :    delay
2 <---> 1 : 4.018545150756836
2 <---> 3 : 2.8951168060302734
3 <---> 1 : 3.1099319458007812
3 <---> 2 : 2.660989761352539
1 <---> 3 : 3.654956817626953
1 <---> 2 : 3.436565399169922
discovery--->==================================== discovery ====================================
discovery---> cls: []
discovery--->=============================================================================
==================================== link detector ====================================

----------------------------
src    dst :    delay
2 <---> 1 : 4.018545150756836
2 <---> 3 : 2.8951168060302734
3 <---> 1 : 3.1099319458007812
3 <---> 2 : 2.660989761352539
1 <---> 3 : 3.654956817626953
1 <---> 2 : 3.436565399169922
==================================== link detector ====================================

----------------------------
src    dst :    delay
2 <---> 1 : 4.018545150756836
2 <---> 3 : 2.8951168060302734
3 <---> 1 : 3.1099319458007812
3 <---> 2 : 2.660989761352539
1 <---> 3 : 3.654956817626953
1 <---> 2 : 3.436565399169922
discovery--->==================================== discovery ====================================
discovery---> cls: []
discovery--->=============================================================================
==================================== link detector ====================================

----------------------------
src    dst :    delay
2 <---> 1 : 4.018545150756836
2 <---> 3 : 2.8951168060302734
3 <---> 1 : 3.1099319458007812
3 <---> 2 : 2.660989761352539
1 <---> 3 : 3.654956817626953
1 <---> 2 : 3.436565399169922
discovery--->==================================== discovery ====================================
discovery---> cls: []
discovery--->=============================================================================
==================================== link detector ====================================

----------------------------
src    dst :    delay
2 <---> 1 : 4.018545150756836
2 <---> 3 : 2.8951168060302734
3 <---> 1 : 3.1099319458007812
3 <---> 2 : 2.660989761352539
1 <---> 3 : 3.654956817626953
1 <---> 2 : 3.436565399169922
==================================== link detector ====================================

----------------------------
src    dst :    delay
2 <---> 1 : 4.018545150756836
2 <---> 3 : 2.8951168060302734
3 <---> 1 : 3.1099319458007812
3 <---> 2 : 2.660989761352539
1 <---> 3 : 3.654956817626953
1 <---> 2 : 3.436565399169922
discovery--->==================================== discovery ====================================
discovery---> cls: []
discovery--->=============================================================================
==================================== link detector ====================================

----------------------------
src    dst :    delay
2 <---> 1 : 4.018545150756836
2 <---> 3 : 2.8951168060302734
3 <---> 1 : 3.1099319458007812
3 <---> 2 : 2.660989761352539
1 <---> 3 : 3.654956817626953
1 <---> 2 : 3.436565399169922
discovery--->==================================== discovery ====================================
discovery---> cls: []
discovery--->=============================================================================
==================================== link detector ====================================

----------------------------
src    dst :    delay
2 <---> 1 : 4.018545150756836
2 <---> 3 : 2.8951168060302734
3 <---> 1 : 3.1099319458007812
3 <---> 2 : 2.660989761352539
1 <---> 3 : 3.654956817626953
1 <---> 2 : 3.436565399169922
==================================== link detector ====================================

----------------------------
src    dst :    delay
2 <---> 1 : 4.018545150756836
2 <---> 3 : 2.8951168060302734
3 <---> 1 : 3.1099319458007812
3 <---> 2 : 2.660989761352539
1 <---> 3 : 3.654956817626953
1 <---> 2 : 3.436565399169922
discovery--->==================================== discovery ====================================
discovery---> cls: []
discovery--->=============================================================================
==================================== link detector ====================================

----------------------------
src    dst :    delay
2 <---> 1 : 4.018545150756836
2 <---> 3 : 2.8951168060302734
3 <---> 1 : 3.1099319458007812
3 <---> 2 : 2.660989761352539
1 <---> 3 : 3.654956817626953
1 <---> 2 : 3.436565399169922
==================================== link detector ====================================

----------------------------
src    dst :    delay
2 <---> 1 : 4.018545150756836
2 <---> 3 : 2.8951168060302734
3 <---> 1 : 3.1099319458007812
3 <---> 2 : 2.660989761352539
1 <---> 3 : 3.654956817626953
1 <---> 2 : 3.436565399169922
discovery--->==================================== discovery ====================================
discovery---> cls: []
discovery--->=============================================================================
==================================== link detector ====================================

----------------------------
src    dst :    delay
2 <---> 1 : 4.018545150756836
2 <---> 3 : 2.8951168060302734
3 <---> 1 : 3.1099319458007812
3 <---> 2 : 2.660989761352539
1 <---> 3 : 3.654956817626953
1 <---> 2 : 3.436565399169922
discovery--->==================================== discovery ====================================
discovery---> cls: []
discovery--->=============================================================================
==================================== link detector ====================================

----------------------------
src    dst :    delay
2 <---> 1 : 4.018545150756836
2 <---> 3 : 2.8951168060302734
3 <---> 1 : 3.1099319458007812
3 <---> 2 : 2.660989761352539
1 <---> 3 : 3.654956817626953
1 <---> 2 : 3.436565399169922
==================================== link detector ====================================

----------------------------
src    dst :    delay
2 <---> 1 : 4.018545150756836
2 <---> 3 : 2.8951168060302734
3 <---> 1 : 3.1099319458007812
3 <---> 2 : 2.660989761352539
1 <---> 3 : 3.654956817626953
1 <---> 2 : 3.436565399169922
discovery--->==================================== discovery ====================================
discovery---> cls: []
discovery--->=============================================================================
==================================== link detector ====================================

----------------------------
src    dst :    delay
2 <---> 1 : 4.018545150756836
2 <---> 3 : 2.8951168060302734
3 <---> 1 : 3.1099319458007812
3 <---> 2 : 2.660989761352539
1 <---> 3 : 3.654956817626953
1 <---> 2 : 3.436565399169922
discovery--->==================================== discovery ====================================
discovery---> cls: []
discovery--->=============================================================================
==================================== link detector ====================================

----------------------------
src    dst :    delay
2 <---> 1 : 4.018545150756836
2 <---> 3 : 2.8951168060302734
3 <---> 1 : 3.1099319458007812
3 <---> 2 : 2.660989761352539
1 <---> 3 : 3.654956817626953
1 <---> 2 : 3.436565399169922
==================================== link detector ====================================

----------------------------
src    dst :    delay
2 <---> 1 : 4.018545150756836
2 <---> 3 : 2.8951168060302734
3 <---> 1 : 3.1099319458007812
3 <---> 2 : 2.660989761352539
1 <---> 3 : 3.654956817626953
1 <---> 2 : 3.436565399169922
discovery--->==================================== discovery ====================================
discovery---> cls: []
discovery--->=============================================================================
==================================== link detector ====================================

----------------------------
src    dst :    delay
2 <---> 1 : 4.018545150756836
2 <---> 3 : 2.8951168060302734
3 <---> 1 : 3.1099319458007812
3 <---> 2 : 2.660989761352539
1 <---> 3 : 3.654956817626953
1 <---> 2 : 3.436565399169922
==================================== link detector ====================================

----------------------------
src    dst :    delay
2 <---> 1 : 4.018545150756836
2 <---> 3 : 2.8951168060302734
3 <---> 1 : 3.1099319458007812
3 <---> 2 : 2.660989761352539
1 <---> 3 : 3.654956817626953
1 <---> 2 : 3.436565399169922
discovery--->==================================== discovery ====================================
discovery---> cls: []
discovery--->=============================================================================
==================================== link detector ====================================

----------------------------
src    dst :    delay
2 <---> 1 : 4.018545150756836
2 <---> 3 : 2.8951168060302734
3 <---> 1 : 3.1099319458007812
3 <---> 2 : 2.660989761352539
1 <---> 3 : 3.654956817626953
1 <---> 2 : 3.436565399169922
discovery--->==================================== discovery ====================================
discovery---> cls: []
discovery--->=============================================================================
==================================== link detector ====================================

----------------------------
src    dst :    delay
2 <---> 1 : 4.018545150756836
2 <---> 3 : 2.8951168060302734
3 <---> 1 : 3.1099319458007812
3 <---> 2 : 2.660989761352539
1 <---> 3 : 3.654956817626953
1 <---> 2 : 3.436565399169922
==================================== link detector ====================================

----------------------------
src    dst :    delay
2 <---> 1 : 4.018545150756836
2 <---> 3 : 2.8951168060302734
3 <---> 1 : 3.1099319458007812
3 <---> 2 : 2.660989761352539
1 <---> 3 : 3.654956817626953
1 <---> 2 : 3.436565399169922
discovery--->==================================== discovery ====================================
discovery---> cls: []
discovery--->=============================================================================
==================================== link detector ====================================

----------------------------
src    dst :    delay
2 <---> 1 : 4.018545150756836
2 <---> 3 : 2.8951168060302734
3 <---> 1 : 3.1099319458007812
3 <---> 2 : 2.660989761352539
1 <---> 3 : 3.654956817626953
1 <---> 2 : 3.436565399169922
discovery--->==================================== discovery ====================================
discovery---> cls: []
discovery--->=============================================================================
==================================== link detector ====================================

----------------------------
src    dst :    delay
2 <---> 1 : 4.018545150756836
2 <---> 3 : 2.8951168060302734
3 <---> 1 : 3.1099319458007812
3 <---> 2 : 2.660989761352539
1 <---> 3 : 3.654956817626953
1 <---> 2 : 3.436565399169922
==================================== link detector ====================================

----------------------------
src    dst :    delay
2 <---> 1 : 4.018545150756836
2 <---> 3 : 2.8951168060302734
3 <---> 1 : 3.1099319458007812
3 <---> 2 : 2.660989761352539
1 <---> 3 : 3.654956817626953
1 <---> 2 : 3.436565399169922
discovery--->==================================== discovery ====================================
discovery---> cls: []
discovery--->=============================================================================
==================================== link detector ====================================

----------------------------
src    dst :    delay
2 <---> 1 : 4.018545150756836
2 <---> 3 : 2.8951168060302734
3 <---> 1 : 3.1099319458007812
3 <---> 2 : 2.660989761352539
1 <---> 3 : 3.654956817626953
1 <---> 2 : 3.436565399169922
discovery--->==================================== discovery ====================================
discovery---> cls: []
discovery--->=============================================================================
==================================== link detector ====================================

----------------------------
src    dst :    delay
2 <---> 1 : 4.018545150756836
2 <---> 3 : 2.8951168060302734
3 <---> 1 : 3.1099319458007812
3 <---> 2 : 2.660989761352539
1 <---> 3 : 3.654956817626953
1 <---> 2 : 3.436565399169922
==================================== link detector ====================================

----------------------------
src    dst :    delay
2 <---> 1 : 4.018545150756836
2 <---> 3 : 2.8951168060302734
3 <---> 1 : 3.1099319458007812
3 <---> 2 : 2.660989761352539
1 <---> 3 : 3.654956817626953
1 <---> 2 : 3.436565399169922
discovery--->==================================== discovery ====================================
discovery---> cls: []
discovery--->=============================================================================
==================================== link detector ====================================

----------------------------
src    dst :    delay
2 <---> 1 : 4.018545150756836
2 <---> 3 : 2.8951168060302734
3 <---> 1 : 3.1099319458007812
3 <---> 2 : 2.660989761352539
1 <---> 3 : 3.654956817626953
1 <---> 2 : 3.436565399169922
==================================== link detector ====================================

----------------------------
src    dst :    delay
2 <---> 1 : 4.018545150756836
2 <---> 3 : 2.8951168060302734
3 <---> 1 : 3.1099319458007812
3 <---> 2 : 2.660989761352539
1 <---> 3 : 3.654956817626953
1 <---> 2 : 3.436565399169922
discovery--->==================================== discovery ====================================
discovery---> cls: []
discovery--->=============================================================================
==================================== link detector ====================================

----------------------------
src    dst :    delay
2 <---> 1 : 4.018545150756836
2 <---> 3 : 2.8951168060302734
3 <---> 1 : 3.1099319458007812
3 <---> 2 : 2.660989761352539
1 <---> 3 : 3.654956817626953
1 <---> 2 : 3.436565399169922
discovery--->==================================== discovery ====================================
discovery---> cls: []
discovery--->=============================================================================
==================================== link detector ====================================

----------------------------
src    dst :    delay
2 <---> 1 : 4.018545150756836
2 <---> 3 : 2.8951168060302734
3 <---> 1 : 3.1099319458007812
3 <---> 2 : 2.660989761352539
1 <---> 3 : 3.654956817626953
1 <---> 2 : 3.436565399169922
==================================== link detector ====================================

----------------------------
src    dst :    delay
2 <---> 1 : 4.018545150756836
2 <---> 3 : 2.8951168060302734
3 <---> 1 : 3.1099319458007812
3 <---> 2 : 2.660989761352539
1 <---> 3 : 3.654956817626953
1 <---> 2 : 3.436565399169922
discovery--->==================================== discovery ====================================
discovery---> cls: []
discovery--->=============================================================================
==================================== link detector ====================================

----------------------------
src    dst :    delay
2 <---> 1 : 4.018545150756836
2 <---> 3 : 2.8951168060302734
3 <---> 1 : 3.1099319458007812
3 <---> 2 : 2.660989761352539
1 <---> 3 : 3.654956817626953
1 <---> 2 : 3.436565399169922
discovery--->==================================== discovery ====================================
discovery---> cls: []
discovery--->=============================================================================
==================================== link detector ====================================

----------------------------
src    dst :    delay
2 <---> 1 : 4.018545150756836
2 <---> 3 : 2.8951168060302734
3 <---> 1 : 3.1099319458007812
3 <---> 2 : 2.660989761352539
1 <---> 3 : 3.654956817626953
1 <---> 2 : 3.436565399169922
==================================== link detector ====================================

----------------------------
src    dst :    delay
2 <---> 1 : 4.018545150756836
2 <---> 3 : 2.8951168060302734
3 <---> 1 : 3.1099319458007812
3 <---> 2 : 2.660989761352539
1 <---> 3 : 3.654956817626953
1 <---> 2 : 3.436565399169922
discovery--->==================================== discovery ====================================
discovery---> cls: []
discovery--->=============================================================================
==================================== link detector ====================================

----------------------------
src    dst :    delay
2 <---> 1 : 4.018545150756836
2 <---> 3 : 2.8951168060302734
3 <---> 1 : 3.1099319458007812
3 <---> 2 : 2.660989761352539
1 <---> 3 : 3.654956817626953
1 <---> 2 : 3.436565399169922
==================================== link detector ====================================

----------------------------
src    dst :    delay
2 <---> 1 : 4.018545150756836
2 <---> 3 : 2.8951168060302734
3 <---> 1 : 3.1099319458007812
3 <---> 2 : 2.660989761352539
1 <---> 3 : 3.654956817626953
1 <---> 2 : 3.436565399169922
discovery--->==================================== discovery ====================================
discovery---> cls: []
discovery--->=============================================================================
==================================== link detector ====================================

----------------------------
src    dst :    delay
2 <---> 1 : 4.018545150756836
2 <---> 3 : 2.8951168060302734
3 <---> 1 : 3.1099319458007812
3 <---> 2 : 2.660989761352539
1 <---> 3 : 3.654956817626953
1 <---> 2 : 3.436565399169922
discovery--->==================================== discovery ====================================
discovery---> cls: []
discovery--->=============================================================================
==================================== link detector ====================================

----------------------------
src    dst :    delay
2 <---> 1 : 4.018545150756836
2 <---> 3 : 2.8951168060302734
3 <---> 1 : 3.1099319458007812
3 <---> 2 : 2.660989761352539
1 <---> 3 : 3.654956817626953
1 <---> 2 : 3.436565399169922
==================================== link detector ====================================

----------------------------
src    dst :    delay
2 <---> 1 : 4.018545150756836
2 <---> 3 : 2.8951168060302734
3 <---> 1 : 3.1099319458007812
3 <---> 2 : 2.660989761352539
1 <---> 3 : 3.654956817626953
1 <---> 2 : 3.436565399169922
discovery--->==================================== discovery ====================================
discovery---> cls: []
discovery--->=============================================================================
==================================== link detector ====================================

----------------------------
src    dst :    delay
2 <---> 1 : 4.018545150756836
2 <---> 3 : 2.8951168060302734
3 <---> 1 : 3.1099319458007812
3 <---> 2 : 2.660989761352539
1 <---> 3 : 3.654956817626953
1 <---> 2 : 3.436565399169922
discovery--->==================================== discovery ====================================
discovery---> cls: []
discovery--->=============================================================================
==================================== link detector ====================================

----------------------------
src    dst :    delay
2 <---> 1 : 4.018545150756836
2 <---> 3 : 2.8951168060302734
3 <---> 1 : 3.1099319458007812
3 <---> 2 : 2.660989761352539
1 <---> 3 : 3.654956817626953
1 <---> 2 : 3.436565399169922
==================================== link detector ====================================

----------------------------
src    dst :    delay
2 <---> 1 : 4.018545150756836
2 <---> 3 : 2.8951168060302734
3 <---> 1 : 3.1099319458007812
3 <---> 2 : 2.660989761352539
1 <---> 3 : 3.654956817626953
1 <---> 2 : 3.436565399169922
discovery--->==================================== discovery ====================================
discovery---> cls: []
discovery--->=============================================================================
==================================== link detector ====================================

----------------------------
src    dst :    delay
2 <---> 1 : 4.018545150756836
2 <---> 3 : 2.8951168060302734
3 <---> 1 : 3.1099319458007812
3 <---> 2 : 2.660989761352539
1 <---> 3 : 3.654956817626953
1 <---> 2 : 3.436565399169922
discovery--->==================================== discovery ====================================
discovery---> cls: []
discovery--->=============================================================================
==================================== link detector ====================================

----------------------------
src    dst :    delay
2 <---> 1 : 4.018545150756836
2 <---> 3 : 2.8951168060302734
3 <---> 1 : 3.1099319458007812
3 <---> 2 : 2.660989761352539
1 <---> 3 : 3.654956817626953
1 <---> 2 : 3.436565399169922
==================================== link detector ====================================

----------------------------
src    dst :    delay
2 <---> 1 : 4.018545150756836
2 <---> 3 : 2.8951168060302734
3 <---> 1 : 3.1099319458007812
3 <---> 2 : 2.660989761352539
1 <---> 3 : 3.654956817626953
1 <---> 2 : 3.436565399169922
discovery--->==================================== discovery ====================================
discovery---> cls: []
discovery--->=============================================================================
==================================== link detector ====================================

----------------------------
src    dst :    delay
2 <---> 1 : 4.018545150756836
2 <---> 3 : 2.8951168060302734
3 <---> 1 : 3.1099319458007812
3 <---> 2 : 2.660989761352539
1 <---> 3 : 3.654956817626953
1 <---> 2 : 3.436565399169922
==================================== link detector ====================================

----------------------------
src    dst :    delay
2 <---> 1 : 4.018545150756836
2 <---> 3 : 2.8951168060302734
3 <---> 1 : 3.1099319458007812
3 <---> 2 : 2.660989761352539
1 <---> 3 : 3.654956817626953
1 <---> 2 : 3.436565399169922
discovery--->==================================== discovery ====================================
discovery---> cls: []
discovery--->=============================================================================
==================================== link detector ====================================

----------------------------
src    dst :    delay
2 <---> 1 : 4.018545150756836
2 <---> 3 : 2.8951168060302734
3 <---> 1 : 3.1099319458007812
3 <---> 2 : 2.660989761352539
1 <---> 3 : 3.654956817626953
1 <---> 2 : 3.436565399169922
discovery--->==================================== discovery ====================================
discovery---> cls: []
discovery--->=============================================================================
==================================== link detector ====================================

----------------------------
src    dst :    delay
2 <---> 1 : 4.018545150756836
2 <---> 3 : 2.8951168060302734
3 <---> 1 : 3.1099319458007812
3 <---> 2 : 2.660989761352539
1 <---> 3 : 3.654956817626953
1 <---> 2 : 3.436565399169922
==================================== link detector ====================================

----------------------------
src    dst :    delay
2 <---> 1 : 4.018545150756836
2 <---> 3 : 2.8951168060302734
3 <---> 1 : 3.1099319458007812
3 <---> 2 : 2.660989761352539
1 <---> 3 : 3.654956817626953
1 <---> 2 : 3.436565399169922
discovery--->==================================== discovery ====================================
discovery---> cls: []
discovery--->=============================================================================
==================================== link detector ====================================

----------------------------
src    dst :    delay
2 <---> 1 : 4.018545150756836
2 <---> 3 : 2.8951168060302734
3 <---> 1 : 3.1099319458007812
3 <---> 2 : 2.660989761352539
1 <---> 3 : 3.654956817626953
1 <---> 2 : 3.436565399169922
discovery--->==================================== discovery ====================================
discovery---> cls: []
discovery--->=============================================================================
==================================== link detector ====================================

----------------------------
src    dst :    delay
2 <---> 1 : 4.018545150756836
2 <---> 3 : 2.8951168060302734
3 <---> 1 : 3.1099319458007812
3 <---> 2 : 2.660989761352539
1 <---> 3 : 3.654956817626953
1 <---> 2 : 3.436565399169922
==================================== link detector ====================================

----------------------------
src    dst :    delay
2 <---> 1 : 4.018545150756836
2 <---> 3 : 2.8951168060302734
3 <---> 1 : 3.1099319458007812
3 <---> 2 : 2.660989761352539
1 <---> 3 : 3.654956817626953
1 <---> 2 : 3.436565399169922
discovery--->==================================== discovery ====================================
discovery---> cls: []
discovery--->=============================================================================
==================================== link detector ====================================

----------------------------
src    dst :    delay
2 <---> 1 : 4.018545150756836
2 <---> 3 : 2.8951168060302734
3 <---> 1 : 3.1099319458007812
3 <---> 2 : 2.660989761352539
1 <---> 3 : 3.654956817626953
1 <---> 2 : 3.436565399169922
==================================== link detector ====================================

----------------------------
src    dst :    delay
2 <---> 1 : 4.018545150756836
2 <---> 3 : 2.8951168060302734
3 <---> 1 : 3.1099319458007812
3 <---> 2 : 2.660989761352539
1 <---> 3 : 3.654956817626953
1 <---> 2 : 3.436565399169922
discovery--->==================================== discovery ====================================
discovery---> cls: []
discovery--->=============================================================================
==================================== link detector ====================================

----------------------------
src    dst :    delay
2 <---> 1 : 4.018545150756836
2 <---> 3 : 2.8951168060302734
3 <---> 1 : 3.1099319458007812
3 <---> 2 : 2.660989761352539
1 <---> 3 : 3.654956817626953
1 <---> 2 : 3.436565399169922
discovery--->==================================== discovery ====================================
discovery---> cls: []
discovery--->=============================================================================
==================================== link detector ====================================

----------------------------
src    dst :    delay
2 <---> 1 : 4.018545150756836
2 <---> 3 : 2.8951168060302734
3 <---> 1 : 3.1099319458007812
3 <---> 2 : 2.660989761352539
1 <---> 3 : 3.654956817626953
1 <---> 2 : 3.436565399169922
==================================== link detector ====================================

----------------------------
src    dst :    delay
2 <---> 1 : 4.018545150756836
2 <---> 3 : 2.8951168060302734
3 <---> 1 : 3.1099319458007812
3 <---> 2 : 2.660989761352539
1 <---> 3 : 3.654956817626953
1 <---> 2 : 3.436565399169922
discovery--->==================================== discovery ====================================
discovery---> cls: []
discovery--->=============================================================================
==================================== link detector ====================================

----------------------------
src    dst :    delay
2 <---> 1 : 4.018545150756836
2 <---> 3 : 2.8951168060302734
3 <---> 1 : 3.1099319458007812
3 <---> 2 : 2.660989761352539
1 <---> 3 : 3.654956817626953
1 <---> 2 : 3.436565399169922
discovery--->==================================== discovery ====================================
discovery---> cls: []
discovery--->=============================================================================
==================================== link detector ====================================

----------------------------
src    dst :    delay
2 <---> 1 : 4.018545150756836
2 <---> 3 : 2.8951168060302734
3 <---> 1 : 3.1099319458007812
3 <---> 2 : 2.660989761352539
1 <---> 3 : 3.654956817626953
1 <---> 2 : 3.436565399169922
==================================== link detector ====================================

----------------------------
src    dst :    delay
2 <---> 1 : 4.018545150756836
2 <---> 3 : 2.8951168060302734
3 <---> 1 : 3.1099319458007812
3 <---> 2 : 2.660989761352539
1 <---> 3 : 3.654956817626953
1 <---> 2 : 3.436565399169922
discovery--->==================================== discovery ====================================
discovery---> cls: []
discovery--->=============================================================================
==================================== link detector ====================================

----------------------------
src    dst :    delay
2 <---> 1 : 4.018545150756836
2 <---> 3 : 2.8951168060302734
3 <---> 1 : 3.1099319458007812
3 <---> 2 : 2.660989761352539
1 <---> 3 : 3.654956817626953
1 <---> 2 : 3.436565399169922
==================================== link detector ====================================

----------------------------
src    dst :    delay
2 <---> 1 : 4.018545150756836
2 <---> 3 : 2.8951168060302734
3 <---> 1 : 3.1099319458007812
3 <---> 2 : 2.660989761352539
1 <---> 3 : 3.654956817626953
1 <---> 2 : 3.436565399169922
discovery--->==================================== discovery ====================================
discovery---> cls: []
discovery--->=============================================================================
==================================== link detector ====================================

----------------------------
src    dst :    delay
2 <---> 1 : 4.018545150756836
2 <---> 3 : 2.8951168060302734
3 <---> 1 : 3.1099319458007812
3 <---> 2 : 2.660989761352539
1 <---> 3 : 3.654956817626953
1 <---> 2 : 3.436565399169922
discovery--->==================================== discovery ====================================
discovery---> cls: []
discovery--->=============================================================================
==================================== link detector ====================================

----------------------------
src    dst :    delay
2 <---> 1 : 4.018545150756836
2 <---> 3 : 2.8951168060302734
3 <---> 1 : 3.1099319458007812
3 <---> 2 : 2.660989761352539
1 <---> 3 : 3.654956817626953
1 <---> 2 : 3.436565399169922
==================================== link detector ====================================

----------------------------
src    dst :    delay
2 <---> 1 : 4.018545150756836
2 <---> 3 : 2.8951168060302734
3 <---> 1 : 3.1099319458007812
3 <---> 2 : 2.660989761352539
1 <---> 3 : 3.654956817626953
1 <---> 2 : 3.436565399169922
discovery--->==================================== discovery ====================================
discovery---> cls: []
discovery--->=============================================================================
==================================== link detector ====================================

----------------------------
src    dst :    delay
2 <---> 1 : 4.018545150756836
2 <---> 3 : 2.8951168060302734
3 <---> 1 : 3.1099319458007812
3 <---> 2 : 2.660989761352539
1 <---> 3 : 3.654956817626953
1 <---> 2 : 3.436565399169922
discovery--->==================================== discovery ====================================
discovery---> cls: []
discovery--->=============================================================================
==================================== link detector ====================================

----------------------------
src    dst :    delay
2 <---> 1 : 4.018545150756836
2 <---> 3 : 2.8951168060302734
3 <---> 1 : 3.1099319458007812
3 <---> 2 : 2.660989761352539
1 <---> 3 : 3.654956817626953
1 <---> 2 : 3.436565399169922
==================================== link detector ====================================

----------------------------
src    dst :    delay
2 <---> 1 : 4.018545150756836
2 <---> 3 : 2.8951168060302734
3 <---> 1 : 3.1099319458007812
3 <---> 2 : 2.660989761352539
1 <---> 3 : 3.654956817626953
1 <---> 2 : 3.436565399169922
discovery--->==================================== discovery ====================================
discovery---> cls: []
discovery--->=============================================================================
==================================== link detector ====================================

----------------------------
src    dst :    delay
2 <---> 1 : 4.018545150756836
2 <---> 3 : 2.8951168060302734
3 <---> 1 : 3.1099319458007812
3 <---> 2 : 2.660989761352539
1 <---> 3 : 3.654956817626953
1 <---> 2 : 3.436565399169922
discovery--->==================================== discovery ====================================
discovery---> cls: []
discovery--->=============================================================================
==================================== link detector ====================================

----------------------------
src    dst :    delay
2 <---> 1 : 4.018545150756836
2 <---> 3 : 2.8951168060302734
3 <---> 1 : 3.1099319458007812
3 <---> 2 : 2.660989761352539
1 <---> 3 : 3.654956817626953
1 <---> 2 : 3.436565399169922
==================================== link detector ====================================

----------------------------
src    dst :    delay
2 <---> 1 : 4.018545150756836
2 <---> 3 : 2.8951168060302734
3 <---> 1 : 3.1099319458007812
3 <---> 2 : 2.660989761352539
1 <---> 3 : 3.654956817626953
1 <---> 2 : 3.436565399169922
discovery--->==================================== discovery ====================================
discovery---> cls: []
discovery--->=============================================================================
==================================== link detector ====================================

----------------------------
src    dst :    delay
2 <---> 1 : 4.018545150756836
2 <---> 3 : 2.8951168060302734
3 <---> 1 : 3.1099319458007812
3 <---> 2 : 2.660989761352539
1 <---> 3 : 3.654956817626953
1 <---> 2 : 3.436565399169922
==================================== link detector ====================================

----------------------------
src    dst :    delay
2 <---> 1 : 4.018545150756836
2 <---> 3 : 2.8951168060302734
3 <---> 1 : 3.1099319458007812
3 <---> 2 : 2.660989761352539
1 <---> 3 : 3.654956817626953
1 <---> 2 : 3.436565399169922
discovery--->==================================== discovery ====================================
discovery---> cls: []
discovery--->=============================================================================
==================================== link detector ====================================

----------------------------
src    dst :    delay
2 <---> 1 : 4.018545150756836
2 <---> 3 : 2.8951168060302734
3 <---> 1 : 3.1099319458007812
3 <---> 2 : 2.660989761352539
1 <---> 3 : 3.654956817626953
1 <---> 2 : 3.436565399169922
discovery--->==================================== discovery ====================================
discovery---> cls: []
discovery--->=============================================================================
==================================== link detector ====================================

----------------------------
src    dst :    delay
2 <---> 1 : 4.018545150756836
2 <---> 3 : 2.8951168060302734
3 <---> 1 : 3.1099319458007812
3 <---> 2 : 2.660989761352539
1 <---> 3 : 3.654956817626953
1 <---> 2 : 3.436565399169922
==================================== link detector ====================================

----------------------------
src    dst :    delay
2 <---> 1 : 4.018545150756836
2 <---> 3 : 2.8951168060302734
3 <---> 1 : 3.1099319458007812
3 <---> 2 : 2.660989761352539
1 <---> 3 : 3.654956817626953
1 <---> 2 : 3.436565399169922
discovery--->==================================== discovery ====================================
discovery---> cls: []
discovery--->=============================================================================
==================================== link detector ====================================

----------------------------
src    dst :    delay
2 <---> 1 : 4.018545150756836
2 <---> 3 : 2.8951168060302734
3 <---> 1 : 3.1099319458007812
3 <---> 2 : 2.660989761352539
1 <---> 3 : 3.654956817626953
1 <---> 2 : 3.436565399169922
discovery--->==================================== discovery ====================================
discovery---> cls: []
discovery--->=============================================================================
==================================== link detector ====================================

----------------------------
src    dst :    delay
2 <---> 1 : 4.018545150756836
2 <---> 3 : 2.8951168060302734
3 <---> 1 : 3.1099319458007812
3 <---> 2 : 2.660989761352539
1 <---> 3 : 3.654956817626953
1 <---> 2 : 3.436565399169922
==================================== link detector ====================================

----------------------------
src    dst :    delay
2 <---> 1 : 4.018545150756836
2 <---> 3 : 2.8951168060302734
3 <---> 1 : 3.1099319458007812
3 <---> 2 : 2.660989761352539
1 <---> 3 : 3.654956817626953
1 <---> 2 : 3.436565399169922
discovery--->==================================== discovery ====================================
discovery---> cls: []
discovery--->=============================================================================
==================================== link detector ====================================

----------------------------
src    dst :    delay
2 <---> 1 : 4.018545150756836
2 <---> 3 : 2.8951168060302734
3 <---> 1 : 3.1099319458007812
3 <---> 2 : 2.660989761352539
1 <---> 3 : 3.654956817626953
1 <---> 2 : 3.436565399169922
==================================== link detector ====================================

----------------------------
src    dst :    delay
2 <---> 1 : 4.018545150756836
2 <---> 3 : 2.8951168060302734
3 <---> 1 : 3.1099319458007812
3 <---> 2 : 2.660989761352539
1 <---> 3 : 3.654956817626953
1 <---> 2 : 3.436565399169922
discovery--->==================================== discovery ====================================
discovery---> cls: []
discovery--->=============================================================================
==================================== link detector ====================================

----------------------------
src    dst :    delay
2 <---> 1 : 4.018545150756836
2 <---> 3 : 2.8951168060302734
3 <---> 1 : 3.1099319458007812
3 <---> 2 : 2.660989761352539
1 <---> 3 : 3.654956817626953
1 <---> 2 : 3.436565399169922
discovery--->==================================== discovery ====================================
discovery---> cls: []
discovery--->=============================================================================
==================================== link detector ====================================

----------------------------
src    dst :    delay
2 <---> 1 : 4.018545150756836
2 <---> 3 : 2.8951168060302734
3 <---> 1 : 3.1099319458007812
3 <---> 2 : 2.660989761352539
1 <---> 3 : 3.654956817626953
1 <---> 2 : 3.436565399169922
==================================== link detector ====================================

----------------------------
src    dst :    delay
2 <---> 1 : 4.018545150756836
2 <---> 3 : 2.8951168060302734
3 <---> 1 : 3.1099319458007812
3 <---> 2 : 2.660989761352539
1 <---> 3 : 3.654956817626953
1 <---> 2 : 3.436565399169922
discovery--->==================================== discovery ====================================
discovery---> cls: []
discovery--->=============================================================================
==================================== link detector ====================================

----------------------------
src    dst :    delay
2 <---> 1 : 4.018545150756836
2 <---> 3 : 2.8951168060302734
3 <---> 1 : 3.1099319458007812
3 <---> 2 : 2.660989761352539
1 <---> 3 : 3.654956817626953
1 <---> 2 : 3.436565399169922
discovery--->==================================== discovery ====================================
discovery---> cls: []
discovery--->=============================================================================
==================================== link detector ====================================

----------------------------
src    dst :    delay
2 <---> 1 : 4.018545150756836
2 <---> 3 : 2.8951168060302734
3 <---> 1 : 3.1099319458007812
3 <---> 2 : 2.660989761352539
1 <---> 3 : 3.654956817626953
1 <---> 2 : 3.436565399169922
==================================== link detector ====================================

----------------------------
src    dst :    delay
2 <---> 1 : 4.018545150756836
2 <---> 3 : 2.8951168060302734
3 <---> 1 : 3.1099319458007812
3 <---> 2 : 2.660989761352539
1 <---> 3 : 3.654956817626953
1 <---> 2 : 3.436565399169922
discovery--->==================================== discovery ====================================
discovery---> cls: []
discovery--->=============================================================================
==================================== link detector ====================================

----------------------------
src    dst :    delay
2 <---> 1 : 4.018545150756836
2 <---> 3 : 2.8951168060302734
3 <---> 1 : 3.1099319458007812
3 <---> 2 : 2.660989761352539
1 <---> 3 : 3.654956817626953
1 <---> 2 : 3.436565399169922
discovery--->==================================== discovery ====================================
discovery---> cls: []
discovery--->=============================================================================
==================================== link detector ====================================

----------------------------
src    dst :    delay
2 <---> 1 : 4.018545150756836
2 <---> 3 : 2.8951168060302734
3 <---> 1 : 3.1099319458007812
3 <---> 2 : 2.660989761352539
1 <---> 3 : 3.654956817626953
1 <---> 2 : 3.436565399169922
==================================== link detector ====================================

----------------------------
src    dst :    delay
2 <---> 1 : 4.018545150756836
2 <---> 3 : 2.8951168060302734
3 <---> 1 : 3.1099319458007812
3 <---> 2 : 2.660989761352539
1 <---> 3 : 3.654956817626953
1 <---> 2 : 3.436565399169922
discovery--->==================================== discovery ====================================
discovery---> cls: []
discovery--->=============================================================================
==================================== link detector ====================================

----------------------------
src    dst :    delay
2 <---> 1 : 4.018545150756836
2 <---> 3 : 2.8951168060302734
3 <---> 1 : 3.1099319458007812
3 <---> 2 : 2.660989761352539
1 <---> 3 : 3.654956817626953
1 <---> 2 : 3.436565399169922
==================================== link detector ====================================

----------------------------
src    dst :    delay
2 <---> 1 : 4.018545150756836
2 <---> 3 : 2.8951168060302734
3 <---> 1 : 3.1099319458007812
3 <---> 2 : 2.660989761352539
1 <---> 3 : 3.654956817626953
1 <---> 2 : 3.436565399169922
discovery--->==================================== discovery ====================================
discovery---> cls: []
discovery--->=============================================================================
==================================== link detector ====================================

----------------------------
src    dst :    delay
2 <---> 1 : 4.018545150756836
2 <---> 3 : 2.8951168060302734
3 <---> 1 : 3.1099319458007812
3 <---> 2 : 2.660989761352539
1 <---> 3 : 3.654956817626953
1 <---> 2 : 3.436565399169922
discovery--->==================================== discovery ====================================
discovery---> cls: []
discovery--->=============================================================================
==================================== link detector ====================================

----------------------------
src    dst :    delay
2 <---> 1 : 4.018545150756836
2 <---> 3 : 2.8951168060302734
3 <---> 1 : 3.1099319458007812
3 <---> 2 : 2.660989761352539
1 <---> 3 : 3.654956817626953
1 <---> 2 : 3.436565399169922
==================================== link detector ====================================

----------------------------
src    dst :    delay
2 <---> 1 : 4.018545150756836
2 <---> 3 : 2.8951168060302734
3 <---> 1 : 3.1099319458007812
3 <---> 2 : 2.660989761352539
1 <---> 3 : 3.654956817626953
1 <---> 2 : 3.436565399169922
discovery--->==================================== discovery ====================================
discovery---> cls: []
discovery--->=============================================================================
==================================== link detector ====================================

----------------------------
src    dst :    delay
2 <---> 1 : 4.018545150756836
2 <---> 3 : 2.8951168060302734
3 <---> 1 : 3.1099319458007812
3 <---> 2 : 2.660989761352539
1 <---> 3 : 3.654956817626953
1 <---> 2 : 3.436565399169922
discovery--->==================================== discovery ====================================
discovery---> cls: []
discovery--->=============================================================================
==================================== link detector ====================================

----------------------------
src    dst :    delay
2 <---> 1 : 4.018545150756836
2 <---> 3 : 2.8951168060302734
3 <---> 1 : 3.1099319458007812
3 <---> 2 : 2.660989761352539
1 <---> 3 : 3.654956817626953
1 <---> 2 : 3.436565399169922
==================================== link detector ====================================

----------------------------
src    dst :    delay
2 <---> 1 : 4.018545150756836
2 <---> 3 : 2.8951168060302734
3 <---> 1 : 3.1099319458007812
3 <---> 2 : 2.660989761352539
1 <---> 3 : 3.654956817626953
1 <---> 2 : 3.436565399169922
discovery--->==================================== discovery ====================================
discovery---> cls: []
discovery--->=============================================================================
==================================== link detector ====================================

----------------------------
src    dst :    delay
2 <---> 1 : 4.018545150756836
2 <---> 3 : 2.8951168060302734
3 <---> 1 : 3.1099319458007812
3 <---> 2 : 2.660989761352539
1 <---> 3 : 3.654956817626953
1 <---> 2 : 3.436565399169922
==================================== link detector ====================================

----------------------------
src    dst :    delay
2 <---> 1 : 4.018545150756836
2 <---> 3 : 2.8951168060302734
3 <---> 1 : 3.1099319458007812
3 <---> 2 : 2.660989761352539
1 <---> 3 : 3.654956817626953
1 <---> 2 : 3.436565399169922
discovery--->==================================== discovery ====================================
discovery---> cls: []
discovery--->=============================================================================
==================================== link detector ====================================

----------------------------
src    dst :    delay
2 <---> 1 : 4.018545150756836
2 <---> 3 : 2.8951168060302734
3 <---> 1 : 3.1099319458007812
3 <---> 2 : 2.660989761352539
1 <---> 3 : 3.654956817626953
1 <---> 2 : 3.436565399169922
discovery--->==================================== discovery ====================================
discovery---> cls: []
discovery--->=============================================================================
==================================== link detector ====================================

----------------------------
src    dst :    delay
2 <---> 1 : 4.018545150756836
2 <---> 3 : 2.8951168060302734
3 <---> 1 : 3.1099319458007812
3 <---> 2 : 2.660989761352539
1 <---> 3 : 3.654956817626953
1 <---> 2 : 3.436565399169922
==================================== link detector ====================================

----------------------------
src    dst :    delay
2 <---> 1 : 4.018545150756836
2 <---> 3 : 2.8951168060302734
3 <---> 1 : 3.1099319458007812
3 <---> 2 : 2.660989761352539
1 <---> 3 : 3.654956817626953
1 <---> 2 : 3.436565399169922
discovery--->==================================== discovery ====================================
discovery---> cls: []
discovery--->=============================================================================
==================================== link detector ====================================

----------------------------
src    dst :    delay
2 <---> 1 : 4.018545150756836
2 <---> 3 : 2.8951168060302734
3 <---> 1 : 3.1099319458007812
3 <---> 2 : 2.660989761352539
1 <---> 3 : 3.654956817626953
1 <---> 2 : 3.436565399169922
discovery--->==================================== discovery ====================================
discovery---> cls: []
discovery--->=============================================================================
==================================== link detector ====================================

----------------------------
src    dst :    delay
2 <---> 1 : 4.018545150756836
2 <---> 3 : 2.8951168060302734
3 <---> 1 : 3.1099319458007812
3 <---> 2 : 2.660989761352539
1 <---> 3 : 3.654956817626953
1 <---> 2 : 3.436565399169922
==================================== link detector ====================================

----------------------------
src    dst :    delay
2 <---> 1 : 4.018545150756836
2 <---> 3 : 2.8951168060302734
3 <---> 1 : 3.1099319458007812
3 <---> 2 : 2.660989761352539
1 <---> 3 : 3.654956817626953
1 <---> 2 : 3.436565399169922
discovery--->==================================== discovery ====================================
discovery---> cls: []
discovery--->=============================================================================
==================================== link detector ====================================

----------------------------
src    dst :    delay
2 <---> 1 : 4.018545150756836
2 <---> 3 : 2.8951168060302734
3 <---> 1 : 3.1099319458007812
3 <---> 2 : 2.660989761352539
1 <---> 3 : 3.654956817626953
1 <---> 2 : 3.436565399169922
==================================== link detector ====================================

----------------------------
src    dst :    delay
2 <---> 1 : 4.018545150756836
2 <---> 3 : 2.8951168060302734
3 <---> 1 : 3.1099319458007812
3 <---> 2 : 2.660989761352539
1 <---> 3 : 3.654956817626953
1 <---> 2 : 3.436565399169922
discovery--->==================================== discovery ====================================
discovery---> cls: []
discovery--->=============================================================================
==================================== link detector ====================================

----------------------------
src    dst :    delay
2 <---> 1 : 4.018545150756836
2 <---> 3 : 2.8951168060302734
3 <---> 1 : 3.1099319458007812
3 <---> 2 : 2.660989761352539
1 <---> 3 : 3.654956817626953
1 <---> 2 : 3.436565399169922
discovery--->==================================== discovery ====================================
discovery---> cls: []
discovery--->=============================================================================
==================================== link detector ====================================

----------------------------
src    dst :    delay
2 <---> 1 : 4.018545150756836
2 <---> 3 : 2.8951168060302734
3 <---> 1 : 3.1099319458007812
3 <---> 2 : 2.660989761352539
1 <---> 3 : 3.654956817626953
1 <---> 2 : 3.436565399169922
==================================== link detector ====================================

----------------------------
src    dst :    delay
2 <---> 1 : 4.018545150756836
2 <---> 3 : 2.8951168060302734
3 <---> 1 : 3.1099319458007812
3 <---> 2 : 2.660989761352539
1 <---> 3 : 3.654956817626953
1 <---> 2 : 3.436565399169922
discovery--->==================================== discovery ====================================
discovery---> cls: []
discovery--->=============================================================================
==================================== link detector ====================================

----------------------------
src    dst :    delay
2 <---> 1 : 4.018545150756836
2 <---> 3 : 2.8951168060302734
3 <---> 1 : 3.1099319458007812
3 <---> 2 : 2.660989761352539
1 <---> 3 : 3.654956817626953
1 <---> 2 : 3.436565399169922
discovery--->==================================== discovery ====================================
discovery---> cls: []
discovery--->=============================================================================
==================================== link detector ====================================

----------------------------
src    dst :    delay
2 <---> 1 : 4.018545150756836
2 <---> 3 : 2.8951168060302734
3 <---> 1 : 3.1099319458007812
3 <---> 2 : 2.660989761352539
1 <---> 3 : 3.654956817626953
1 <---> 2 : 3.436565399169922
==================================== link detector ====================================

----------------------------
src    dst :    delay
2 <---> 1 : 4.018545150756836
2 <---> 3 : 2.8951168060302734
3 <---> 1 : 3.1099319458007812
3 <---> 2 : 2.660989761352539
1 <---> 3 : 3.654956817626953
1 <---> 2 : 3.436565399169922
discovery--->==================================== discovery ====================================
discovery---> cls: []
discovery--->=============================================================================
==================================== link detector ====================================

----------------------------
src    dst :    delay
2 <---> 1 : 4.018545150756836
2 <---> 3 : 2.8951168060302734
3 <---> 1 : 3.1099319458007812
3 <---> 2 : 2.660989761352539
1 <---> 3 : 3.654956817626953
1 <---> 2 : 3.436565399169922
discovery--->==================================== discovery ====================================
discovery---> cls: []
discovery--->=============================================================================
==================================== link detector ====================================

----------------------------
src    dst :    delay
2 <---> 1 : 4.018545150756836
2 <---> 3 : 2.8951168060302734
3 <---> 1 : 3.1099319458007812
3 <---> 2 : 2.660989761352539
1 <---> 3 : 3.654956817626953
1 <---> 2 : 3.436565399169922
==================================== link detector ====================================

----------------------------
src    dst :    delay
2 <---> 1 : 4.018545150756836
2 <---> 3 : 2.8951168060302734
3 <---> 1 : 3.1099319458007812
3 <---> 2 : 2.660989761352539
1 <---> 3 : 3.654956817626953
1 <---> 2 : 3.436565399169922
discovery--->==================================== discovery ====================================
discovery---> cls: []
discovery--->=============================================================================
==================================== link detector ====================================

----------------------------
src    dst :    delay
2 <---> 1 : 4.018545150756836
2 <---> 3 : 2.8951168060302734
3 <---> 1 : 3.1099319458007812
3 <---> 2 : 2.660989761352539
1 <---> 3 : 3.654956817626953
1 <---> 2 : 3.436565399169922
==================================== link detector ====================================

----------------------------
src    dst :    delay
2 <---> 1 : 4.018545150756836
2 <---> 3 : 2.8951168060302734
3 <---> 1 : 3.1099319458007812
3 <---> 2 : 2.660989761352539
1 <---> 3 : 3.654956817626953
1 <---> 2 : 3.436565399169922
discovery--->==================================== discovery ====================================
discovery---> cls: []
discovery--->=============================================================================
==================================== link detector ====================================

----------------------------
src    dst :    delay
2 <---> 1 : 4.018545150756836
2 <---> 3 : 2.8951168060302734
3 <---> 1 : 3.1099319458007812
3 <---> 2 : 2.660989761352539
1 <---> 3 : 3.654956817626953
1 <---> 2 : 3.436565399169922
discovery--->==================================== discovery ====================================
discovery---> cls: []
discovery--->=============================================================================
==================================== link detector ====================================

----------------------------
src    dst :    delay
2 <---> 1 : 4.018545150756836
2 <---> 3 : 2.8951168060302734
3 <---> 1 : 3.1099319458007812
3 <---> 2 : 2.660989761352539
1 <---> 3 : 3.654956817626953
1 <---> 2 : 3.436565399169922
==================================== link detector ====================================

----------------------------
src    dst :    delay
2 <---> 1 : 4.018545150756836
2 <---> 3 : 2.8951168060302734
3 <---> 1 : 3.1099319458007812
3 <---> 2 : 2.660989761352539
1 <---> 3 : 3.654956817626953
1 <---> 2 : 3.436565399169922
discovery--->==================================== discovery ====================================
discovery---> cls: []
discovery--->=============================================================================
==================================== link detector ====================================

----------------------------
src    dst :    delay
2 <---> 1 : 4.018545150756836
2 <---> 3 : 2.8951168060302734
3 <---> 1 : 3.1099319458007812
3 <---> 2 : 2.660989761352539
1 <---> 3 : 3.654956817626953
1 <---> 2 : 3.436565399169922
discovery--->==================================== discovery ====================================
discovery---> cls: []
discovery--->=============================================================================
==================================== link detector ====================================

----------------------------
src    dst :    delay
2 <---> 1 : 4.018545150756836
2 <---> 3 : 2.8951168060302734
3 <---> 1 : 3.1099319458007812
3 <---> 2 : 2.660989761352539
1 <---> 3 : 3.654956817626953
1 <---> 2 : 3.436565399169922
==================================== link detector ====================================

----------------------------
src    dst :    delay
2 <---> 1 : 4.018545150756836
2 <---> 3 : 2.8951168060302734
3 <---> 1 : 3.1099319458007812
3 <---> 2 : 2.660989761352539
1 <---> 3 : 3.654956817626953
1 <---> 2 : 3.436565399169922
discovery--->==================================== discovery ====================================
discovery---> cls: []
discovery--->=============================================================================
==================================== link detector ====================================

----------------------------
src    dst :    delay
2 <---> 1 : 4.018545150756836
2 <---> 3 : 2.8951168060302734
3 <---> 1 : 3.1099319458007812
3 <---> 2 : 2.660989761352539
1 <---> 3 : 3.654956817626953
1 <---> 2 : 3.436565399169922
==================================== link detector ====================================

----------------------------
src    dst :    delay
2 <---> 1 : 4.018545150756836
2 <---> 3 : 2.8951168060302734
3 <---> 1 : 3.1099319458007812
3 <---> 2 : 2.660989761352539
1 <---> 3 : 3.654956817626953
1 <---> 2 : 3.436565399169922
discovery--->==================================== discovery ====================================
discovery---> cls: []
discovery--->=============================================================================
==================================== link detector ====================================

----------------------------
src    dst :    delay
2 <---> 1 : 4.018545150756836
2 <---> 3 : 2.8951168060302734
3 <---> 1 : 3.1099319458007812
3 <---> 2 : 2.660989761352539
1 <---> 3 : 3.654956817626953
1 <---> 2 : 3.436565399169922
discovery--->==================================== discovery ====================================
discovery---> cls: []
discovery--->=============================================================================
==================================== link detector ====================================

----------------------------
src    dst :    delay
2 <---> 1 : 4.018545150756836
2 <---> 3 : 2.8951168060302734
3 <---> 1 : 3.1099319458007812
3 <---> 2 : 2.660989761352539
1 <---> 3 : 3.654956817626953
1 <---> 2 : 3.436565399169922
==================================== link detector ====================================

----------------------------
src    dst :    delay
2 <---> 1 : 4.018545150756836
2 <---> 3 : 2.8951168060302734
3 <---> 1 : 3.1099319458007812
3 <---> 2 : 2.660989761352539
1 <---> 3 : 3.654956817626953
1 <---> 2 : 3.436565399169922
discovery--->==================================== discovery ====================================
discovery---> cls: []
discovery--->=============================================================================
==================================== link detector ====================================

----------------------------
src    dst :    delay
2 <---> 1 : 4.018545150756836
2 <---> 3 : 2.8951168060302734
3 <---> 1 : 3.1099319458007812
3 <---> 2 : 2.660989761352539
1 <---> 3 : 3.654956817626953
1 <---> 2 : 3.436565399169922
discovery--->==================================== discovery ====================================
discovery---> cls: []
discovery--->=============================================================================
==================================== link detector ====================================

----------------------------
src    dst :    delay
2 <---> 1 : 4.018545150756836
2 <---> 3 : 2.8951168060302734
3 <---> 1 : 3.1099319458007812
3 <---> 2 : 2.660989761352539
1 <---> 3 : 3.654956817626953
1 <---> 2 : 3.436565399169922
==================================== link detector ====================================

----------------------------
src    dst :    delay
2 <---> 1 : 4.018545150756836
2 <---> 3 : 2.8951168060302734
3 <---> 1 : 3.1099319458007812
3 <---> 2 : 2.660989761352539
1 <---> 3 : 3.654956817626953
1 <---> 2 : 3.436565399169922
discovery--->==================================== discovery ====================================
discovery---> cls: []
discovery--->=============================================================================
==================================== link detector ====================================

----------------------------
src    dst :    delay
2 <---> 1 : 4.018545150756836
2 <---> 3 : 2.8951168060302734
3 <---> 1 : 3.1099319458007812
3 <---> 2 : 2.660989761352539
1 <---> 3 : 3.654956817626953
1 <---> 2 : 3.436565399169922
discovery--->==================================== discovery ====================================
discovery---> cls: []
discovery--->=============================================================================
==================================== link detector ====================================

----------------------------
src    dst :    delay
2 <---> 1 : 4.018545150756836
2 <---> 3 : 2.8951168060302734
3 <---> 1 : 3.1099319458007812
3 <---> 2 : 2.660989761352539
1 <---> 3 : 3.654956817626953
1 <---> 2 : 3.436565399169922
==================================== link detector ====================================

----------------------------
src    dst :    delay
2 <---> 1 : 4.018545150756836
2 <---> 3 : 2.8951168060302734
3 <---> 1 : 3.1099319458007812
3 <---> 2 : 2.660989761352539
1 <---> 3 : 3.654956817626953
1 <---> 2 : 3.436565399169922
discovery--->==================================== discovery ====================================
discovery---> cls: []
discovery--->=============================================================================
==================================== link detector ====================================

----------------------------
src    dst :    delay
2 <---> 1 : 4.018545150756836
2 <---> 3 : 2.8951168060302734
3 <---> 1 : 3.1099319458007812
3 <---> 2 : 2.660989761352539
1 <---> 3 : 3.654956817626953
1 <---> 2 : 3.436565399169922
==================================== link detector ====================================

----------------------------
src    dst :    delay
2 <---> 1 : 4.018545150756836
2 <---> 3 : 2.8951168060302734
3 <---> 1 : 3.1099319458007812
3 <---> 2 : 2.660989761352539
1 <---> 3 : 3.654956817626953
1 <---> 2 : 3.436565399169922
discovery--->==================================== discovery ====================================
discovery---> cls: []
discovery--->=============================================================================
==================================== link detector ====================================

----------------------------
src    dst :    delay
2 <---> 1 : 4.018545150756836
2 <---> 3 : 2.8951168060302734
3 <---> 1 : 3.1099319458007812
3 <---> 2 : 2.660989761352539
1 <---> 3 : 3.654956817626953
1 <---> 2 : 3.436565399169922
discovery--->==================================== discovery ====================================
discovery---> cls: []
discovery--->=============================================================================
==================================== link detector ====================================

----------------------------
src    dst :    delay
2 <---> 1 : 4.018545150756836
2 <---> 3 : 2.8951168060302734
3 <---> 1 : 3.1099319458007812
3 <---> 2 : 2.660989761352539
1 <---> 3 : 3.654956817626953
1 <---> 2 : 3.436565399169922
==================================== link detector ====================================

----------------------------
src    dst :    delay
2 <---> 1 : 4.018545150756836
2 <---> 3 : 2.8951168060302734
3 <---> 1 : 3.1099319458007812
3 <---> 2 : 2.660989761352539
1 <---> 3 : 3.654956817626953
1 <---> 2 : 3.436565399169922
discovery--->==================================== discovery ====================================
discovery---> cls: []
discovery--->=============================================================================
==================================== link detector ====================================

----------------------------
src    dst :    delay
2 <---> 1 : 4.018545150756836
2 <---> 3 : 2.8951168060302734
3 <---> 1 : 3.1099319458007812
3 <---> 2 : 2.660989761352539
1 <---> 3 : 3.654956817626953
1 <---> 2 : 3.436565399169922
discovery--->==================================== discovery ====================================
discovery---> cls: []
discovery--->=============================================================================
==================================== link detector ====================================

----------------------------
src    dst :    delay
2 <---> 1 : 4.018545150756836
2 <---> 3 : 2.8951168060302734
3 <---> 1 : 3.1099319458007812
3 <---> 2 : 2.660989761352539
1 <---> 3 : 3.654956817626953
1 <---> 2 : 3.436565399169922
==================================== link detector ====================================

----------------------------
src    dst :    delay
2 <---> 1 : 4.018545150756836
2 <---> 3 : 2.8951168060302734
3 <---> 1 : 3.1099319458007812
3 <---> 2 : 2.660989761352539
1 <---> 3 : 3.654956817626953
1 <---> 2 : 3.436565399169922
discovery--->==================================== discovery ====================================
discovery---> cls: []
discovery--->=============================================================================
==================================== link detector ====================================

----------------------------
src    dst :    delay
2 <---> 1 : 4.018545150756836
2 <---> 3 : 2.8951168060302734
3 <---> 1 : 3.1099319458007812
3 <---> 2 : 2.660989761352539
1 <---> 3 : 3.654956817626953
1 <---> 2 : 3.436565399169922
==================================== link detector ====================================

----------------------------
src    dst :    delay
2 <---> 1 : 4.018545150756836
2 <---> 3 : 2.8951168060302734
3 <---> 1 : 3.1099319458007812
3 <---> 2 : 2.660989761352539
1 <---> 3 : 3.654956817626953
1 <---> 2 : 3.436565399169922
discovery--->==================================== discovery ====================================
discovery---> cls: []
discovery--->=============================================================================
==================================== link detector ====================================

----------------------------
src    dst :    delay
2 <---> 1 : 4.018545150756836
2 <---> 3 : 2.8951168060302734
3 <---> 1 : 3.1099319458007812
3 <---> 2 : 2.660989761352539
1 <---> 3 : 3.654956817626953
1 <---> 2 : 3.436565399169922
discovery--->==================================== discovery ====================================
discovery---> cls: []
discovery--->=============================================================================
==================================== link detector ====================================

----------------------------
src    dst :    delay
2 <---> 1 : 4.018545150756836
2 <---> 3 : 2.8951168060302734
3 <---> 1 : 3.1099319458007812
3 <---> 2 : 2.660989761352539
1 <---> 3 : 3.654956817626953
1 <---> 2 : 3.436565399169922
==================================== link detector ====================================

----------------------------
src    dst :    delay
2 <---> 1 : 4.018545150756836
2 <---> 3 : 2.8951168060302734
3 <---> 1 : 3.1099319458007812
3 <---> 2 : 2.660989761352539
1 <---> 3 : 3.654956817626953
1 <---> 2 : 3.436565399169922
discovery--->==================================== discovery ====================================
discovery---> cls: []
discovery--->=============================================================================
==================================== link detector ====================================

----------------------------
src    dst :    delay
2 <---> 1 : 4.018545150756836
2 <---> 3 : 2.8951168060302734
3 <---> 1 : 3.1099319458007812
3 <---> 2 : 2.660989761352539
1 <---> 3 : 3.654956817626953
1 <---> 2 : 3.436565399169922
discovery--->==================================== discovery ====================================
discovery---> cls: []
discovery--->=============================================================================
==================================== link detector ====================================

----------------------------
src    dst :    delay
2 <---> 1 : 4.018545150756836
2 <---> 3 : 2.8951168060302734
3 <---> 1 : 3.1099319458007812
3 <---> 2 : 2.660989761352539
1 <---> 3 : 3.654956817626953
1 <---> 2 : 3.436565399169922
==================================== link detector ====================================

----------------------------
src    dst :    delay
2 <---> 1 : 4.018545150756836
2 <---> 3 : 2.8951168060302734
3 <---> 1 : 3.1099319458007812
3 <---> 2 : 2.660989761352539
1 <---> 3 : 3.654956817626953
1 <---> 2 : 3.436565399169922
discovery--->==================================== discovery ====================================
discovery---> cls: []
discovery--->=============================================================================
==================================== link detector ====================================

----------------------------
src    dst :    delay
2 <---> 1 : 4.018545150756836
2 <---> 3 : 2.8951168060302734
3 <---> 1 : 3.1099319458007812
3 <---> 2 : 2.660989761352539
1 <---> 3 : 3.654956817626953
1 <---> 2 : 3.436565399169922
==================================== link detector ====================================

----------------------------
src    dst :    delay
2 <---> 1 : 4.018545150756836
2 <---> 3 : 2.8951168060302734
3 <---> 1 : 3.1099319458007812
3 <---> 2 : 2.660989761352539
1 <---> 3 : 3.654956817626953
1 <---> 2 : 3.436565399169922
discovery--->==================================== discovery ====================================
discovery---> cls: []
discovery--->=============================================================================
==================================== link detector ====================================

----------------------------
src    dst :    delay
2 <---> 1 : 4.018545150756836
2 <---> 3 : 2.8951168060302734
3 <---> 1 : 3.1099319458007812
3 <---> 2 : 2.660989761352539
1 <---> 3 : 3.654956817626953
1 <---> 2 : 3.436565399169922
discovery--->==================================== discovery ====================================
discovery---> cls: []
discovery--->=============================================================================
==================================== link detector ====================================

----------------------------
src    dst :    delay
2 <---> 1 : 4.018545150756836
2 <---> 3 : 2.8951168060302734
3 <---> 1 : 3.1099319458007812
3 <---> 2 : 2.660989761352539
1 <---> 3 : 3.654956817626953
1 <---> 2 : 3.436565399169922
