loading app network_structure.py
Matplotlib created a temporary config/cache directory at /tmp/matplotlib-fhobppss because the default path (/home/terry/.config/matplotlib) is not a writable directory; it is highly recommended to set the MPLCONFIGDIR environment variable to a writable directory, in particular to speed up the import of Matplotlib and to better support multiprocessing.
Generating new fontManager, this may take some time...
Failed to extract font properties from /usr/share/fonts/truetype/noto/NotoColorEmoji.ttf: In FT2Font: Can not load face.  Unknown file format.
loading app network_monitor.py
loading app network_delay.py
loading app network_shortest_path.py
loading app arp_handler.py
loading app ryu.controller.ofp_handler
instantiating app None of Switches
creating context switches
instantiating app network_structure.py of NetworkStructure
instantiating app network_monitor.py of NetworkMonitor
instantiating app network_delay.py of NetworkDelay
instantiating app network_shortest_path.py of NetworkShortestPath
instantiating app arp_handler.py of ArpHandler
instantiating app ryu.controller.ofp_handler of OFPHandler
discovery---> AccessPoint: 1 connected
discovery---> AccessPoint: 1 connected
discovery---> AccessPoint: 2 connected
discovery---> AccessPoint: 3 connected
discovery---> AccessPoint: 1 connected
discovery---> AccessPoint: 3 connected
monitor---->register datapath: 1000000000000001
monitor---->register datapath: 1000000000000004
monitor---->register datapath: 1000000000000005
monitor---->register datapath: 1000000000000006
monitor---->register datapath: 1000000000000003
monitor---->register datapath: 1000000000000002
==================================== link detector ====================================

----------------------------
src    dst :    delay
4 <---> 5 : 2.730131149291992
4 <---> 3 : 3.2639503479003906
5 <---> 2 : 2.9518604278564453
5 <---> 1 : 2.6061534881591797
5 <---> 4 : 2.4704933166503906
6 <---> 2 : 2.8455257415771484
6 <---> 3 : 2.626657485961914
2 <---> 1 : 3.6520957946777344
2 <---> 6 : 3.1120777130126953
2 <---> 5 : 2.894163131713867
2 <---> 3 : 4.654169082641602
1 <---> 2 : 3.0167102813720703
1 <---> 5 : 3.428220748901367
3 <---> 4 : 3.292560577392578
3 <---> 6 : 3.323793411254883
3 <---> 2 : 2.683401107788086
discovery--->==================================== discovery ====================================
discovery---> cls: [(4, 5), (4, 3), (5, 2), (5, 1), (2, 6), (2, 1), (2, 3), (6, 3)]
discovery--->=============================================================================
hub: uncaught exception: Traceback (most recent call last):
  File "/usr/local/lib/python3.6/dist-packages/ryu/lib/hub.py", line 60, in _launch
    return func(*args, **kwargs)
  File "/home/terry/LJQ/Task/ryu/network_monitor.py", line 61, in scheduler
    self.create_loss_graph()
  File "/home/terry/LJQ/Task/ryu/network_monitor.py", line 387, in create_loss_graph
    self.update_graph_loss()
  File "/home/terry/LJQ/Task/ryu/network_monitor.py", line 372, in update_graph_loss
    if link in self.port_loss.keys() and link[::-1] in self.port_loss.keys():
AttributeError: 'NetworkMonitor' object has no attribute 'port_loss'

datapath         port     rx-pkts  rx-bytes rx-error tx-pkts  tx-bytes tx-error
---------------- -------- -------- -------- -------- -------- -------- --------
0000000000000001        1        0        0        0        4      312        0
0000000000000001        2       23     3110        0       23     3110        0
0000000000000001        3       23     3110        0       24     3170        0
datapath         in-port  eth-dst           out-port packets  bytes
---------------- -------- ----------------- -------- -------- --------
datapath         port     rx-pkts  rx-bytes rx-error tx-pkts  tx-bytes tx-error
---------------- -------- -------- -------- -------- -------- -------- --------
0000000000000005        1        0        0        0        4      312        0
0000000000000005        2       24     3170        0       23     3110        0
0000000000000005        3       24     3170        0       23     3110        0
0000000000000005        4       23     3110        0       23     3110        0
datapath         in-port  eth-dst           out-port packets  bytes
---------------- -------- ----------------- -------- -------- --------
datapath         port     rx-pkts  rx-bytes rx-error tx-pkts  tx-bytes tx-error
---------------- -------- -------- -------- -------- -------- -------- --------
0000000000000006        1        0        0        0        4      312        0
0000000000000006        2       24     3170        0       23     3110        0
0000000000000006        3       24     3170        0       23     3110        0
datapath         in-port  eth-dst           out-port packets  bytes
---------------- -------- ----------------- -------- -------- --------
datapath         port     rx-pkts  rx-bytes rx-error tx-pkts  tx-bytes tx-error
---------------- -------- -------- -------- -------- -------- -------- --------
0000000000000003        1        0        0        0        4      312        0
0000000000000003        2       23     3110        0       23     3110        0
0000000000000003        3       23     3110        0       24     3170        0
0000000000000003        4       23     3110        0       24     3170        0
datapath         in-port  eth-dst           out-port packets  bytes
---------------- -------- ----------------- -------- -------- --------
datapath         port     rx-pkts  rx-bytes rx-error tx-pkts  tx-bytes tx-error
---------------- -------- -------- -------- -------- -------- -------- --------
0000000000000004        1        0        0        0        4      312        0
0000000000000004        2       24     3170        0       23     3110        0
0000000000000004        3       23     3110        0       23     3110        0
datapath         in-port  eth-dst           out-port packets  bytes
---------------- -------- ----------------- -------- -------- --------
datapath         port     rx-pkts  rx-bytes rx-error tx-pkts  tx-bytes tx-error
---------------- -------- -------- -------- -------- -------- -------- --------
0000000000000002        1        0        0        0        4      312        0
0000000000000002        2       23     3110        0       23     3110        0
0000000000000002        3       23     3110        0       23     3110        0
0000000000000002        4       23     3110        0       24     3170        0
0000000000000002        5       23     3110        0       24     3170        0
datapath         in-port  eth-dst           out-port packets  bytes
---------------- -------- ----------------- -------- -------- --------
==================================== link detector ====================================

----------------------------
src    dst :    delay
4 <---> 5 : 2.927064895629883
4 <---> 3 : 2.639293670654297
5 <---> 2 : 3.141164779663086
5 <---> 1 : 2.360820770263672
5 <---> 4 : 2.8831958770751953
6 <---> 2 : 3.075838088989258
6 <---> 3 : 2.833127975463867
2 <---> 1 : 3.3953189849853516
2 <---> 6 : 2.953052520751953
2 <---> 5 : 3.0059814453125
2 <---> 3 : 3.4055709838867188
1 <---> 2 : 3.0374526977539062
1 <---> 5 : 3.1385421752929688
3 <---> 4 : 3.3659934997558594
3 <---> 6 : 3.537893295288086
3 <---> 2 : 2.9261112213134766
==================================== link detector ====================================

----------------------------
src    dst :    delay
4 <---> 5 : 2.9754638671875
4 <---> 3 : 3.056764602661133
5 <---> 2 : 2.6290416717529297
5 <---> 1 : 3.462076187133789
5 <---> 4 : 3.864765167236328
6 <---> 2 : 3.1511783599853516
6 <---> 3 : 3.6001205444335938
2 <---> 1 : 2.740621566772461
2 <---> 6 : 3.2432079315185547
2 <---> 5 : 3.907918930053711
2 <---> 3 : 2.2423267364501953
1 <---> 2 : 4.128932952880859
1 <---> 5 : 3.0395984649658203
3 <---> 4 : 3.322124481201172
3 <---> 6 : 2.205371856689453
3 <---> 2 : 2.7608871459960938
discovery--->==================================== discovery ====================================
discovery---> cls: [(4, 5), (4, 3), (5, 2), (5, 1), (2, 6), (2, 1), (2, 3), (6, 3)]
discovery--->=============================================================================
==================================== link detector ====================================

----------------------------
src    dst :    delay
4 <---> 5 : 4.37617301940918
4 <---> 3 : 2.731800079345703
5 <---> 2 : 2.776622772216797
5 <---> 1 : 2.605438232421875
5 <---> 4 : 3.020048141479492
6 <---> 2 : 2.207517623901367
6 <---> 3 : 7.686138153076172
2 <---> 1 : 4.03141975402832
2 <---> 6 : 3.4160614013671875
2 <---> 5 : 3.2291412353515625
2 <---> 3 : 3.679513931274414
1 <---> 2 : 3.1158924102783203
1 <---> 5 : 3.5812854766845703
3 <---> 4 : 3.5851001739501953
3 <---> 6 : 3.229856491088867
3 <---> 2 : 3.154277801513672
discovery--->==================================== discovery ====================================
discovery---> cls: [(4, 5), (4, 3), (5, 2), (5, 1), (2, 6), (2, 1), (2, 3), (6, 3)]
discovery--->=============================================================================
==================================== link detector ====================================

----------------------------
src    dst :    delay
4 <---> 5 : 2.8285980224609375
4 <---> 3 : 3.1557083129882812
5 <---> 2 : 2.7425289154052734
5 <---> 1 : 3.5228729248046875
5 <---> 4 : 2.7971267700195312
6 <---> 2 : 2.3615360260009766
6 <---> 3 : 2.246379852294922
2 <---> 1 : 3.3593177795410156
2 <---> 6 : 2.755403518676758
2 <---> 5 : 2.8209686279296875
2 <---> 3 : 3.3185482025146484
1 <---> 2 : 2.260446548461914
1 <---> 5 : 2.7365684509277344
3 <---> 4 : 3.081798553466797
3 <---> 6 : 3.145933151245117
3 <---> 2 : 2.1924972534179688
==================================== link detector ====================================

----------------------------
src    dst :    delay
4 <---> 5 : 3.4492015838623047
4 <---> 3 : 3.244638442993164
5 <---> 2 : 3.187417984008789
5 <---> 1 : 2.35748291015625
5 <---> 4 : 3.1099319458007812
6 <---> 2 : 3.178834915161133
6 <---> 3 : 3.2444000244140625
2 <---> 1 : 4.061460494995117
2 <---> 6 : 3.306150436401367
2 <---> 5 : 2.8078556060791016
2 <---> 3 : 2.9549598693847656
1 <---> 2 : 3.4236907958984375
1 <---> 5 : 2.759218215942383
3 <---> 4 : 3.156900405883789
3 <---> 6 : 3.0517578125
3 <---> 2 : 3.6835670471191406
discovery--->==================================== discovery ====================================
discovery---> cls: [(4, 5), (4, 3), (5, 2), (5, 1), (2, 6), (2, 1), (2, 3), (6, 3)]
discovery--->=============================================================================
==================================== link detector ====================================

----------------------------
src    dst :    delay
4 <---> 5 : 3.295421600341797
4 <---> 3 : 3.107309341430664
5 <---> 2 : 2.875804901123047
5 <---> 1 : 3.0324459075927734
5 <---> 4 : 4.101991653442383
6 <---> 2 : 3.700733184814453
6 <---> 3 : 2.7136802673339844
2 <---> 1 : 3.268003463745117
2 <---> 6 : 2.911806106567383
2 <---> 5 : 2.961874008178711
2 <---> 3 : 3.108978271484375
1 <---> 2 : 2.475261688232422
1 <---> 5 : 4.390716552734375
3 <---> 4 : 2.4352073669433594
3 <---> 6 : 2.3305416107177734
3 <---> 2 : 2.6845932006835938
discovery--->==================================== discovery ====================================
discovery---> cls: [(4, 5), (4, 3), (5, 2), (5, 1), (2, 6), (2, 1), (2, 3), (6, 3)]
discovery--->=============================================================================
==================================== link detector ====================================

----------------------------
src    dst :    delay
4 <---> 5 : 2.4390220642089844
4 <---> 3 : 2.4461746215820312
5 <---> 2 : 3.2091140747070312
5 <---> 1 : 2.384185791015625
5 <---> 4 : 2.5284290313720703
6 <---> 2 : 3.0794143676757812
6 <---> 3 : 2.8715133666992188
2 <---> 1 : 2.597332000732422
2 <---> 6 : 2.6650428771972656
2 <---> 5 : 3.367900848388672
2 <---> 3 : 2.234935760498047
1 <---> 2 : 3.8971900939941406
1 <---> 5 : 2.5386810302734375
3 <---> 4 : 2.461671829223633
3 <---> 6 : 4.449367523193359
3 <---> 2 : 3.8759708404541016
==================================== link detector ====================================

----------------------------
src    dst :    delay
4 <---> 5 : 3.687143325805664
4 <---> 3 : 2.2068023681640625
5 <---> 2 : 2.8753280639648438
5 <---> 1 : 3.059864044189453
5 <---> 4 : 2.3376941680908203
6 <---> 2 : 2.562284469604492
6 <---> 3 : 2.900838851928711
2 <---> 1 : 3.5381317138671875
2 <---> 6 : 2.6040077209472656
2 <---> 5 : 2.637624740600586
2 <---> 3 : 3.383636474609375
1 <---> 2 : 2.5293827056884766
1 <---> 5 : 2.918243408203125
3 <---> 4 : 2.946615219116211
3 <---> 6 : 2.5527477264404297
3 <---> 2 : 2.772092819213867
discovery--->==================================== discovery ====================================
discovery---> cls: [(4, 5), (4, 3), (5, 2), (5, 1), (2, 6), (2, 1), (2, 3), (6, 3)]
discovery--->=============================================================================
==================================== link detector ====================================

----------------------------
src    dst :    delay
4 <---> 5 : 2.4242401123046875
4 <---> 3 : 3.394603729248047
5 <---> 2 : 10.697126388549805
5 <---> 1 : 2.2764205932617188
5 <---> 4 : 3.1414031982421875
6 <---> 2 : 2.8777122497558594
6 <---> 3 : 2.916097640991211
2 <---> 1 : 3.3905506134033203
2 <---> 6 : 3.04412841796875
2 <---> 5 : 3.015756607055664
2 <---> 3 : 3.014087677001953
1 <---> 2 : 3.043651580810547
1 <---> 5 : 2.9273033142089844
3 <---> 4 : 2.330303192138672
3 <---> 6 : 2.470731735229492
3 <---> 2 : 2.780437469482422
---> OFPPortStatus received: reason=MODIFY desc=OFPPort(port_no=2,hw_addr='a2:90:e0:f5:79:c6',name=b'ap1-eth2',config=0,state=0,curr=2112,advertised=0,supported=0,peer=0,curr_speed=10000000,max_speed=0)
---> OFPPortStatus received: reason=DELETE desc=OFPPort(port_no=2,hw_addr='a2:90:e0:f5:79:c6',name=b'ap1-eth2',config=0,state=0,curr=2112,advertised=0,supported=0,peer=0,curr_speed=10000000,max_speed=0)
---> OFPPortStatus received: reason=MODIFY desc=OFPPort(port_no=2,hw_addr='fa:3f:08:df:97:4b',name=b'ap2-eth2',config=0,state=0,curr=2112,advertised=0,supported=0,peer=0,curr_speed=10000000,max_speed=0)
---> OFPPortStatus received: reason=DELETE desc=OFPPort(port_no=2,hw_addr='fa:3f:08:df:97:4b',name=b'ap2-eth2',config=0,state=0,curr=2112,advertised=0,supported=0,peer=0,curr_speed=10000000,max_speed=0)
---> OFPPortStatus received: reason=MODIFY desc=OFPPort(port_no=3,hw_addr='46:1b:50:18:00:02',name=b'ap1-eth3',config=0,state=0,curr=2112,advertised=0,supported=0,peer=0,curr_speed=10000000,max_speed=0)
---> OFPPortStatus received: reason=DELETE desc=OFPPort(port_no=3,hw_addr='46:1b:50:18:00:02',name=b'ap1-eth3',config=0,state=0,curr=2112,advertised=0,supported=0,peer=0,curr_speed=10000000,max_speed=0)
---> OFPPortStatus received: reason=MODIFY desc=OFPPort(port_no=2,hw_addr='7a:9b:4b:cc:33:f8',name=b'ap5-eth2',config=0,state=0,curr=2112,advertised=0,supported=0,peer=0,curr_speed=10000000,max_speed=0)
---> OFPPortStatus received: reason=MODIFY desc=OFPPort(port_no=2,hw_addr='00:00:00:00:00:00',name=b'ap5-eth2',config=1,state=1,curr=0,advertised=0,supported=0,peer=0,curr_speed=0,max_speed=0)
---> OFPPortStatus received: reason=DELETE desc=OFPPort(port_no=2,hw_addr='00:00:00:00:00:00',name=b'ap5-eth2',config=1,state=1,curr=0,advertised=0,supported=0,peer=0,curr_speed=0,max_speed=0)
discovery--->==================================== discovery ====================================
discovery---> cls: [(4, 5), (4, 3), (5, 2), (2, 6), (2, 3), (6, 3)]
discovery--->=============================================================================
---> OFPPortStatus received: reason=DELETE desc=OFPPort(port_no=2,hw_addr='1a:92:be:48:92:00',name=b'ap3-eth2',config=0,state=4,curr=2112,advertised=0,supported=0,peer=0,curr_speed=10000000,max_speed=0)
---> OFPPortStatus received: reason=DELETE desc=OFPPort(port_no=3,hw_addr='0e:97:d4:5d:6c:80',name=b'ap2-eth3',config=0,state=4,curr=2112,advertised=0,supported=0,peer=0,curr_speed=10000000,max_speed=0)
---> OFPPortStatus received: reason=DELETE desc=OFPPort(port_no=3,hw_addr='76:9f:ae:2d:7a:88',name=b'ap5-eth3',config=0,state=4,curr=2112,advertised=0,supported=0,peer=0,curr_speed=10000000,max_speed=0)
---> OFPPortStatus received: reason=DELETE desc=OFPPort(port_no=4,hw_addr='d2:9a:88:da:cb:14',name=b'ap2-eth4',config=0,state=4,curr=2112,advertised=0,supported=0,peer=0,curr_speed=10000000,max_speed=0)
---> OFPPortStatus received: reason=DELETE desc=OFPPort(port_no=2,hw_addr='d6:48:f5:16:f8:5a',name=b'ap6-eth2',config=0,state=4,curr=2112,advertised=0,supported=0,peer=0,curr_speed=10000000,max_speed=0)
---> OFPPortStatus received: reason=DELETE desc=OFPPort(port_no=5,hw_addr='fe:93:a3:61:bc:de',name=b'ap2-eth5',config=0,state=4,curr=2112,advertised=0,supported=0,peer=0,curr_speed=10000000,max_speed=0)
---> OFPPortStatus received: reason=DELETE desc=OFPPort(port_no=2,hw_addr='1e:d4:b1:a9:b1:20',name=b'ap4-eth2',config=0,state=4,curr=2112,advertised=0,supported=0,peer=0,curr_speed=10000000,max_speed=0)
---> OFPPortStatus received: reason=DELETE desc=OFPPort(port_no=3,hw_addr='66:3f:cc:d5:e6:b5',name=b'ap3-eth3',config=0,state=4,curr=2112,advertised=0,supported=0,peer=0,curr_speed=10000000,max_speed=0)
---> OFPPortStatus received: reason=DELETE desc=OFPPort(port_no=3,hw_addr='a6:ca:1d:a3:9d:a3',name=b'ap6-eth3',config=0,state=4,curr=2112,advertised=0,supported=0,peer=0,curr_speed=10000000,max_speed=0)
---> OFPPortStatus received: reason=DELETE desc=OFPPort(port_no=4,hw_addr='7a:72:71:4d:1e:ee',name=b'ap3-eth4',config=0,state=4,curr=2112,advertised=0,supported=0,peer=0,curr_speed=10000000,max_speed=0)
---> OFPPortStatus received: reason=DELETE desc=OFPPort(port_no=3,hw_addr='4a:64:79:11:f4:06',name=b'ap4-eth3',config=0,state=4,curr=2112,advertised=0,supported=0,peer=0,curr_speed=10000000,max_speed=0)
---> OFPPortStatus received: reason=DELETE desc=OFPPort(port_no=4,hw_addr='22:ee:e7:3b:d9:fa',name=b'ap5-eth4',config=0,state=4,curr=2112,advertised=0,supported=0,peer=0,curr_speed=10000000,max_speed=0)
==================================== link detector ====================================

----------------------------
src    dst :    delay
4 <---> 5 : 3.6025047302246094
4 <---> 3 : 2.977609634399414
5 <---> 2 : 3.7200450897216797
5 <---> 1 : 2.8629302978515625
5 <---> 4 : 32.65953063964844
6 <---> 2 : 2.6276111602783203
6 <---> 3 : 25.94137191772461
2 <---> 1 : 3.406524658203125
2 <---> 6 : 2.732992172241211
2 <---> 5 : 2.8154850006103516
2 <---> 3 : 3.004312515258789
1 <---> 2 : 3.304004669189453
1 <---> 5 : 4.236936569213867
3 <---> 4 : 2.8891563415527344
3 <---> 6 : 2.910137176513672
3 <---> 2 : 3.371715545654297
==================================== link detector ====================================

----------------------------
src    dst :    delay
4 <---> 5 : 3.6025047302246094
4 <---> 3 : 2.977609634399414
5 <---> 2 : 3.7200450897216797
5 <---> 1 : 2.8629302978515625
5 <---> 4 : 32.65953063964844
6 <---> 2 : 2.6276111602783203
6 <---> 3 : 25.94137191772461
2 <---> 1 : 3.406524658203125
2 <---> 6 : 2.732992172241211
2 <---> 5 : 2.8154850006103516
2 <---> 3 : 3.004312515258789
1 <---> 2 : 3.304004669189453
1 <---> 5 : 4.236936569213867
3 <---> 4 : 2.8891563415527344
3 <---> 6 : 2.910137176513672
3 <---> 2 : 3.371715545654297
discovery--->==================================== discovery ====================================
discovery---> cls: []
discovery--->=============================================================================
==================================== link detector ====================================

----------------------------
src    dst :    delay
4 <---> 5 : 3.6025047302246094
4 <---> 3 : 2.977609634399414
5 <---> 2 : 3.7200450897216797
5 <---> 1 : 2.8629302978515625
5 <---> 4 : 32.65953063964844
6 <---> 2 : 2.6276111602783203
6 <---> 3 : 25.94137191772461
2 <---> 1 : 3.406524658203125
2 <---> 6 : 2.732992172241211
2 <---> 5 : 2.8154850006103516
2 <---> 3 : 3.004312515258789
1 <---> 2 : 3.304004669189453
1 <---> 5 : 4.236936569213867
3 <---> 4 : 2.8891563415527344
3 <---> 6 : 2.910137176513672
3 <---> 2 : 3.371715545654297
discovery--->==================================== discovery ====================================
discovery---> cls: []
discovery--->=============================================================================
==================================== link detector ====================================

----------------------------
src    dst :    delay
4 <---> 5 : 3.6025047302246094
4 <---> 3 : 2.977609634399414
5 <---> 2 : 3.7200450897216797
5 <---> 1 : 2.8629302978515625
5 <---> 4 : 32.65953063964844
6 <---> 2 : 2.6276111602783203
6 <---> 3 : 25.94137191772461
2 <---> 1 : 3.406524658203125
2 <---> 6 : 2.732992172241211
2 <---> 5 : 2.8154850006103516
2 <---> 3 : 3.004312515258789
1 <---> 2 : 3.304004669189453
1 <---> 5 : 4.236936569213867
3 <---> 4 : 2.8891563415527344
3 <---> 6 : 2.910137176513672
3 <---> 2 : 3.371715545654297
==================================== link detector ====================================

----------------------------
src    dst :    delay
4 <---> 5 : 3.6025047302246094
4 <---> 3 : 2.977609634399414
5 <---> 2 : 3.7200450897216797
5 <---> 1 : 2.8629302978515625
5 <---> 4 : 32.65953063964844
6 <---> 2 : 2.6276111602783203
6 <---> 3 : 25.94137191772461
2 <---> 1 : 3.406524658203125
2 <---> 6 : 2.732992172241211
2 <---> 5 : 2.8154850006103516
2 <---> 3 : 3.004312515258789
1 <---> 2 : 3.304004669189453
1 <---> 5 : 4.236936569213867
3 <---> 4 : 2.8891563415527344
3 <---> 6 : 2.910137176513672
3 <---> 2 : 3.371715545654297
discovery--->==================================== discovery ====================================
discovery---> cls: []
discovery--->=============================================================================
==================================== link detector ====================================

----------------------------
src    dst :    delay
4 <---> 5 : 3.6025047302246094
4 <---> 3 : 2.977609634399414
5 <---> 2 : 3.7200450897216797
5 <---> 1 : 2.8629302978515625
5 <---> 4 : 32.65953063964844
6 <---> 2 : 2.6276111602783203
6 <---> 3 : 25.94137191772461
2 <---> 1 : 3.406524658203125
2 <---> 6 : 2.732992172241211
2 <---> 5 : 2.8154850006103516
2 <---> 3 : 3.004312515258789
1 <---> 2 : 3.304004669189453
1 <---> 5 : 4.236936569213867
3 <---> 4 : 2.8891563415527344
3 <---> 6 : 2.910137176513672
3 <---> 2 : 3.371715545654297
discovery--->==================================== discovery ====================================
discovery---> cls: []
discovery--->=============================================================================
==================================== link detector ====================================

----------------------------
src    dst :    delay
4 <---> 5 : 3.6025047302246094
4 <---> 3 : 2.977609634399414
5 <---> 2 : 3.7200450897216797
5 <---> 1 : 2.8629302978515625
5 <---> 4 : 32.65953063964844
6 <---> 2 : 2.6276111602783203
6 <---> 3 : 25.94137191772461
2 <---> 1 : 3.406524658203125
2 <---> 6 : 2.732992172241211
2 <---> 5 : 2.8154850006103516
2 <---> 3 : 3.004312515258789
1 <---> 2 : 3.304004669189453
1 <---> 5 : 4.236936569213867
3 <---> 4 : 2.8891563415527344
3 <---> 6 : 2.910137176513672
3 <---> 2 : 3.371715545654297
==================================== link detector ====================================

----------------------------
src    dst :    delay
4 <---> 5 : 3.6025047302246094
4 <---> 3 : 2.977609634399414
5 <---> 2 : 3.7200450897216797
5 <---> 1 : 2.8629302978515625
5 <---> 4 : 32.65953063964844
6 <---> 2 : 2.6276111602783203
6 <---> 3 : 25.94137191772461
2 <---> 1 : 3.406524658203125
2 <---> 6 : 2.732992172241211
2 <---> 5 : 2.8154850006103516
2 <---> 3 : 3.004312515258789
1 <---> 2 : 3.304004669189453
1 <---> 5 : 4.236936569213867
3 <---> 4 : 2.8891563415527344
3 <---> 6 : 2.910137176513672
3 <---> 2 : 3.371715545654297
discovery--->==================================== discovery ====================================
discovery---> cls: []
discovery--->=============================================================================
==================================== link detector ====================================

----------------------------
src    dst :    delay
4 <---> 5 : 3.6025047302246094
4 <---> 3 : 2.977609634399414
5 <---> 2 : 3.7200450897216797
5 <---> 1 : 2.8629302978515625
5 <---> 4 : 32.65953063964844
6 <---> 2 : 2.6276111602783203
6 <---> 3 : 25.94137191772461
2 <---> 1 : 3.406524658203125
2 <---> 6 : 2.732992172241211
2 <---> 5 : 2.8154850006103516
2 <---> 3 : 3.004312515258789
1 <---> 2 : 3.304004669189453
1 <---> 5 : 4.236936569213867
3 <---> 4 : 2.8891563415527344
3 <---> 6 : 2.910137176513672
3 <---> 2 : 3.371715545654297
discovery--->==================================== discovery ====================================
discovery---> cls: []
discovery--->=============================================================================
==================================== link detector ====================================

----------------------------
src    dst :    delay
4 <---> 5 : 3.6025047302246094
4 <---> 3 : 2.977609634399414
5 <---> 2 : 3.7200450897216797
5 <---> 1 : 2.8629302978515625
5 <---> 4 : 32.65953063964844
6 <---> 2 : 2.6276111602783203
6 <---> 3 : 25.94137191772461
2 <---> 1 : 3.406524658203125
2 <---> 6 : 2.732992172241211
2 <---> 5 : 2.8154850006103516
2 <---> 3 : 3.004312515258789
1 <---> 2 : 3.304004669189453
1 <---> 5 : 4.236936569213867
3 <---> 4 : 2.8891563415527344
3 <---> 6 : 2.910137176513672
3 <---> 2 : 3.371715545654297
==================================== link detector ====================================

----------------------------
src    dst :    delay
4 <---> 5 : 3.6025047302246094
4 <---> 3 : 2.977609634399414
5 <---> 2 : 3.7200450897216797
5 <---> 1 : 2.8629302978515625
5 <---> 4 : 32.65953063964844
6 <---> 2 : 2.6276111602783203
6 <---> 3 : 25.94137191772461
2 <---> 1 : 3.406524658203125
2 <---> 6 : 2.732992172241211
2 <---> 5 : 2.8154850006103516
2 <---> 3 : 3.004312515258789
1 <---> 2 : 3.304004669189453
1 <---> 5 : 4.236936569213867
3 <---> 4 : 2.8891563415527344
3 <---> 6 : 2.910137176513672
3 <---> 2 : 3.371715545654297
discovery--->==================================== discovery ====================================
discovery---> cls: []
discovery--->=============================================================================
==================================== link detector ====================================

----------------------------
src    dst :    delay
4 <---> 5 : 3.6025047302246094
4 <---> 3 : 2.977609634399414
5 <---> 2 : 3.7200450897216797
5 <---> 1 : 2.8629302978515625
5 <---> 4 : 32.65953063964844
6 <---> 2 : 2.6276111602783203
6 <---> 3 : 25.94137191772461
2 <---> 1 : 3.406524658203125
2 <---> 6 : 2.732992172241211
2 <---> 5 : 2.8154850006103516
2 <---> 3 : 3.004312515258789
1 <---> 2 : 3.304004669189453
1 <---> 5 : 4.236936569213867
3 <---> 4 : 2.8891563415527344
3 <---> 6 : 2.910137176513672
3 <---> 2 : 3.371715545654297
discovery--->==================================== discovery ====================================
discovery---> cls: []
discovery--->=============================================================================
==================================== link detector ====================================

----------------------------
src    dst :    delay
4 <---> 5 : 3.6025047302246094
4 <---> 3 : 2.977609634399414
5 <---> 2 : 3.7200450897216797
5 <---> 1 : 2.8629302978515625
5 <---> 4 : 32.65953063964844
6 <---> 2 : 2.6276111602783203
6 <---> 3 : 25.94137191772461
2 <---> 1 : 3.406524658203125
2 <---> 6 : 2.732992172241211
2 <---> 5 : 2.8154850006103516
2 <---> 3 : 3.004312515258789
1 <---> 2 : 3.304004669189453
1 <---> 5 : 4.236936569213867
3 <---> 4 : 2.8891563415527344
3 <---> 6 : 2.910137176513672
3 <---> 2 : 3.371715545654297
==================================== link detector ====================================

----------------------------
src    dst :    delay
4 <---> 5 : 3.6025047302246094
4 <---> 3 : 2.977609634399414
5 <---> 2 : 3.7200450897216797
5 <---> 1 : 2.8629302978515625
5 <---> 4 : 32.65953063964844
6 <---> 2 : 2.6276111602783203
6 <---> 3 : 25.94137191772461
2 <---> 1 : 3.406524658203125
2 <---> 6 : 2.732992172241211
2 <---> 5 : 2.8154850006103516
2 <---> 3 : 3.004312515258789
1 <---> 2 : 3.304004669189453
1 <---> 5 : 4.236936569213867
3 <---> 4 : 2.8891563415527344
3 <---> 6 : 2.910137176513672
3 <---> 2 : 3.371715545654297
discovery--->==================================== discovery ====================================
discovery---> cls: []
discovery--->=============================================================================
==================================== link detector ====================================

----------------------------
src    dst :    delay
4 <---> 5 : 3.6025047302246094
4 <---> 3 : 2.977609634399414
5 <---> 2 : 3.7200450897216797
5 <---> 1 : 2.8629302978515625
5 <---> 4 : 32.65953063964844
6 <---> 2 : 2.6276111602783203
6 <---> 3 : 25.94137191772461
2 <---> 1 : 3.406524658203125
2 <---> 6 : 2.732992172241211
2 <---> 5 : 2.8154850006103516
2 <---> 3 : 3.004312515258789
1 <---> 2 : 3.304004669189453
1 <---> 5 : 4.236936569213867
3 <---> 4 : 2.8891563415527344
3 <---> 6 : 2.910137176513672
3 <---> 2 : 3.371715545654297
discovery--->==================================== discovery ====================================
discovery---> cls: []
discovery--->=============================================================================
==================================== link detector ====================================

----------------------------
src    dst :    delay
4 <---> 5 : 3.6025047302246094
4 <---> 3 : 2.977609634399414
5 <---> 2 : 3.7200450897216797
5 <---> 1 : 2.8629302978515625
5 <---> 4 : 32.65953063964844
6 <---> 2 : 2.6276111602783203
6 <---> 3 : 25.94137191772461
2 <---> 1 : 3.406524658203125
2 <---> 6 : 2.732992172241211
2 <---> 5 : 2.8154850006103516
2 <---> 3 : 3.004312515258789
1 <---> 2 : 3.304004669189453
1 <---> 5 : 4.236936569213867
3 <---> 4 : 2.8891563415527344
3 <---> 6 : 2.910137176513672
3 <---> 2 : 3.371715545654297
==================================== link detector ====================================

----------------------------
src    dst :    delay
4 <---> 5 : 3.6025047302246094
4 <---> 3 : 2.977609634399414
5 <---> 2 : 3.7200450897216797
5 <---> 1 : 2.8629302978515625
5 <---> 4 : 32.65953063964844
6 <---> 2 : 2.6276111602783203
6 <---> 3 : 25.94137191772461
2 <---> 1 : 3.406524658203125
2 <---> 6 : 2.732992172241211
2 <---> 5 : 2.8154850006103516
2 <---> 3 : 3.004312515258789
1 <---> 2 : 3.304004669189453
1 <---> 5 : 4.236936569213867
3 <---> 4 : 2.8891563415527344
3 <---> 6 : 2.910137176513672
3 <---> 2 : 3.371715545654297
discovery--->==================================== discovery ====================================
discovery---> cls: []
discovery--->=============================================================================
==================================== link detector ====================================

----------------------------
src    dst :    delay
4 <---> 5 : 3.6025047302246094
4 <---> 3 : 2.977609634399414
5 <---> 2 : 3.7200450897216797
5 <---> 1 : 2.8629302978515625
5 <---> 4 : 32.65953063964844
6 <---> 2 : 2.6276111602783203
6 <---> 3 : 25.94137191772461
2 <---> 1 : 3.406524658203125
2 <---> 6 : 2.732992172241211
2 <---> 5 : 2.8154850006103516
2 <---> 3 : 3.004312515258789
1 <---> 2 : 3.304004669189453
1 <---> 5 : 4.236936569213867
3 <---> 4 : 2.8891563415527344
3 <---> 6 : 2.910137176513672
3 <---> 2 : 3.371715545654297
discovery--->==================================== discovery ====================================
discovery---> cls: []
discovery--->=============================================================================
==================================== link detector ====================================

----------------------------
src    dst :    delay
4 <---> 5 : 3.6025047302246094
4 <---> 3 : 2.977609634399414
5 <---> 2 : 3.7200450897216797
5 <---> 1 : 2.8629302978515625
5 <---> 4 : 32.65953063964844
6 <---> 2 : 2.6276111602783203
6 <---> 3 : 25.94137191772461
2 <---> 1 : 3.406524658203125
2 <---> 6 : 2.732992172241211
2 <---> 5 : 2.8154850006103516
2 <---> 3 : 3.004312515258789
1 <---> 2 : 3.304004669189453
1 <---> 5 : 4.236936569213867
3 <---> 4 : 2.8891563415527344
3 <---> 6 : 2.910137176513672
3 <---> 2 : 3.371715545654297
==================================== link detector ====================================

----------------------------
src    dst :    delay
4 <---> 5 : 3.6025047302246094
4 <---> 3 : 2.977609634399414
5 <---> 2 : 3.7200450897216797
5 <---> 1 : 2.8629302978515625
5 <---> 4 : 32.65953063964844
6 <---> 2 : 2.6276111602783203
6 <---> 3 : 25.94137191772461
2 <---> 1 : 3.406524658203125
2 <---> 6 : 2.732992172241211
2 <---> 5 : 2.8154850006103516
2 <---> 3 : 3.004312515258789
1 <---> 2 : 3.304004669189453
1 <---> 5 : 4.236936569213867
3 <---> 4 : 2.8891563415527344
3 <---> 6 : 2.910137176513672
3 <---> 2 : 3.371715545654297
discovery--->==================================== discovery ====================================
discovery---> cls: []
discovery--->=============================================================================
==================================== link detector ====================================

----------------------------
src    dst :    delay
4 <---> 5 : 3.6025047302246094
4 <---> 3 : 2.977609634399414
5 <---> 2 : 3.7200450897216797
5 <---> 1 : 2.8629302978515625
5 <---> 4 : 32.65953063964844
6 <---> 2 : 2.6276111602783203
6 <---> 3 : 25.94137191772461
2 <---> 1 : 3.406524658203125
2 <---> 6 : 2.732992172241211
2 <---> 5 : 2.8154850006103516
2 <---> 3 : 3.004312515258789
1 <---> 2 : 3.304004669189453
1 <---> 5 : 4.236936569213867
3 <---> 4 : 2.8891563415527344
3 <---> 6 : 2.910137176513672
3 <---> 2 : 3.371715545654297
discovery--->==================================== discovery ====================================
discovery---> cls: []
discovery--->=============================================================================
==================================== link detector ====================================

----------------------------
src    dst :    delay
4 <---> 5 : 3.6025047302246094
4 <---> 3 : 2.977609634399414
5 <---> 2 : 3.7200450897216797
5 <---> 1 : 2.8629302978515625
5 <---> 4 : 32.65953063964844
6 <---> 2 : 2.6276111602783203
6 <---> 3 : 25.94137191772461
2 <---> 1 : 3.406524658203125
2 <---> 6 : 2.732992172241211
2 <---> 5 : 2.8154850006103516
2 <---> 3 : 3.004312515258789
1 <---> 2 : 3.304004669189453
1 <---> 5 : 4.236936569213867
3 <---> 4 : 2.8891563415527344
3 <---> 6 : 2.910137176513672
3 <---> 2 : 3.371715545654297
==================================== link detector ====================================

----------------------------
src    dst :    delay
4 <---> 5 : 3.6025047302246094
4 <---> 3 : 2.977609634399414
5 <---> 2 : 3.7200450897216797
5 <---> 1 : 2.8629302978515625
5 <---> 4 : 32.65953063964844
6 <---> 2 : 2.6276111602783203
6 <---> 3 : 25.94137191772461
2 <---> 1 : 3.406524658203125
2 <---> 6 : 2.732992172241211
2 <---> 5 : 2.8154850006103516
2 <---> 3 : 3.004312515258789
1 <---> 2 : 3.304004669189453
1 <---> 5 : 4.236936569213867
3 <---> 4 : 2.8891563415527344
3 <---> 6 : 2.910137176513672
3 <---> 2 : 3.371715545654297
discovery--->==================================== discovery ====================================
discovery---> cls: []
discovery--->=============================================================================
==================================== link detector ====================================

----------------------------
src    dst :    delay
4 <---> 5 : 3.6025047302246094
4 <---> 3 : 2.977609634399414
5 <---> 2 : 3.7200450897216797
5 <---> 1 : 2.8629302978515625
5 <---> 4 : 32.65953063964844
6 <---> 2 : 2.6276111602783203
6 <---> 3 : 25.94137191772461
2 <---> 1 : 3.406524658203125
2 <---> 6 : 2.732992172241211
2 <---> 5 : 2.8154850006103516
2 <---> 3 : 3.004312515258789
1 <---> 2 : 3.304004669189453
1 <---> 5 : 4.236936569213867
3 <---> 4 : 2.8891563415527344
3 <---> 6 : 2.910137176513672
3 <---> 2 : 3.371715545654297
discovery--->==================================== discovery ====================================
discovery---> cls: []
discovery--->=============================================================================
==================================== link detector ====================================

----------------------------
src    dst :    delay
4 <---> 5 : 3.6025047302246094
4 <---> 3 : 2.977609634399414
5 <---> 2 : 3.7200450897216797
5 <---> 1 : 2.8629302978515625
5 <---> 4 : 32.65953063964844
6 <---> 2 : 2.6276111602783203
6 <---> 3 : 25.94137191772461
2 <---> 1 : 3.406524658203125
2 <---> 6 : 2.732992172241211
2 <---> 5 : 2.8154850006103516
2 <---> 3 : 3.004312515258789
1 <---> 2 : 3.304004669189453
1 <---> 5 : 4.236936569213867
3 <---> 4 : 2.8891563415527344
3 <---> 6 : 2.910137176513672
3 <---> 2 : 3.371715545654297
==================================== link detector ====================================

----------------------------
src    dst :    delay
4 <---> 5 : 3.6025047302246094
4 <---> 3 : 2.977609634399414
5 <---> 2 : 3.7200450897216797
5 <---> 1 : 2.8629302978515625
5 <---> 4 : 32.65953063964844
6 <---> 2 : 2.6276111602783203
6 <---> 3 : 25.94137191772461
2 <---> 1 : 3.406524658203125
2 <---> 6 : 2.732992172241211
2 <---> 5 : 2.8154850006103516
2 <---> 3 : 3.004312515258789
1 <---> 2 : 3.304004669189453
1 <---> 5 : 4.236936569213867
3 <---> 4 : 2.8891563415527344
3 <---> 6 : 2.910137176513672
3 <---> 2 : 3.371715545654297
discovery--->==================================== discovery ====================================
discovery---> cls: []
discovery--->=============================================================================
==================================== link detector ====================================

----------------------------
src    dst :    delay
4 <---> 5 : 3.6025047302246094
4 <---> 3 : 2.977609634399414
5 <---> 2 : 3.7200450897216797
5 <---> 1 : 2.8629302978515625
5 <---> 4 : 32.65953063964844
6 <---> 2 : 2.6276111602783203
6 <---> 3 : 25.94137191772461
2 <---> 1 : 3.406524658203125
2 <---> 6 : 2.732992172241211
2 <---> 5 : 2.8154850006103516
2 <---> 3 : 3.004312515258789
1 <---> 2 : 3.304004669189453
1 <---> 5 : 4.236936569213867
3 <---> 4 : 2.8891563415527344
3 <---> 6 : 2.910137176513672
3 <---> 2 : 3.371715545654297
discovery--->==================================== discovery ====================================
discovery---> cls: []
discovery--->=============================================================================
==================================== link detector ====================================

----------------------------
src    dst :    delay
4 <---> 5 : 3.6025047302246094
4 <---> 3 : 2.977609634399414
5 <---> 2 : 3.7200450897216797
5 <---> 1 : 2.8629302978515625
5 <---> 4 : 32.65953063964844
6 <---> 2 : 2.6276111602783203
6 <---> 3 : 25.94137191772461
2 <---> 1 : 3.406524658203125
2 <---> 6 : 2.732992172241211
2 <---> 5 : 2.8154850006103516
2 <---> 3 : 3.004312515258789
1 <---> 2 : 3.304004669189453
1 <---> 5 : 4.236936569213867
3 <---> 4 : 2.8891563415527344
3 <---> 6 : 2.910137176513672
3 <---> 2 : 3.371715545654297
==================================== link detector ====================================

----------------------------
src    dst :    delay
4 <---> 5 : 3.6025047302246094
4 <---> 3 : 2.977609634399414
5 <---> 2 : 3.7200450897216797
5 <---> 1 : 2.8629302978515625
5 <---> 4 : 32.65953063964844
6 <---> 2 : 2.6276111602783203
6 <---> 3 : 25.94137191772461
2 <---> 1 : 3.406524658203125
2 <---> 6 : 2.732992172241211
2 <---> 5 : 2.8154850006103516
2 <---> 3 : 3.004312515258789
1 <---> 2 : 3.304004669189453
1 <---> 5 : 4.236936569213867
3 <---> 4 : 2.8891563415527344
3 <---> 6 : 2.910137176513672
3 <---> 2 : 3.371715545654297
discovery--->==================================== discovery ====================================
discovery---> cls: []
discovery--->=============================================================================
==================================== link detector ====================================

----------------------------
src    dst :    delay
4 <---> 5 : 3.6025047302246094
4 <---> 3 : 2.977609634399414
5 <---> 2 : 3.7200450897216797
5 <---> 1 : 2.8629302978515625
5 <---> 4 : 32.65953063964844
6 <---> 2 : 2.6276111602783203
6 <---> 3 : 25.94137191772461
2 <---> 1 : 3.406524658203125
2 <---> 6 : 2.732992172241211
2 <---> 5 : 2.8154850006103516
2 <---> 3 : 3.004312515258789
1 <---> 2 : 3.304004669189453
1 <---> 5 : 4.236936569213867
3 <---> 4 : 2.8891563415527344
3 <---> 6 : 2.910137176513672
3 <---> 2 : 3.371715545654297
discovery--->==================================== discovery ====================================
discovery---> cls: []
discovery--->=============================================================================
==================================== link detector ====================================

----------------------------
src    dst :    delay
4 <---> 5 : 3.6025047302246094
4 <---> 3 : 2.977609634399414
5 <---> 2 : 3.7200450897216797
5 <---> 1 : 2.8629302978515625
5 <---> 4 : 32.65953063964844
6 <---> 2 : 2.6276111602783203
6 <---> 3 : 25.94137191772461
2 <---> 1 : 3.406524658203125
2 <---> 6 : 2.732992172241211
2 <---> 5 : 2.8154850006103516
2 <---> 3 : 3.004312515258789
1 <---> 2 : 3.304004669189453
1 <---> 5 : 4.236936569213867
3 <---> 4 : 2.8891563415527344
3 <---> 6 : 2.910137176513672
3 <---> 2 : 3.371715545654297
==================================== link detector ====================================

----------------------------
src    dst :    delay
4 <---> 5 : 3.6025047302246094
4 <---> 3 : 2.977609634399414
5 <---> 2 : 3.7200450897216797
5 <---> 1 : 2.8629302978515625
5 <---> 4 : 32.65953063964844
6 <---> 2 : 2.6276111602783203
6 <---> 3 : 25.94137191772461
2 <---> 1 : 3.406524658203125
2 <---> 6 : 2.732992172241211
2 <---> 5 : 2.8154850006103516
2 <---> 3 : 3.004312515258789
1 <---> 2 : 3.304004669189453
1 <---> 5 : 4.236936569213867
3 <---> 4 : 2.8891563415527344
3 <---> 6 : 2.910137176513672
3 <---> 2 : 3.371715545654297
discovery--->==================================== discovery ====================================
discovery---> cls: []
discovery--->=============================================================================
==================================== link detector ====================================

----------------------------
src    dst :    delay
4 <---> 5 : 3.6025047302246094
4 <---> 3 : 2.977609634399414
5 <---> 2 : 3.7200450897216797
5 <---> 1 : 2.8629302978515625
5 <---> 4 : 32.65953063964844
6 <---> 2 : 2.6276111602783203
6 <---> 3 : 25.94137191772461
2 <---> 1 : 3.406524658203125
2 <---> 6 : 2.732992172241211
2 <---> 5 : 2.8154850006103516
2 <---> 3 : 3.004312515258789
1 <---> 2 : 3.304004669189453
1 <---> 5 : 4.236936569213867
3 <---> 4 : 2.8891563415527344
3 <---> 6 : 2.910137176513672
3 <---> 2 : 3.371715545654297
discovery--->==================================== discovery ====================================
discovery---> cls: []
discovery--->=============================================================================
==================================== link detector ====================================

----------------------------
src    dst :    delay
4 <---> 5 : 3.6025047302246094
4 <---> 3 : 2.977609634399414
5 <---> 2 : 3.7200450897216797
5 <---> 1 : 2.8629302978515625
5 <---> 4 : 32.65953063964844
6 <---> 2 : 2.6276111602783203
6 <---> 3 : 25.94137191772461
2 <---> 1 : 3.406524658203125
2 <---> 6 : 2.732992172241211
2 <---> 5 : 2.8154850006103516
2 <---> 3 : 3.004312515258789
1 <---> 2 : 3.304004669189453
1 <---> 5 : 4.236936569213867
3 <---> 4 : 2.8891563415527344
3 <---> 6 : 2.910137176513672
3 <---> 2 : 3.371715545654297
==================================== link detector ====================================

----------------------------
src    dst :    delay
4 <---> 5 : 3.6025047302246094
4 <---> 3 : 2.977609634399414
5 <---> 2 : 3.7200450897216797
5 <---> 1 : 2.8629302978515625
5 <---> 4 : 32.65953063964844
6 <---> 2 : 2.6276111602783203
6 <---> 3 : 25.94137191772461
2 <---> 1 : 3.406524658203125
2 <---> 6 : 2.732992172241211
2 <---> 5 : 2.8154850006103516
2 <---> 3 : 3.004312515258789
1 <---> 2 : 3.304004669189453
1 <---> 5 : 4.236936569213867
3 <---> 4 : 2.8891563415527344
3 <---> 6 : 2.910137176513672
3 <---> 2 : 3.371715545654297
discovery--->==================================== discovery ====================================
discovery---> cls: []
discovery--->=============================================================================
==================================== link detector ====================================

----------------------------
src    dst :    delay
4 <---> 5 : 3.6025047302246094
4 <---> 3 : 2.977609634399414
5 <---> 2 : 3.7200450897216797
5 <---> 1 : 2.8629302978515625
5 <---> 4 : 32.65953063964844
6 <---> 2 : 2.6276111602783203
6 <---> 3 : 25.94137191772461
2 <---> 1 : 3.406524658203125
2 <---> 6 : 2.732992172241211
2 <---> 5 : 2.8154850006103516
2 <---> 3 : 3.004312515258789
1 <---> 2 : 3.304004669189453
1 <---> 5 : 4.236936569213867
3 <---> 4 : 2.8891563415527344
3 <---> 6 : 2.910137176513672
3 <---> 2 : 3.371715545654297
discovery--->==================================== discovery ====================================
discovery---> cls: []
discovery--->=============================================================================
==================================== link detector ====================================

----------------------------
src    dst :    delay
4 <---> 5 : 3.6025047302246094
4 <---> 3 : 2.977609634399414
5 <---> 2 : 3.7200450897216797
5 <---> 1 : 2.8629302978515625
5 <---> 4 : 32.65953063964844
6 <---> 2 : 2.6276111602783203
6 <---> 3 : 25.94137191772461
2 <---> 1 : 3.406524658203125
2 <---> 6 : 2.732992172241211
2 <---> 5 : 2.8154850006103516
2 <---> 3 : 3.004312515258789
1 <---> 2 : 3.304004669189453
1 <---> 5 : 4.236936569213867
3 <---> 4 : 2.8891563415527344
3 <---> 6 : 2.910137176513672
3 <---> 2 : 3.371715545654297
==================================== link detector ====================================

----------------------------
src    dst :    delay
4 <---> 5 : 3.6025047302246094
4 <---> 3 : 2.977609634399414
5 <---> 2 : 3.7200450897216797
5 <---> 1 : 2.8629302978515625
5 <---> 4 : 32.65953063964844
6 <---> 2 : 2.6276111602783203
6 <---> 3 : 25.94137191772461
2 <---> 1 : 3.406524658203125
2 <---> 6 : 2.732992172241211
2 <---> 5 : 2.8154850006103516
2 <---> 3 : 3.004312515258789
1 <---> 2 : 3.304004669189453
1 <---> 5 : 4.236936569213867
3 <---> 4 : 2.8891563415527344
3 <---> 6 : 2.910137176513672
3 <---> 2 : 3.371715545654297
discovery--->==================================== discovery ====================================
discovery---> cls: []
discovery--->=============================================================================
==================================== link detector ====================================

----------------------------
src    dst :    delay
4 <---> 5 : 3.6025047302246094
4 <---> 3 : 2.977609634399414
5 <---> 2 : 3.7200450897216797
5 <---> 1 : 2.8629302978515625
5 <---> 4 : 32.65953063964844
6 <---> 2 : 2.6276111602783203
6 <---> 3 : 25.94137191772461
2 <---> 1 : 3.406524658203125
2 <---> 6 : 2.732992172241211
2 <---> 5 : 2.8154850006103516
2 <---> 3 : 3.004312515258789
1 <---> 2 : 3.304004669189453
1 <---> 5 : 4.236936569213867
3 <---> 4 : 2.8891563415527344
3 <---> 6 : 2.910137176513672
3 <---> 2 : 3.371715545654297
discovery--->==================================== discovery ====================================
discovery---> cls: []
discovery--->=============================================================================
==================================== link detector ====================================

----------------------------
src    dst :    delay
4 <---> 5 : 3.6025047302246094
4 <---> 3 : 2.977609634399414
5 <---> 2 : 3.7200450897216797
5 <---> 1 : 2.8629302978515625
5 <---> 4 : 32.65953063964844
6 <---> 2 : 2.6276111602783203
6 <---> 3 : 25.94137191772461
2 <---> 1 : 3.406524658203125
2 <---> 6 : 2.732992172241211
2 <---> 5 : 2.8154850006103516
2 <---> 3 : 3.004312515258789
1 <---> 2 : 3.304004669189453
1 <---> 5 : 4.236936569213867
3 <---> 4 : 2.8891563415527344
3 <---> 6 : 2.910137176513672
3 <---> 2 : 3.371715545654297
==================================== link detector ====================================

----------------------------
src    dst :    delay
4 <---> 5 : 3.6025047302246094
4 <---> 3 : 2.977609634399414
5 <---> 2 : 3.7200450897216797
5 <---> 1 : 2.8629302978515625
5 <---> 4 : 32.65953063964844
6 <---> 2 : 2.6276111602783203
6 <---> 3 : 25.94137191772461
2 <---> 1 : 3.406524658203125
2 <---> 6 : 2.732992172241211
2 <---> 5 : 2.8154850006103516
2 <---> 3 : 3.004312515258789
1 <---> 2 : 3.304004669189453
1 <---> 5 : 4.236936569213867
3 <---> 4 : 2.8891563415527344
3 <---> 6 : 2.910137176513672
3 <---> 2 : 3.371715545654297
discovery--->==================================== discovery ====================================
discovery---> cls: []
discovery--->=============================================================================
==================================== link detector ====================================

----------------------------
src    dst :    delay
4 <---> 5 : 3.6025047302246094
4 <---> 3 : 2.977609634399414
5 <---> 2 : 3.7200450897216797
5 <---> 1 : 2.8629302978515625
5 <---> 4 : 32.65953063964844
6 <---> 2 : 2.6276111602783203
6 <---> 3 : 25.94137191772461
2 <---> 1 : 3.406524658203125
2 <---> 6 : 2.732992172241211
2 <---> 5 : 2.8154850006103516
2 <---> 3 : 3.004312515258789
1 <---> 2 : 3.304004669189453
1 <---> 5 : 4.236936569213867
3 <---> 4 : 2.8891563415527344
3 <---> 6 : 2.910137176513672
3 <---> 2 : 3.371715545654297
discovery--->==================================== discovery ====================================
discovery---> cls: []
discovery--->=============================================================================
==================================== link detector ====================================

----------------------------
src    dst :    delay
4 <---> 5 : 3.6025047302246094
4 <---> 3 : 2.977609634399414
5 <---> 2 : 3.7200450897216797
5 <---> 1 : 2.8629302978515625
5 <---> 4 : 32.65953063964844
6 <---> 2 : 2.6276111602783203
6 <---> 3 : 25.94137191772461
2 <---> 1 : 3.406524658203125
2 <---> 6 : 2.732992172241211
2 <---> 5 : 2.8154850006103516
2 <---> 3 : 3.004312515258789
1 <---> 2 : 3.304004669189453
1 <---> 5 : 4.236936569213867
3 <---> 4 : 2.8891563415527344
3 <---> 6 : 2.910137176513672
3 <---> 2 : 3.371715545654297
==================================== link detector ====================================

----------------------------
src    dst :    delay
4 <---> 5 : 3.6025047302246094
4 <---> 3 : 2.977609634399414
5 <---> 2 : 3.7200450897216797
5 <---> 1 : 2.8629302978515625
5 <---> 4 : 32.65953063964844
6 <---> 2 : 2.6276111602783203
6 <---> 3 : 25.94137191772461
2 <---> 1 : 3.406524658203125
2 <---> 6 : 2.732992172241211
2 <---> 5 : 2.8154850006103516
2 <---> 3 : 3.004312515258789
1 <---> 2 : 3.304004669189453
1 <---> 5 : 4.236936569213867
3 <---> 4 : 2.8891563415527344
3 <---> 6 : 2.910137176513672
3 <---> 2 : 3.371715545654297
discovery--->==================================== discovery ====================================
discovery---> cls: []
discovery--->=============================================================================
==================================== link detector ====================================

----------------------------
src    dst :    delay
4 <---> 5 : 3.6025047302246094
4 <---> 3 : 2.977609634399414
5 <---> 2 : 3.7200450897216797
5 <---> 1 : 2.8629302978515625
5 <---> 4 : 32.65953063964844
6 <---> 2 : 2.6276111602783203
6 <---> 3 : 25.94137191772461
2 <---> 1 : 3.406524658203125
2 <---> 6 : 2.732992172241211
2 <---> 5 : 2.8154850006103516
2 <---> 3 : 3.004312515258789
1 <---> 2 : 3.304004669189453
1 <---> 5 : 4.236936569213867
3 <---> 4 : 2.8891563415527344
3 <---> 6 : 2.910137176513672
3 <---> 2 : 3.371715545654297
discovery--->==================================== discovery ====================================
discovery---> cls: []
discovery--->=============================================================================
==================================== link detector ====================================

----------------------------
src    dst :    delay
4 <---> 5 : 3.6025047302246094
4 <---> 3 : 2.977609634399414
5 <---> 2 : 3.7200450897216797
5 <---> 1 : 2.8629302978515625
5 <---> 4 : 32.65953063964844
6 <---> 2 : 2.6276111602783203
6 <---> 3 : 25.94137191772461
2 <---> 1 : 3.406524658203125
2 <---> 6 : 2.732992172241211
2 <---> 5 : 2.8154850006103516
2 <---> 3 : 3.004312515258789
1 <---> 2 : 3.304004669189453
1 <---> 5 : 4.236936569213867
3 <---> 4 : 2.8891563415527344
3 <---> 6 : 2.910137176513672
3 <---> 2 : 3.371715545654297
==================================== link detector ====================================

----------------------------
src    dst :    delay
4 <---> 5 : 3.6025047302246094
4 <---> 3 : 2.977609634399414
5 <---> 2 : 3.7200450897216797
5 <---> 1 : 2.8629302978515625
5 <---> 4 : 32.65953063964844
6 <---> 2 : 2.6276111602783203
6 <---> 3 : 25.94137191772461
2 <---> 1 : 3.406524658203125
2 <---> 6 : 2.732992172241211
2 <---> 5 : 2.8154850006103516
2 <---> 3 : 3.004312515258789
1 <---> 2 : 3.304004669189453
1 <---> 5 : 4.236936569213867
3 <---> 4 : 2.8891563415527344
3 <---> 6 : 2.910137176513672
3 <---> 2 : 3.371715545654297
discovery--->==================================== discovery ====================================
discovery---> cls: []
discovery--->=============================================================================
==================================== link detector ====================================

----------------------------
src    dst :    delay
4 <---> 5 : 3.6025047302246094
4 <---> 3 : 2.977609634399414
5 <---> 2 : 3.7200450897216797
5 <---> 1 : 2.8629302978515625
5 <---> 4 : 32.65953063964844
6 <---> 2 : 2.6276111602783203
6 <---> 3 : 25.94137191772461
2 <---> 1 : 3.406524658203125
2 <---> 6 : 2.732992172241211
2 <---> 5 : 2.8154850006103516
2 <---> 3 : 3.004312515258789
1 <---> 2 : 3.304004669189453
1 <---> 5 : 4.236936569213867
3 <---> 4 : 2.8891563415527344
3 <---> 6 : 2.910137176513672
3 <---> 2 : 3.371715545654297
==================================== link detector ====================================

----------------------------
src    dst :    delay
4 <---> 5 : 3.6025047302246094
4 <---> 3 : 2.977609634399414
5 <---> 2 : 3.7200450897216797
5 <---> 1 : 2.8629302978515625
5 <---> 4 : 32.65953063964844
6 <---> 2 : 2.6276111602783203
6 <---> 3 : 25.94137191772461
2 <---> 1 : 3.406524658203125
2 <---> 6 : 2.732992172241211
2 <---> 5 : 2.8154850006103516
2 <---> 3 : 3.004312515258789
1 <---> 2 : 3.304004669189453
1 <---> 5 : 4.236936569213867
3 <---> 4 : 2.8891563415527344
3 <---> 6 : 2.910137176513672
3 <---> 2 : 3.371715545654297
discovery--->==================================== discovery ====================================
discovery---> cls: []
discovery--->=============================================================================
==================================== link detector ====================================

----------------------------
src    dst :    delay
4 <---> 5 : 3.6025047302246094
4 <---> 3 : 2.977609634399414
5 <---> 2 : 3.7200450897216797
5 <---> 1 : 2.8629302978515625
5 <---> 4 : 32.65953063964844
6 <---> 2 : 2.6276111602783203
6 <---> 3 : 25.94137191772461
2 <---> 1 : 3.406524658203125
2 <---> 6 : 2.732992172241211
2 <---> 5 : 2.8154850006103516
2 <---> 3 : 3.004312515258789
1 <---> 2 : 3.304004669189453
1 <---> 5 : 4.236936569213867
3 <---> 4 : 2.8891563415527344
3 <---> 6 : 2.910137176513672
3 <---> 2 : 3.371715545654297
discovery--->==================================== discovery ====================================
discovery---> cls: []
discovery--->=============================================================================
==================================== link detector ====================================

----------------------------
src    dst :    delay
4 <---> 5 : 3.6025047302246094
4 <---> 3 : 2.977609634399414
5 <---> 2 : 3.7200450897216797
5 <---> 1 : 2.8629302978515625
5 <---> 4 : 32.65953063964844
6 <---> 2 : 2.6276111602783203
6 <---> 3 : 25.94137191772461
2 <---> 1 : 3.406524658203125
2 <---> 6 : 2.732992172241211
2 <---> 5 : 2.8154850006103516
2 <---> 3 : 3.004312515258789
1 <---> 2 : 3.304004669189453
1 <---> 5 : 4.236936569213867
3 <---> 4 : 2.8891563415527344
3 <---> 6 : 2.910137176513672
3 <---> 2 : 3.371715545654297
==================================== link detector ====================================

----------------------------
src    dst :    delay
4 <---> 5 : 3.6025047302246094
4 <---> 3 : 2.977609634399414
5 <---> 2 : 3.7200450897216797
5 <---> 1 : 2.8629302978515625
5 <---> 4 : 32.65953063964844
6 <---> 2 : 2.6276111602783203
6 <---> 3 : 25.94137191772461
2 <---> 1 : 3.406524658203125
2 <---> 6 : 2.732992172241211
2 <---> 5 : 2.8154850006103516
2 <---> 3 : 3.004312515258789
1 <---> 2 : 3.304004669189453
1 <---> 5 : 4.236936569213867
3 <---> 4 : 2.8891563415527344
3 <---> 6 : 2.910137176513672
3 <---> 2 : 3.371715545654297
discovery--->==================================== discovery ====================================
discovery---> cls: []
discovery--->=============================================================================
==================================== link detector ====================================

----------------------------
src    dst :    delay
4 <---> 5 : 3.6025047302246094
4 <---> 3 : 2.977609634399414
5 <---> 2 : 3.7200450897216797
5 <---> 1 : 2.8629302978515625
5 <---> 4 : 32.65953063964844
6 <---> 2 : 2.6276111602783203
6 <---> 3 : 25.94137191772461
2 <---> 1 : 3.406524658203125
2 <---> 6 : 2.732992172241211
2 <---> 5 : 2.8154850006103516
2 <---> 3 : 3.004312515258789
1 <---> 2 : 3.304004669189453
1 <---> 5 : 4.236936569213867
3 <---> 4 : 2.8891563415527344
3 <---> 6 : 2.910137176513672
3 <---> 2 : 3.371715545654297
discovery--->==================================== discovery ====================================
discovery---> cls: []
discovery--->=============================================================================
==================================== link detector ====================================

----------------------------
src    dst :    delay
4 <---> 5 : 3.6025047302246094
4 <---> 3 : 2.977609634399414
5 <---> 2 : 3.7200450897216797
5 <---> 1 : 2.8629302978515625
5 <---> 4 : 32.65953063964844
6 <---> 2 : 2.6276111602783203
6 <---> 3 : 25.94137191772461
2 <---> 1 : 3.406524658203125
2 <---> 6 : 2.732992172241211
2 <---> 5 : 2.8154850006103516
2 <---> 3 : 3.004312515258789
1 <---> 2 : 3.304004669189453
1 <---> 5 : 4.236936569213867
3 <---> 4 : 2.8891563415527344
3 <---> 6 : 2.910137176513672
3 <---> 2 : 3.371715545654297
==================================== link detector ====================================

----------------------------
src    dst :    delay
4 <---> 5 : 3.6025047302246094
4 <---> 3 : 2.977609634399414
5 <---> 2 : 3.7200450897216797
5 <---> 1 : 2.8629302978515625
5 <---> 4 : 32.65953063964844
6 <---> 2 : 2.6276111602783203
6 <---> 3 : 25.94137191772461
2 <---> 1 : 3.406524658203125
2 <---> 6 : 2.732992172241211
2 <---> 5 : 2.8154850006103516
2 <---> 3 : 3.004312515258789
1 <---> 2 : 3.304004669189453
1 <---> 5 : 4.236936569213867
3 <---> 4 : 2.8891563415527344
3 <---> 6 : 2.910137176513672
3 <---> 2 : 3.371715545654297
discovery--->==================================== discovery ====================================
discovery---> cls: []
discovery--->=============================================================================
==================================== link detector ====================================

----------------------------
src    dst :    delay
4 <---> 5 : 3.6025047302246094
4 <---> 3 : 2.977609634399414
5 <---> 2 : 3.7200450897216797
5 <---> 1 : 2.8629302978515625
5 <---> 4 : 32.65953063964844
6 <---> 2 : 2.6276111602783203
6 <---> 3 : 25.94137191772461
2 <---> 1 : 3.406524658203125
2 <---> 6 : 2.732992172241211
2 <---> 5 : 2.8154850006103516
2 <---> 3 : 3.004312515258789
1 <---> 2 : 3.304004669189453
1 <---> 5 : 4.236936569213867
3 <---> 4 : 2.8891563415527344
3 <---> 6 : 2.910137176513672
3 <---> 2 : 3.371715545654297
discovery--->==================================== discovery ====================================
discovery---> cls: []
discovery--->=============================================================================
==================================== link detector ====================================

----------------------------
src    dst :    delay
4 <---> 5 : 3.6025047302246094
4 <---> 3 : 2.977609634399414
5 <---> 2 : 3.7200450897216797
5 <---> 1 : 2.8629302978515625
5 <---> 4 : 32.65953063964844
6 <---> 2 : 2.6276111602783203
6 <---> 3 : 25.94137191772461
2 <---> 1 : 3.406524658203125
2 <---> 6 : 2.732992172241211
2 <---> 5 : 2.8154850006103516
2 <---> 3 : 3.004312515258789
1 <---> 2 : 3.304004669189453
1 <---> 5 : 4.236936569213867
3 <---> 4 : 2.8891563415527344
3 <---> 6 : 2.910137176513672
3 <---> 2 : 3.371715545654297
==================================== link detector ====================================

----------------------------
src    dst :    delay
4 <---> 5 : 3.6025047302246094
4 <---> 3 : 2.977609634399414
5 <---> 2 : 3.7200450897216797
5 <---> 1 : 2.8629302978515625
5 <---> 4 : 32.65953063964844
6 <---> 2 : 2.6276111602783203
6 <---> 3 : 25.94137191772461
2 <---> 1 : 3.406524658203125
2 <---> 6 : 2.732992172241211
2 <---> 5 : 2.8154850006103516
2 <---> 3 : 3.004312515258789
1 <---> 2 : 3.304004669189453
1 <---> 5 : 4.236936569213867
3 <---> 4 : 2.8891563415527344
3 <---> 6 : 2.910137176513672
3 <---> 2 : 3.371715545654297
discovery--->==================================== discovery ====================================
discovery---> cls: []
discovery--->=============================================================================
==================================== link detector ====================================

----------------------------
src    dst :    delay
4 <---> 5 : 3.6025047302246094
4 <---> 3 : 2.977609634399414
5 <---> 2 : 3.7200450897216797
5 <---> 1 : 2.8629302978515625
5 <---> 4 : 32.65953063964844
6 <---> 2 : 2.6276111602783203
6 <---> 3 : 25.94137191772461
2 <---> 1 : 3.406524658203125
2 <---> 6 : 2.732992172241211
2 <---> 5 : 2.8154850006103516
2 <---> 3 : 3.004312515258789
1 <---> 2 : 3.304004669189453
1 <---> 5 : 4.236936569213867
3 <---> 4 : 2.8891563415527344
3 <---> 6 : 2.910137176513672
3 <---> 2 : 3.371715545654297
discovery--->==================================== discovery ====================================
discovery---> cls: []
discovery--->=============================================================================
==================================== link detector ====================================

----------------------------
src    dst :    delay
4 <---> 5 : 3.6025047302246094
4 <---> 3 : 2.977609634399414
5 <---> 2 : 3.7200450897216797
5 <---> 1 : 2.8629302978515625
5 <---> 4 : 32.65953063964844
6 <---> 2 : 2.6276111602783203
6 <---> 3 : 25.94137191772461
2 <---> 1 : 3.406524658203125
2 <---> 6 : 2.732992172241211
2 <---> 5 : 2.8154850006103516
2 <---> 3 : 3.004312515258789
1 <---> 2 : 3.304004669189453
1 <---> 5 : 4.236936569213867
3 <---> 4 : 2.8891563415527344
3 <---> 6 : 2.910137176513672
3 <---> 2 : 3.371715545654297
==================================== link detector ====================================

----------------------------
src    dst :    delay
4 <---> 5 : 3.6025047302246094
4 <---> 3 : 2.977609634399414
5 <---> 2 : 3.7200450897216797
5 <---> 1 : 2.8629302978515625
5 <---> 4 : 32.65953063964844
6 <---> 2 : 2.6276111602783203
6 <---> 3 : 25.94137191772461
2 <---> 1 : 3.406524658203125
2 <---> 6 : 2.732992172241211
2 <---> 5 : 2.8154850006103516
2 <---> 3 : 3.004312515258789
1 <---> 2 : 3.304004669189453
1 <---> 5 : 4.236936569213867
3 <---> 4 : 2.8891563415527344
3 <---> 6 : 2.910137176513672
3 <---> 2 : 3.371715545654297
discovery--->==================================== discovery ====================================
discovery---> cls: []
discovery--->=============================================================================
==================================== link detector ====================================

----------------------------
src    dst :    delay
4 <---> 5 : 3.6025047302246094
4 <---> 3 : 2.977609634399414
5 <---> 2 : 3.7200450897216797
5 <---> 1 : 2.8629302978515625
5 <---> 4 : 32.65953063964844
6 <---> 2 : 2.6276111602783203
6 <---> 3 : 25.94137191772461
2 <---> 1 : 3.406524658203125
2 <---> 6 : 2.732992172241211
2 <---> 5 : 2.8154850006103516
2 <---> 3 : 3.004312515258789
1 <---> 2 : 3.304004669189453
1 <---> 5 : 4.236936569213867
3 <---> 4 : 2.8891563415527344
3 <---> 6 : 2.910137176513672
3 <---> 2 : 3.371715545654297
discovery--->==================================== discovery ====================================
discovery---> cls: []
discovery--->=============================================================================
==================================== link detector ====================================

----------------------------
src    dst :    delay
4 <---> 5 : 3.6025047302246094
4 <---> 3 : 2.977609634399414
5 <---> 2 : 3.7200450897216797
5 <---> 1 : 2.8629302978515625
5 <---> 4 : 32.65953063964844
6 <---> 2 : 2.6276111602783203
6 <---> 3 : 25.94137191772461
2 <---> 1 : 3.406524658203125
2 <---> 6 : 2.732992172241211
2 <---> 5 : 2.8154850006103516
2 <---> 3 : 3.004312515258789
1 <---> 2 : 3.304004669189453
1 <---> 5 : 4.236936569213867
3 <---> 4 : 2.8891563415527344
3 <---> 6 : 2.910137176513672
3 <---> 2 : 3.371715545654297
==================================== link detector ====================================

----------------------------
src    dst :    delay
4 <---> 5 : 3.6025047302246094
4 <---> 3 : 2.977609634399414
5 <---> 2 : 3.7200450897216797
5 <---> 1 : 2.8629302978515625
5 <---> 4 : 32.65953063964844
6 <---> 2 : 2.6276111602783203
6 <---> 3 : 25.94137191772461
2 <---> 1 : 3.406524658203125
2 <---> 6 : 2.732992172241211
2 <---> 5 : 2.8154850006103516
2 <---> 3 : 3.004312515258789
1 <---> 2 : 3.304004669189453
1 <---> 5 : 4.236936569213867
3 <---> 4 : 2.8891563415527344
3 <---> 6 : 2.910137176513672
3 <---> 2 : 3.371715545654297
discovery--->==================================== discovery ====================================
discovery---> cls: []
discovery--->=============================================================================
==================================== link detector ====================================

----------------------------
src    dst :    delay
4 <---> 5 : 3.6025047302246094
4 <---> 3 : 2.977609634399414
5 <---> 2 : 3.7200450897216797
5 <---> 1 : 2.8629302978515625
5 <---> 4 : 32.65953063964844
6 <---> 2 : 2.6276111602783203
6 <---> 3 : 25.94137191772461
2 <---> 1 : 3.406524658203125
2 <---> 6 : 2.732992172241211
2 <---> 5 : 2.8154850006103516
2 <---> 3 : 3.004312515258789
1 <---> 2 : 3.304004669189453
1 <---> 5 : 4.236936569213867
3 <---> 4 : 2.8891563415527344
3 <---> 6 : 2.910137176513672
3 <---> 2 : 3.371715545654297
discovery--->==================================== discovery ====================================
discovery---> cls: []
discovery--->=============================================================================
==================================== link detector ====================================

----------------------------
src    dst :    delay
4 <---> 5 : 3.6025047302246094
4 <---> 3 : 2.977609634399414
5 <---> 2 : 3.7200450897216797
5 <---> 1 : 2.8629302978515625
5 <---> 4 : 32.65953063964844
6 <---> 2 : 2.6276111602783203
6 <---> 3 : 25.94137191772461
2 <---> 1 : 3.406524658203125
2 <---> 6 : 2.732992172241211
2 <---> 5 : 2.8154850006103516
2 <---> 3 : 3.004312515258789
1 <---> 2 : 3.304004669189453
1 <---> 5 : 4.236936569213867
3 <---> 4 : 2.8891563415527344
3 <---> 6 : 2.910137176513672
3 <---> 2 : 3.371715545654297
==================================== link detector ====================================

----------------------------
src    dst :    delay
4 <---> 5 : 3.6025047302246094
4 <---> 3 : 2.977609634399414
5 <---> 2 : 3.7200450897216797
5 <---> 1 : 2.8629302978515625
5 <---> 4 : 32.65953063964844
6 <---> 2 : 2.6276111602783203
6 <---> 3 : 25.94137191772461
2 <---> 1 : 3.406524658203125
2 <---> 6 : 2.732992172241211
2 <---> 5 : 2.8154850006103516
2 <---> 3 : 3.004312515258789
1 <---> 2 : 3.304004669189453
1 <---> 5 : 4.236936569213867
3 <---> 4 : 2.8891563415527344
3 <---> 6 : 2.910137176513672
3 <---> 2 : 3.371715545654297
discovery--->==================================== discovery ====================================
discovery---> cls: []
discovery--->=============================================================================
==================================== link detector ====================================

----------------------------
src    dst :    delay
4 <---> 5 : 3.6025047302246094
4 <---> 3 : 2.977609634399414
5 <---> 2 : 3.7200450897216797
5 <---> 1 : 2.8629302978515625
5 <---> 4 : 32.65953063964844
6 <---> 2 : 2.6276111602783203
6 <---> 3 : 25.94137191772461
2 <---> 1 : 3.406524658203125
2 <---> 6 : 2.732992172241211
2 <---> 5 : 2.8154850006103516
2 <---> 3 : 3.004312515258789
1 <---> 2 : 3.304004669189453
1 <---> 5 : 4.236936569213867
3 <---> 4 : 2.8891563415527344
3 <---> 6 : 2.910137176513672
3 <---> 2 : 3.371715545654297
discovery--->==================================== discovery ====================================
discovery---> cls: []
discovery--->=============================================================================
==================================== link detector ====================================

----------------------------
src    dst :    delay
4 <---> 5 : 3.6025047302246094
4 <---> 3 : 2.977609634399414
5 <---> 2 : 3.7200450897216797
5 <---> 1 : 2.8629302978515625
5 <---> 4 : 32.65953063964844
6 <---> 2 : 2.6276111602783203
6 <---> 3 : 25.94137191772461
2 <---> 1 : 3.406524658203125
2 <---> 6 : 2.732992172241211
2 <---> 5 : 2.8154850006103516
2 <---> 3 : 3.004312515258789
1 <---> 2 : 3.304004669189453
1 <---> 5 : 4.236936569213867
3 <---> 4 : 2.8891563415527344
3 <---> 6 : 2.910137176513672
3 <---> 2 : 3.371715545654297
==================================== link detector ====================================

----------------------------
src    dst :    delay
4 <---> 5 : 3.6025047302246094
4 <---> 3 : 2.977609634399414
5 <---> 2 : 3.7200450897216797
5 <---> 1 : 2.8629302978515625
5 <---> 4 : 32.65953063964844
6 <---> 2 : 2.6276111602783203
6 <---> 3 : 25.94137191772461
2 <---> 1 : 3.406524658203125
2 <---> 6 : 2.732992172241211
2 <---> 5 : 2.8154850006103516
2 <---> 3 : 3.004312515258789
1 <---> 2 : 3.304004669189453
1 <---> 5 : 4.236936569213867
3 <---> 4 : 2.8891563415527344
3 <---> 6 : 2.910137176513672
3 <---> 2 : 3.371715545654297
discovery--->==================================== discovery ====================================
discovery---> cls: []
discovery--->=============================================================================
==================================== link detector ====================================

----------------------------
src    dst :    delay
4 <---> 5 : 3.6025047302246094
4 <---> 3 : 2.977609634399414
5 <---> 2 : 3.7200450897216797
5 <---> 1 : 2.8629302978515625
5 <---> 4 : 32.65953063964844
6 <---> 2 : 2.6276111602783203
6 <---> 3 : 25.94137191772461
2 <---> 1 : 3.406524658203125
2 <---> 6 : 2.732992172241211
2 <---> 5 : 2.8154850006103516
2 <---> 3 : 3.004312515258789
1 <---> 2 : 3.304004669189453
1 <---> 5 : 4.236936569213867
3 <---> 4 : 2.8891563415527344
3 <---> 6 : 2.910137176513672
3 <---> 2 : 3.371715545654297
discovery--->==================================== discovery ====================================
discovery---> cls: []
discovery--->=============================================================================
==================================== link detector ====================================

----------------------------
src    dst :    delay
4 <---> 5 : 3.6025047302246094
4 <---> 3 : 2.977609634399414
5 <---> 2 : 3.7200450897216797
5 <---> 1 : 2.8629302978515625
5 <---> 4 : 32.65953063964844
6 <---> 2 : 2.6276111602783203
6 <---> 3 : 25.94137191772461
2 <---> 1 : 3.406524658203125
2 <---> 6 : 2.732992172241211
2 <---> 5 : 2.8154850006103516
2 <---> 3 : 3.004312515258789
1 <---> 2 : 3.304004669189453
1 <---> 5 : 4.236936569213867
3 <---> 4 : 2.8891563415527344
3 <---> 6 : 2.910137176513672
3 <---> 2 : 3.371715545654297
==================================== link detector ====================================

----------------------------
src    dst :    delay
4 <---> 5 : 3.6025047302246094
4 <---> 3 : 2.977609634399414
5 <---> 2 : 3.7200450897216797
5 <---> 1 : 2.8629302978515625
5 <---> 4 : 32.65953063964844
6 <---> 2 : 2.6276111602783203
6 <---> 3 : 25.94137191772461
2 <---> 1 : 3.406524658203125
2 <---> 6 : 2.732992172241211
2 <---> 5 : 2.8154850006103516
2 <---> 3 : 3.004312515258789
1 <---> 2 : 3.304004669189453
1 <---> 5 : 4.236936569213867
3 <---> 4 : 2.8891563415527344
3 <---> 6 : 2.910137176513672
3 <---> 2 : 3.371715545654297
discovery--->==================================== discovery ====================================
discovery---> cls: []
discovery--->=============================================================================
==================================== link detector ====================================

----------------------------
src    dst :    delay
4 <---> 5 : 3.6025047302246094
4 <---> 3 : 2.977609634399414
5 <---> 2 : 3.7200450897216797
5 <---> 1 : 2.8629302978515625
5 <---> 4 : 32.65953063964844
6 <---> 2 : 2.6276111602783203
6 <---> 3 : 25.94137191772461
2 <---> 1 : 3.406524658203125
2 <---> 6 : 2.732992172241211
2 <---> 5 : 2.8154850006103516
2 <---> 3 : 3.004312515258789
1 <---> 2 : 3.304004669189453
1 <---> 5 : 4.236936569213867
3 <---> 4 : 2.8891563415527344
3 <---> 6 : 2.910137176513672
3 <---> 2 : 3.371715545654297
discovery--->==================================== discovery ====================================
discovery---> cls: []
discovery--->=============================================================================
==================================== link detector ====================================

----------------------------
src    dst :    delay
4 <---> 5 : 3.6025047302246094
4 <---> 3 : 2.977609634399414
5 <---> 2 : 3.7200450897216797
5 <---> 1 : 2.8629302978515625
5 <---> 4 : 32.65953063964844
6 <---> 2 : 2.6276111602783203
6 <---> 3 : 25.94137191772461
2 <---> 1 : 3.406524658203125
2 <---> 6 : 2.732992172241211
2 <---> 5 : 2.8154850006103516
2 <---> 3 : 3.004312515258789
1 <---> 2 : 3.304004669189453
1 <---> 5 : 4.236936569213867
3 <---> 4 : 2.8891563415527344
3 <---> 6 : 2.910137176513672
3 <---> 2 : 3.371715545654297
==================================== link detector ====================================

----------------------------
src    dst :    delay
4 <---> 5 : 3.6025047302246094
4 <---> 3 : 2.977609634399414
5 <---> 2 : 3.7200450897216797
5 <---> 1 : 2.8629302978515625
5 <---> 4 : 32.65953063964844
6 <---> 2 : 2.6276111602783203
6 <---> 3 : 25.94137191772461
2 <---> 1 : 3.406524658203125
2 <---> 6 : 2.732992172241211
2 <---> 5 : 2.8154850006103516
2 <---> 3 : 3.004312515258789
1 <---> 2 : 3.304004669189453
1 <---> 5 : 4.236936569213867
3 <---> 4 : 2.8891563415527344
3 <---> 6 : 2.910137176513672
3 <---> 2 : 3.371715545654297
discovery--->==================================== discovery ====================================
discovery---> cls: []
discovery--->=============================================================================
==================================== link detector ====================================

----------------------------
src    dst :    delay
4 <---> 5 : 3.6025047302246094
4 <---> 3 : 2.977609634399414
5 <---> 2 : 3.7200450897216797
5 <---> 1 : 2.8629302978515625
5 <---> 4 : 32.65953063964844
6 <---> 2 : 2.6276111602783203
6 <---> 3 : 25.94137191772461
2 <---> 1 : 3.406524658203125
2 <---> 6 : 2.732992172241211
2 <---> 5 : 2.8154850006103516
2 <---> 3 : 3.004312515258789
1 <---> 2 : 3.304004669189453
1 <---> 5 : 4.236936569213867
3 <---> 4 : 2.8891563415527344
3 <---> 6 : 2.910137176513672
3 <---> 2 : 3.371715545654297
discovery--->==================================== discovery ====================================
discovery---> cls: []
discovery--->=============================================================================
==================================== link detector ====================================

----------------------------
src    dst :    delay
4 <---> 5 : 3.6025047302246094
4 <---> 3 : 2.977609634399414
5 <---> 2 : 3.7200450897216797
5 <---> 1 : 2.8629302978515625
5 <---> 4 : 32.65953063964844
6 <---> 2 : 2.6276111602783203
6 <---> 3 : 25.94137191772461
2 <---> 1 : 3.406524658203125
2 <---> 6 : 2.732992172241211
2 <---> 5 : 2.8154850006103516
2 <---> 3 : 3.004312515258789
1 <---> 2 : 3.304004669189453
1 <---> 5 : 4.236936569213867
3 <---> 4 : 2.8891563415527344
3 <---> 6 : 2.910137176513672
3 <---> 2 : 3.371715545654297
==================================== link detector ====================================

----------------------------
src    dst :    delay
4 <---> 5 : 3.6025047302246094
4 <---> 3 : 2.977609634399414
5 <---> 2 : 3.7200450897216797
5 <---> 1 : 2.8629302978515625
5 <---> 4 : 32.65953063964844
6 <---> 2 : 2.6276111602783203
6 <---> 3 : 25.94137191772461
2 <---> 1 : 3.406524658203125
2 <---> 6 : 2.732992172241211
2 <---> 5 : 2.8154850006103516
2 <---> 3 : 3.004312515258789
1 <---> 2 : 3.304004669189453
1 <---> 5 : 4.236936569213867
3 <---> 4 : 2.8891563415527344
3 <---> 6 : 2.910137176513672
3 <---> 2 : 3.371715545654297
discovery--->==================================== discovery ====================================
discovery---> cls: []
discovery--->=============================================================================
==================================== link detector ====================================

----------------------------
src    dst :    delay
4 <---> 5 : 3.6025047302246094
4 <---> 3 : 2.977609634399414
5 <---> 2 : 3.7200450897216797
5 <---> 1 : 2.8629302978515625
5 <---> 4 : 32.65953063964844
6 <---> 2 : 2.6276111602783203
6 <---> 3 : 25.94137191772461
2 <---> 1 : 3.406524658203125
2 <---> 6 : 2.732992172241211
2 <---> 5 : 2.8154850006103516
2 <---> 3 : 3.004312515258789
1 <---> 2 : 3.304004669189453
1 <---> 5 : 4.236936569213867
3 <---> 4 : 2.8891563415527344
3 <---> 6 : 2.910137176513672
3 <---> 2 : 3.371715545654297
discovery--->==================================== discovery ====================================
discovery---> cls: []
discovery--->=============================================================================
==================================== link detector ====================================

----------------------------
src    dst :    delay
4 <---> 5 : 3.6025047302246094
4 <---> 3 : 2.977609634399414
5 <---> 2 : 3.7200450897216797
5 <---> 1 : 2.8629302978515625
5 <---> 4 : 32.65953063964844
6 <---> 2 : 2.6276111602783203
6 <---> 3 : 25.94137191772461
2 <---> 1 : 3.406524658203125
2 <---> 6 : 2.732992172241211
2 <---> 5 : 2.8154850006103516
2 <---> 3 : 3.004312515258789
1 <---> 2 : 3.304004669189453
1 <---> 5 : 4.236936569213867
3 <---> 4 : 2.8891563415527344
3 <---> 6 : 2.910137176513672
3 <---> 2 : 3.371715545654297
==================================== link detector ====================================

----------------------------
src    dst :    delay
4 <---> 5 : 3.6025047302246094
4 <---> 3 : 2.977609634399414
5 <---> 2 : 3.7200450897216797
5 <---> 1 : 2.8629302978515625
5 <---> 4 : 32.65953063964844
6 <---> 2 : 2.6276111602783203
6 <---> 3 : 25.94137191772461
2 <---> 1 : 3.406524658203125
2 <---> 6 : 2.732992172241211
2 <---> 5 : 2.8154850006103516
2 <---> 3 : 3.004312515258789
1 <---> 2 : 3.304004669189453
1 <---> 5 : 4.236936569213867
3 <---> 4 : 2.8891563415527344
3 <---> 6 : 2.910137176513672
3 <---> 2 : 3.371715545654297
discovery--->==================================== discovery ====================================
discovery---> cls: []
discovery--->=============================================================================
==================================== link detector ====================================

----------------------------
src    dst :    delay
4 <---> 5 : 3.6025047302246094
4 <---> 3 : 2.977609634399414
5 <---> 2 : 3.7200450897216797
5 <---> 1 : 2.8629302978515625
5 <---> 4 : 32.65953063964844
6 <---> 2 : 2.6276111602783203
6 <---> 3 : 25.94137191772461
2 <---> 1 : 3.406524658203125
2 <---> 6 : 2.732992172241211
2 <---> 5 : 2.8154850006103516
2 <---> 3 : 3.004312515258789
1 <---> 2 : 3.304004669189453
1 <---> 5 : 4.236936569213867
3 <---> 4 : 2.8891563415527344
3 <---> 6 : 2.910137176513672
3 <---> 2 : 3.371715545654297
discovery--->==================================== discovery ====================================
discovery---> cls: []
discovery--->=============================================================================
==================================== link detector ====================================

----------------------------
src    dst :    delay
4 <---> 5 : 3.6025047302246094
4 <---> 3 : 2.977609634399414
5 <---> 2 : 3.7200450897216797
5 <---> 1 : 2.8629302978515625
5 <---> 4 : 32.65953063964844
6 <---> 2 : 2.6276111602783203
6 <---> 3 : 25.94137191772461
2 <---> 1 : 3.406524658203125
2 <---> 6 : 2.732992172241211
2 <---> 5 : 2.8154850006103516
2 <---> 3 : 3.004312515258789
1 <---> 2 : 3.304004669189453
1 <---> 5 : 4.236936569213867
3 <---> 4 : 2.8891563415527344
3 <---> 6 : 2.910137176513672
3 <---> 2 : 3.371715545654297
==================================== link detector ====================================

----------------------------
src    dst :    delay
4 <---> 5 : 3.6025047302246094
4 <---> 3 : 2.977609634399414
5 <---> 2 : 3.7200450897216797
5 <---> 1 : 2.8629302978515625
5 <---> 4 : 32.65953063964844
6 <---> 2 : 2.6276111602783203
6 <---> 3 : 25.94137191772461
2 <---> 1 : 3.406524658203125
2 <---> 6 : 2.732992172241211
2 <---> 5 : 2.8154850006103516
2 <---> 3 : 3.004312515258789
1 <---> 2 : 3.304004669189453
1 <---> 5 : 4.236936569213867
3 <---> 4 : 2.8891563415527344
3 <---> 6 : 2.910137176513672
3 <---> 2 : 3.371715545654297
discovery--->==================================== discovery ====================================
discovery---> cls: []
discovery--->=============================================================================
==================================== link detector ====================================

----------------------------
src    dst :    delay
4 <---> 5 : 3.6025047302246094
4 <---> 3 : 2.977609634399414
5 <---> 2 : 3.7200450897216797
5 <---> 1 : 2.8629302978515625
5 <---> 4 : 32.65953063964844
6 <---> 2 : 2.6276111602783203
6 <---> 3 : 25.94137191772461
2 <---> 1 : 3.406524658203125
2 <---> 6 : 2.732992172241211
2 <---> 5 : 2.8154850006103516
2 <---> 3 : 3.004312515258789
1 <---> 2 : 3.304004669189453
1 <---> 5 : 4.236936569213867
3 <---> 4 : 2.8891563415527344
3 <---> 6 : 2.910137176513672
3 <---> 2 : 3.371715545654297
discovery--->==================================== discovery ====================================
discovery---> cls: []
discovery--->=============================================================================
==================================== link detector ====================================

----------------------------
src    dst :    delay
4 <---> 5 : 3.6025047302246094
4 <---> 3 : 2.977609634399414
5 <---> 2 : 3.7200450897216797
5 <---> 1 : 2.8629302978515625
5 <---> 4 : 32.65953063964844
6 <---> 2 : 2.6276111602783203
6 <---> 3 : 25.94137191772461
2 <---> 1 : 3.406524658203125
2 <---> 6 : 2.732992172241211
2 <---> 5 : 2.8154850006103516
2 <---> 3 : 3.004312515258789
1 <---> 2 : 3.304004669189453
1 <---> 5 : 4.236936569213867
3 <---> 4 : 2.8891563415527344
3 <---> 6 : 2.910137176513672
3 <---> 2 : 3.371715545654297
==================================== link detector ====================================

----------------------------
src    dst :    delay
4 <---> 5 : 3.6025047302246094
4 <---> 3 : 2.977609634399414
5 <---> 2 : 3.7200450897216797
5 <---> 1 : 2.8629302978515625
5 <---> 4 : 32.65953063964844
6 <---> 2 : 2.6276111602783203
6 <---> 3 : 25.94137191772461
2 <---> 1 : 3.406524658203125
2 <---> 6 : 2.732992172241211
2 <---> 5 : 2.8154850006103516
2 <---> 3 : 3.004312515258789
1 <---> 2 : 3.304004669189453
1 <---> 5 : 4.236936569213867
3 <---> 4 : 2.8891563415527344
3 <---> 6 : 2.910137176513672
3 <---> 2 : 3.371715545654297
discovery--->==================================== discovery ====================================
discovery---> cls: []
discovery--->=============================================================================
==================================== link detector ====================================

----------------------------
src    dst :    delay
4 <---> 5 : 3.6025047302246094
4 <---> 3 : 2.977609634399414
5 <---> 2 : 3.7200450897216797
5 <---> 1 : 2.8629302978515625
5 <---> 4 : 32.65953063964844
6 <---> 2 : 2.6276111602783203
6 <---> 3 : 25.94137191772461
2 <---> 1 : 3.406524658203125
2 <---> 6 : 2.732992172241211
2 <---> 5 : 2.8154850006103516
2 <---> 3 : 3.004312515258789
1 <---> 2 : 3.304004669189453
1 <---> 5 : 4.236936569213867
3 <---> 4 : 2.8891563415527344
3 <---> 6 : 2.910137176513672
3 <---> 2 : 3.371715545654297
discovery--->==================================== discovery ====================================
discovery---> cls: []
discovery--->=============================================================================
==================================== link detector ====================================

----------------------------
src    dst :    delay
4 <---> 5 : 3.6025047302246094
4 <---> 3 : 2.977609634399414
5 <---> 2 : 3.7200450897216797
5 <---> 1 : 2.8629302978515625
5 <---> 4 : 32.65953063964844
6 <---> 2 : 2.6276111602783203
6 <---> 3 : 25.94137191772461
2 <---> 1 : 3.406524658203125
2 <---> 6 : 2.732992172241211
2 <---> 5 : 2.8154850006103516
2 <---> 3 : 3.004312515258789
1 <---> 2 : 3.304004669189453
1 <---> 5 : 4.236936569213867
3 <---> 4 : 2.8891563415527344
3 <---> 6 : 2.910137176513672
3 <---> 2 : 3.371715545654297
==================================== link detector ====================================

----------------------------
src    dst :    delay
4 <---> 5 : 3.6025047302246094
4 <---> 3 : 2.977609634399414
5 <---> 2 : 3.7200450897216797
5 <---> 1 : 2.8629302978515625
5 <---> 4 : 32.65953063964844
6 <---> 2 : 2.6276111602783203
6 <---> 3 : 25.94137191772461
2 <---> 1 : 3.406524658203125
2 <---> 6 : 2.732992172241211
2 <---> 5 : 2.8154850006103516
2 <---> 3 : 3.004312515258789
1 <---> 2 : 3.304004669189453
1 <---> 5 : 4.236936569213867
3 <---> 4 : 2.8891563415527344
3 <---> 6 : 2.910137176513672
3 <---> 2 : 3.371715545654297
discovery--->==================================== discovery ====================================
discovery---> cls: []
discovery--->=============================================================================
==================================== link detector ====================================

----------------------------
src    dst :    delay
4 <---> 5 : 3.6025047302246094
4 <---> 3 : 2.977609634399414
5 <---> 2 : 3.7200450897216797
5 <---> 1 : 2.8629302978515625
5 <---> 4 : 32.65953063964844
6 <---> 2 : 2.6276111602783203
6 <---> 3 : 25.94137191772461
2 <---> 1 : 3.406524658203125
2 <---> 6 : 2.732992172241211
2 <---> 5 : 2.8154850006103516
2 <---> 3 : 3.004312515258789
1 <---> 2 : 3.304004669189453
1 <---> 5 : 4.236936569213867
3 <---> 4 : 2.8891563415527344
3 <---> 6 : 2.910137176513672
3 <---> 2 : 3.371715545654297
discovery--->==================================== discovery ====================================
discovery---> cls: []
discovery--->=============================================================================
==================================== link detector ====================================

----------------------------
src    dst :    delay
4 <---> 5 : 3.6025047302246094
4 <---> 3 : 2.977609634399414
5 <---> 2 : 3.7200450897216797
5 <---> 1 : 2.8629302978515625
5 <---> 4 : 32.65953063964844
6 <---> 2 : 2.6276111602783203
6 <---> 3 : 25.94137191772461
2 <---> 1 : 3.406524658203125
2 <---> 6 : 2.732992172241211
2 <---> 5 : 2.8154850006103516
2 <---> 3 : 3.004312515258789
1 <---> 2 : 3.304004669189453
1 <---> 5 : 4.236936569213867
3 <---> 4 : 2.8891563415527344
3 <---> 6 : 2.910137176513672
3 <---> 2 : 3.371715545654297
==================================== link detector ====================================

----------------------------
src    dst :    delay
4 <---> 5 : 3.6025047302246094
4 <---> 3 : 2.977609634399414
5 <---> 2 : 3.7200450897216797
5 <---> 1 : 2.8629302978515625
5 <---> 4 : 32.65953063964844
6 <---> 2 : 2.6276111602783203
6 <---> 3 : 25.94137191772461
2 <---> 1 : 3.406524658203125
2 <---> 6 : 2.732992172241211
2 <---> 5 : 2.8154850006103516
2 <---> 3 : 3.004312515258789
1 <---> 2 : 3.304004669189453
1 <---> 5 : 4.236936569213867
3 <---> 4 : 2.8891563415527344
3 <---> 6 : 2.910137176513672
3 <---> 2 : 3.371715545654297
discovery--->==================================== discovery ====================================
discovery---> cls: []
discovery--->=============================================================================
==================================== link detector ====================================

----------------------------
src    dst :    delay
4 <---> 5 : 3.6025047302246094
4 <---> 3 : 2.977609634399414
5 <---> 2 : 3.7200450897216797
5 <---> 1 : 2.8629302978515625
5 <---> 4 : 32.65953063964844
6 <---> 2 : 2.6276111602783203
6 <---> 3 : 25.94137191772461
2 <---> 1 : 3.406524658203125
2 <---> 6 : 2.732992172241211
2 <---> 5 : 2.8154850006103516
2 <---> 3 : 3.004312515258789
1 <---> 2 : 3.304004669189453
1 <---> 5 : 4.236936569213867
3 <---> 4 : 2.8891563415527344
3 <---> 6 : 2.910137176513672
3 <---> 2 : 3.371715545654297
discovery--->==================================== discovery ====================================
discovery---> cls: []
discovery--->=============================================================================
==================================== link detector ====================================

----------------------------
src    dst :    delay
4 <---> 5 : 3.6025047302246094
4 <---> 3 : 2.977609634399414
5 <---> 2 : 3.7200450897216797
5 <---> 1 : 2.8629302978515625
5 <---> 4 : 32.65953063964844
6 <---> 2 : 2.6276111602783203
6 <---> 3 : 25.94137191772461
2 <---> 1 : 3.406524658203125
2 <---> 6 : 2.732992172241211
2 <---> 5 : 2.8154850006103516
2 <---> 3 : 3.004312515258789
1 <---> 2 : 3.304004669189453
1 <---> 5 : 4.236936569213867
3 <---> 4 : 2.8891563415527344
3 <---> 6 : 2.910137176513672
3 <---> 2 : 3.371715545654297
==================================== link detector ====================================

----------------------------
src    dst :    delay
4 <---> 5 : 3.6025047302246094
4 <---> 3 : 2.977609634399414
5 <---> 2 : 3.7200450897216797
5 <---> 1 : 2.8629302978515625
5 <---> 4 : 32.65953063964844
6 <---> 2 : 2.6276111602783203
6 <---> 3 : 25.94137191772461
2 <---> 1 : 3.406524658203125
2 <---> 6 : 2.732992172241211
2 <---> 5 : 2.8154850006103516
2 <---> 3 : 3.004312515258789
1 <---> 2 : 3.304004669189453
1 <---> 5 : 4.236936569213867
3 <---> 4 : 2.8891563415527344
3 <---> 6 : 2.910137176513672
3 <---> 2 : 3.371715545654297
discovery--->==================================== discovery ====================================
discovery---> cls: []
discovery--->=============================================================================
==================================== link detector ====================================

----------------------------
src    dst :    delay
4 <---> 5 : 3.6025047302246094
4 <---> 3 : 2.977609634399414
5 <---> 2 : 3.7200450897216797
5 <---> 1 : 2.8629302978515625
5 <---> 4 : 32.65953063964844
6 <---> 2 : 2.6276111602783203
6 <---> 3 : 25.94137191772461
2 <---> 1 : 3.406524658203125
2 <---> 6 : 2.732992172241211
2 <---> 5 : 2.8154850006103516
2 <---> 3 : 3.004312515258789
1 <---> 2 : 3.304004669189453
1 <---> 5 : 4.236936569213867
3 <---> 4 : 2.8891563415527344
3 <---> 6 : 2.910137176513672
3 <---> 2 : 3.371715545654297
discovery--->==================================== discovery ====================================
discovery---> cls: []
discovery--->=============================================================================
==================================== link detector ====================================

----------------------------
src    dst :    delay
4 <---> 5 : 3.6025047302246094
4 <---> 3 : 2.977609634399414
5 <---> 2 : 3.7200450897216797
5 <---> 1 : 2.8629302978515625
5 <---> 4 : 32.65953063964844
6 <---> 2 : 2.6276111602783203
6 <---> 3 : 25.94137191772461
2 <---> 1 : 3.406524658203125
2 <---> 6 : 2.732992172241211
2 <---> 5 : 2.8154850006103516
2 <---> 3 : 3.004312515258789
1 <---> 2 : 3.304004669189453
1 <---> 5 : 4.236936569213867
3 <---> 4 : 2.8891563415527344
3 <---> 6 : 2.910137176513672
3 <---> 2 : 3.371715545654297
==================================== link detector ====================================

----------------------------
src    dst :    delay
4 <---> 5 : 3.6025047302246094
4 <---> 3 : 2.977609634399414
5 <---> 2 : 3.7200450897216797
5 <---> 1 : 2.8629302978515625
5 <---> 4 : 32.65953063964844
6 <---> 2 : 2.6276111602783203
6 <---> 3 : 25.94137191772461
2 <---> 1 : 3.406524658203125
2 <---> 6 : 2.732992172241211
2 <---> 5 : 2.8154850006103516
2 <---> 3 : 3.004312515258789
1 <---> 2 : 3.304004669189453
1 <---> 5 : 4.236936569213867
3 <---> 4 : 2.8891563415527344
3 <---> 6 : 2.910137176513672
3 <---> 2 : 3.371715545654297
discovery--->==================================== discovery ====================================
discovery---> cls: []
discovery--->=============================================================================
==================================== link detector ====================================

----------------------------
src    dst :    delay
4 <---> 5 : 3.6025047302246094
4 <---> 3 : 2.977609634399414
5 <---> 2 : 3.7200450897216797
5 <---> 1 : 2.8629302978515625
5 <---> 4 : 32.65953063964844
6 <---> 2 : 2.6276111602783203
6 <---> 3 : 25.94137191772461
2 <---> 1 : 3.406524658203125
2 <---> 6 : 2.732992172241211
2 <---> 5 : 2.8154850006103516
2 <---> 3 : 3.004312515258789
1 <---> 2 : 3.304004669189453
1 <---> 5 : 4.236936569213867
3 <---> 4 : 2.8891563415527344
3 <---> 6 : 2.910137176513672
3 <---> 2 : 3.371715545654297
discovery--->==================================== discovery ====================================
discovery---> cls: []
discovery--->=============================================================================
==================================== link detector ====================================

----------------------------
src    dst :    delay
4 <---> 5 : 3.6025047302246094
4 <---> 3 : 2.977609634399414
5 <---> 2 : 3.7200450897216797
5 <---> 1 : 2.8629302978515625
5 <---> 4 : 32.65953063964844
6 <---> 2 : 2.6276111602783203
6 <---> 3 : 25.94137191772461
2 <---> 1 : 3.406524658203125
2 <---> 6 : 2.732992172241211
2 <---> 5 : 2.8154850006103516
2 <---> 3 : 3.004312515258789
1 <---> 2 : 3.304004669189453
1 <---> 5 : 4.236936569213867
3 <---> 4 : 2.8891563415527344
3 <---> 6 : 2.910137176513672
3 <---> 2 : 3.371715545654297
==================================== link detector ====================================

----------------------------
src    dst :    delay
4 <---> 5 : 3.6025047302246094
4 <---> 3 : 2.977609634399414
5 <---> 2 : 3.7200450897216797
5 <---> 1 : 2.8629302978515625
5 <---> 4 : 32.65953063964844
6 <---> 2 : 2.6276111602783203
6 <---> 3 : 25.94137191772461
2 <---> 1 : 3.406524658203125
2 <---> 6 : 2.732992172241211
2 <---> 5 : 2.8154850006103516
2 <---> 3 : 3.004312515258789
1 <---> 2 : 3.304004669189453
1 <---> 5 : 4.236936569213867
3 <---> 4 : 2.8891563415527344
3 <---> 6 : 2.910137176513672
3 <---> 2 : 3.371715545654297
discovery--->==================================== discovery ====================================
discovery---> cls: []
discovery--->=============================================================================
==================================== link detector ====================================

----------------------------
src    dst :    delay
4 <---> 5 : 3.6025047302246094
4 <---> 3 : 2.977609634399414
5 <---> 2 : 3.7200450897216797
5 <---> 1 : 2.8629302978515625
5 <---> 4 : 32.65953063964844
6 <---> 2 : 2.6276111602783203
6 <---> 3 : 25.94137191772461
2 <---> 1 : 3.406524658203125
2 <---> 6 : 2.732992172241211
2 <---> 5 : 2.8154850006103516
2 <---> 3 : 3.004312515258789
1 <---> 2 : 3.304004669189453
1 <---> 5 : 4.236936569213867
3 <---> 4 : 2.8891563415527344
3 <---> 6 : 2.910137176513672
3 <---> 2 : 3.371715545654297
discovery--->==================================== discovery ====================================
discovery---> cls: []
discovery--->=============================================================================
==================================== link detector ====================================

----------------------------
src    dst :    delay
4 <---> 5 : 3.6025047302246094
4 <---> 3 : 2.977609634399414
5 <---> 2 : 3.7200450897216797
5 <---> 1 : 2.8629302978515625
5 <---> 4 : 32.65953063964844
6 <---> 2 : 2.6276111602783203
6 <---> 3 : 25.94137191772461
2 <---> 1 : 3.406524658203125
2 <---> 6 : 2.732992172241211
2 <---> 5 : 2.8154850006103516
2 <---> 3 : 3.004312515258789
1 <---> 2 : 3.304004669189453
1 <---> 5 : 4.236936569213867
3 <---> 4 : 2.8891563415527344
3 <---> 6 : 2.910137176513672
3 <---> 2 : 3.371715545654297
==================================== link detector ====================================

----------------------------
src    dst :    delay
4 <---> 5 : 3.6025047302246094
4 <---> 3 : 2.977609634399414
5 <---> 2 : 3.7200450897216797
5 <---> 1 : 2.8629302978515625
5 <---> 4 : 32.65953063964844
6 <---> 2 : 2.6276111602783203
6 <---> 3 : 25.94137191772461
2 <---> 1 : 3.406524658203125
2 <---> 6 : 2.732992172241211
2 <---> 5 : 2.8154850006103516
2 <---> 3 : 3.004312515258789
1 <---> 2 : 3.304004669189453
1 <---> 5 : 4.236936569213867
3 <---> 4 : 2.8891563415527344
3 <---> 6 : 2.910137176513672
3 <---> 2 : 3.371715545654297
discovery--->==================================== discovery ====================================
discovery---> cls: []
discovery--->=============================================================================
==================================== link detector ====================================

----------------------------
src    dst :    delay
4 <---> 5 : 3.6025047302246094
4 <---> 3 : 2.977609634399414
5 <---> 2 : 3.7200450897216797
5 <---> 1 : 2.8629302978515625
5 <---> 4 : 32.65953063964844
6 <---> 2 : 2.6276111602783203
6 <---> 3 : 25.94137191772461
2 <---> 1 : 3.406524658203125
2 <---> 6 : 2.732992172241211
2 <---> 5 : 2.8154850006103516
2 <---> 3 : 3.004312515258789
1 <---> 2 : 3.304004669189453
1 <---> 5 : 4.236936569213867
3 <---> 4 : 2.8891563415527344
3 <---> 6 : 2.910137176513672
3 <---> 2 : 3.371715545654297
==================================== link detector ====================================

----------------------------
src    dst :    delay
4 <---> 5 : 3.6025047302246094
4 <---> 3 : 2.977609634399414
5 <---> 2 : 3.7200450897216797
5 <---> 1 : 2.8629302978515625
5 <---> 4 : 32.65953063964844
6 <---> 2 : 2.6276111602783203
6 <---> 3 : 25.94137191772461
2 <---> 1 : 3.406524658203125
2 <---> 6 : 2.732992172241211
2 <---> 5 : 2.8154850006103516
2 <---> 3 : 3.004312515258789
1 <---> 2 : 3.304004669189453
1 <---> 5 : 4.236936569213867
3 <---> 4 : 2.8891563415527344
3 <---> 6 : 2.910137176513672
3 <---> 2 : 3.371715545654297
discovery--->==================================== discovery ====================================
discovery---> cls: []
discovery--->=============================================================================
==================================== link detector ====================================

----------------------------
src    dst :    delay
4 <---> 5 : 3.6025047302246094
4 <---> 3 : 2.977609634399414
5 <---> 2 : 3.7200450897216797
5 <---> 1 : 2.8629302978515625
5 <---> 4 : 32.65953063964844
6 <---> 2 : 2.6276111602783203
6 <---> 3 : 25.94137191772461
2 <---> 1 : 3.406524658203125
2 <---> 6 : 2.732992172241211
2 <---> 5 : 2.8154850006103516
2 <---> 3 : 3.004312515258789
1 <---> 2 : 3.304004669189453
1 <---> 5 : 4.236936569213867
3 <---> 4 : 2.8891563415527344
3 <---> 6 : 2.910137176513672
3 <---> 2 : 3.371715545654297
discovery--->==================================== discovery ====================================
discovery---> cls: []
discovery--->=============================================================================
==================================== link detector ====================================

----------------------------
src    dst :    delay
4 <---> 5 : 3.6025047302246094
4 <---> 3 : 2.977609634399414
5 <---> 2 : 3.7200450897216797
5 <---> 1 : 2.8629302978515625
5 <---> 4 : 32.65953063964844
6 <---> 2 : 2.6276111602783203
6 <---> 3 : 25.94137191772461
2 <---> 1 : 3.406524658203125
2 <---> 6 : 2.732992172241211
2 <---> 5 : 2.8154850006103516
2 <---> 3 : 3.004312515258789
1 <---> 2 : 3.304004669189453
1 <---> 5 : 4.236936569213867
3 <---> 4 : 2.8891563415527344
3 <---> 6 : 2.910137176513672
3 <---> 2 : 3.371715545654297
==================================== link detector ====================================

----------------------------
src    dst :    delay
4 <---> 5 : 3.6025047302246094
4 <---> 3 : 2.977609634399414
5 <---> 2 : 3.7200450897216797
5 <---> 1 : 2.8629302978515625
5 <---> 4 : 32.65953063964844
6 <---> 2 : 2.6276111602783203
6 <---> 3 : 25.94137191772461
2 <---> 1 : 3.406524658203125
2 <---> 6 : 2.732992172241211
2 <---> 5 : 2.8154850006103516
2 <---> 3 : 3.004312515258789
1 <---> 2 : 3.304004669189453
1 <---> 5 : 4.236936569213867
3 <---> 4 : 2.8891563415527344
3 <---> 6 : 2.910137176513672
3 <---> 2 : 3.371715545654297
discovery--->==================================== discovery ====================================
discovery---> cls: []
discovery--->=============================================================================
==================================== link detector ====================================

----------------------------
src    dst :    delay
4 <---> 5 : 3.6025047302246094
4 <---> 3 : 2.977609634399414
5 <---> 2 : 3.7200450897216797
5 <---> 1 : 2.8629302978515625
5 <---> 4 : 32.65953063964844
6 <---> 2 : 2.6276111602783203
6 <---> 3 : 25.94137191772461
2 <---> 1 : 3.406524658203125
2 <---> 6 : 2.732992172241211
2 <---> 5 : 2.8154850006103516
2 <---> 3 : 3.004312515258789
1 <---> 2 : 3.304004669189453
1 <---> 5 : 4.236936569213867
3 <---> 4 : 2.8891563415527344
3 <---> 6 : 2.910137176513672
3 <---> 2 : 3.371715545654297
discovery--->==================================== discovery ====================================
discovery---> cls: []
discovery--->=============================================================================
==================================== link detector ====================================

----------------------------
src    dst :    delay
4 <---> 5 : 3.6025047302246094
4 <---> 3 : 2.977609634399414
5 <---> 2 : 3.7200450897216797
5 <---> 1 : 2.8629302978515625
5 <---> 4 : 32.65953063964844
6 <---> 2 : 2.6276111602783203
6 <---> 3 : 25.94137191772461
2 <---> 1 : 3.406524658203125
2 <---> 6 : 2.732992172241211
2 <---> 5 : 2.8154850006103516
2 <---> 3 : 3.004312515258789
1 <---> 2 : 3.304004669189453
1 <---> 5 : 4.236936569213867
3 <---> 4 : 2.8891563415527344
3 <---> 6 : 2.910137176513672
3 <---> 2 : 3.371715545654297
==================================== link detector ====================================

----------------------------
src    dst :    delay
4 <---> 5 : 3.6025047302246094
4 <---> 3 : 2.977609634399414
5 <---> 2 : 3.7200450897216797
5 <---> 1 : 2.8629302978515625
5 <---> 4 : 32.65953063964844
6 <---> 2 : 2.6276111602783203
6 <---> 3 : 25.94137191772461
2 <---> 1 : 3.406524658203125
2 <---> 6 : 2.732992172241211
2 <---> 5 : 2.8154850006103516
2 <---> 3 : 3.004312515258789
1 <---> 2 : 3.304004669189453
1 <---> 5 : 4.236936569213867
3 <---> 4 : 2.8891563415527344
3 <---> 6 : 2.910137176513672
3 <---> 2 : 3.371715545654297
discovery--->==================================== discovery ====================================
discovery---> cls: []
discovery--->=============================================================================
==================================== link detector ====================================

----------------------------
src    dst :    delay
4 <---> 5 : 3.6025047302246094
4 <---> 3 : 2.977609634399414
5 <---> 2 : 3.7200450897216797
5 <---> 1 : 2.8629302978515625
5 <---> 4 : 32.65953063964844
6 <---> 2 : 2.6276111602783203
6 <---> 3 : 25.94137191772461
2 <---> 1 : 3.406524658203125
2 <---> 6 : 2.732992172241211
2 <---> 5 : 2.8154850006103516
2 <---> 3 : 3.004312515258789
1 <---> 2 : 3.304004669189453
1 <---> 5 : 4.236936569213867
3 <---> 4 : 2.8891563415527344
3 <---> 6 : 2.910137176513672
3 <---> 2 : 3.371715545654297
discovery--->==================================== discovery ====================================
discovery---> cls: []
discovery--->=============================================================================
==================================== link detector ====================================

----------------------------
src    dst :    delay
4 <---> 5 : 3.6025047302246094
4 <---> 3 : 2.977609634399414
5 <---> 2 : 3.7200450897216797
5 <---> 1 : 2.8629302978515625
5 <---> 4 : 32.65953063964844
6 <---> 2 : 2.6276111602783203
6 <---> 3 : 25.94137191772461
2 <---> 1 : 3.406524658203125
2 <---> 6 : 2.732992172241211
2 <---> 5 : 2.8154850006103516
2 <---> 3 : 3.004312515258789
1 <---> 2 : 3.304004669189453
1 <---> 5 : 4.236936569213867
3 <---> 4 : 2.8891563415527344
3 <---> 6 : 2.910137176513672
3 <---> 2 : 3.371715545654297
==================================== link detector ====================================

----------------------------
src    dst :    delay
4 <---> 5 : 3.6025047302246094
4 <---> 3 : 2.977609634399414
5 <---> 2 : 3.7200450897216797
5 <---> 1 : 2.8629302978515625
5 <---> 4 : 32.65953063964844
6 <---> 2 : 2.6276111602783203
6 <---> 3 : 25.94137191772461
2 <---> 1 : 3.406524658203125
2 <---> 6 : 2.732992172241211
2 <---> 5 : 2.8154850006103516
2 <---> 3 : 3.004312515258789
1 <---> 2 : 3.304004669189453
1 <---> 5 : 4.236936569213867
3 <---> 4 : 2.8891563415527344
3 <---> 6 : 2.910137176513672
3 <---> 2 : 3.371715545654297
discovery--->==================================== discovery ====================================
discovery---> cls: []
discovery--->=============================================================================
==================================== link detector ====================================

----------------------------
src    dst :    delay
4 <---> 5 : 3.6025047302246094
4 <---> 3 : 2.977609634399414
5 <---> 2 : 3.7200450897216797
5 <---> 1 : 2.8629302978515625
5 <---> 4 : 32.65953063964844
6 <---> 2 : 2.6276111602783203
6 <---> 3 : 25.94137191772461
2 <---> 1 : 3.406524658203125
2 <---> 6 : 2.732992172241211
2 <---> 5 : 2.8154850006103516
2 <---> 3 : 3.004312515258789
1 <---> 2 : 3.304004669189453
1 <---> 5 : 4.236936569213867
3 <---> 4 : 2.8891563415527344
3 <---> 6 : 2.910137176513672
3 <---> 2 : 3.371715545654297
discovery--->==================================== discovery ====================================
discovery---> cls: []
discovery--->=============================================================================
==================================== link detector ====================================

----------------------------
src    dst :    delay
4 <---> 5 : 3.6025047302246094
4 <---> 3 : 2.977609634399414
5 <---> 2 : 3.7200450897216797
5 <---> 1 : 2.8629302978515625
5 <---> 4 : 32.65953063964844
6 <---> 2 : 2.6276111602783203
6 <---> 3 : 25.94137191772461
2 <---> 1 : 3.406524658203125
2 <---> 6 : 2.732992172241211
2 <---> 5 : 2.8154850006103516
2 <---> 3 : 3.004312515258789
1 <---> 2 : 3.304004669189453
1 <---> 5 : 4.236936569213867
3 <---> 4 : 2.8891563415527344
3 <---> 6 : 2.910137176513672
3 <---> 2 : 3.371715545654297
==================================== link detector ====================================

----------------------------
src    dst :    delay
4 <---> 5 : 3.6025047302246094
4 <---> 3 : 2.977609634399414
5 <---> 2 : 3.7200450897216797
5 <---> 1 : 2.8629302978515625
5 <---> 4 : 32.65953063964844
6 <---> 2 : 2.6276111602783203
6 <---> 3 : 25.94137191772461
2 <---> 1 : 3.406524658203125
2 <---> 6 : 2.732992172241211
2 <---> 5 : 2.8154850006103516
2 <---> 3 : 3.004312515258789
1 <---> 2 : 3.304004669189453
1 <---> 5 : 4.236936569213867
3 <---> 4 : 2.8891563415527344
3 <---> 6 : 2.910137176513672
3 <---> 2 : 3.371715545654297
discovery--->==================================== discovery ====================================
discovery---> cls: []
discovery--->=============================================================================
==================================== link detector ====================================

----------------------------
src    dst :    delay
4 <---> 5 : 3.6025047302246094
4 <---> 3 : 2.977609634399414
5 <---> 2 : 3.7200450897216797
5 <---> 1 : 2.8629302978515625
5 <---> 4 : 32.65953063964844
6 <---> 2 : 2.6276111602783203
6 <---> 3 : 25.94137191772461
2 <---> 1 : 3.406524658203125
2 <---> 6 : 2.732992172241211
2 <---> 5 : 2.8154850006103516
2 <---> 3 : 3.004312515258789
1 <---> 2 : 3.304004669189453
1 <---> 5 : 4.236936569213867
3 <---> 4 : 2.8891563415527344
3 <---> 6 : 2.910137176513672
3 <---> 2 : 3.371715545654297
discovery--->==================================== discovery ====================================
discovery---> cls: []
discovery--->=============================================================================
==================================== link detector ====================================

----------------------------
src    dst :    delay
4 <---> 5 : 3.6025047302246094
4 <---> 3 : 2.977609634399414
5 <---> 2 : 3.7200450897216797
5 <---> 1 : 2.8629302978515625
5 <---> 4 : 32.65953063964844
6 <---> 2 : 2.6276111602783203
6 <---> 3 : 25.94137191772461
2 <---> 1 : 3.406524658203125
2 <---> 6 : 2.732992172241211
2 <---> 5 : 2.8154850006103516
2 <---> 3 : 3.004312515258789
1 <---> 2 : 3.304004669189453
1 <---> 5 : 4.236936569213867
3 <---> 4 : 2.8891563415527344
3 <---> 6 : 2.910137176513672
3 <---> 2 : 3.371715545654297
==================================== link detector ====================================

----------------------------
src    dst :    delay
4 <---> 5 : 3.6025047302246094
4 <---> 3 : 2.977609634399414
5 <---> 2 : 3.7200450897216797
5 <---> 1 : 2.8629302978515625
5 <---> 4 : 32.65953063964844
6 <---> 2 : 2.6276111602783203
6 <---> 3 : 25.94137191772461
2 <---> 1 : 3.406524658203125
2 <---> 6 : 2.732992172241211
2 <---> 5 : 2.8154850006103516
2 <---> 3 : 3.004312515258789
1 <---> 2 : 3.304004669189453
1 <---> 5 : 4.236936569213867
3 <---> 4 : 2.8891563415527344
3 <---> 6 : 2.910137176513672
3 <---> 2 : 3.371715545654297
discovery--->==================================== discovery ====================================
discovery---> cls: []
discovery--->=============================================================================
==================================== link detector ====================================

----------------------------
src    dst :    delay
4 <---> 5 : 3.6025047302246094
4 <---> 3 : 2.977609634399414
5 <---> 2 : 3.7200450897216797
5 <---> 1 : 2.8629302978515625
5 <---> 4 : 32.65953063964844
6 <---> 2 : 2.6276111602783203
6 <---> 3 : 25.94137191772461
2 <---> 1 : 3.406524658203125
2 <---> 6 : 2.732992172241211
2 <---> 5 : 2.8154850006103516
2 <---> 3 : 3.004312515258789
1 <---> 2 : 3.304004669189453
1 <---> 5 : 4.236936569213867
3 <---> 4 : 2.8891563415527344
3 <---> 6 : 2.910137176513672
3 <---> 2 : 3.371715545654297
discovery--->==================================== discovery ====================================
discovery---> cls: []
discovery--->=============================================================================
==================================== link detector ====================================

----------------------------
src    dst :    delay
4 <---> 5 : 3.6025047302246094
4 <---> 3 : 2.977609634399414
5 <---> 2 : 3.7200450897216797
5 <---> 1 : 2.8629302978515625
5 <---> 4 : 32.65953063964844
6 <---> 2 : 2.6276111602783203
6 <---> 3 : 25.94137191772461
2 <---> 1 : 3.406524658203125
2 <---> 6 : 2.732992172241211
2 <---> 5 : 2.8154850006103516
2 <---> 3 : 3.004312515258789
1 <---> 2 : 3.304004669189453
1 <---> 5 : 4.236936569213867
3 <---> 4 : 2.8891563415527344
3 <---> 6 : 2.910137176513672
3 <---> 2 : 3.371715545654297
==================================== link detector ====================================

----------------------------
src    dst :    delay
4 <---> 5 : 3.6025047302246094
4 <---> 3 : 2.977609634399414
5 <---> 2 : 3.7200450897216797
5 <---> 1 : 2.8629302978515625
5 <---> 4 : 32.65953063964844
6 <---> 2 : 2.6276111602783203
6 <---> 3 : 25.94137191772461
2 <---> 1 : 3.406524658203125
2 <---> 6 : 2.732992172241211
2 <---> 5 : 2.8154850006103516
2 <---> 3 : 3.004312515258789
1 <---> 2 : 3.304004669189453
1 <---> 5 : 4.236936569213867
3 <---> 4 : 2.8891563415527344
3 <---> 6 : 2.910137176513672
3 <---> 2 : 3.371715545654297
discovery--->==================================== discovery ====================================
discovery---> cls: []
discovery--->=============================================================================
==================================== link detector ====================================

----------------------------
src    dst :    delay
4 <---> 5 : 3.6025047302246094
4 <---> 3 : 2.977609634399414
5 <---> 2 : 3.7200450897216797
5 <---> 1 : 2.8629302978515625
5 <---> 4 : 32.65953063964844
6 <---> 2 : 2.6276111602783203
6 <---> 3 : 25.94137191772461
2 <---> 1 : 3.406524658203125
2 <---> 6 : 2.732992172241211
2 <---> 5 : 2.8154850006103516
2 <---> 3 : 3.004312515258789
1 <---> 2 : 3.304004669189453
1 <---> 5 : 4.236936569213867
3 <---> 4 : 2.8891563415527344
3 <---> 6 : 2.910137176513672
3 <---> 2 : 3.371715545654297
discovery--->==================================== discovery ====================================
discovery---> cls: []
discovery--->=============================================================================
==================================== link detector ====================================

----------------------------
src    dst :    delay
4 <---> 5 : 3.6025047302246094
4 <---> 3 : 2.977609634399414
5 <---> 2 : 3.7200450897216797
5 <---> 1 : 2.8629302978515625
5 <---> 4 : 32.65953063964844
6 <---> 2 : 2.6276111602783203
6 <---> 3 : 25.94137191772461
2 <---> 1 : 3.406524658203125
2 <---> 6 : 2.732992172241211
2 <---> 5 : 2.8154850006103516
2 <---> 3 : 3.004312515258789
1 <---> 2 : 3.304004669189453
1 <---> 5 : 4.236936569213867
3 <---> 4 : 2.8891563415527344
3 <---> 6 : 2.910137176513672
3 <---> 2 : 3.371715545654297
discovery---> AccessPoint: 2 connected
monitor---->register datapath: 1000000000000001
discovery---> AccessPoint: 4 connected
monitor---->register datapath: 1000000000000002
discovery---> AccessPoint: 6 connected
monitor---->register datapath: 1000000000000003
discovery---> AccessPoint: 8 connected
monitor---->register datapath: 1000000000000004
discovery---> AccessPoint: 10 connected
monitor---->register datapath: 1000000000000005
---> OFPPortStatus received: reason=MODIFY desc=OFPPort(port_no=4,hw_addr='22:ee:e7:3b:d9:fa',name=b'ap5-eth4',config=0,state=4,curr=2112,advertised=0,supported=0,peer=0,curr_speed=10000000,max_speed=0)
---> OFPPortStatus received: reason=MODIFY desc=OFPPort(port_no=2,hw_addr='7a:9b:4b:cc:33:f8',name=b'ap5-eth2',config=0,state=4,curr=2112,advertised=0,supported=0,peer=0,curr_speed=10000000,max_speed=0)
---> OFPPortStatus received: reason=MODIFY desc=OFPPort(port_no=4294967294,hw_addr='50:00:00:00:00:00',name=b'ap5',config=1,state=1,curr=0,advertised=0,supported=0,peer=0,curr_speed=0,max_speed=0)
---> OFPPortStatus received: reason=MODIFY desc=OFPPort(port_no=3,hw_addr='76:9f:ae:2d:7a:88',name=b'ap5-eth3',config=0,state=4,curr=2112,advertised=0,supported=0,peer=0,curr_speed=10000000,max_speed=0)
---> OFPPortStatus received: reason=MODIFY desc=OFPPort(port_no=1,hw_addr='50:00:00:00:00:00',name=b'ap5-wlan1',config=0,state=4,curr=0,advertised=0,supported=0,peer=0,curr_speed=0,max_speed=0)
discovery---> AccessPoint: 12 connected
monitor---->register datapath: 1000000000000006
---> OFPPortStatus received: reason=MODIFY desc=OFPPort(port_no=2,hw_addr='fa:3f:08:df:97:4b',name=b'ap2-eth2',config=0,state=4,curr=2112,advertised=0,supported=0,peer=0,curr_speed=10000000,max_speed=0)
---> OFPPortStatus received: reason=MODIFY desc=OFPPort(port_no=2,hw_addr='7a:9b:4b:cc:33:f8',name=b'ap5-eth2',config=0,state=4,curr=2112,advertised=0,supported=0,peer=0,curr_speed=10000000,max_speed=0)
---> OFPPortStatus received: reason=MODIFY desc=OFPPort(port_no=3,hw_addr='4a:64:79:11:f4:06',name=b'ap4-eth3',config=0,state=4,curr=2112,advertised=0,supported=0,peer=0,curr_speed=10000000,max_speed=0)
---> OFPPortStatus received: reason=MODIFY desc=OFPPort(port_no=4,hw_addr='d2:9a:88:da:cb:14',name=b'ap2-eth4',config=0,state=4,curr=2112,advertised=0,supported=0,peer=0,curr_speed=10000000,max_speed=0)
---> OFPPortStatus received: reason=MODIFY desc=OFPPort(port_no=4,hw_addr='22:ee:e7:3b:d9:fa',name=b'ap5-eth4',config=0,state=4,curr=2112,advertised=0,supported=0,peer=0,curr_speed=10000000,max_speed=0)
---> OFPPortStatus received: reason=MODIFY desc=OFPPort(port_no=2,hw_addr='1a:92:be:48:92:00',name=b'ap3-eth2',config=0,state=4,curr=2112,advertised=0,supported=0,peer=0,curr_speed=10000000,max_speed=0)
---> OFPPortStatus received: reason=MODIFY desc=OFPPort(port_no=5,hw_addr='fe:93:a3:61:bc:de',name=b'ap2-eth5',config=0,state=4,curr=2112,advertised=0,supported=0,peer=0,curr_speed=10000000,max_speed=0)
---> OFPPortStatus received: reason=MODIFY desc=OFPPort(port_no=2,hw_addr='a2:90:e0:f5:79:c6',name=b'ap1-eth2',config=0,state=4,curr=2112,advertised=0,supported=0,peer=0,curr_speed=10000000,max_speed=0)
---> OFPPortStatus received: reason=MODIFY desc=OFPPort(port_no=3,hw_addr='a6:ca:1d:a3:9d:a3',name=b'ap6-eth3',config=0,state=4,curr=2112,advertised=0,supported=0,peer=0,curr_speed=10000000,max_speed=0)
---> OFPPortStatus received: reason=MODIFY desc=OFPPort(port_no=2,hw_addr='d6:48:f5:16:f8:5a',name=b'ap6-eth2',config=0,state=4,curr=2112,advertised=0,supported=0,peer=0,curr_speed=10000000,max_speed=0)
---> OFPPortStatus received: reason=MODIFY desc=OFPPort(port_no=3,hw_addr='76:9f:ae:2d:7a:88',name=b'ap5-eth3',config=0,state=4,curr=2112,advertised=0,supported=0,peer=0,curr_speed=10000000,max_speed=0)
---> OFPPortStatus received: reason=MODIFY desc=OFPPort(port_no=3,hw_addr='66:3f:cc:d5:e6:b5',name=b'ap3-eth3',config=0,state=4,curr=2112,advertised=0,supported=0,peer=0,curr_speed=10000000,max_speed=0)
---> OFPPortStatus received: reason=MODIFY desc=OFPPort(port_no=3,hw_addr='46:1b:50:18:00:02',name=b'ap1-eth3',config=0,state=4,curr=2112,advertised=0,supported=0,peer=0,curr_speed=10000000,max_speed=0)
---> OFPPortStatus received: reason=MODIFY desc=OFPPort(port_no=3,hw_addr='0e:97:d4:5d:6c:80',name=b'ap2-eth3',config=0,state=4,curr=2112,advertised=0,supported=0,peer=0,curr_speed=10000000,max_speed=0)
---> OFPPortStatus received: reason=MODIFY desc=OFPPort(port_no=4,hw_addr='7a:72:71:4d:1e:ee',name=b'ap3-eth4',config=0,state=4,curr=2112,advertised=0,supported=0,peer=0,curr_speed=10000000,max_speed=0)
---> OFPPortStatus received: reason=MODIFY desc=OFPPort(port_no=2,hw_addr='1e:d4:b1:a9:b1:20',name=b'ap4-eth2',config=0,state=4,curr=2112,advertised=0,supported=0,peer=0,curr_speed=10000000,max_speed=0)
==================================== link detector ====================================

----------------------------
src    dst :    delay
4 <---> 5 : 3.6025047302246094
4 <---> 3 : 2.977609634399414
4 <---> 2 : 10.008811950683594
4 <---> 6 : 11.126041412353516
4 <---> 10 : 8.658885955810547
4 <---> 12 : 6.734132766723633
5 <---> 2 : 3.7200450897216797
5 <---> 1 : 2.8629302978515625
5 <---> 4 : 32.65953063964844
6 <---> 2 : 2.6276111602783203
6 <---> 3 : 25.94137191772461
6 <---> 4 : 20.918607711791992
6 <---> 8 : 10.635137557983398
6 <---> 12 : 5.378961563110352
2 <---> 1 : 3.406524658203125
2 <---> 6 : 2.732992172241211
2 <---> 5 : 2.8154850006103516
2 <---> 3 : 3.004312515258789
2 <---> 4 : 20.595073699951172
2 <---> 10 : 20.348072052001953
1 <---> 2 : 3.304004669189453
1 <---> 5 : 4.236936569213867
3 <---> 4 : 2.8891563415527344
3 <---> 6 : 2.910137176513672
3 <---> 2 : 3.371715545654297
8 <---> 6 : 11.074542999267578
8 <---> 10 : 3.387451171875
10 <---> 4 : 20.84207534790039
10 <---> 2 : 4.848957061767578
10 <---> 8 : 11.631488800048828
12 <---> 6 : 3.034353256225586
12 <---> 4 : 3.1850337982177734
discovery--->==================================== discovery ====================================
discovery---> cls: [(4, 2), (4, 6), (4, 10), (4, 12), (2, 10), (6, 8), (6, 12), (8, 10)]
discovery--->=============================================================================
==================================== link detector ====================================

----------------------------
src    dst :    delay
4 <---> 5 : 3.6025047302246094
4 <---> 3 : 2.977609634399414
4 <---> 2 : 2.791166305541992
4 <---> 6 : 3.1290054321289062
4 <---> 10 : 2.7980804443359375
4 <---> 12 : 3.422975540161133
5 <---> 2 : 3.7200450897216797
5 <---> 1 : 2.8629302978515625
5 <---> 4 : 32.65953063964844
6 <---> 2 : 2.6276111602783203
6 <---> 3 : 25.94137191772461
6 <---> 4 : 2.8221607208251953
6 <---> 8 : 3.709077835083008
6 <---> 12 : 3.2775402069091797
2 <---> 1 : 3.406524658203125
2 <---> 6 : 2.732992172241211
2 <---> 5 : 2.8154850006103516
2 <---> 3 : 3.004312515258789
2 <---> 4 : 2.665281295776367
2 <---> 10 : 3.409862518310547
1 <---> 2 : 3.304004669189453
1 <---> 5 : 4.236936569213867
3 <---> 4 : 2.8891563415527344
3 <---> 6 : 2.910137176513672
3 <---> 2 : 3.371715545654297
8 <---> 6 : 2.7718544006347656
8 <---> 10 : 2.594470977783203
10 <---> 4 : 2.7458667755126953
10 <---> 2 : 2.7246475219726562
10 <---> 8 : 2.780437469482422
12 <---> 6 : 3.5555362701416016
12 <---> 4 : 3.301858901977539
discovery--->==================================== discovery ====================================
discovery---> cls: [(4, 2), (4, 6), (4, 10), (4, 12), (2, 10), (6, 8), (6, 12), (8, 10)]
discovery--->=============================================================================
==================================== link detector ====================================

----------------------------
src    dst :    delay
4 <---> 5 : 3.6025047302246094
4 <---> 3 : 2.977609634399414
4 <---> 2 : 2.813100814819336
4 <---> 6 : 2.8641223907470703
4 <---> 10 : 2.9332637786865234
4 <---> 12 : 2.901792526245117
5 <---> 2 : 3.7200450897216797
5 <---> 1 : 2.8629302978515625
5 <---> 4 : 32.65953063964844
6 <---> 2 : 2.6276111602783203
6 <---> 3 : 25.94137191772461
6 <---> 4 : 2.7468204498291016
6 <---> 8 : 3.205537796020508
6 <---> 12 : 3.223419189453125
2 <---> 1 : 3.406524658203125
2 <---> 6 : 2.732992172241211
2 <---> 5 : 2.8154850006103516
2 <---> 3 : 3.004312515258789
2 <---> 4 : 2.8924942016601562
2 <---> 10 : 2.9175281524658203
1 <---> 2 : 3.304004669189453
1 <---> 5 : 4.236936569213867
3 <---> 4 : 2.8891563415527344
3 <---> 6 : 2.910137176513672
3 <---> 2 : 3.371715545654297
8 <---> 6 : 2.8929710388183594
8 <---> 10 : 2.4831295013427734
10 <---> 4 : 3.3583641052246094
10 <---> 2 : 4.318714141845703
10 <---> 8 : 2.4309158325195312
12 <---> 6 : 2.9485225677490234
12 <---> 4 : 3.387451171875
---> OFPPortStatus received: reason=DELETE desc=OFPPort(port_no=2,hw_addr='a2:90:e0:f5:79:c6',name=b'ap1-eth2',config=0,state=4,curr=2112,advertised=0,supported=0,peer=0,curr_speed=10000000,max_speed=0)
---> OFPPortStatus received: reason=DELETE desc=OFPPort(port_no=2,hw_addr='fa:3f:08:df:97:4b',name=b'ap2-eth2',config=0,state=4,curr=2112,advertised=0,supported=0,peer=0,curr_speed=10000000,max_speed=0)
---> OFPPortStatus received: reason=DELETE desc=OFPPort(port_no=3,hw_addr='46:1b:50:18:00:02',name=b'ap1-eth3',config=0,state=4,curr=2112,advertised=0,supported=0,peer=0,curr_speed=10000000,max_speed=0)
---> OFPPortStatus received: reason=DELETE desc=OFPPort(port_no=2,hw_addr='7a:9b:4b:cc:33:f8',name=b'ap5-eth2',config=0,state=4,curr=2112,advertised=0,supported=0,peer=0,curr_speed=10000000,max_speed=0)
---> OFPPortStatus received: reason=DELETE desc=OFPPort(port_no=2,hw_addr='1a:92:be:48:92:00',name=b'ap3-eth2',config=0,state=4,curr=2112,advertised=0,supported=0,peer=0,curr_speed=10000000,max_speed=0)
---> OFPPortStatus received: reason=DELETE desc=OFPPort(port_no=3,hw_addr='0e:97:d4:5d:6c:80',name=b'ap2-eth3',config=0,state=4,curr=2112,advertised=0,supported=0,peer=0,curr_speed=10000000,max_speed=0)
---> OFPPortStatus received: reason=DELETE desc=OFPPort(port_no=3,hw_addr='76:9f:ae:2d:7a:88',name=b'ap5-eth3',config=0,state=4,curr=2112,advertised=0,supported=0,peer=0,curr_speed=10000000,max_speed=0)
---> OFPPortStatus received: reason=DELETE desc=OFPPort(port_no=4,hw_addr='d2:9a:88:da:cb:14',name=b'ap2-eth4',config=0,state=4,curr=2112,advertised=0,supported=0,peer=0,curr_speed=10000000,max_speed=0)
---> OFPPortStatus received: reason=DELETE desc=OFPPort(port_no=2,hw_addr='d6:48:f5:16:f8:5a',name=b'ap6-eth2',config=0,state=4,curr=2112,advertised=0,supported=0,peer=0,curr_speed=10000000,max_speed=0)
---> OFPPortStatus received: reason=DELETE desc=OFPPort(port_no=5,hw_addr='fe:93:a3:61:bc:de',name=b'ap2-eth5',config=0,state=4,curr=2112,advertised=0,supported=0,peer=0,curr_speed=10000000,max_speed=0)
---> OFPPortStatus received: reason=DELETE desc=OFPPort(port_no=2,hw_addr='1e:d4:b1:a9:b1:20',name=b'ap4-eth2',config=0,state=4,curr=2112,advertised=0,supported=0,peer=0,curr_speed=10000000,max_speed=0)
---> OFPPortStatus received: reason=DELETE desc=OFPPort(port_no=3,hw_addr='66:3f:cc:d5:e6:b5',name=b'ap3-eth3',config=0,state=4,curr=2112,advertised=0,supported=0,peer=0,curr_speed=10000000,max_speed=0)
---> OFPPortStatus received: reason=DELETE desc=OFPPort(port_no=3,hw_addr='a6:ca:1d:a3:9d:a3',name=b'ap6-eth3',config=0,state=4,curr=2112,advertised=0,supported=0,peer=0,curr_speed=10000000,max_speed=0)
---> OFPPortStatus received: reason=DELETE desc=OFPPort(port_no=4,hw_addr='7a:72:71:4d:1e:ee',name=b'ap3-eth4',config=0,state=4,curr=2112,advertised=0,supported=0,peer=0,curr_speed=10000000,max_speed=0)
---> OFPPortStatus received: reason=MODIFY desc=OFPPort(port_no=3,hw_addr='4a:64:79:11:f4:06',name=b'ap4-eth3',config=0,state=0,curr=2112,advertised=0,supported=0,peer=0,curr_speed=10000000,max_speed=0)
---> OFPPortStatus received: reason=DELETE desc=OFPPort(port_no=3,hw_addr='4a:64:79:11:f4:06',name=b'ap4-eth3',config=0,state=0,curr=2112,advertised=0,supported=0,peer=0,curr_speed=10000000,max_speed=0)
---> OFPPortStatus received: reason=MODIFY desc=OFPPort(port_no=4,hw_addr='22:ee:e7:3b:d9:fa',name=b'ap5-eth4',config=0,state=0,curr=2112,advertised=0,supported=0,peer=0,curr_speed=10000000,max_speed=0)
---> OFPPortStatus received: reason=DELETE desc=OFPPort(port_no=4,hw_addr='22:ee:e7:3b:d9:fa',name=b'ap5-eth4',config=0,state=0,curr=2112,advertised=0,supported=0,peer=0,curr_speed=10000000,max_speed=0)
==================================== link detector ====================================

----------------------------
src    dst :    delay
4 <---> 5 : 3.6025047302246094
4 <---> 3 : 2.977609634399414
4 <---> 2 : 2.2084712982177734
4 <---> 6 : 3.010988235473633
4 <---> 10 : 3.757476806640625
4 <---> 12 : 2.2344589233398438
5 <---> 2 : 3.7200450897216797
5 <---> 1 : 2.8629302978515625
5 <---> 4 : 32.65953063964844
6 <---> 2 : 2.6276111602783203
6 <---> 3 : 25.94137191772461
6 <---> 4 : 4.141092300415039
6 <---> 8 : 3.2587051391601562
6 <---> 12 : 2.5262832641601562
2 <---> 1 : 3.406524658203125
2 <---> 6 : 2.732992172241211
2 <---> 5 : 2.8154850006103516
2 <---> 3 : 3.004312515258789
2 <---> 4 : 2.8171539306640625
2 <---> 10 : 2.5091171264648438
1 <---> 2 : 3.304004669189453
1 <---> 5 : 4.236936569213867
3 <---> 4 : 2.8891563415527344
3 <---> 6 : 2.910137176513672
3 <---> 2 : 3.371715545654297
8 <---> 6 : 2.8166770935058594
8 <---> 10 : 3.141641616821289
10 <---> 4 : 3.554105758666992
10 <---> 2 : 3.199338912963867
10 <---> 8 : 3.5893917083740234
12 <---> 6 : 5.081892013549805
12 <---> 4 : 22.66526222229004
discovery--->==================================== discovery ====================================
discovery---> cls: []
discovery--->=============================================================================
==================================== link detector ====================================

----------------------------
src    dst :    delay
4 <---> 5 : 3.6025047302246094
4 <---> 3 : 2.977609634399414
4 <---> 2 : 2.2084712982177734
4 <---> 6 : 3.010988235473633
4 <---> 10 : 3.757476806640625
4 <---> 12 : 2.2344589233398438
5 <---> 2 : 3.7200450897216797
5 <---> 1 : 2.8629302978515625
5 <---> 4 : 32.65953063964844
6 <---> 2 : 2.6276111602783203
6 <---> 3 : 25.94137191772461
6 <---> 4 : 4.141092300415039
6 <---> 8 : 3.2587051391601562
6 <---> 12 : 2.5262832641601562
2 <---> 1 : 3.406524658203125
2 <---> 6 : 2.732992172241211
2 <---> 5 : 2.8154850006103516
2 <---> 3 : 3.004312515258789
2 <---> 4 : 2.8171539306640625
2 <---> 10 : 2.5091171264648438
1 <---> 2 : 3.304004669189453
1 <---> 5 : 4.236936569213867
3 <---> 4 : 2.8891563415527344
3 <---> 6 : 2.910137176513672
3 <---> 2 : 3.371715545654297
8 <---> 6 : 2.8166770935058594
8 <---> 10 : 3.141641616821289
10 <---> 4 : 3.554105758666992
10 <---> 2 : 3.199338912963867
10 <---> 8 : 3.5893917083740234
12 <---> 6 : 5.081892013549805
12 <---> 4 : 22.66526222229004
discovery--->==================================== discovery ====================================
discovery---> cls: []
discovery--->=============================================================================
==================================== link detector ====================================

----------------------------
src    dst :    delay
4 <---> 5 : 3.6025047302246094
4 <---> 3 : 2.977609634399414
4 <---> 2 : 2.2084712982177734
4 <---> 6 : 3.010988235473633
4 <---> 10 : 3.757476806640625
4 <---> 12 : 2.2344589233398438
5 <---> 2 : 3.7200450897216797
5 <---> 1 : 2.8629302978515625
5 <---> 4 : 32.65953063964844
6 <---> 2 : 2.6276111602783203
6 <---> 3 : 25.94137191772461
6 <---> 4 : 4.141092300415039
6 <---> 8 : 3.2587051391601562
6 <---> 12 : 2.5262832641601562
2 <---> 1 : 3.406524658203125
2 <---> 6 : 2.732992172241211
2 <---> 5 : 2.8154850006103516
2 <---> 3 : 3.004312515258789
2 <---> 4 : 2.8171539306640625
2 <---> 10 : 2.5091171264648438
1 <---> 2 : 3.304004669189453
1 <---> 5 : 4.236936569213867
3 <---> 4 : 2.8891563415527344
3 <---> 6 : 2.910137176513672
3 <---> 2 : 3.371715545654297
8 <---> 6 : 2.8166770935058594
8 <---> 10 : 3.141641616821289
10 <---> 4 : 3.554105758666992
10 <---> 2 : 3.199338912963867
10 <---> 8 : 3.5893917083740234
12 <---> 6 : 5.081892013549805
12 <---> 4 : 22.66526222229004
discovery--->==================================== discovery ====================================
discovery---> cls: []
discovery--->=============================================================================
==================================== link detector ====================================

----------------------------
src    dst :    delay
4 <---> 5 : 3.6025047302246094
4 <---> 3 : 2.977609634399414
4 <---> 2 : 2.2084712982177734
4 <---> 6 : 3.010988235473633
4 <---> 10 : 3.757476806640625
4 <---> 12 : 2.2344589233398438
5 <---> 2 : 3.7200450897216797
5 <---> 1 : 2.8629302978515625
5 <---> 4 : 32.65953063964844
6 <---> 2 : 2.6276111602783203
6 <---> 3 : 25.94137191772461
6 <---> 4 : 4.141092300415039
6 <---> 8 : 3.2587051391601562
6 <---> 12 : 2.5262832641601562
2 <---> 1 : 3.406524658203125
2 <---> 6 : 2.732992172241211
2 <---> 5 : 2.8154850006103516
2 <---> 3 : 3.004312515258789
2 <---> 4 : 2.8171539306640625
2 <---> 10 : 2.5091171264648438
1 <---> 2 : 3.304004669189453
1 <---> 5 : 4.236936569213867
3 <---> 4 : 2.8891563415527344
3 <---> 6 : 2.910137176513672
3 <---> 2 : 3.371715545654297
8 <---> 6 : 2.8166770935058594
8 <---> 10 : 3.141641616821289
10 <---> 4 : 3.554105758666992
10 <---> 2 : 3.199338912963867
10 <---> 8 : 3.5893917083740234
12 <---> 6 : 5.081892013549805
12 <---> 4 : 22.66526222229004
