loading app network_structure.py
loading app network_monitor.py
loading app network_delay.py
loading app network_shortest_path.py
loading app arp_handler.py
loading app ryu.controller.ofp_handler
instantiating app None of Switches
creating context switches
instantiating app network_structure.py of NetworkStructure
instantiating app network_monitor.py of NetworkMonitor
instantiating app network_delay.py of NetworkDelay
instantiating app network_shortest_path.py of NetworkShortestPath
instantiating app arp_handler.py of ArpHandler
instantiating app ryu.controller.ofp_handler of OFPHandler
discovery---> switch: 1 connected
discovery---> switch: 4 connected
discovery---> switch: 5 connected
discovery---> switch: 2 connected
discovery---> switch: 3 connected
monitor---->register datapath: 0000000000000001
monitor---->register datapath: 0000000000000004
monitor---->register datapath: 0000000000000002
monitor---->register datapath: 0000000000000005
monitor---->register datapath: 0000000000000003
==================================== link detector ====================================

----------------------------
src    dst :    delay
4 <---> 1 : 2.807140350341797
4 <---> 5 : 4.038572311401367
1 <---> 2 : 3.835439682006836
1 <---> 4 : 2.9523372650146484
1 <---> 3 : 3.8852691650390625
5 <---> 2 : 2.7015209197998047
5 <---> 4 : 4.619359970092773
5 <---> 3 : 3.2825469970703125
3 <---> 1 : 3.953218460083008
3 <---> 5 : 4.340410232543945
2 <---> 5 : 4.023075103759766
2 <---> 1 : 4.332304000854492
discovery--->==================================== discovery ====================================
discovery---> cls: [(4, 1), (4, 5), (1, 2), (1, 3), (5, 2), (5, 3)]
discovery--->==============================
datapath         port     rx-pkts  rx-bytes rx-error tx-pkts  tx-bytes tx-error
---------------- -------- -------- -------- -------- -------- -------- --------
0000000000000004        1        6      360        0        6      360        0
0000000000000004        2        6      360        0        6      360        0
datapath         in-port  eth-dst           out-port packets  bytes
---------------- -------- ----------------- -------- -------- --------
datapath         port     rx-pkts  rx-bytes rx-error tx-pkts  tx-bytes tx-error
---------------- -------- -------- -------- -------- -------- -------- --------
0000000000000002        1        6      360        0        6      360        0
0000000000000002        2        5      300        0        6      360        0
datapath         in-port  eth-dst           out-port packets  bytes
---------------- -------- ----------------- -------- -------- --------
datapath         port     rx-pkts  rx-bytes rx-error tx-pkts  tx-bytes tx-error
---------------- -------- -------- -------- -------- -------- -------- --------
0000000000000001        1        6      360        0        6      360        0
0000000000000001        2        6      360        0        6      360        0
0000000000000001        3        6      360        0        6      360        0
0000000000000001        4        8      676        0        6      360        0
0000000000000001        5        8      676        0        6      360        0
0000000000000001        6        8      676        0        6      360        0
datapath         in-port  eth-dst           out-port packets  bytes
---------------- -------- ----------------- -------- -------- --------
datapath         port     rx-pkts  rx-bytes rx-error tx-pkts  tx-bytes tx-error
---------------- -------- -------- -------- -------- -------- -------- --------
0000000000000003        1        6      360        0        6      360        0
0000000000000003        2        6      360        0        6      360        0
datapath         in-port  eth-dst           out-port packets  bytes
---------------- -------- ----------------- -------- -------- --------
datapath         port     rx-pkts  rx-bytes rx-error tx-pkts  tx-bytes tx-error
---------------- -------- -------- -------- -------- -------- -------- --------
0000000000000005        1        6      360        0        5      300        0
0000000000000005        2        6      360        0        6      360        0
0000000000000005        3        6      360        0        6      360        0
0000000000000005        4       10      852        0        5      300        0
datapath         in-port  eth-dst           out-port packets  bytes
---------------- -------- ----------------- -------- -------- --------
==================================== link detector ====================================

----------------------------
src    dst :    delay
4 <---> 1 : 4.574775695800781
4 <---> 5 : 4.199981689453125
1 <---> 2 : 3.9992332458496094
1 <---> 4 : 4.2247772216796875
1 <---> 3 : 4.332780838012695
5 <---> 2 : 4.009246826171875
5 <---> 4 : 3.9825439453125
5 <---> 3 : 4.1408538818359375
3 <---> 1 : 1.9154548645019531
3 <---> 5 : 3.8399696350097656
2 <---> 5 : 4.034280776977539
2 <---> 1 : 3.7283897399902344
==================================== link detector ====================================

----------------------------
src    dst :    delay
4 <---> 1 : 3.8466453552246094
4 <---> 5 : 4.223346710205078
1 <---> 2 : 4.678249359130859
1 <---> 4 : 4.391908645629883
1 <---> 3 : 3.9598941802978516
5 <---> 2 : 4.042387008666992
5 <---> 4 : 4.098176956176758
5 <---> 3 : 3.9637088775634766
3 <---> 1 : 4.050970077514648
3 <---> 5 : 2.2826194763183594
2 <---> 5 : 4.128217697143555
2 <---> 1 : 4.212379455566406
discovery--->==================================== discovery ====================================
discovery---> cls: [(4, 1), (4, 5), (1, 2), (1, 3), (5, 2), (5, 3)]
discovery--->==============================
datapath         port     rx-pkts  rx-bytes rx-error tx-pkts  tx-bytes tx-error
---------------- -------- -------- -------- -------- -------- -------- --------
0000000000000001        1       12      720        0       11      660        0
0000000000000001        2       12      720        0       11      660        0
0000000000000001        3       11      660        0       12      720        0
0000000000000001        4        9      746        0       11      660        0
0000000000000001        5        9      746        0       11      660        0
0000000000000001        6        9      746        0       11      660        0
datapath         in-port  eth-dst           out-port packets  bytes
---------------- -------- ----------------- -------- -------- --------
datapath         port     rx-pkts  rx-bytes rx-error tx-pkts  tx-bytes tx-error
---------------- -------- -------- -------- -------- -------- -------- --------
0000000000000004        1       12      720        0       11      660        0
0000000000000004        2       12      720        0       11      660        0
datapath         in-port  eth-dst           out-port packets  bytes
---------------- -------- ----------------- -------- -------- --------
datapath         port     rx-pkts  rx-bytes rx-error tx-pkts  tx-bytes tx-error
---------------- -------- -------- -------- -------- -------- -------- --------
0000000000000002        1       11      660        0       12      720        0
0000000000000002        2       11      660        0       12      720        0
datapath         in-port  eth-dst           out-port packets  bytes
---------------- -------- ----------------- -------- -------- --------
datapath         port     rx-pkts  rx-bytes rx-error tx-pkts  tx-bytes tx-error
---------------- -------- -------- -------- -------- -------- -------- --------
0000000000000003        1       11      660        0       12      720        0
0000000000000003        2       11      660        0       12      720        0
datapath         in-port  eth-dst           out-port packets  bytes
---------------- -------- ----------------- -------- -------- --------
datapath         port     rx-pkts  rx-bytes rx-error tx-pkts  tx-bytes tx-error
---------------- -------- -------- -------- -------- -------- -------- --------
0000000000000005        1       12      720        0       11      660        0
0000000000000005        2       12      720        0       11      660        0
0000000000000005        3       11      660        0       12      720        0
0000000000000005        4       11      922        0       11      660        0
datapath         in-port  eth-dst           out-port packets  bytes
---------------- -------- ----------------- -------- -------- --------
==================================== link detector ====================================

----------------------------
src    dst :    delay
4 <---> 1 : 4.220485687255859
4 <---> 5 : 4.061698913574219
1 <---> 2 : 3.777742385864258
1 <---> 4 : 4.259347915649414
1 <---> 3 : 3.427267074584961
5 <---> 2 : 4.509687423706055
5 <---> 4 : 4.63414192199707
5 <---> 3 : 4.905939102172852
3 <---> 1 : 4.35948371887207
3 <---> 5 : 4.333972930908203
2 <---> 5 : 4.036188125610352
2 <---> 1 : 3.818511962890625
discovery--->==================================== discovery ====================================
discovery---> cls: [(4, 1), (4, 5), (1, 2), (1, 3), (5, 2), (5, 3)]
discovery--->==============================
datapath         port     rx-pkts  rx-bytes rx-error tx-pkts  tx-bytes tx-error
---------------- -------- -------- -------- -------- -------- -------- --------
0000000000000004        1       17     1020        0       17     1020        0
0000000000000004        2       17     1020        0       17     1020        0
datapath         in-port  eth-dst           out-port packets  bytes
---------------- -------- ----------------- -------- -------- --------
datapath         port     rx-pkts  rx-bytes rx-error tx-pkts  tx-bytes tx-error
---------------- -------- -------- -------- -------- -------- -------- --------
0000000000000001        1       17     1020        0       17     1020        0
0000000000000001        2       17     1020        0       17     1020        0
0000000000000001        3       17     1020        0       17     1020        0
0000000000000001        4        9      746        0       17     1020        0
0000000000000001        5        9      746        0       17     1020        0
0000000000000001        6        9      746        0       17     1020        0
datapath         in-port  eth-dst           out-port packets  bytes
---------------- -------- ----------------- -------- -------- --------
datapath         port     rx-pkts  rx-bytes rx-error tx-pkts  tx-bytes tx-error
---------------- -------- -------- -------- -------- -------- -------- --------
0000000000000005        1       17     1020        0       17     1020        0
0000000000000005        2       17     1020        0       17     1020        0
0000000000000005        3       17     1020        0       17     1020        0
0000000000000005        4       11      922        0       17     1020        0
datapath         in-port  eth-dst           out-port packets  bytes
---------------- -------- ----------------- -------- -------- --------
datapath         port     rx-pkts  rx-bytes rx-error tx-pkts  tx-bytes tx-error
---------------- -------- -------- -------- -------- -------- -------- --------
0000000000000003        1       17     1020        0       17     1020        0
0000000000000003        2       17     1020        0       17     1020        0
datapath         in-port  eth-dst           out-port packets  bytes
---------------- -------- ----------------- -------- -------- --------
datapath         port     rx-pkts  rx-bytes rx-error tx-pkts  tx-bytes tx-error
---------------- -------- -------- -------- -------- -------- -------- --------
0000000000000002        1       17     1020        0       17     1020        0
0000000000000002        2       17     1020        0       17     1020        0
datapath         in-port  eth-dst           out-port packets  bytes
---------------- -------- ----------------- -------- -------- --------
==================================== link detector ====================================

----------------------------
src    dst :    delay
4 <---> 1 : 2.627134323120117
4 <---> 5 : 4.6215057373046875
1 <---> 2 : 4.069805145263672
1 <---> 4 : 2.0737648010253906
1 <---> 3 : 4.400968551635742
5 <---> 2 : 2.476215362548828
5 <---> 4 : 2.0143985748291016
5 <---> 3 : 4.076242446899414
3 <---> 1 : 2.4051666259765625
3 <---> 5 : 2.161264419555664
2 <---> 5 : 2.548694610595703
2 <---> 1 : 3.758668899536133
==================================== link detector ====================================

----------------------------
src    dst :    delay
4 <---> 1 : 3.9713382720947266
4 <---> 5 : 3.816843032836914
1 <---> 2 : 4.667997360229492
1 <---> 4 : 4.001617431640625
1 <---> 3 : 4.151821136474609
5 <---> 2 : 4.7149658203125
5 <---> 4 : 2.0990371704101562
5 <---> 3 : 4.42194938659668
3 <---> 1 : 4.21452522277832
3 <---> 5 : 3.8034915924072266
2 <---> 5 : 4.486322402954102
2 <---> 1 : 4.181861877441406
datapath         port     rx-pkts  rx-bytes rx-error tx-pkts  tx-bytes tx-error
---------------- -------- -------- -------- -------- -------- -------- --------
0000000000000001        1       23     1380        0       22     1320        0
0000000000000001        2       23     1380        0       22     1320        0
0000000000000001        3       23     1380        0       23     1380        0
0000000000000001        4        9      746        0       22     1320        0
0000000000000001        5        9      746        0       22     1320        0
0000000000000001        6        9      746        0       22     1320        0
datapath         in-port  eth-dst           out-port packets  bytes
---------------- -------- ----------------- -------- -------- --------
datapath         port     rx-pkts  rx-bytes rx-error tx-pkts  tx-bytes tx-error
---------------- -------- -------- -------- -------- -------- -------- --------
0000000000000005        1       23     1380        0       22     1320        0
0000000000000005        2       23     1380        0       22     1320        0
0000000000000005        3       23     1380        0       23     1380        0
0000000000000005        4       11      922        0       22     1320        0
datapath         in-port  eth-dst           out-port packets  bytes
---------------- -------- ----------------- -------- -------- --------
datapath         port     rx-pkts  rx-bytes rx-error tx-pkts  tx-bytes tx-error
---------------- -------- -------- -------- -------- -------- -------- --------
0000000000000003        1       22     1320        0       23     1380        0
0000000000000003        2       22     1320        0       23     1380        0
datapath         in-port  eth-dst           out-port packets  bytes
---------------- -------- ----------------- -------- -------- --------
datapath         port     rx-pkts  rx-bytes rx-error tx-pkts  tx-bytes tx-error
---------------- -------- -------- -------- -------- -------- -------- --------
0000000000000002        1       22     1320        0       23     1380        0
0000000000000002        2       22     1320        0       23     1380        0
datapath         in-port  eth-dst           out-port packets  bytes
---------------- -------- ----------------- -------- -------- --------
datapath         port     rx-pkts  rx-bytes rx-error tx-pkts  tx-bytes tx-error
---------------- -------- -------- -------- -------- -------- -------- --------
0000000000000004        1       23     1380        0       23     1380        0
0000000000000004        2       23     1380        0       23     1380        0
datapath         in-port  eth-dst           out-port packets  bytes
---------------- -------- ----------------- -------- -------- --------
discovery--->==================================== discovery ====================================
discovery---> cls: [(4, 1), (4, 5), (1, 2), (1, 3), (5, 2), (5, 3)]
discovery--->==============================
==================================== link detector ====================================

----------------------------
src    dst :    delay
4 <---> 1 : 4.734039306640625
4 <---> 5 : 4.754543304443359
1 <---> 2 : 4.593372344970703
1 <---> 4 : 3.290414810180664
1 <---> 3 : 3.9856433868408203
5 <---> 2 : 4.06956672668457
5 <---> 4 : 4.64940071105957
5 <---> 3 : 3.9987564086914062
3 <---> 1 : 4.027605056762695
3 <---> 5 : 3.5071372985839844
2 <---> 5 : 4.513740539550781
2 <---> 1 : 4.882097244262695
datapath         port     rx-pkts  rx-bytes rx-error tx-pkts  tx-bytes tx-error
---------------- -------- -------- -------- -------- -------- -------- --------
0000000000000001        1       28     1680        0       28     1680        0
0000000000000001        2       28     1680        0       28     1680        0
0000000000000001        3       28     1680        0       29     1740        0
0000000000000001        4        9      746        0       28     1680        0
0000000000000001        5        9      746        0       28     1680        0
0000000000000001        6       10      816        0       28     1680        0
datapath         in-port  eth-dst           out-port packets  bytes
---------------- -------- ----------------- -------- -------- --------
datapath         port     rx-pkts  rx-bytes rx-error tx-pkts  tx-bytes tx-error
---------------- -------- -------- -------- -------- -------- -------- --------
0000000000000004        1       29     1740        0       28     1680        0
0000000000000004        2       29     1740        0       28     1680        0
datapath         in-port  eth-dst           out-port packets  bytes
---------------- -------- ----------------- -------- -------- --------
datapath         port     rx-pkts  rx-bytes rx-error tx-pkts  tx-bytes tx-error
---------------- -------- -------- -------- -------- -------- -------- --------
0000000000000003        1       28     1680        0       28     1680        0
0000000000000003        2       28     1680        0       28     1680        0
datapath         in-port  eth-dst           out-port packets  bytes
---------------- -------- ----------------- -------- -------- --------
datapath         port     rx-pkts  rx-bytes rx-error tx-pkts  tx-bytes tx-error
---------------- -------- -------- -------- -------- -------- -------- --------
0000000000000002        1       28     1680        0       28     1680        0
0000000000000002        2       28     1680        0       28     1680        0
datapath         in-port  eth-dst           out-port packets  bytes
---------------- -------- ----------------- -------- -------- --------
datapath         port     rx-pkts  rx-bytes rx-error tx-pkts  tx-bytes tx-error
---------------- -------- -------- -------- -------- -------- -------- --------
0000000000000005        1       28     1680        0       28     1680        0
0000000000000005        2       28     1680        0       28     1680        0
0000000000000005        3       28     1680        0       29     1740        0
0000000000000005        4       12      992        0       28     1680        0
datapath         in-port  eth-dst           out-port packets  bytes
---------------- -------- ----------------- -------- -------- --------
discovery--->==================================== discovery ====================================
discovery---> cls: [(4, 1), (4, 5), (1, 2), (1, 3), (5, 2), (5, 3)]
discovery--->==============================
==================================== link detector ====================================

----------------------------
src    dst :    delay
4 <---> 1 : 3.793954849243164
4 <---> 5 : 4.000425338745117
1 <---> 2 : 4.134178161621094
1 <---> 4 : 4.082202911376953
1 <---> 3 : 1.844167709350586
5 <---> 2 : 4.5070648193359375
5 <---> 4 : 3.965616226196289
5 <---> 3 : 4.331111907958984
3 <---> 1 : 4.072904586791992
3 <---> 5 : 3.1533241271972656
2 <---> 5 : 3.9594173431396484
2 <---> 1 : 2.3241043090820312
==================================== link detector ====================================

----------------------------
src    dst :    delay
4 <---> 1 : 4.4803619384765625
4 <---> 5 : 4.020214080810547
1 <---> 2 : 4.115819931030273
1 <---> 4 : 4.343271255493164
1 <---> 3 : 3.9670467376708984
5 <---> 2 : 4.368305206298828
5 <---> 4 : 4.757165908813477
5 <---> 3 : 2.469778060913086
3 <---> 1 : 3.0107498168945312
3 <---> 5 : 4.64630126953125
2 <---> 5 : 1.8761157989501953
2 <---> 1 : 2.362966537475586
datapath         port     rx-pkts  rx-bytes rx-error tx-pkts  tx-bytes tx-error
---------------- -------- -------- -------- -------- -------- -------- --------
0000000000000001        1       34     2040        0       33     1980        0
0000000000000001        2       34     2040        0       34     2040        0
0000000000000001        3       34     2040        0       34     2040        0
0000000000000001        4       10      816        0       33     1980        0
0000000000000001        5       10      816        0       34     2040        0
0000000000000001        6       10      816        0       33     1980        0
datapath         in-port  eth-dst           out-port packets  bytes
---------------- -------- ----------------- -------- -------- --------
datapath         port     rx-pkts  rx-bytes rx-error tx-pkts  tx-bytes tx-error
---------------- -------- -------- -------- -------- -------- -------- --------
0000000000000004        1       34     2040        0       34     2040        0
0000000000000004        2       34     2040        0       34     2040        0
datapath         in-port  eth-dst           out-port packets  bytes
---------------- -------- ----------------- -------- -------- --------
datapath         port     rx-pkts  rx-bytes rx-error tx-pkts  tx-bytes tx-error
---------------- -------- -------- -------- -------- -------- -------- --------
0000000000000003        1       34     2040        0       34     2040        0
0000000000000003        2       33     1980        0       34     2040        0
datapath         in-port  eth-dst           out-port packets  bytes
---------------- -------- ----------------- -------- -------- --------
datapath         port     rx-pkts  rx-bytes rx-error tx-pkts  tx-bytes tx-error
---------------- -------- -------- -------- -------- -------- -------- --------
0000000000000002        1       33     1980        0       34     2040        0
0000000000000002        2       33     1980        0       34     2040        0
datapath         in-port  eth-dst           out-port packets  bytes
---------------- -------- ----------------- -------- -------- --------
datapath         port     rx-pkts  rx-bytes rx-error tx-pkts  tx-bytes tx-error
---------------- -------- -------- -------- -------- -------- -------- --------
0000000000000005        1       34     2040        0       33     1980        0
0000000000000005        2       34     2040        0       33     1980        0
0000000000000005        3       34     2040        0       34     2040        0
0000000000000005        4       12      992        0       33     1980        0
datapath         in-port  eth-dst           out-port packets  bytes
---------------- -------- ----------------- -------- -------- --------
discovery--->==================================== discovery ====================================
discovery---> cls: [(4, 1), (4, 5), (1, 2), (1, 3), (5, 2), (5, 3)]
discovery--->==============================
shortest=====>[PATH] [10.0.0.1 <----> 10.0.0.2]: [1]
shortest=====>[PATH] [10.0.0.1 <----> 10.0.0.3]: [1]
shortest=====>[PATH] [10.0.0.1 <----> 10.0.0.4]: [1, 4, 5]
shortest=====>[PATH] [10.0.0.2 <----> 10.0.0.3]: [1]
shortest=====>[PATH] [10.0.0.2 <----> 10.0.0.4]: [1, 4, 5]
shortest=====>[PATH] [10.0.0.3 <----> 10.0.0.4]: [1, 4, 5]
==================================== link detector ====================================

----------------------------
src    dst :    delay
4 <---> 1 : 3.3483505249023438
4 <---> 5 : 2.8007030487060547
1 <---> 2 : 4.563570022583008
1 <---> 4 : 4.018068313598633
1 <---> 3 : 2.713918685913086
5 <---> 2 : 2.040863037109375
5 <---> 4 : 2.9175281524658203
5 <---> 3 : 2.204418182373047
3 <---> 1 : 4.497766494750977
3 <---> 5 : 4.077434539794922
2 <---> 5 : 4.822969436645508
2 <---> 1 : 4.9915313720703125
datapath         port     rx-pkts  rx-bytes rx-error tx-pkts  tx-bytes tx-error
---------------- -------- -------- -------- -------- -------- -------- --------
0000000000000001        1       45     2646        0       42     2466        0
0000000000000001        2       45     2646        0       42     2466        0
0000000000000001        3       51     3234        0       49     3114        0
0000000000000001        4       19     1530        0       60     3774        0
0000000000000001        5       19     1530        0       48     3090        0
0000000000000001        6       19     1530        0       49     3132        0
datapath         in-port  eth-dst           out-port packets  bytes
---------------- -------- ----------------- -------- -------- --------
0000000000000001        3          10.0.0.1        4        2      196
0000000000000001        3          10.0.0.2        5        2      196
0000000000000001        3          10.0.0.3        6        2      196
0000000000000001        4          10.0.0.2        5        1       98
0000000000000001        4          10.0.0.3        6        1       98
0000000000000001        4          10.0.0.4        3        1       98
0000000000000001        5          10.0.0.1        4        2      196
0000000000000001        5          10.0.0.3        6        1       98
0000000000000001        5          10.0.0.4        3        1       98
0000000000000001        6          10.0.0.1        4        2      196
0000000000000001        6          10.0.0.2        5        2      196
0000000000000001        6          10.0.0.4        3        1       98
datapath         port     rx-pkts  rx-bytes rx-error tx-pkts  tx-bytes tx-error
---------------- -------- -------- -------- -------- -------- -------- --------
0000000000000004        1       49     3114        0       51     3234        0
0000000000000004        2       52     3294        0       48     3054        0
datapath         in-port  eth-dst           out-port packets  bytes
---------------- -------- ----------------- -------- -------- --------
0000000000000004        1          10.0.0.4        2        2      196
0000000000000004        1          10.0.0.4        2        2      196
0000000000000004        1          10.0.0.4        2        2      196
0000000000000004        2          10.0.0.1        1        2      196
0000000000000004        2          10.0.0.2        1        2      196
0000000000000004        2          10.0.0.3        1        2      196
datapath         port     rx-pkts  rx-bytes rx-error tx-pkts  tx-bytes tx-error
---------------- -------- -------- -------- -------- -------- -------- --------
0000000000000005        1       42     2466        0       42     2466        0
0000000000000005        2       43     2526        0       42     2466        0
0000000000000005        3       48     3054        0       52     3294        0
0000000000000005        4       21     1706        0       50     3174        0
datapath         in-port  eth-dst           out-port packets  bytes
---------------- -------- ----------------- -------- -------- --------
0000000000000005        3          10.0.0.4        4        2      196
0000000000000005        3          10.0.0.4        4        2      196
0000000000000005        3          10.0.0.4        4        2      196
0000000000000005        4          10.0.0.1        3        2      196
0000000000000005        4          10.0.0.2        3        2      196
0000000000000005        4          10.0.0.3        3        2      196
datapath         port     rx-pkts  rx-bytes rx-error tx-pkts  tx-bytes tx-error
---------------- -------- -------- -------- -------- -------- -------- --------
0000000000000003        1       42     2466        0       45     2646        0
0000000000000003        2       42     2466        0       43     2526        0
datapath         in-port  eth-dst           out-port packets  bytes
---------------- -------- ----------------- -------- -------- --------
datapath         port     rx-pkts  rx-bytes rx-error tx-pkts  tx-bytes tx-error
---------------- -------- -------- -------- -------- -------- -------- --------
0000000000000002        1       42     2466        0       45     2646        0
0000000000000002        2       42     2466        0       42     2466        0
datapath         in-port  eth-dst           out-port packets  bytes
---------------- -------- ----------------- -------- -------- --------
discovery--->==================================== discovery ====================================
discovery---> cls: [(4, 1), (4, 5), (1, 2), (1, 3), (5, 2), (5, 3)]
discovery--->==============================
==================================== link detector ====================================

----------------------------
src    dst :    delay
4 <---> 1 : 4.668235778808594
4 <---> 5 : 4.477739334106445
1 <---> 2 : 4.203081130981445
1 <---> 4 : 4.020214080810547
1 <---> 3 : 2.633333206176758
5 <---> 2 : 4.299640655517578
5 <---> 4 : 4.149436950683594
5 <---> 3 : 2.532482147216797
3 <---> 1 : 6.847858428955078
3 <---> 5 : 3.7517547607421875
2 <---> 5 : 2.1820068359375
2 <---> 1 : 3.9932727813720703
==================================== link detector ====================================

----------------------------
src    dst :    delay
4 <---> 1 : 4.021644592285156
4 <---> 5 : 4.475831985473633
1 <---> 2 : 3.82232666015625
1 <---> 4 : 4.117012023925781
1 <---> 3 : 4.169940948486328
5 <---> 2 : 4.050970077514648
5 <---> 4 : 4.13966178894043
5 <---> 3 : 3.916501998901367
3 <---> 1 : 3.756999969482422
3 <---> 5 : 4.514217376708984
2 <---> 5 : 4.129171371459961
2 <---> 1 : 3.7322044372558594
datapath         port     rx-pkts  rx-bytes rx-error tx-pkts  tx-bytes tx-error
---------------- -------- -------- -------- -------- -------- -------- --------
0000000000000001        1       51     3006        0       47     2766        0
0000000000000001        2       51     3006        0       48     2826        0
0000000000000001        3       57     3594        0       54     3414        0
0000000000000001        4       19     1530        0       65     4074        0
0000000000000001        5       20     1572        0       55     3510        0
0000000000000001        6       20     1572        0       56     3552        0
datapath         in-port  eth-dst           out-port packets  bytes
---------------- -------- ----------------- -------- -------- --------
0000000000000001        3          10.0.0.1        4        2      196
0000000000000001        3          10.0.0.2        5        2      196
0000000000000001        3          10.0.0.3        6        2      196
0000000000000001        4          10.0.0.2        5        1       98
0000000000000001        4          10.0.0.3        6        1       98
0000000000000001        4          10.0.0.4        3        1       98
0000000000000001        5          10.0.0.1        4        2      196
0000000000000001        5          10.0.0.3        6        1       98
0000000000000001        5          10.0.0.4        3        1       98
0000000000000001        6          10.0.0.1        4        2      196
0000000000000001        6          10.0.0.2        5        2      196
0000000000000001        6          10.0.0.4        3        1       98
datapath         port     rx-pkts  rx-bytes rx-error tx-pkts  tx-bytes tx-error
---------------- -------- -------- -------- -------- -------- -------- --------
0000000000000005        1       48     2826        0       47     2766        0
0000000000000005        2       48     2826        0       47     2766        0
0000000000000005        3       54     3414        0       57     3594        0
0000000000000005        4       22     1748        0       56     3534        0
datapath         in-port  eth-dst           out-port packets  bytes
---------------- -------- ----------------- -------- -------- --------
0000000000000005        3          10.0.0.4        4        2      196
0000000000000005        3          10.0.0.4        4        2      196
0000000000000005        3          10.0.0.4        4        2      196
0000000000000005        4          10.0.0.1        3        2      196
0000000000000005        4          10.0.0.2        3        2      196
0000000000000005        4          10.0.0.3        3        2      196
datapath         port     rx-pkts  rx-bytes rx-error tx-pkts  tx-bytes tx-error
---------------- -------- -------- -------- -------- -------- -------- --------
0000000000000004        1       54     3414        0       57     3594        0
0000000000000004        2       57     3594        0       54     3414        0
datapath         in-port  eth-dst           out-port packets  bytes
---------------- -------- ----------------- -------- -------- --------
0000000000000004        1          10.0.0.4        2        2      196
0000000000000004        1          10.0.0.4        2        2      196
0000000000000004        1          10.0.0.4        2        2      196
0000000000000004        2          10.0.0.1        1        2      196
0000000000000004        2          10.0.0.2        1        2      196
0000000000000004        2          10.0.0.3        1        2      196
datapath         port     rx-pkts  rx-bytes rx-error tx-pkts  tx-bytes tx-error
---------------- -------- -------- -------- -------- -------- -------- --------
0000000000000002        1       48     2826        0       51     3006        0
0000000000000002        2       47     2766        0       48     2826        0
datapath         in-port  eth-dst           out-port packets  bytes
---------------- -------- ----------------- -------- -------- --------
datapath         port     rx-pkts  rx-bytes rx-error tx-pkts  tx-bytes tx-error
---------------- -------- -------- -------- -------- -------- -------- --------
0000000000000003        1       48     2826        0       51     3006        0
0000000000000003        2       47     2766        0       48     2826        0
datapath         in-port  eth-dst           out-port packets  bytes
---------------- -------- ----------------- -------- -------- --------
discovery--->==================================== discovery ====================================
discovery---> cls: [(4, 1), (4, 5), (1, 2), (1, 3), (5, 2), (5, 3)]
discovery--->==============================
==================================== link detector ====================================

----------------------------
src    dst :    delay
4 <---> 1 : 3.372669219970703
4 <---> 5 : 3.7202835083007812
1 <---> 2 : 4.094362258911133
1 <---> 4 : 3.0477046966552734
1 <---> 3 : 2.1524429321289062
5 <---> 2 : 3.8793087005615234
5 <---> 4 : 4.819631576538086
5 <---> 3 : 4.886388778686523
3 <---> 1 : 4.232883453369141
3 <---> 5 : 3.1518936157226562
2 <---> 5 : 4.533052444458008
2 <---> 1 : 4.66156005859375
datapath         port     rx-pkts  rx-bytes rx-error tx-pkts  tx-bytes tx-error
---------------- -------- -------- -------- -------- -------- -------- --------
0000000000000001        1       56     3306        0       53     3126        0
0000000000000001        2       57     3366        0       53     3126        0
0000000000000001        3       62     3894        0       60     3774        0
0000000000000001        4       19     1530        0       71     4434        0
0000000000000001        5       20     1572        0       60     3810        0
0000000000000001        6       20     1572        0       61     3852        0
datapath         in-port  eth-dst           out-port packets  bytes
---------------- -------- ----------------- -------- -------- --------
0000000000000001        3          10.0.0.1        4        2      196
0000000000000001        3          10.0.0.2        5        2      196
0000000000000001        3          10.0.0.3        6        2      196
0000000000000001        4          10.0.0.2        5        1       98
0000000000000001        4          10.0.0.3        6        1       98
0000000000000001        4          10.0.0.4        3        1       98
0000000000000001        5          10.0.0.1        4        2      196
0000000000000001        5          10.0.0.3        6        1       98
0000000000000001        5          10.0.0.4        3        1       98
0000000000000001        6          10.0.0.1        4        2      196
0000000000000001        6          10.0.0.2        5        2      196
0000000000000001        6          10.0.0.4        3        1       98
datapath         port     rx-pkts  rx-bytes rx-error tx-pkts  tx-bytes tx-error
---------------- -------- -------- -------- -------- -------- -------- --------
0000000000000003        1       53     3126        0       57     3366        0
0000000000000003        2       53     3126        0       54     3186        0
datapath         in-port  eth-dst           out-port packets  bytes
---------------- -------- ----------------- -------- -------- --------
datapath         port     rx-pkts  rx-bytes rx-error tx-pkts  tx-bytes tx-error
---------------- -------- -------- -------- -------- -------- -------- --------
0000000000000004        1       60     3774        0       62     3894        0
0000000000000004        2       63     3954        0       59     3714        0
datapath         in-port  eth-dst           out-port packets  bytes
---------------- -------- ----------------- -------- -------- --------
0000000000000004        1          10.0.0.4        2        2      196
0000000000000004        1          10.0.0.4        2        2      196
0000000000000004        1          10.0.0.4        2        2      196
0000000000000004        2          10.0.0.1        1        2      196
0000000000000004        2          10.0.0.2        1        2      196
0000000000000004        2          10.0.0.3        1        2      196
datapath         port     rx-pkts  rx-bytes rx-error tx-pkts  tx-bytes tx-error
---------------- -------- -------- -------- -------- -------- -------- --------
0000000000000005        1       54     3186        0       53     3126        0
0000000000000005        2       54     3186        0       53     3126        0
0000000000000005        3       59     3714        0       63     3954        0
0000000000000005        4       22     1748        0       62     3894        0
datapath         in-port  eth-dst           out-port packets  bytes
---------------- -------- ----------------- -------- -------- --------
0000000000000005        3          10.0.0.4        4        2      196
0000000000000005        3          10.0.0.4        4        2      196
0000000000000005        3          10.0.0.4        4        2      196
0000000000000005        4          10.0.0.1        3        2      196
0000000000000005        4          10.0.0.2        3        2      196
0000000000000005        4          10.0.0.3        3        2      196
datapath         port     rx-pkts  rx-bytes rx-error tx-pkts  tx-bytes tx-error
---------------- -------- -------- -------- -------- -------- -------- --------
0000000000000002        1       53     3126        0       56     3306        0
0000000000000002        2       53     3126        0       54     3186        0
datapath         in-port  eth-dst           out-port packets  bytes
---------------- -------- ----------------- -------- -------- --------
discovery--->==================================== discovery ====================================
discovery---> cls: [(4, 1), (4, 5), (1, 2), (1, 3), (5, 2), (5, 3)]
discovery--->==============================
==================================== link detector ====================================

----------------------------
src    dst :    delay
4 <---> 1 : 4.729032516479492
4 <---> 5 : 4.357337951660156
1 <---> 2 : 4.170894622802734
1 <---> 4 : 3.664255142211914
1 <---> 3 : 2.166271209716797
5 <---> 2 : 4.746198654174805
5 <---> 4 : 4.235506057739258
5 <---> 3 : 3.823518753051758
3 <---> 1 : 3.0634403228759766
3 <---> 5 : 4.371404647827148
2 <---> 5 : 3.171682357788086
2 <---> 1 : 2.6559829711914062
==================================== link detector ====================================

----------------------------
src    dst :    delay
4 <---> 1 : 3.8454532623291016
4 <---> 5 : 2.4428367614746094
1 <---> 2 : 2.1779537200927734
1 <---> 4 : 4.172325134277344
1 <---> 3 : 4.390239715576172
5 <---> 2 : 4.282712936401367
5 <---> 4 : 4.739284515380859
5 <---> 3 : 4.279613494873047
3 <---> 1 : 2.1209716796875
3 <---> 5 : 2.645254135131836
2 <---> 5 : 2.897500991821289
2 <---> 1 : 4.117727279663086
datapath         port     rx-pkts  rx-bytes rx-error tx-pkts  tx-bytes tx-error
---------------- -------- -------- -------- -------- -------- -------- --------
0000000000000001        1       62     3666        0       59     3486        0
0000000000000001        2       62     3666        0       59     3486        0
0000000000000001        3       68     4254        0       65     4074        0
0000000000000001        4       19     1530        0       77     4794        0
0000000000000001        5       20     1572        0       66     4170        0
0000000000000001        6       20     1572        0       67     4212        0
datapath         in-port  eth-dst           out-port packets  bytes
---------------- -------- ----------------- -------- -------- --------
0000000000000001        3          10.0.0.1        4        2      196
0000000000000001        3          10.0.0.2        5        2      196
0000000000000001        3          10.0.0.3        6        2      196
0000000000000001        4          10.0.0.2        5        1       98
0000000000000001        4          10.0.0.3        6        1       98
0000000000000001        4          10.0.0.4        3        1       98
0000000000000001        5          10.0.0.1        4        2      196
0000000000000001        5          10.0.0.3        6        1       98
0000000000000001        5          10.0.0.4        3        1       98
0000000000000001        6          10.0.0.1        4        2      196
0000000000000001        6          10.0.0.2        5        2      196
0000000000000001        6          10.0.0.4        3        1       98
datapath         port     rx-pkts  rx-bytes rx-error tx-pkts  tx-bytes tx-error
---------------- -------- -------- -------- -------- -------- -------- --------
0000000000000002        1       59     3486        0       62     3666        0
0000000000000002        2       58     3426        0       59     3486        0
datapath         in-port  eth-dst           out-port packets  bytes
---------------- -------- ----------------- -------- -------- --------
datapath         port     rx-pkts  rx-bytes rx-error tx-pkts  tx-bytes tx-error
---------------- -------- -------- -------- -------- -------- -------- --------
0000000000000005        1       59     3486        0       58     3426        0
0000000000000005        2       59     3486        0       58     3426        0
0000000000000005        3       65     4074        0       68     4254        0
0000000000000005        4       22     1748        0       67     4194        0
datapath         in-port  eth-dst           out-port packets  bytes
---------------- -------- ----------------- -------- -------- --------
0000000000000005        3          10.0.0.4        4        2      196
0000000000000005        3          10.0.0.4        4        2      196
0000000000000005        3          10.0.0.4        4        2      196
0000000000000005        4          10.0.0.1        3        2      196
0000000000000005        4          10.0.0.2        3        2      196
0000000000000005        4          10.0.0.3        3        2      196
datapath         port     rx-pkts  rx-bytes rx-error tx-pkts  tx-bytes tx-error
---------------- -------- -------- -------- -------- -------- -------- --------
0000000000000004        1       65     4074        0       68     4254        0
0000000000000004        2       68     4254        0       65     4074        0
datapath         in-port  eth-dst           out-port packets  bytes
---------------- -------- ----------------- -------- -------- --------
0000000000000004        1          10.0.0.4        2        2      196
0000000000000004        1          10.0.0.4        2        2      196
0000000000000004        1          10.0.0.4        2        2      196
0000000000000004        2          10.0.0.1        1        2      196
0000000000000004        2          10.0.0.2        1        2      196
0000000000000004        2          10.0.0.3        1        2      196
datapath         port     rx-pkts  rx-bytes rx-error tx-pkts  tx-bytes tx-error
---------------- -------- -------- -------- -------- -------- -------- --------
0000000000000003        1       59     3486        0       62     3666        0
0000000000000003        2       58     3426        0       59     3486        0
datapath         in-port  eth-dst           out-port packets  bytes
---------------- -------- ----------------- -------- -------- --------
discovery--->==================================== discovery ====================================
discovery---> cls: [(4, 1), (4, 5), (1, 2), (1, 3), (5, 2), (5, 3)]
discovery--->==============================
==================================== link detector ====================================

----------------------------
src    dst :    delay
4 <---> 1 : 2.593517303466797
4 <---> 5 : 2.5823116302490234
1 <---> 2 : 2.2187232971191406
1 <---> 4 : 2.7456283569335938
1 <---> 3 : 4.678964614868164
5 <---> 2 : 2.177000045776367
5 <---> 4 : 2.740144729614258
5 <---> 3 : 2.5169849395751953
3 <---> 1 : 4.482746124267578
3 <---> 5 : 2.7036666870117188
2 <---> 5 : 4.418373107910156
2 <---> 1 : 2.403736114501953
datapath         port     rx-pkts  rx-bytes rx-error tx-pkts  tx-bytes tx-error
---------------- -------- -------- -------- -------- -------- -------- --------
0000000000000001        1       68     4026        0       64     3786        0
0000000000000001        2       68     4026        0       64     3786        0
0000000000000001        3       73     4554        0       71     4434        0
0000000000000001        4       19     1530        0       82     5094        0
0000000000000001        5       20     1572        0       71     4470        0
0000000000000001        6       20     1572        0       72     4512        0
datapath         in-port  eth-dst           out-port packets  bytes
---------------- -------- ----------------- -------- -------- --------
0000000000000001        3          10.0.0.1        4        2      196
0000000000000001        3          10.0.0.2        5        2      196
0000000000000001        3          10.0.0.3        6        2      196
0000000000000001        4          10.0.0.2        5        1       98
0000000000000001        4          10.0.0.3        6        1       98
0000000000000001        4          10.0.0.4        3        1       98
0000000000000001        5          10.0.0.1        4        2      196
0000000000000001        5          10.0.0.3        6        1       98
0000000000000001        5          10.0.0.4        3        1       98
0000000000000001        6          10.0.0.1        4        2      196
0000000000000001        6          10.0.0.2        5        2      196
0000000000000001        6          10.0.0.4        3        1       98
datapath         port     rx-pkts  rx-bytes rx-error tx-pkts  tx-bytes tx-error
---------------- -------- -------- -------- -------- -------- -------- --------
0000000000000003        1       64     3786        0       68     4026        0
0000000000000003        2       64     3786        0       65     3846        0
datapath         in-port  eth-dst           out-port packets  bytes
---------------- -------- ----------------- -------- -------- --------
datapath         port     rx-pkts  rx-bytes rx-error tx-pkts  tx-bytes tx-error
---------------- -------- -------- -------- -------- -------- -------- --------
0000000000000004        1       71     4434        0       73     4554        0
0000000000000004        2       74     4614        0       70     4374        0
datapath         in-port  eth-dst           out-port packets  bytes
---------------- -------- ----------------- -------- -------- --------
0000000000000004        1          10.0.0.4        2        2      196
0000000000000004        1          10.0.0.4        2        2      196
0000000000000004        1          10.0.0.4        2        2      196
0000000000000004        2          10.0.0.1        1        2      196
0000000000000004        2          10.0.0.2        1        2      196
0000000000000004        2          10.0.0.3        1        2      196
datapath         port     rx-pkts  rx-bytes rx-error tx-pkts  tx-bytes tx-error
---------------- -------- -------- -------- -------- -------- -------- --------
0000000000000002        1       64     3786        0       68     4026        0
0000000000000002        2       64     3786        0       65     3846        0
datapath         in-port  eth-dst           out-port packets  bytes
---------------- -------- ----------------- -------- -------- --------
datapath         port     rx-pkts  rx-bytes rx-error tx-pkts  tx-bytes tx-error
---------------- -------- -------- -------- -------- -------- -------- --------
0000000000000005        1       65     3846        0       64     3786        0
0000000000000005        2       65     3846        0       64     3786        0
0000000000000005        3       70     4374        0       74     4614        0
0000000000000005        4       23     1818        0       73     4554        0
datapath         in-port  eth-dst           out-port packets  bytes
---------------- -------- ----------------- -------- -------- --------
0000000000000005        3          10.0.0.4        4        2      196
0000000000000005        3          10.0.0.4        4        2      196
0000000000000005        3          10.0.0.4        4        2      196
0000000000000005        4          10.0.0.1        3        2      196
0000000000000005        4          10.0.0.2        3        2      196
0000000000000005        4          10.0.0.3        3        2      196
discovery--->==================================== discovery ====================================
discovery---> cls: [(4, 1), (4, 5), (1, 2), (1, 3), (5, 2), (5, 3)]
discovery--->==============================
==================================== link detector ====================================

----------------------------
src    dst :    delay
4 <---> 1 : 3.1404495239257812
4 <---> 5 : 3.3159255981445312
1 <---> 2 : 4.731893539428711
1 <---> 4 : 5.931615829467773
1 <---> 3 : 3.8890838623046875
5 <---> 2 : 4.301548004150391
5 <---> 4 : 5.132198333740234
5 <---> 3 : 4.159450531005859
3 <---> 1 : 2.907276153564453
3 <---> 5 : 4.073858261108398
2 <---> 5 : 2.3114681243896484
2 <---> 1 : 4.456996917724609
==================================== link detector ====================================

----------------------------
src    dst :    delay
4 <---> 1 : 4.450798034667969
4 <---> 5 : 2.5131702423095703
1 <---> 2 : 4.011392593383789
1 <---> 4 : 5.317449569702148
1 <---> 3 : 4.128217697143555
5 <---> 2 : 2.765655517578125
5 <---> 4 : 2.2153854370117188
5 <---> 3 : 4.596710205078125
3 <---> 1 : 3.1478404998779297
3 <---> 5 : 3.8766860961914062
2 <---> 5 : 2.7561187744140625
2 <---> 1 : 3.030538558959961
datapath         port     rx-pkts  rx-bytes rx-error tx-pkts  tx-bytes tx-error
---------------- -------- -------- -------- -------- -------- -------- --------
0000000000000001        1       73     4326        0       70     4146        0
0000000000000001        2       73     4326        0       70     4146        0
0000000000000001        3       79     4914        0       76     4734        0
0000000000000001        4       19     1530        0       88     5454        0
0000000000000001        5       21     1642        0       77     4830        0
0000000000000001        6       21     1642        0       78     4872        0
datapath         in-port  eth-dst           out-port packets  bytes
---------------- -------- ----------------- -------- -------- --------
0000000000000001        3          10.0.0.1        4        2      196
0000000000000001        3          10.0.0.2        5        2      196
0000000000000001        3          10.0.0.3        6        2      196
0000000000000001        4          10.0.0.2        5        1       98
0000000000000001        4          10.0.0.3        6        1       98
0000000000000001        4          10.0.0.4        3        1       98
0000000000000001        5          10.0.0.1        4        2      196
0000000000000001        5          10.0.0.3        6        1       98
0000000000000001        5          10.0.0.4        3        1       98
0000000000000001        6          10.0.0.1        4        2      196
0000000000000001        6          10.0.0.2        5        2      196
0000000000000001        6          10.0.0.4        3        1       98
datapath         port     rx-pkts  rx-bytes rx-error tx-pkts  tx-bytes tx-error
---------------- -------- -------- -------- -------- -------- -------- --------
0000000000000004        1       76     4734        0       79     4914        0
0000000000000004        2       79     4914        0       76     4734        0
datapath         in-port  eth-dst           out-port packets  bytes
---------------- -------- ----------------- -------- -------- --------
0000000000000004        1          10.0.0.4        2        2      196
0000000000000004        1          10.0.0.4        2        2      196
0000000000000004        1          10.0.0.4        2        2      196
0000000000000004        2          10.0.0.1        1        2      196
0000000000000004        2          10.0.0.2        1        2      196
0000000000000004        2          10.0.0.3        1        2      196
datapath         port     rx-pkts  rx-bytes rx-error tx-pkts  tx-bytes tx-error
---------------- -------- -------- -------- -------- -------- -------- --------
0000000000000003        1       70     4146        0       73     4326        0
0000000000000003        2       70     4146        0       70     4146        0
datapath         in-port  eth-dst           out-port packets  bytes
---------------- -------- ----------------- -------- -------- --------
datapath         port     rx-pkts  rx-bytes rx-error tx-pkts  tx-bytes tx-error
---------------- -------- -------- -------- -------- -------- -------- --------
0000000000000005        1       70     4146        0       70     4146        0
0000000000000005        2       70     4146        0       70     4146        0
0000000000000005        3       76     4734        0       79     4914        0
0000000000000005        4       23     1818        0       78     4854        0
datapath         in-port  eth-dst           out-port packets  bytes
---------------- -------- ----------------- -------- -------- --------
0000000000000005        3          10.0.0.4        4        2      196
0000000000000005        3          10.0.0.4        4        2      196
0000000000000005        3          10.0.0.4        4        2      196
0000000000000005        4          10.0.0.1        3        2      196
0000000000000005        4          10.0.0.2        3        2      196
0000000000000005        4          10.0.0.3        3        2      196
datapath         port     rx-pkts  rx-bytes rx-error tx-pkts  tx-bytes tx-error
---------------- -------- -------- -------- -------- -------- -------- --------
0000000000000002        1       70     4146        0       73     4326        0
0000000000000002        2       70     4146        0       70     4146        0
datapath         in-port  eth-dst           out-port packets  bytes
---------------- -------- ----------------- -------- -------- --------
discovery--->==================================== discovery ====================================
discovery---> cls: [(4, 1), (4, 5), (1, 2), (1, 3), (5, 2), (5, 3)]
discovery--->==============================
==================================== link detector ====================================

----------------------------
src    dst :    delay
4 <---> 1 : 3.696918487548828
4 <---> 5 : 3.4503936767578125
1 <---> 2 : 2.2764205932617188
1 <---> 4 : 2.712726593017578
1 <---> 3 : 4.497051239013672
5 <---> 2 : 3.8127899169921875
5 <---> 4 : 4.020214080810547
5 <---> 3 : 2.5780200958251953
3 <---> 1 : 4.419565200805664
3 <---> 5 : 4.723548889160156
2 <---> 5 : 2.0880699157714844
2 <---> 1 : 2.627849578857422
datapath         port     rx-pkts  rx-bytes rx-error tx-pkts  tx-bytes tx-error
---------------- -------- -------- -------- -------- -------- -------- --------
0000000000000001        1       79     4686        0       75     4446        0
0000000000000001        2       79     4686        0       75     4446        0
0000000000000001        3       84     5214        0       82     5094        0
0000000000000001        4       20     1600        0       93     5754        0
0000000000000001        5       21     1642        0       82     5130        0
0000000000000001        6       21     1642        0       83     5172        0
datapath         in-port  eth-dst           out-port packets  bytes
---------------- -------- ----------------- -------- -------- --------
0000000000000001        3          10.0.0.1        4        2      196
0000000000000001        3          10.0.0.2        5        2      196
0000000000000001        3          10.0.0.3        6        2      196
0000000000000001        4          10.0.0.2        5        1       98
0000000000000001        4          10.0.0.3        6        1       98
0000000000000001        4          10.0.0.4        3        1       98
0000000000000001        5          10.0.0.1        4        2      196
0000000000000001        5          10.0.0.3        6        1       98
0000000000000001        5          10.0.0.4        3        1       98
0000000000000001        6          10.0.0.1        4        2      196
0000000000000001        6          10.0.0.2        5        2      196
0000000000000001        6          10.0.0.4        3        1       98
datapath         port     rx-pkts  rx-bytes rx-error tx-pkts  tx-bytes tx-error
---------------- -------- -------- -------- -------- -------- -------- --------
0000000000000004        1       82     5094        0       84     5214        0
0000000000000004        2       85     5274        0       82     5094        0
datapath         in-port  eth-dst           out-port packets  bytes
---------------- -------- ----------------- -------- -------- --------
0000000000000004        1          10.0.0.4        2        2      196
0000000000000004        1          10.0.0.4        2        2      196
0000000000000004        1          10.0.0.4        2        2      196
0000000000000004        2          10.0.0.1        1        2      196
0000000000000004        2          10.0.0.2        1        2      196
0000000000000004        2          10.0.0.3        1        2      196
datapath         port     rx-pkts  rx-bytes rx-error tx-pkts  tx-bytes tx-error
---------------- -------- -------- -------- -------- -------- -------- --------
0000000000000003        1       75     4446        0       79     4686        0
0000000000000003        2       75     4446        0       76     4506        0
datapath         in-port  eth-dst           out-port packets  bytes
---------------- -------- ----------------- -------- -------- --------
datapath         port     rx-pkts  rx-bytes rx-error tx-pkts  tx-bytes tx-error
---------------- -------- -------- -------- -------- -------- -------- --------
0000000000000005        1       76     4506        0       75     4446        0
0000000000000005        2       76     4506        0       75     4446        0
0000000000000005        3       82     5094        0       85     5274        0
0000000000000005        4       23     1818        0       84     5214        0
datapath         in-port  eth-dst           out-port packets  bytes
---------------- -------- ----------------- -------- -------- --------
0000000000000005        3          10.0.0.4        4        2      196
0000000000000005        3          10.0.0.4        4        2      196
0000000000000005        3          10.0.0.4        4        2      196
0000000000000005        4          10.0.0.1        3        2      196
0000000000000005        4          10.0.0.2        3        2      196
0000000000000005        4          10.0.0.3        3        2      196
datapath         port     rx-pkts  rx-bytes rx-error tx-pkts  tx-bytes tx-error
---------------- -------- -------- -------- -------- -------- -------- --------
0000000000000002        1       75     4446        0       79     4686        0
0000000000000002        2       75     4446        0       76     4506        0
datapath         in-port  eth-dst           out-port packets  bytes
---------------- -------- ----------------- -------- -------- --------
discovery--->==================================== discovery ====================================
discovery---> cls: [(4, 1), (4, 5), (1, 2), (1, 3), (5, 2), (5, 3)]
discovery--->==============================
==================================== link detector ====================================

----------------------------
src    dst :    delay
4 <---> 1 : 19.747257232666016
4 <---> 5 : 3.8881301879882812
1 <---> 2 : 3.069162368774414
1 <---> 4 : 3.957986831665039
1 <---> 3 : 4.0912628173828125
5 <---> 2 : 4.8885345458984375
5 <---> 4 : 4.463911056518555
5 <---> 3 : 2.799510955810547
3 <---> 1 : 4.210472106933594
3 <---> 5 : 4.495382308959961
2 <---> 5 : 4.076719284057617
2 <---> 1 : 4.155158996582031
==================================== link detector ====================================

----------------------------
src    dst :    delay
4 <---> 1 : 2.1131038665771484
4 <---> 5 : 2.199888229370117
1 <---> 2 : 4.33349609375
1 <---> 4 : 4.001617431640625
1 <---> 3 : 4.155397415161133
5 <---> 2 : 2.520322799682617
5 <---> 4 : 3.1709671020507812
5 <---> 3 : 4.218101501464844
3 <---> 1 : 2.184629440307617
3 <---> 5 : 2.6428699493408203
2 <---> 5 : 4.736900329589844
2 <---> 1 : 2.5336742401123047
datapath         port     rx-pkts  rx-bytes rx-error tx-pkts  tx-bytes tx-error
---------------- -------- -------- -------- -------- -------- -------- --------
0000000000000001        1       84     4986        0       81     4806        0
0000000000000001        2       84     4986        0       81     4806        0
0000000000000001        3       90     5574        0       87     5394        0
0000000000000001        4       20     1600        0       99     6114        0
0000000000000001        5       21     1642        0       88     5490        0
0000000000000001        6       21     1642        0       89     5532        0
datapath         in-port  eth-dst           out-port packets  bytes
---------------- -------- ----------------- -------- -------- --------
0000000000000001        3          10.0.0.1        4        2      196
0000000000000001        3          10.0.0.2        5        2      196
0000000000000001        3          10.0.0.3        6        2      196
0000000000000001        4          10.0.0.2        5        1       98
0000000000000001        4          10.0.0.3        6        1       98
0000000000000001        4          10.0.0.4        3        1       98
0000000000000001        5          10.0.0.1        4        2      196
0000000000000001        5          10.0.0.3        6        1       98
0000000000000001        5          10.0.0.4        3        1       98
0000000000000001        6          10.0.0.1        4        2      196
0000000000000001        6          10.0.0.2        5        2      196
0000000000000001        6          10.0.0.4        3        1       98
datapath         port     rx-pkts  rx-bytes rx-error tx-pkts  tx-bytes tx-error
---------------- -------- -------- -------- -------- -------- -------- --------
0000000000000004        1       87     5394        0       90     5574        0
0000000000000004        2       91     5634        0       87     5394        0
datapath         in-port  eth-dst           out-port packets  bytes
---------------- -------- ----------------- -------- -------- --------
0000000000000004        1          10.0.0.4        2        2      196
0000000000000004        1          10.0.0.4        2        2      196
0000000000000004        1          10.0.0.4        2        2      196
0000000000000004        2          10.0.0.1        1        2      196
0000000000000004        2          10.0.0.2        1        2      196
0000000000000004        2          10.0.0.3        1        2      196
datapath         port     rx-pkts  rx-bytes rx-error tx-pkts  tx-bytes tx-error
---------------- -------- -------- -------- -------- -------- -------- --------
0000000000000003        1       81     4806        0       84     4986        0
0000000000000003        2       81     4806        0       81     4806        0
datapath         in-port  eth-dst           out-port packets  bytes
---------------- -------- ----------------- -------- -------- --------
datapath         port     rx-pkts  rx-bytes rx-error tx-pkts  tx-bytes tx-error
---------------- -------- -------- -------- -------- -------- -------- --------
0000000000000002        1       81     4806        0       84     4986        0
0000000000000002        2       81     4806        0       81     4806        0
datapath         in-port  eth-dst           out-port packets  bytes
---------------- -------- ----------------- -------- -------- --------
datapath         port     rx-pkts  rx-bytes rx-error tx-pkts  tx-bytes tx-error
---------------- -------- -------- -------- -------- -------- -------- --------
0000000000000005        1       81     4806        0       81     4806        0
0000000000000005        2       81     4806        0       81     4806        0
0000000000000005        3       87     5394        0       91     5634        0
0000000000000005        4       23     1818        0       90     5574        0
datapath         in-port  eth-dst           out-port packets  bytes
---------------- -------- ----------------- -------- -------- --------
0000000000000005        3          10.0.0.4        4        2      196
0000000000000005        3          10.0.0.4        4        2      196
0000000000000005        3          10.0.0.4        4        2      196
0000000000000005        4          10.0.0.1        3        2      196
0000000000000005        4          10.0.0.2        3        2      196
0000000000000005        4          10.0.0.3        3        2      196
discovery--->==================================== discovery ====================================
discovery---> cls: [(4, 1), (4, 5), (1, 2), (1, 3), (5, 2), (5, 3)]
discovery--->==============================
==================================== link detector ====================================

----------------------------
src    dst :    delay
4 <---> 1 : 4.174709320068359
4 <---> 5 : 4.974365234375
1 <---> 2 : 3.9145946502685547
1 <---> 4 : 2.576589584350586
1 <---> 3 : 4.15349006652832
5 <---> 2 : 4.170417785644531
5 <---> 4 : 3.7598609924316406
5 <---> 3 : 2.0580291748046875
3 <---> 1 : 2.1483898162841797
3 <---> 5 : 2.3756027221679688
2 <---> 5 : 2.1514892578125
2 <---> 1 : 1.9352436065673828
==================================== link detector ====================================

----------------------------
src    dst :    delay
4 <---> 1 : 4.138469696044922
4 <---> 5 : 3.764629364013672
1 <---> 2 : 3.9544105529785156
1 <---> 4 : 3.877401351928711
1 <---> 3 : 2.4843215942382812
5 <---> 2 : 2.9752254486083984
5 <---> 4 : 3.9985179901123047
5 <---> 3 : 2.4313926696777344
3 <---> 1 : 3.7546157836914062
3 <---> 5 : 4.021644592285156
2 <---> 5 : 4.451274871826172
2 <---> 1 : 2.911806106567383
datapath         port     rx-pkts  rx-bytes rx-error tx-pkts  tx-bytes tx-error
---------------- -------- -------- -------- -------- -------- -------- --------
0000000000000001        1       90     5346        0       86     5106        0
0000000000000001        2       90     5346        0       86     5106        0
0000000000000001        3       96     5934        0       93     5754        0
0000000000000001        4       20     1600        0      104     6414        0
0000000000000001        5       21     1642        0       94     5850        0
0000000000000001        6       21     1642        0       94     5832        0
datapath         in-port  eth-dst           out-port packets  bytes
---------------- -------- ----------------- -------- -------- --------
0000000000000001        3          10.0.0.1        4        2      196
0000000000000001        3          10.0.0.2        5        2      196
0000000000000001        3          10.0.0.3        6        2      196
0000000000000001        4          10.0.0.2        5        1       98
0000000000000001        4          10.0.0.3        6        1       98
0000000000000001        4          10.0.0.4        3        1       98
0000000000000001        5          10.0.0.1        4        2      196
0000000000000001        5          10.0.0.3        6        1       98
0000000000000001        5          10.0.0.4        3        1       98
0000000000000001        6          10.0.0.1        4        2      196
0000000000000001        6          10.0.0.2        5        2      196
0000000000000001        6          10.0.0.4        3        1       98
datapath         port     rx-pkts  rx-bytes rx-error tx-pkts  tx-bytes tx-error
---------------- -------- -------- -------- -------- -------- -------- --------
0000000000000005        1       87     5166        0       86     5106        0
0000000000000005        2       87     5166        0       86     5106        0
0000000000000005        3       93     5754        0       96     5934        0
0000000000000005        4       23     1818        0       95     5874        0
datapath         in-port  eth-dst           out-port packets  bytes
---------------- -------- ----------------- -------- -------- --------
0000000000000005        3          10.0.0.4        4        2      196
0000000000000005        3          10.0.0.4        4        2      196
0000000000000005        3          10.0.0.4        4        2      196
0000000000000005        4          10.0.0.1        3        2      196
0000000000000005        4          10.0.0.2        3        2      196
0000000000000005        4          10.0.0.3        3        2      196
datapath         port     rx-pkts  rx-bytes rx-error tx-pkts  tx-bytes tx-error
---------------- -------- -------- -------- -------- -------- -------- --------
0000000000000002        1       86     5106        0       90     5346        0
0000000000000002        2       86     5106        0       87     5166        0
datapath         in-port  eth-dst           out-port packets  bytes
---------------- -------- ----------------- -------- -------- --------
datapath         port     rx-pkts  rx-bytes rx-error tx-pkts  tx-bytes tx-error
---------------- -------- -------- -------- -------- -------- -------- --------
0000000000000003        1       86     5106        0       90     5346        0
0000000000000003        2       86     5106        0       87     5166        0
datapath         in-port  eth-dst           out-port packets  bytes
---------------- -------- ----------------- -------- -------- --------
datapath         port     rx-pkts  rx-bytes rx-error tx-pkts  tx-bytes tx-error
---------------- -------- -------- -------- -------- -------- -------- --------
0000000000000004        1       93     5754        0       96     5934        0
0000000000000004        2       96     5934        0       93     5754        0
datapath         in-port  eth-dst           out-port packets  bytes
---------------- -------- ----------------- -------- -------- --------
0000000000000004        1          10.0.0.4        2        2      196
0000000000000004        1          10.0.0.4        2        2      196
0000000000000004        1          10.0.0.4        2        2      196
0000000000000004        2          10.0.0.1        1        2      196
0000000000000004        2          10.0.0.2        1        2      196
0000000000000004        2          10.0.0.3        1        2      196
discovery--->==================================== discovery ====================================
discovery---> cls: [(4, 1), (4, 5), (1, 2), (1, 3), (5, 2), (5, 3)]
discovery--->==============================
==================================== link detector ====================================

----------------------------
src    dst :    delay
4 <---> 1 : 4.501581192016602
4 <---> 5 : 4.153728485107422
1 <---> 2 : 3.804445266723633
1 <---> 4 : 4.336118698120117
1 <---> 3 : 3.6559104919433594
5 <---> 2 : 3.956317901611328
5 <---> 4 : 3.7534236907958984
5 <---> 3 : 4.230737686157227
3 <---> 1 : 4.074573516845703
3 <---> 5 : 3.894329071044922
2 <---> 5 : 3.2660961151123047
2 <---> 1 : 3.7703514099121094
datapath         port     rx-pkts  rx-bytes rx-error tx-pkts  tx-bytes tx-error
---------------- -------- -------- -------- -------- -------- -------- --------
0000000000000001        1       95     5646        0       92     5466        0
0000000000000001        2       95     5646        0       92     5466        0
0000000000000001        3      101     6234        0       99     6114        0
0000000000000001        4       20     1600        0      110     6774        0
0000000000000001        5       21     1642        0       99     6150        0
0000000000000001        6       21     1642        0      100     6192        0
datapath         in-port  eth-dst           out-port packets  bytes
---------------- -------- ----------------- -------- -------- --------
0000000000000001        3          10.0.0.1        4        2      196
0000000000000001        3          10.0.0.2        5        2      196
0000000000000001        3          10.0.0.3        6        2      196
0000000000000001        4          10.0.0.2        5        1       98
0000000000000001        4          10.0.0.3        6        1       98
0000000000000001        4          10.0.0.4        3        1       98
0000000000000001        5          10.0.0.1        4        2      196
0000000000000001        5          10.0.0.3        6        1       98
0000000000000001        5          10.0.0.4        3        1       98
0000000000000001        6          10.0.0.1        4        2      196
0000000000000001        6          10.0.0.2        5        2      196
0000000000000001        6          10.0.0.4        3        1       98
datapath         port     rx-pkts  rx-bytes rx-error tx-pkts  tx-bytes tx-error
---------------- -------- -------- -------- -------- -------- -------- --------
0000000000000004        1       99     6114        0      101     6234        0
0000000000000004        2      102     6294        0       98     6054        0
datapath         in-port  eth-dst           out-port packets  bytes
---------------- -------- ----------------- -------- -------- --------
0000000000000004        1          10.0.0.4        2        2      196
0000000000000004        1          10.0.0.4        2        2      196
0000000000000004        1          10.0.0.4        2        2      196
0000000000000004        2          10.0.0.1        1        2      196
0000000000000004        2          10.0.0.2        1        2      196
0000000000000004        2          10.0.0.3        1        2      196
datapath         port     rx-pkts  rx-bytes rx-error tx-pkts  tx-bytes tx-error
---------------- -------- -------- -------- -------- -------- -------- --------
0000000000000003        1       92     5466        0       95     5646        0
0000000000000003        2       92     5466        0       92     5466        0
datapath         in-port  eth-dst           out-port packets  bytes
---------------- -------- ----------------- -------- -------- --------
datapath         port     rx-pkts  rx-bytes rx-error tx-pkts  tx-bytes tx-error
---------------- -------- -------- -------- -------- -------- -------- --------
0000000000000002        1       92     5466        0       95     5646        0
0000000000000002        2       92     5466        0       92     5466        0
datapath         in-port  eth-dst           out-port packets  bytes
---------------- -------- ----------------- -------- -------- --------
datapath         port     rx-pkts  rx-bytes rx-error tx-pkts  tx-bytes tx-error
---------------- -------- -------- -------- -------- -------- -------- --------
0000000000000005        1       92     5466        0       92     5466        0
0000000000000005        2       92     5466        0       92     5466        0
0000000000000005        3       98     6054        0      102     6294        0
0000000000000005        4       23     1818        0      101     6234        0
datapath         in-port  eth-dst           out-port packets  bytes
---------------- -------- ----------------- -------- -------- --------
0000000000000005        3          10.0.0.4        4        2      196
0000000000000005        3          10.0.0.4        4        2      196
0000000000000005        3          10.0.0.4        4        2      196
0000000000000005        4          10.0.0.1        3        2      196
0000000000000005        4          10.0.0.2        3        2      196
0000000000000005        4          10.0.0.3        3        2      196
discovery--->==================================== discovery ====================================
discovery---> cls: [(4, 1), (4, 5), (1, 2), (1, 3), (5, 2), (5, 3)]
discovery--->==============================
==================================== link detector ====================================

----------------------------
src    dst :    delay
4 <---> 1 : 1.7108917236328125
4 <---> 5 : 4.371166229248047
1 <---> 2 : 3.8411617279052734
1 <---> 4 : 4.050016403198242
1 <---> 3 : 4.479646682739258
5 <---> 2 : 3.9463043212890625
5 <---> 4 : 3.9224624633789062
5 <---> 3 : 4.011631011962891
3 <---> 1 : 3.8557052612304688
3 <---> 5 : 3.9925575256347656
2 <---> 5 : 2.425670623779297
2 <---> 1 : 2.3376941680908203
==================================== link detector ====================================

----------------------------
src    dst :    delay
4 <---> 1 : 4.858493804931641
4 <---> 5 : 3.927946090698242
1 <---> 2 : 3.8056373596191406
1 <---> 4 : 3.0357837677001953
1 <---> 3 : 3.761768341064453
5 <---> 2 : 3.930330276489258
5 <---> 4 : 3.7605762481689453
5 <---> 3 : 3.9048194885253906
3 <---> 1 : 1.9807815551757812
3 <---> 5 : 2.4411678314208984
2 <---> 5 : 2.0160675048828125
2 <---> 1 : 1.9745826721191406
datapath         port     rx-pkts  rx-bytes rx-error tx-pkts  tx-bytes tx-error
---------------- -------- -------- -------- -------- -------- -------- --------
0000000000000001        1      101     6006        0       97     5766        0
0000000000000001        2      101     6006        0       98     5826        0
0000000000000001        3      107     6594        0      104     6414        0
0000000000000001        4       20     1600        0      115     7074        0
0000000000000001        5       21     1642        0      105     6510        0
0000000000000001        6       21     1642        0      106     6552        0
datapath         in-port  eth-dst           out-port packets  bytes
---------------- -------- ----------------- -------- -------- --------
0000000000000001        3          10.0.0.1        4        2      196
0000000000000001        3          10.0.0.2        5        2      196
0000000000000001        3          10.0.0.3        6        2      196
0000000000000001        4          10.0.0.2        5        1       98
0000000000000001        4          10.0.0.3        6        1       98
0000000000000001        4          10.0.0.4        3        1       98
0000000000000001        5          10.0.0.1        4        2      196
0000000000000001        5          10.0.0.3        6        1       98
0000000000000001        5          10.0.0.4        3        1       98
0000000000000001        6          10.0.0.1        4        2      196
0000000000000001        6          10.0.0.2        5        2      196
0000000000000001        6          10.0.0.4        3        1       98
datapath         port     rx-pkts  rx-bytes rx-error tx-pkts  tx-bytes tx-error
---------------- -------- -------- -------- -------- -------- -------- --------
0000000000000005        1       98     5826        0       97     5766        0
0000000000000005        2       98     5826        0       97     5766        0
0000000000000005        3      104     6414        0      107     6594        0
0000000000000005        4       23     1818        0      106     6534        0
datapath         in-port  eth-dst           out-port packets  bytes
---------------- -------- ----------------- -------- -------- --------
0000000000000005        3          10.0.0.4        4        2      196
0000000000000005        3          10.0.0.4        4        2      196
0000000000000005        3          10.0.0.4        4        2      196
0000000000000005        4          10.0.0.1        3        2      196
0000000000000005        4          10.0.0.2        3        2      196
0000000000000005        4          10.0.0.3        3        2      196
datapath         port     rx-pkts  rx-bytes rx-error tx-pkts  tx-bytes tx-error
---------------- -------- -------- -------- -------- -------- -------- --------
0000000000000002        1       97     5766        0      101     6006        0
0000000000000002        2       97     5766        0       98     5826        0
datapath         in-port  eth-dst           out-port packets  bytes
---------------- -------- ----------------- -------- -------- --------
datapath         port     rx-pkts  rx-bytes rx-error tx-pkts  tx-bytes tx-error
---------------- -------- -------- -------- -------- -------- -------- --------
0000000000000003        1       98     5826        0      101     6006        0
0000000000000003        2       97     5766        0       98     5826        0
datapath         in-port  eth-dst           out-port packets  bytes
---------------- -------- ----------------- -------- -------- --------
datapath         port     rx-pkts  rx-bytes rx-error tx-pkts  tx-bytes tx-error
---------------- -------- -------- -------- -------- -------- -------- --------
0000000000000004        1      104     6414        0      107     6594        0
0000000000000004        2      107     6594        0      104     6414        0
datapath         in-port  eth-dst           out-port packets  bytes
---------------- -------- ----------------- -------- -------- --------
0000000000000004        1          10.0.0.4        2        2      196
0000000000000004        1          10.0.0.4        2        2      196
0000000000000004        1          10.0.0.4        2        2      196
0000000000000004        2          10.0.0.1        1        2      196
0000000000000004        2          10.0.0.2        1        2      196
0000000000000004        2          10.0.0.3        1        2      196
discovery--->==================================== discovery ====================================
discovery---> cls: [(4, 1), (4, 5), (1, 2), (1, 3), (5, 2), (5, 3)]
discovery--->==============================
==================================== link detector ====================================

----------------------------
src    dst :    delay
4 <---> 1 : 4.313468933105469
4 <---> 5 : 4.248380661010742
1 <---> 2 : 3.8373470306396484
1 <---> 4 : 4.539966583251953
1 <---> 3 : 4.145145416259766
5 <---> 2 : 2.086162567138672
5 <---> 4 : 4.852771759033203
5 <---> 3 : 3.0655860900878906
3 <---> 1 : 2.1669864654541016
3 <---> 5 : 2.62451171875
2 <---> 5 : 3.5147666931152344
2 <---> 1 : 4.127740859985352
datapath         port     rx-pkts  rx-bytes rx-error tx-pkts  tx-bytes tx-error
---------------- -------- -------- -------- -------- -------- -------- --------
0000000000000001        1      106     6306        0      103     6126        0
0000000000000001        2      107     6366        0      103     6126        0
0000000000000001        3      112     6894        0      110     6774        0
0000000000000001        4       20     1600        0      121     7434        0
0000000000000001        5       21     1642        0      110     6810        0
0000000000000001        6       21     1642        0      111     6852        0
datapath         in-port  eth-dst           out-port packets  bytes
---------------- -------- ----------------- -------- -------- --------
0000000000000001        3          10.0.0.1        4        2      196
0000000000000001        3          10.0.0.2        5        2      196
0000000000000001        3          10.0.0.3        6        2      196
0000000000000001        4          10.0.0.2        5        1       98
0000000000000001        4          10.0.0.3        6        1       98
0000000000000001        4          10.0.0.4        3        1       98
0000000000000001        5          10.0.0.1        4        2      196
0000000000000001        5          10.0.0.3        6        1       98
0000000000000001        5          10.0.0.4        3        1       98
0000000000000001        6          10.0.0.1        4        2      196
0000000000000001        6          10.0.0.2        5        2      196
0000000000000001        6          10.0.0.4        3        1       98
datapath         port     rx-pkts  rx-bytes rx-error tx-pkts  tx-bytes tx-error
---------------- -------- -------- -------- -------- -------- -------- --------
0000000000000002        1      103     6126        0      106     6306        0
0000000000000002        2      103     6126        0      103     6126        0
datapath         in-port  eth-dst           out-port packets  bytes
---------------- -------- ----------------- -------- -------- --------
datapath         port     rx-pkts  rx-bytes rx-error tx-pkts  tx-bytes tx-error
---------------- -------- -------- -------- -------- -------- -------- --------
0000000000000004        1      110     6774        0      112     6894        0
0000000000000004        2      113     6954        0      109     6714        0
datapath         in-port  eth-dst           out-port packets  bytes
---------------- -------- ----------------- -------- -------- --------
0000000000000004        1          10.0.0.4        2        2      196
0000000000000004        1          10.0.0.4        2        2      196
0000000000000004        1          10.0.0.4        2        2      196
0000000000000004        2          10.0.0.1        1        2      196
0000000000000004        2          10.0.0.2        1        2      196
0000000000000004        2          10.0.0.3        1        2      196
datapath         port     rx-pkts  rx-bytes rx-error tx-pkts  tx-bytes tx-error
---------------- -------- -------- -------- -------- -------- -------- --------
0000000000000005        1      103     6126        0      103     6126        0
0000000000000005        2      104     6186        0      103     6126        0
0000000000000005        3      109     6714        0      113     6954        0
0000000000000005        4       23     1818        0      112     6894        0
datapath         in-port  eth-dst           out-port packets  bytes
---------------- -------- ----------------- -------- -------- --------
0000000000000005        3          10.0.0.4        4        2      196
0000000000000005        3          10.0.0.4        4        2      196
0000000000000005        3          10.0.0.4        4        2      196
0000000000000005        4          10.0.0.1        3        2      196
0000000000000005        4          10.0.0.2        3        2      196
0000000000000005        4          10.0.0.3        3        2      196
datapath         port     rx-pkts  rx-bytes rx-error tx-pkts  tx-bytes tx-error
---------------- -------- -------- -------- -------- -------- -------- --------
0000000000000003        1      103     6126        0      107     6366        0
0000000000000003        2      103     6126        0      104     6186        0
datapath         in-port  eth-dst           out-port packets  bytes
---------------- -------- ----------------- -------- -------- --------
discovery--->==================================== discovery ====================================
discovery---> cls: [(4, 1), (4, 5), (1, 2), (1, 3), (5, 2), (5, 3)]
discovery--->==============================
==================================== link detector ====================================

----------------------------
src    dst :    delay
4 <---> 1 : 4.271030426025391
4 <---> 5 : 4.670858383178711
1 <---> 2 : 4.437685012817383
1 <---> 4 : 4.112958908081055
1 <---> 3 : 3.7593841552734375
5 <---> 2 : 4.085063934326172
5 <---> 4 : 4.11534309387207
5 <---> 3 : 3.794431686401367
3 <---> 1 : 4.431724548339844
3 <---> 5 : 3.987550735473633
2 <---> 5 : 3.965139389038086
2 <---> 1 : 3.953218460083008
==================================== link detector ====================================

----------------------------
src    dst :    delay
4 <---> 1 : 4.464864730834961
4 <---> 5 : 3.8814544677734375
1 <---> 2 : 4.399538040161133
1 <---> 4 : 3.3354759216308594
1 <---> 3 : 3.9064884185791016
5 <---> 2 : 4.398107528686523
5 <---> 4 : 4.470586776733398
5 <---> 3 : 4.0493011474609375
3 <---> 1 : 4.703521728515625
3 <---> 5 : 4.406452178955078
2 <---> 5 : 4.034280776977539
2 <---> 1 : 4.11534309387207
datapath         port     rx-pkts  rx-bytes rx-error tx-pkts  tx-bytes tx-error
---------------- -------- -------- -------- -------- -------- -------- --------
0000000000000001        1      112     6666        0      109     6486        0
0000000000000001        2      112     6666        0      109     6486        0
0000000000000001        3      118     7254        0      115     7074        0
0000000000000001        4       20     1600        0      127     7794        0
0000000000000001        5       21     1642        0      116     7170        0
0000000000000001        6       21     1642        0      117     7212        0
datapath         in-port  eth-dst           out-port packets  bytes
---------------- -------- ----------------- -------- -------- --------
0000000000000001        3          10.0.0.1        4        2      196
0000000000000001        3          10.0.0.2        5        2      196
0000000000000001        3          10.0.0.3        6        2      196
0000000000000001        4          10.0.0.2        5        1       98
0000000000000001        4          10.0.0.3        6        1       98
0000000000000001        4          10.0.0.4        3        1       98
0000000000000001        5          10.0.0.1        4        2      196
0000000000000001        5          10.0.0.3        6        1       98
0000000000000001        5          10.0.0.4        3        1       98
0000000000000001        6          10.0.0.1        4        2      196
0000000000000001        6          10.0.0.2        5        2      196
0000000000000001        6          10.0.0.4        3        1       98
datapath         port     rx-pkts  rx-bytes rx-error tx-pkts  tx-bytes tx-error
---------------- -------- -------- -------- -------- -------- -------- --------
0000000000000004        1      115     7074        0      118     7254        0
0000000000000004        2      118     7254        0      115     7074        0
datapath         in-port  eth-dst           out-port packets  bytes
---------------- -------- ----------------- -------- -------- --------
0000000000000004        1          10.0.0.4        2        2      196
0000000000000004        1          10.0.0.4        2        2      196
0000000000000004        1          10.0.0.4        2        2      196
0000000000000004        2          10.0.0.1        1        2      196
0000000000000004        2          10.0.0.2        1        2      196
0000000000000004        2          10.0.0.3        1        2      196
datapath         port     rx-pkts  rx-bytes rx-error tx-pkts  tx-bytes tx-error
---------------- -------- -------- -------- -------- -------- -------- --------
0000000000000005        1      109     6486        0      108     6426        0
0000000000000005        2      109     6486        0      108     6426        0
0000000000000005        3      115     7074        0      118     7254        0
0000000000000005        4       23     1818        0      117     7194        0
datapath         in-port  eth-dst           out-port packets  bytes
---------------- -------- ----------------- -------- -------- --------
0000000000000005        3          10.0.0.4        4        2      196
0000000000000005        3          10.0.0.4        4        2      196
0000000000000005        3          10.0.0.4        4        2      196
0000000000000005        4          10.0.0.1        3        2      196
0000000000000005        4          10.0.0.2        3        2      196
0000000000000005        4          10.0.0.3        3        2      196
datapath         port     rx-pkts  rx-bytes rx-error tx-pkts  tx-bytes tx-error
---------------- -------- -------- -------- -------- -------- -------- --------
0000000000000003        1      109     6486        0      112     6666        0
0000000000000003        2      108     6426        0      109     6486        0
datapath         in-port  eth-dst           out-port packets  bytes
---------------- -------- ----------------- -------- -------- --------
datapath         port     rx-pkts  rx-bytes rx-error tx-pkts  tx-bytes tx-error
---------------- -------- -------- -------- -------- -------- -------- --------
0000000000000002        1      109     6486        0      112     6666        0
0000000000000002        2      108     6426        0      109     6486        0
datapath         in-port  eth-dst           out-port packets  bytes
---------------- -------- ----------------- -------- -------- --------
discovery--->==================================== discovery ====================================
discovery---> cls: [(4, 1), (4, 5), (1, 2), (1, 3), (5, 2), (5, 3)]
discovery--->==============================
==================================== link detector ====================================

----------------------------
src    dst :    delay
4 <---> 1 : 3.5851001739501953
4 <---> 5 : 4.821538925170898
1 <---> 2 : 2.5641918182373047
1 <---> 4 : 4.197120666503906
1 <---> 3 : 5.373477935791016
5 <---> 2 : 3.8213729858398438
5 <---> 4 : 4.35328483581543
5 <---> 3 : 3.8979053497314453
3 <---> 1 : 4.209756851196289
3 <---> 5 : 3.9234161376953125
2 <---> 5 : 3.4360885620117188
2 <---> 1 : 4.164934158325195
datapath         port     rx-pkts  rx-bytes rx-error tx-pkts  tx-bytes tx-error
---------------- -------- -------- -------- -------- -------- -------- --------
0000000000000001        1      118     7026        0      114     6786        0
0000000000000001        2      118     7026        0      114     6786        0
0000000000000001        3      123     7554        0      121     7434        0
0000000000000001        4       20     1600        0      132     8094        0
0000000000000001        5       21     1642        0      121     7470        0
0000000000000001        6       21     1642        0      122     7512        0
datapath         in-port  eth-dst           out-port packets  bytes
---------------- -------- ----------------- -------- -------- --------
0000000000000001        3          10.0.0.1        4        2      196
0000000000000001        3          10.0.0.2        5        2      196
0000000000000001        3          10.0.0.3        6        2      196
0000000000000001        4          10.0.0.2        5        1       98
0000000000000001        4          10.0.0.3        6        1       98
0000000000000001        4          10.0.0.4        3        1       98
0000000000000001        5          10.0.0.1        4        2      196
0000000000000001        5          10.0.0.3        6        1       98
0000000000000001        5          10.0.0.4        3        1       98
0000000000000001        6          10.0.0.1        4        2      196
0000000000000001        6          10.0.0.2        5        2      196
0000000000000001        6          10.0.0.4        3        1       98
datapath         port     rx-pkts  rx-bytes rx-error tx-pkts  tx-bytes tx-error
---------------- -------- -------- -------- -------- -------- -------- --------
0000000000000005        1      115     6846        0      114     6786        0
0000000000000005        2      115     6846        0      114     6786        0
0000000000000005        3      120     7374        0      124     7614        0
0000000000000005        4       23     1818        0      123     7554        0
datapath         in-port  eth-dst           out-port packets  bytes
---------------- -------- ----------------- -------- -------- --------
0000000000000005        3          10.0.0.4        4        2      196
0000000000000005        3          10.0.0.4        4        2      196
0000000000000005        3          10.0.0.4        4        2      196
0000000000000005        4          10.0.0.1        3        2      196
0000000000000005        4          10.0.0.2        3        2      196
0000000000000005        4          10.0.0.3        3        2      196
datapath         port     rx-pkts  rx-bytes rx-error tx-pkts  tx-bytes tx-error
---------------- -------- -------- -------- -------- -------- -------- --------
0000000000000002        1      114     6786        0      118     7026        0
0000000000000002        2      114     6786        0      115     6846        0
datapath         in-port  eth-dst           out-port packets  bytes
---------------- -------- ----------------- -------- -------- --------
datapath         port     rx-pkts  rx-bytes rx-error tx-pkts  tx-bytes tx-error
---------------- -------- -------- -------- -------- -------- -------- --------
0000000000000004        1      121     7434        0      123     7554        0
0000000000000004        2      124     7614        0      120     7374        0
datapath         in-port  eth-dst           out-port packets  bytes
---------------- -------- ----------------- -------- -------- --------
0000000000000004        1          10.0.0.4        2        2      196
0000000000000004        1          10.0.0.4        2        2      196
0000000000000004        1          10.0.0.4        2        2      196
0000000000000004        2          10.0.0.1        1        2      196
0000000000000004        2          10.0.0.2        1        2      196
0000000000000004        2          10.0.0.3        1        2      196
datapath         port     rx-pkts  rx-bytes rx-error tx-pkts  tx-bytes tx-error
---------------- -------- -------- -------- -------- -------- -------- --------
0000000000000003        1      114     6786        0      118     7026        0
0000000000000003        2      114     6786        0      115     6846        0
datapath         in-port  eth-dst           out-port packets  bytes
---------------- -------- ----------------- -------- -------- --------
discovery--->==================================== discovery ====================================
discovery---> cls: [(4, 1), (4, 5), (1, 2), (1, 3), (5, 2), (5, 3)]
discovery--->==============================
==================================== link detector ====================================

----------------------------
src    dst :    delay
4 <---> 1 : 4.262685775756836
4 <---> 5 : 2.4433135986328125
1 <---> 2 : 4.130125045776367
1 <---> 4 : 4.131317138671875
1 <---> 3 : 3.996133804321289
5 <---> 2 : 4.1046142578125
5 <---> 4 : 3.964662551879883
5 <---> 3 : 4.700899124145508
3 <---> 1 : 3.964662551879883
3 <---> 5 : 4.43267822265625
2 <---> 5 : 2.733945846557617
2 <---> 1 : 2.1877288818359375
==================================== link detector ====================================

----------------------------
src    dst :    delay
4 <---> 1 : 4.025459289550781
4 <---> 5 : 3.9072036743164062
1 <---> 2 : 4.052639007568359
1 <---> 4 : 4.152774810791016
1 <---> 3 : 4.033565521240234
5 <---> 2 : 4.009723663330078
5 <---> 4 : 4.2781829833984375
5 <---> 3 : 3.761768341064453
3 <---> 1 : 3.9145946502685547
3 <---> 5 : 3.8640499114990234
2 <---> 5 : 4.292964935302734
2 <---> 1 : 3.931283950805664
datapath         port     rx-pkts  rx-bytes rx-error tx-pkts  tx-bytes tx-error
---------------- -------- -------- -------- -------- -------- -------- --------
0000000000000001        1      123     7326        0      120     7146        0
0000000000000001        2      123     7326        0      120     7146        0
0000000000000001        3      129     7914        0      126     7734        0
0000000000000001        4       20     1600        0      138     8454        0
0000000000000001        5       21     1642        0      127     7830        0
0000000000000001        6       21     1642        0      128     7872        0
datapath         in-port  eth-dst           out-port packets  bytes
---------------- -------- ----------------- -------- -------- --------
0000000000000001        3          10.0.0.1        4        2      196
0000000000000001        3          10.0.0.2        5        2      196
0000000000000001        3          10.0.0.3        6        2      196
0000000000000001        4          10.0.0.2        5        1       98
0000000000000001        4          10.0.0.3        6        1       98
0000000000000001        4          10.0.0.4        3        1       98
0000000000000001        5          10.0.0.1        4        2      196
0000000000000001        5          10.0.0.3        6        1       98
0000000000000001        5          10.0.0.4        3        1       98
0000000000000001        6          10.0.0.1        4        2      196
0000000000000001        6          10.0.0.2        5        2      196
0000000000000001        6          10.0.0.4        3        1       98
datapath         port     rx-pkts  rx-bytes rx-error tx-pkts  tx-bytes tx-error
---------------- -------- -------- -------- -------- -------- -------- --------
0000000000000004        1      126     7734        0      129     7914        0
0000000000000004        2      129     7914        0      126     7734        0
datapath         in-port  eth-dst           out-port packets  bytes
---------------- -------- ----------------- -------- -------- --------
0000000000000004        1          10.0.0.4        2        2      196
0000000000000004        1          10.0.0.4        2        2      196
0000000000000004        1          10.0.0.4        2        2      196
0000000000000004        2          10.0.0.1        1        2      196
0000000000000004        2          10.0.0.2        1        2      196
0000000000000004        2          10.0.0.3        1        2      196
datapath         port     rx-pkts  rx-bytes rx-error tx-pkts  tx-bytes tx-error
---------------- -------- -------- -------- -------- -------- -------- --------
0000000000000003        1      120     7146        0      123     7326        0
0000000000000003        2      120     7146        0      120     7146        0
datapath         in-port  eth-dst           out-port packets  bytes
---------------- -------- ----------------- -------- -------- --------
datapath         port     rx-pkts  rx-bytes rx-error tx-pkts  tx-bytes tx-error
---------------- -------- -------- -------- -------- -------- -------- --------
0000000000000002        1      120     7146        0      123     7326        0
0000000000000002        2      119     7086        0      120     7146        0
datapath         in-port  eth-dst           out-port packets  bytes
---------------- -------- ----------------- -------- -------- --------
datapath         port     rx-pkts  rx-bytes rx-error tx-pkts  tx-bytes tx-error
---------------- -------- -------- -------- -------- -------- -------- --------
0000000000000005        1      120     7146        0      119     7086        0
0000000000000005        2      120     7146        0      120     7146        0
0000000000000005        3      126     7734        0      129     7914        0
0000000000000005        4       23     1818        0      128     7854        0
datapath         in-port  eth-dst           out-port packets  bytes
---------------- -------- ----------------- -------- -------- --------
0000000000000005        3          10.0.0.4        4        2      196
0000000000000005        3          10.0.0.4        4        2      196
0000000000000005        3          10.0.0.4        4        2      196
0000000000000005        4          10.0.0.1        3        2      196
0000000000000005        4          10.0.0.2        3        2      196
0000000000000005        4          10.0.0.3        3        2      196
discovery--->==================================== discovery ====================================
discovery---> cls: [(4, 1), (4, 5), (1, 2), (1, 3), (5, 2), (5, 3)]
discovery--->==============================
==================================== link detector ====================================

----------------------------
src    dst :    delay
4 <---> 1 : 3.9823055267333984
4 <---> 5 : 4.09698486328125
1 <---> 2 : 4.248857498168945
1 <---> 4 : 4.096031188964844
1 <---> 3 : 3.8595199584960938
5 <---> 2 : 4.188060760498047
5 <---> 4 : 4.301309585571289
5 <---> 3 : 3.4792423248291016
3 <---> 1 : 4.014492034912109
3 <---> 5 : 4.242181777954102
2 <---> 5 : 4.609346389770508
2 <---> 1 : 2.2890567779541016
datapath         port     rx-pkts  rx-bytes rx-error tx-pkts  tx-bytes tx-error
---------------- -------- -------- -------- -------- -------- -------- --------
0000000000000001        1      129     7686        0      125     7446        0
0000000000000001        2      129     7686        0      125     7446        0
0000000000000001        3      134     8214        0      132     8094        0
0000000000000001        4       20     1600        0      143     8754        0
0000000000000001        5       21     1642        0      132     8130        0
0000000000000001        6       21     1642        0      133     8172        0
datapath         in-port  eth-dst           out-port packets  bytes
---------------- -------- ----------------- -------- -------- --------
0000000000000001        3          10.0.0.1        4        2      196
0000000000000001        3          10.0.0.2        5        2      196
0000000000000001        3          10.0.0.3        6        2      196
0000000000000001        4          10.0.0.2        5        1       98
0000000000000001        4          10.0.0.3        6        1       98
0000000000000001        4          10.0.0.4        3        1       98
0000000000000001        5          10.0.0.1        4        2      196
0000000000000001        5          10.0.0.3        6        1       98
0000000000000001        5          10.0.0.4        3        1       98
0000000000000001        6          10.0.0.1        4        2      196
0000000000000001        6          10.0.0.2        5        2      196
0000000000000001        6          10.0.0.4        3        1       98
datapath         port     rx-pkts  rx-bytes rx-error tx-pkts  tx-bytes tx-error
---------------- -------- -------- -------- -------- -------- -------- --------
0000000000000003        1      125     7446        0      129     7686        0
0000000000000003        2      125     7446        0      126     7506        0
datapath         in-port  eth-dst           out-port packets  bytes
---------------- -------- ----------------- -------- -------- --------
datapath         port     rx-pkts  rx-bytes rx-error tx-pkts  tx-bytes tx-error
---------------- -------- -------- -------- -------- -------- -------- --------
0000000000000005        1      126     7506        0      125     7446        0
0000000000000005        2      126     7506        0      125     7446        0
0000000000000005        3      132     8094        0      135     8274        0
0000000000000005        4       24     1888        0      134     8214        0
datapath         in-port  eth-dst           out-port packets  bytes
---------------- -------- ----------------- -------- -------- --------
0000000000000005        3          10.0.0.4        4        2      196
0000000000000005        3          10.0.0.4        4        2      196
0000000000000005        3          10.0.0.4        4        2      196
0000000000000005        4          10.0.0.1        3        2      196
0000000000000005        4          10.0.0.2        3        2      196
0000000000000005        4          10.0.0.3        3        2      196
datapath         port     rx-pkts  rx-bytes rx-error tx-pkts  tx-bytes tx-error
---------------- -------- -------- -------- -------- -------- -------- --------
0000000000000002        1      125     7446        0      129     7686        0
0000000000000002        2      125     7446        0      126     7506        0
datapath         in-port  eth-dst           out-port packets  bytes
---------------- -------- ----------------- -------- -------- --------
datapath         port     rx-pkts  rx-bytes rx-error tx-pkts  tx-bytes tx-error
---------------- -------- -------- -------- -------- -------- -------- --------
0000000000000004        1      132     8094        0      134     8214        0
0000000000000004        2      135     8274        0      132     8094        0
datapath         in-port  eth-dst           out-port packets  bytes
---------------- -------- ----------------- -------- -------- --------
0000000000000004        1          10.0.0.4        2        2      196
0000000000000004        1          10.0.0.4        2        2      196
0000000000000004        1          10.0.0.4        2        2      196
0000000000000004        2          10.0.0.1        1        2      196
0000000000000004        2          10.0.0.2        1        2      196
0000000000000004        2          10.0.0.3        1        2      196
discovery--->==================================== discovery ====================================
discovery---> cls: [(4, 1), (4, 5), (1, 2), (1, 3), (5, 2), (5, 3)]
discovery--->==============================
==================================== link detector ====================================

----------------------------
src    dst :    delay
4 <---> 1 : 3.250598907470703
4 <---> 5 : 4.686594009399414
1 <---> 2 : 3.8678646087646484
1 <---> 4 : 3.915071487426758
1 <---> 3 : 2.205371856689453
5 <---> 2 : 4.165887832641602
5 <---> 4 : 4.056692123413086
5 <---> 3 : 4.118680953979492
3 <---> 1 : 3.9103031158447266
3 <---> 5 : 3.8683414459228516
2 <---> 5 : 3.9534568786621094
2 <---> 1 : 4.076480865478516
==================================== link detector ====================================

----------------------------
src    dst :    delay
4 <---> 1 : 4.378080368041992
4 <---> 5 : 4.111289978027344
1 <---> 2 : 4.271268844604492
1 <---> 4 : 2.221345901489258
1 <---> 3 : 2.3849010467529297
5 <---> 2 : 4.679679870605469
5 <---> 4 : 2.935647964477539
5 <---> 3 : 4.060983657836914
3 <---> 1 : 4.051685333251953
3 <---> 5 : 3.976583480834961
2 <---> 5 : 4.160642623901367
2 <---> 1 : 4.174947738647461
datapath         port     rx-pkts  rx-bytes rx-error tx-pkts  tx-bytes tx-error
---------------- -------- -------- -------- -------- -------- -------- --------
0000000000000001        1      134     7986        0      131     7806        0
0000000000000001        2      134     7986        0      131     7806        0
0000000000000001        3      140     8574        0      137     8394        0
0000000000000001        4       20     1600        0      149     9114        0
0000000000000001        5       21     1642        0      138     8490        0
0000000000000001        6       21     1642        0      139     8532        0
datapath         in-port  eth-dst           out-port packets  bytes
---------------- -------- ----------------- -------- -------- --------
0000000000000001        3          10.0.0.1        4        2      196
0000000000000001        3          10.0.0.2        5        2      196
0000000000000001        3          10.0.0.3        6        2      196
0000000000000001        4          10.0.0.2        5        1       98
0000000000000001        4          10.0.0.3        6        1       98
0000000000000001        4          10.0.0.4        3        1       98
0000000000000001        5          10.0.0.1        4        2      196
0000000000000001        5          10.0.0.3        6        1       98
0000000000000001        5          10.0.0.4        3        1       98
0000000000000001        6          10.0.0.1        4        2      196
0000000000000001        6          10.0.0.2        5        2      196
0000000000000001        6          10.0.0.4        3        1       98
datapath         port     rx-pkts  rx-bytes rx-error tx-pkts  tx-bytes tx-error
---------------- -------- -------- -------- -------- -------- -------- --------
0000000000000004        1      137     8394        0      140     8574        0
0000000000000004        2      140     8574        0      137     8394        0
datapath         in-port  eth-dst           out-port packets  bytes
---------------- -------- ----------------- -------- -------- --------
0000000000000004        1          10.0.0.4        2        2      196
0000000000000004        1          10.0.0.4        2        2      196
0000000000000004        1          10.0.0.4        2        2      196
0000000000000004        2          10.0.0.1        1        2      196
0000000000000004        2          10.0.0.2        1        2      196
0000000000000004        2          10.0.0.3        1        2      196
datapath         port     rx-pkts  rx-bytes rx-error tx-pkts  tx-bytes tx-error
---------------- -------- -------- -------- -------- -------- -------- --------
0000000000000003        1      131     7806        0      134     7986        0
0000000000000003        2      131     7806        0      131     7806        0
datapath         in-port  eth-dst           out-port packets  bytes
---------------- -------- ----------------- -------- -------- --------
datapath         port     rx-pkts  rx-bytes rx-error tx-pkts  tx-bytes tx-error
---------------- -------- -------- -------- -------- -------- -------- --------
0000000000000002        1      131     7806        0      134     7986        0
0000000000000002        2      131     7806        0      131     7806        0
datapath         in-port  eth-dst           out-port packets  bytes
---------------- -------- ----------------- -------- -------- --------
datapath         port     rx-pkts  rx-bytes rx-error tx-pkts  tx-bytes tx-error
---------------- -------- -------- -------- -------- -------- -------- --------
0000000000000005        1      131     7806        0      131     7806        0
0000000000000005        2      131     7806        0      131     7806        0
0000000000000005        3      137     8394        0      140     8574        0
0000000000000005        4       24     1888        0      140     8574        0
datapath         in-port  eth-dst           out-port packets  bytes
---------------- -------- ----------------- -------- -------- --------
0000000000000005        3          10.0.0.4        4        2      196
0000000000000005        3          10.0.0.4        4        2      196
0000000000000005        3          10.0.0.4        4        2      196
0000000000000005        4          10.0.0.1        3        2      196
0000000000000005        4          10.0.0.2        3        2      196
0000000000000005        4          10.0.0.3        3        2      196
discovery--->==================================== discovery ====================================
discovery---> cls: [(4, 1), (4, 5), (1, 2), (1, 3), (5, 2), (5, 3)]
discovery--->==============================
==================================== link detector ====================================

----------------------------
src    dst :    delay
4 <---> 1 : 4.50897216796875
4 <---> 5 : 4.132509231567383
1 <---> 2 : 4.000186920166016
1 <---> 4 : 3.9801597595214844
1 <---> 3 : 2.586841583251953
5 <---> 2 : 4.725933074951172
5 <---> 4 : 4.190683364868164
5 <---> 3 : 3.917217254638672
3 <---> 1 : 3.961324691772461
3 <---> 5 : 4.081964492797852
2 <---> 5 : 3.786325454711914
2 <---> 1 : 3.635406494140625
datapath         port     rx-pkts  rx-bytes rx-error tx-pkts  tx-bytes tx-error
---------------- -------- -------- -------- -------- -------- -------- --------
0000000000000001        1      140     8346        0      136     8106        0
0000000000000001        2      140     8346        0      136     8106        0
0000000000000001        3      146     8934        0      143     8754        0
0000000000000001        4       20     1600        0      154     9414        0
0000000000000001        5       21     1642        0      144     8850        0
0000000000000001        6       22     1712        0      144     8832        0
datapath         in-port  eth-dst           out-port packets  bytes
---------------- -------- ----------------- -------- -------- --------
0000000000000001        3          10.0.0.1        4        2      196
0000000000000001        3          10.0.0.2        5        2      196
0000000000000001        3          10.0.0.3        6        2      196
0000000000000001        4          10.0.0.2        5        1       98
0000000000000001        4          10.0.0.3        6        1       98
0000000000000001        4          10.0.0.4        3        1       98
0000000000000001        5          10.0.0.1        4        2      196
0000000000000001        5          10.0.0.3        6        1       98
0000000000000001        5          10.0.0.4        3        1       98
0000000000000001        6          10.0.0.1        4        2      196
0000000000000001        6          10.0.0.2        5        2      196
0000000000000001        6          10.0.0.4        3        1       98
datapath         port     rx-pkts  rx-bytes rx-error tx-pkts  tx-bytes tx-error
---------------- -------- -------- -------- -------- -------- -------- --------
0000000000000004        1      143     8754        0      146     8934        0
0000000000000004        2      146     8934        0      143     8754        0
datapath         in-port  eth-dst           out-port packets  bytes
---------------- -------- ----------------- -------- -------- --------
0000000000000004        1          10.0.0.4        2        2      196
0000000000000004        1          10.0.0.4        2        2      196
0000000000000004        1          10.0.0.4        2        2      196
0000000000000004        2          10.0.0.1        1        2      196
0000000000000004        2          10.0.0.2        1        2      196
0000000000000004        2          10.0.0.3        1        2      196
datapath         port     rx-pkts  rx-bytes rx-error tx-pkts  tx-bytes tx-error
---------------- -------- -------- -------- -------- -------- -------- --------
0000000000000005        1      137     8166        0      136     8106        0
0000000000000005        2      137     8166        0      136     8106        0
0000000000000005        3      143     8754        0      146     8934        0
0000000000000005        4       24     1888        0      145     8874        0
datapath         in-port  eth-dst           out-port packets  bytes
---------------- -------- ----------------- -------- -------- --------
0000000000000005        3          10.0.0.4        4        2      196
0000000000000005        3          10.0.0.4        4        2      196
0000000000000005        3          10.0.0.4        4        2      196
0000000000000005        4          10.0.0.1        3        2      196
0000000000000005        4          10.0.0.2        3        2      196
0000000000000005        4          10.0.0.3        3        2      196
datapath         port     rx-pkts  rx-bytes rx-error tx-pkts  tx-bytes tx-error
---------------- -------- -------- -------- -------- -------- -------- --------
0000000000000003        1      136     8106        0      140     8346        0
0000000000000003        2      136     8106        0      137     8166        0
datapath         in-port  eth-dst           out-port packets  bytes
---------------- -------- ----------------- -------- -------- --------
datapath         port     rx-pkts  rx-bytes rx-error tx-pkts  tx-bytes tx-error
---------------- -------- -------- -------- -------- -------- -------- --------
0000000000000002        1      136     8106        0      140     8346        0
0000000000000002        2      136     8106        0      137     8166        0
datapath         in-port  eth-dst           out-port packets  bytes
---------------- -------- ----------------- -------- -------- --------
discovery--->==================================== discovery ====================================
discovery---> cls: [(4, 1), (4, 5), (1, 2), (1, 3), (5, 2), (5, 3)]
discovery--->==============================
==================================== link detector ====================================

----------------------------
src    dst :    delay
4 <---> 1 : 4.103183746337891
4 <---> 5 : 4.218578338623047
1 <---> 2 : 4.39143180847168
1 <---> 4 : 3.757476806640625
1 <---> 3 : 4.884958267211914
5 <---> 2 : 4.590749740600586
5 <---> 4 : 3.972291946411133
5 <---> 3 : 2.422332763671875
3 <---> 1 : 4.029989242553711
3 <---> 5 : 3.933429718017578
2 <---> 5 : 3.8709640502929688
2 <---> 1 : 3.901958465576172
==================================== link detector ====================================

----------------------------
src    dst :    delay
4 <---> 1 : 3.8275718688964844
4 <---> 5 : 4.378080368041992
1 <---> 2 : 4.183530807495117
1 <---> 4 : 3.9818286895751953
1 <---> 3 : 3.9925575256347656
5 <---> 2 : 4.071235656738281
5 <---> 4 : 3.957033157348633
5 <---> 3 : 4.005193710327148
3 <---> 1 : 4.074335098266602
3 <---> 5 : 4.729986190795898
2 <---> 5 : 4.21142578125
2 <---> 1 : 3.8330554962158203
datapath         port     rx-pkts  rx-bytes rx-error tx-pkts  tx-bytes tx-error
---------------- -------- -------- -------- -------- -------- -------- --------
0000000000000001        1      145     8646        0      142     8466        0
0000000000000001        2      145     8646        0      142     8466        0
0000000000000001        3      151     9234        0      149     9114        0
0000000000000001        4       20     1600        0      160     9774        0
0000000000000001        5       22     1712        0      149     9150        0
0000000000000001        6       22     1712        0      150     9192        0
datapath         in-port  eth-dst           out-port packets  bytes
---------------- -------- ----------------- -------- -------- --------
0000000000000001        3          10.0.0.1        4        2      196
0000000000000001        3          10.0.0.2        5        2      196
0000000000000001        3          10.0.0.3        6        2      196
0000000000000001        4          10.0.0.2        5        1       98
0000000000000001        4          10.0.0.3        6        1       98
0000000000000001        4          10.0.0.4        3        1       98
0000000000000001        5          10.0.0.1        4        2      196
0000000000000001        5          10.0.0.3        6        1       98
0000000000000001        5          10.0.0.4        3        1       98
0000000000000001        6          10.0.0.1        4        2      196
0000000000000001        6          10.0.0.2        5        2      196
0000000000000001        6          10.0.0.4        3        1       98
datapath         port     rx-pkts  rx-bytes rx-error tx-pkts  tx-bytes tx-error
---------------- -------- -------- -------- -------- -------- -------- --------
0000000000000004        1      149     9114        0      151     9234        0
0000000000000004        2      152     9294        0      148     9054        0
datapath         in-port  eth-dst           out-port packets  bytes
---------------- -------- ----------------- -------- -------- --------
0000000000000004        1          10.0.0.4        2        2      196
0000000000000004        1          10.0.0.4        2        2      196
0000000000000004        1          10.0.0.4        2        2      196
0000000000000004        2          10.0.0.1        1        2      196
0000000000000004        2          10.0.0.2        1        2      196
0000000000000004        2          10.0.0.3        1        2      196
datapath         port     rx-pkts  rx-bytes rx-error tx-pkts  tx-bytes tx-error
---------------- -------- -------- -------- -------- -------- -------- --------
0000000000000003        1      142     8466        0      145     8646        0
0000000000000003        2      142     8466        0      142     8466        0
datapath         in-port  eth-dst           out-port packets  bytes
---------------- -------- ----------------- -------- -------- --------
datapath         port     rx-pkts  rx-bytes rx-error tx-pkts  tx-bytes tx-error
---------------- -------- -------- -------- -------- -------- -------- --------
0000000000000002        1      142     8466        0      145     8646        0
0000000000000002        2      142     8466        0      142     8466        0
datapath         in-port  eth-dst           out-port packets  bytes
---------------- -------- ----------------- -------- -------- --------
datapath         port     rx-pkts  rx-bytes rx-error tx-pkts  tx-bytes tx-error
---------------- -------- -------- -------- -------- -------- -------- --------
0000000000000005        1      142     8466        0      142     8466        0
0000000000000005        2      142     8466        0      142     8466        0
0000000000000005        3      148     9054        0      152     9294        0
0000000000000005        4       24     1888        0      151     9234        0
datapath         in-port  eth-dst           out-port packets  bytes
---------------- -------- ----------------- -------- -------- --------
0000000000000005        3          10.0.0.4        4        2      196
0000000000000005        3          10.0.0.4        4        2      196
0000000000000005        3          10.0.0.4        4        2      196
0000000000000005        4          10.0.0.1        3        2      196
0000000000000005        4          10.0.0.2        3        2      196
0000000000000005        4          10.0.0.3        3        2      196
discovery--->==================================== discovery ====================================
discovery---> cls: [(4, 1), (4, 5), (1, 2), (1, 3), (5, 2), (5, 3)]
discovery--->==============================
==================================== link detector ====================================

----------------------------
src    dst :    delay
4 <---> 1 : 3.7817955017089844
4 <---> 5 : 1.953125
1 <---> 2 : 4.14276123046875
1 <---> 4 : 4.516363143920898
1 <---> 3 : 3.9222240447998047
5 <---> 2 : 3.986358642578125
5 <---> 4 : 3.8073062896728516
5 <---> 3 : 4.040956497192383
3 <---> 1 : 4.0721893310546875
3 <---> 5 : 3.753185272216797
2 <---> 5 : 4.090547561645508
2 <---> 1 : 4.126548767089844
datapath         port     rx-pkts  rx-bytes rx-error tx-pkts  tx-bytes tx-error
---------------- -------- -------- -------- -------- -------- -------- --------
0000000000000001        1      151     9006        0      147     8766        0
0000000000000001        2      151     9006        0      148     8826        0
0000000000000001        3      157     9594        0      154     9414        0
0000000000000001        4       21     1670        0      165    10074        0
0000000000000001        5       22     1712        0      155     9510        0
0000000000000001        6       22     1712        0      155     9492        0
datapath         in-port  eth-dst           out-port packets  bytes
---------------- -------- ----------------- -------- -------- --------
0000000000000001        3          10.0.0.1        4        2      196
0000000000000001        3          10.0.0.2        5        2      196
0000000000000001        3          10.0.0.3        6        2      196
0000000000000001        4          10.0.0.2        5        1       98
0000000000000001        4          10.0.0.3        6        1       98
0000000000000001        4          10.0.0.4        3        1       98
0000000000000001        5          10.0.0.1        4        2      196
0000000000000001        5          10.0.0.3        6        1       98
0000000000000001        5          10.0.0.4        3        1       98
0000000000000001        6          10.0.0.1        4        2      196
0000000000000001        6          10.0.0.2        5        2      196
0000000000000001        6          10.0.0.4        3        1       98
datapath         port     rx-pkts  rx-bytes rx-error tx-pkts  tx-bytes tx-error
---------------- -------- -------- -------- -------- -------- -------- --------
0000000000000002        1      147     8766        0      151     9006        0
0000000000000002        2      147     8766        0      148     8826        0
datapath         in-port  eth-dst           out-port packets  bytes
---------------- -------- ----------------- -------- -------- --------
datapath         port     rx-pkts  rx-bytes rx-error tx-pkts  tx-bytes tx-error
---------------- -------- -------- -------- -------- -------- -------- --------
0000000000000003        1      148     8826        0      151     9006        0
0000000000000003        2      147     8766        0      148     8826        0
datapath         in-port  eth-dst           out-port packets  bytes
---------------- -------- ----------------- -------- -------- --------
datapath         port     rx-pkts  rx-bytes rx-error tx-pkts  tx-bytes tx-error
---------------- -------- -------- -------- -------- -------- -------- --------
0000000000000004        1      154     9414        0      157     9594        0
0000000000000004        2      157     9594        0      154     9414        0
datapath         in-port  eth-dst           out-port packets  bytes
---------------- -------- ----------------- -------- -------- --------
0000000000000004        1          10.0.0.4        2        2      196
0000000000000004        1          10.0.0.4        2        2      196
0000000000000004        1          10.0.0.4        2        2      196
0000000000000004        2          10.0.0.1        1        2      196
0000000000000004        2          10.0.0.2        1        2      196
0000000000000004        2          10.0.0.3        1        2      196
datapath         port     rx-pkts  rx-bytes rx-error tx-pkts  tx-bytes tx-error
---------------- -------- -------- -------- -------- -------- -------- --------
0000000000000005        1      148     8826        0      147     8766        0
0000000000000005        2      148     8826        0      147     8766        0
0000000000000005        3      154     9414        0      157     9594        0
0000000000000005        4       24     1888        0      156     9534        0
datapath         in-port  eth-dst           out-port packets  bytes
---------------- -------- ----------------- -------- -------- --------
0000000000000005        3          10.0.0.4        4        2      196
0000000000000005        3          10.0.0.4        4        2      196
0000000000000005        3          10.0.0.4        4        2      196
0000000000000005        4          10.0.0.1        3        2      196
0000000000000005        4          10.0.0.2        3        2      196
0000000000000005        4          10.0.0.3        3        2      196
discovery--->==================================== discovery ====================================
discovery---> cls: [(4, 1), (4, 5), (1, 2), (1, 3), (5, 2), (5, 3)]
discovery--->==============================
==================================== link detector ====================================

----------------------------
src    dst :    delay
4 <---> 1 : 4.121303558349609
4 <---> 5 : 2.8924942016601562
1 <---> 2 : 5.1727294921875
1 <---> 4 : 2.0906925201416016
1 <---> 3 : 4.495859146118164
5 <---> 2 : 4.141569137573242
5 <---> 4 : 4.2266845703125
5 <---> 3 : 3.5233497619628906
3 <---> 1 : 3.9637088775634766
3 <---> 5 : 4.258155822753906
2 <---> 5 : 4.423856735229492
2 <---> 1 : 4.494428634643555
==================================== link detector ====================================

----------------------------
src    dst :    delay
4 <---> 1 : 4.339456558227539
4 <---> 5 : 4.234552383422852
1 <---> 2 : 4.097700119018555
1 <---> 4 : 3.9806365966796875
1 <---> 3 : 4.005193710327148
5 <---> 2 : 4.191160202026367
5 <---> 4 : 4.39000129699707
5 <---> 3 : 4.004478454589844
3 <---> 1 : 3.7620067596435547
3 <---> 5 : 4.152059555053711
2 <---> 5 : 4.616260528564453
2 <---> 1 : 4.284143447875977
datapath         port     rx-pkts  rx-bytes rx-error tx-pkts  tx-bytes tx-error
---------------- -------- -------- -------- -------- -------- -------- --------
0000000000000004        1      160     9774        0      162     9894        0
0000000000000004        2      163     9954        0      159     9714        0
datapath         in-port  eth-dst           out-port packets  bytes
---------------- -------- ----------------- -------- -------- --------
0000000000000004        1          10.0.0.4        2        2      196
0000000000000004        1          10.0.0.4        2        2      196
0000000000000004        1          10.0.0.4        2        2      196
0000000000000004        2          10.0.0.1        1        2      196
0000000000000004        2          10.0.0.2        1        2      196
0000000000000004        2          10.0.0.3        1        2      196
datapath         port     rx-pkts  rx-bytes rx-error tx-pkts  tx-bytes tx-error
---------------- -------- -------- -------- -------- -------- -------- --------
0000000000000001        1      156     9306        0      153     9126        0
0000000000000001        2      156     9306        0      153     9126        0
0000000000000001        3      162     9894        0      160     9774        0
0000000000000001        4       21     1670        0      171    10434        0
0000000000000001        5       22     1712        0      160     9810        0
0000000000000001        6       22     1712        0      161     9852        0
datapath         in-port  eth-dst           out-port packets  bytes
---------------- -------- ----------------- -------- -------- --------
0000000000000001        3          10.0.0.1        4        2      196
0000000000000001        3          10.0.0.2        5        2      196
0000000000000001        3          10.0.0.3        6        2      196
0000000000000001        4          10.0.0.2        5        1       98
0000000000000001        4          10.0.0.3        6        1       98
0000000000000001        4          10.0.0.4        3        1       98
0000000000000001        5          10.0.0.1        4        2      196
0000000000000001        5          10.0.0.3        6        1       98
0000000000000001        5          10.0.0.4        3        1       98
0000000000000001        6          10.0.0.1        4        2      196
0000000000000001        6          10.0.0.2        5        2      196
0000000000000001        6          10.0.0.4        3        1       98
datapath         port     rx-pkts  rx-bytes rx-error tx-pkts  tx-bytes tx-error
---------------- -------- -------- -------- -------- -------- -------- --------
0000000000000005        1      153     9126        0      153     9126        0
0000000000000005        2      154     9186        0      153     9126        0
0000000000000005        3      159     9714        0      163     9954        0
0000000000000005        4       24     1888        0      162     9894        0
datapath         in-port  eth-dst           out-port packets  bytes
---------------- -------- ----------------- -------- -------- --------
0000000000000005        3          10.0.0.4        4        2      196
0000000000000005        3          10.0.0.4        4        2      196
0000000000000005        3          10.0.0.4        4        2      196
0000000000000005        4          10.0.0.1        3        2      196
0000000000000005        4          10.0.0.2        3        2      196
0000000000000005        4          10.0.0.3        3        2      196
datapath         port     rx-pkts  rx-bytes rx-error tx-pkts  tx-bytes tx-error
---------------- -------- -------- -------- -------- -------- -------- --------
0000000000000002        1      153     9126        0      156     9306        0
0000000000000002        2      153     9126        0      153     9126        0
datapath         in-port  eth-dst           out-port packets  bytes
---------------- -------- ----------------- -------- -------- --------
datapath         port     rx-pkts  rx-bytes rx-error tx-pkts  tx-bytes tx-error
---------------- -------- -------- -------- -------- -------- -------- --------
0000000000000003        1      153     9126        0      156     9306        0
0000000000000003        2      153     9126        0      154     9186        0
datapath         in-port  eth-dst           out-port packets  bytes
---------------- -------- ----------------- -------- -------- --------
discovery--->==================================== discovery ====================================
discovery---> cls: [(4, 1), (4, 5), (1, 2), (1, 3), (5, 2), (5, 3)]
discovery--->==============================
==================================== link detector ====================================

----------------------------
src    dst :    delay
4 <---> 1 : 4.573822021484375
4 <---> 5 : 4.382848739624023
1 <---> 2 : 3.9730072021484375
1 <---> 4 : 3.8530826568603516
1 <---> 3 : 3.0274391174316406
5 <---> 2 : 4.2438507080078125
5 <---> 4 : 3.8640499114990234
5 <---> 3 : 3.9370059967041016
3 <---> 1 : 3.806591033935547
3 <---> 5 : 3.9603710174560547
2 <---> 5 : 4.063129425048828
2 <---> 1 : 4.098415374755859
datapath         port     rx-pkts  rx-bytes rx-error tx-pkts  tx-bytes tx-error
---------------- -------- -------- -------- -------- -------- -------- --------
0000000000000001        1      162     9666        0      159     9486        0
0000000000000001        2      162     9666        0      159     9486        0
0000000000000001        3      168    10254        0      165    10074        0
0000000000000001        4       21     1670        0      176    10734        0
0000000000000001        5       22     1712        0      166    10170        0
0000000000000001        6       22     1712        0      167    10212        0
datapath         in-port  eth-dst           out-port packets  bytes
---------------- -------- ----------------- -------- -------- --------
0000000000000001        3          10.0.0.1        4        2      196
0000000000000001        3          10.0.0.2        5        2      196
0000000000000001        3          10.0.0.3        6        2      196
0000000000000001        4          10.0.0.2        5        1       98
0000000000000001        4          10.0.0.3        6        1       98
0000000000000001        4          10.0.0.4        3        1       98
0000000000000001        5          10.0.0.1        4        2      196
0000000000000001        5          10.0.0.3        6        1       98
0000000000000001        5          10.0.0.4        3        1       98
0000000000000001        6          10.0.0.1        4        2      196
0000000000000001        6          10.0.0.2        5        2      196
0000000000000001        6          10.0.0.4        3        1       98
datapath         port     rx-pkts  rx-bytes rx-error tx-pkts  tx-bytes tx-error
---------------- -------- -------- -------- -------- -------- -------- --------
0000000000000004        1      165    10074        0      168    10254        0
0000000000000004        2      168    10254        0      165    10074        0
datapath         in-port  eth-dst           out-port packets  bytes
---------------- -------- ----------------- -------- -------- --------
0000000000000004        1          10.0.0.4        2        2      196
0000000000000004        1          10.0.0.4        2        2      196
0000000000000004        1          10.0.0.4        2        2      196
0000000000000004        2          10.0.0.1        1        2      196
0000000000000004        2          10.0.0.2        1        2      196
0000000000000004        2          10.0.0.3        1        2      196
datapath         port     rx-pkts  rx-bytes rx-error tx-pkts  tx-bytes tx-error
---------------- -------- -------- -------- -------- -------- -------- --------
0000000000000002        1      159     9486        0      162     9666        0
0000000000000002        2      158     9426        0      159     9486        0
datapath         in-port  eth-dst           out-port packets  bytes
---------------- -------- ----------------- -------- -------- --------
datapath         port     rx-pkts  rx-bytes rx-error tx-pkts  tx-bytes tx-error
---------------- -------- -------- -------- -------- -------- -------- --------
0000000000000005        1      159     9486        0      158     9426        0
0000000000000005        2      159     9486        0      158     9426        0
0000000000000005        3      165    10074        0      168    10254        0
0000000000000005        4       24     1888        0      167    10194        0
datapath         in-port  eth-dst           out-port packets  bytes
---------------- -------- ----------------- -------- -------- --------
0000000000000005        3          10.0.0.4        4        2      196
0000000000000005        3          10.0.0.4        4        2      196
0000000000000005        3          10.0.0.4        4        2      196
0000000000000005        4          10.0.0.1        3        2      196
0000000000000005        4          10.0.0.2        3        2      196
0000000000000005        4          10.0.0.3        3        2      196
datapath         port     rx-pkts  rx-bytes rx-error tx-pkts  tx-bytes tx-error
---------------- -------- -------- -------- -------- -------- -------- --------
0000000000000003        1      159     9486        0      162     9666        0
0000000000000003        2      158     9426        0      159     9486        0
datapath         in-port  eth-dst           out-port packets  bytes
---------------- -------- ----------------- -------- -------- --------
discovery--->==================================== discovery ====================================
discovery---> cls: [(4, 1), (4, 5), (1, 2), (1, 3), (5, 2), (5, 3)]
discovery--->==============================
==================================== link detector ====================================

----------------------------
src    dst :    delay
4 <---> 1 : 4.448890686035156
4 <---> 5 : 4.253625869750977
1 <---> 2 : 3.9010047912597656
1 <---> 4 : 4.063844680786133
1 <---> 3 : 4.190683364868164
5 <---> 2 : 4.504680633544922
5 <---> 4 : 4.360198974609375
5 <---> 3 : 4.20379638671875
3 <---> 1 : 4.604578018188477
3 <---> 5 : 3.8356781005859375
2 <---> 5 : 4.069805145263672
2 <---> 1 : 4.180431365966797
==================================== link detector ====================================

----------------------------
src    dst :    delay
4 <---> 1 : 3.8635730743408203
4 <---> 5 : 3.614664077758789
1 <---> 2 : 4.0302276611328125
1 <---> 4 : 3.912687301635742
1 <---> 3 : 3.9958953857421875
5 <---> 2 : 4.304170608520508
5 <---> 4 : 4.061222076416016
5 <---> 3 : 3.8793087005615234
3 <---> 1 : 4.420995712280273
3 <---> 5 : 3.0057430267333984
2 <---> 5 : 3.765106201171875
2 <---> 1 : 3.9429664611816406
datapath         port     rx-pkts  rx-bytes rx-error tx-pkts  tx-bytes tx-error
---------------- -------- -------- -------- -------- -------- -------- --------
0000000000000001        1      167     9966        0      164     9786        0
0000000000000001        2      168    10026        0      164     9786        0
0000000000000001        3      173    10554        0      171    10434        0
0000000000000001        4       21     1670        0      182    11094        0
0000000000000001        5       22     1712        0      171    10470        0
0000000000000001        6       22     1712        0      172    10512        0
datapath         in-port  eth-dst           out-port packets  bytes
---------------- -------- ----------------- -------- -------- --------
0000000000000001        3          10.0.0.1        4        2      196
0000000000000001        3          10.0.0.2        5        2      196
0000000000000001        3          10.0.0.3        6        2      196
0000000000000001        4          10.0.0.2        5        1       98
0000000000000001        4          10.0.0.3        6        1       98
0000000000000001        4          10.0.0.4        3        1       98
0000000000000001        5          10.0.0.1        4        2      196
0000000000000001        5          10.0.0.3        6        1       98
0000000000000001        5          10.0.0.4        3        1       98
0000000000000001        6          10.0.0.1        4        2      196
0000000000000001        6          10.0.0.2        5        2      196
0000000000000001        6          10.0.0.4        3        1       98
datapath         port     rx-pkts  rx-bytes rx-error tx-pkts  tx-bytes tx-error
---------------- -------- -------- -------- -------- -------- -------- --------
0000000000000005        1      165     9846        0      164     9786        0
0000000000000005        2      165     9846        0      164     9786        0
0000000000000005        3      170    10374        0      174    10614        0
0000000000000005        4       24     1888        0      173    10554        0
datapath         in-port  eth-dst           out-port packets  bytes
---------------- -------- ----------------- -------- -------- --------
0000000000000005        3          10.0.0.4        4        2      196
0000000000000005        3          10.0.0.4        4        2      196
0000000000000005        3          10.0.0.4        4        2      196
0000000000000005        4          10.0.0.1        3        2      196
0000000000000005        4          10.0.0.2        3        2      196
0000000000000005        4          10.0.0.3        3        2      196
datapath         port     rx-pkts  rx-bytes rx-error tx-pkts  tx-bytes tx-error
---------------- -------- -------- -------- -------- -------- -------- --------
0000000000000002        1      164     9786        0      167     9966        0
0000000000000002        2      164     9786        0      165     9846        0
datapath         in-port  eth-dst           out-port packets  bytes
---------------- -------- ----------------- -------- -------- --------
datapath         port     rx-pkts  rx-bytes rx-error tx-pkts  tx-bytes tx-error
---------------- -------- -------- -------- -------- -------- -------- --------
0000000000000003        1      164     9786        0      168    10026        0
0000000000000003        2      164     9786        0      165     9846        0
datapath         in-port  eth-dst           out-port packets  bytes
---------------- -------- ----------------- -------- -------- --------
datapath         port     rx-pkts  rx-bytes rx-error tx-pkts  tx-bytes tx-error
---------------- -------- -------- -------- -------- -------- -------- --------
0000000000000004        1      171    10434        0      173    10554        0
0000000000000004        2      174    10614        0      170    10374        0
datapath         in-port  eth-dst           out-port packets  bytes
---------------- -------- ----------------- -------- -------- --------
0000000000000004        1          10.0.0.4        2        2      196
0000000000000004        1          10.0.0.4        2        2      196
0000000000000004        1          10.0.0.4        2        2      196
0000000000000004        2          10.0.0.1        1        2      196
0000000000000004        2          10.0.0.2        1        2      196
0000000000000004        2          10.0.0.3        1        2      196
discovery--->==================================== discovery ====================================
discovery---> cls: [(4, 1), (4, 5), (1, 2), (1, 3), (5, 2), (5, 3)]
discovery--->==============================
==================================== link detector ====================================

----------------------------
src    dst :    delay
4 <---> 1 : 4.240512847900391
4 <---> 5 : 4.134178161621094
1 <---> 2 : 2.238035202026367
1 <---> 4 : 4.179954528808594
1 <---> 3 : 4.066944122314453
5 <---> 2 : 4.419088363647461
5 <---> 4 : 3.460407257080078
5 <---> 3 : 4.226922988891602
3 <---> 1 : 4.079103469848633
3 <---> 5 : 4.032611846923828
2 <---> 5 : 4.275083541870117
2 <---> 1 : 4.228830337524414
==================================== link detector ====================================

----------------------------
src    dst :    delay
4 <---> 1 : 4.308462142944336
4 <---> 5 : 4.075050354003906
1 <---> 2 : 4.804849624633789
1 <---> 4 : 3.9610862731933594
1 <---> 3 : 4.425048828125
5 <---> 2 : 4.49824333190918
5 <---> 4 : 3.8671493530273438
5 <---> 3 : 4.094362258911133
3 <---> 1 : 3.947019577026367
3 <---> 5 : 4.052877426147461
2 <---> 5 : 3.358125686645508
2 <---> 1 : 4.143714904785156
datapath         port     rx-pkts  rx-bytes rx-error tx-pkts  tx-bytes tx-error
---------------- -------- -------- -------- -------- -------- -------- --------
0000000000000004        1      176    10734        0      179    10914        0
0000000000000004        2      179    10914        0      176    10734        0
datapath         in-port  eth-dst           out-port packets  bytes
---------------- -------- ----------------- -------- -------- --------
0000000000000004        1          10.0.0.4        2        2      196
0000000000000004        1          10.0.0.4        2        2      196
0000000000000004        1          10.0.0.4        2        2      196
0000000000000004        2          10.0.0.1        1        2      196
0000000000000004        2          10.0.0.2        1        2      196
0000000000000004        2          10.0.0.3        1        2      196
datapath         port     rx-pkts  rx-bytes rx-error tx-pkts  tx-bytes tx-error
---------------- -------- -------- -------- -------- -------- -------- --------
0000000000000001        1      173    10326        0      170    10146        0
0000000000000001        2      173    10326        0      170    10146        0
0000000000000001        3      179    10914        0      176    10734        0
0000000000000001        4       21     1670        0      188    11454        0
0000000000000001        5       22     1712        0      177    10830        0
0000000000000001        6       22     1712        0      178    10872        0
datapath         in-port  eth-dst           out-port packets  bytes
---------------- -------- ----------------- -------- -------- --------
0000000000000001        3          10.0.0.1        4        2      196
0000000000000001        3          10.0.0.2        5        2      196
0000000000000001        3          10.0.0.3        6        2      196
0000000000000001        4          10.0.0.2        5        1       98
0000000000000001        4          10.0.0.3        6        1       98
0000000000000001        4          10.0.0.4        3        1       98
0000000000000001        5          10.0.0.1        4        2      196
0000000000000001        5          10.0.0.3        6        1       98
0000000000000001        5          10.0.0.4        3        1       98
0000000000000001        6          10.0.0.1        4        2      196
0000000000000001        6          10.0.0.2        5        2      196
0000000000000001        6          10.0.0.4        3        1       98
datapath         port     rx-pkts  rx-bytes rx-error tx-pkts  tx-bytes tx-error
---------------- -------- -------- -------- -------- -------- -------- --------
0000000000000003        1      170    10146        0      173    10326        0
0000000000000003        2      170    10146        0      170    10146        0
datapath         in-port  eth-dst           out-port packets  bytes
---------------- -------- ----------------- -------- -------- --------
datapath         port     rx-pkts  rx-bytes rx-error tx-pkts  tx-bytes tx-error
---------------- -------- -------- -------- -------- -------- -------- --------
0000000000000002        1      170    10146        0      173    10326        0
0000000000000002        2      169    10086        0      170    10146        0
datapath         in-port  eth-dst           out-port packets  bytes
---------------- -------- ----------------- -------- -------- --------
datapath         port     rx-pkts  rx-bytes rx-error tx-pkts  tx-bytes tx-error
---------------- -------- -------- -------- -------- -------- -------- --------
0000000000000005        1      170    10146        0      169    10086        0
0000000000000005        2      170    10146        0      170    10146        0
0000000000000005        3      176    10734        0      179    10914        0
0000000000000005        4       24     1888        0      178    10854        0
datapath         in-port  eth-dst           out-port packets  bytes
---------------- -------- ----------------- -------- -------- --------
0000000000000005        3          10.0.0.4        4        2      196
0000000000000005        3          10.0.0.4        4        2      196
0000000000000005        3          10.0.0.4        4        2      196
0000000000000005        4          10.0.0.1        3        2      196
0000000000000005        4          10.0.0.2        3        2      196
0000000000000005        4          10.0.0.3        3        2      196
discovery--->==================================== discovery ====================================
discovery---> cls: [(4, 1), (4, 5), (1, 2), (1, 3), (5, 2), (5, 3)]
discovery--->==============================
==================================== link detector ====================================

----------------------------
src    dst :    delay
4 <---> 1 : 3.774881362915039
4 <---> 5 : 4.439830780029297
1 <---> 2 : 4.157066345214844
1 <---> 4 : 3.648042678833008
1 <---> 3 : 3.772258758544922
5 <---> 2 : 4.134893417358398
5 <---> 4 : 2.699136734008789
5 <---> 3 : 4.485845565795898
3 <---> 1 : 4.407167434692383
3 <---> 5 : 4.3926239013671875
2 <---> 5 : 2.763986587524414
2 <---> 1 : 2.3622512817382812
datapath         port     rx-pkts  rx-bytes rx-error tx-pkts  tx-bytes tx-error
---------------- -------- -------- -------- -------- -------- -------- --------
0000000000000002        1      175    10446        0      179    10686        0
0000000000000002        2      175    10446        0      176    10506        0
datapath         in-port  eth-dst           out-port packets  bytes
---------------- -------- ----------------- -------- -------- --------
datapath         port     rx-pkts  rx-bytes rx-error tx-pkts  tx-bytes tx-error
---------------- -------- -------- -------- -------- -------- -------- --------
0000000000000004        1      182    11094        0      184    11214        0
0000000000000004        2      185    11274        0      181    11034        0
datapath         in-port  eth-dst           out-port packets  bytes
---------------- -------- ----------------- -------- -------- --------
0000000000000004        1          10.0.0.4        2        2      196
0000000000000004        1          10.0.0.4        2        2      196
0000000000000004        1          10.0.0.4        2        2      196
0000000000000004        2          10.0.0.1        1        2      196
0000000000000004        2          10.0.0.2        1        2      196
0000000000000004        2          10.0.0.3        1        2      196
datapath         port     rx-pkts  rx-bytes rx-error tx-pkts  tx-bytes tx-error
---------------- -------- -------- -------- -------- -------- -------- --------
0000000000000005        1      176    10506        0      175    10446        0
0000000000000005        2      176    10506        0      175    10446        0
0000000000000005        3      181    11034        0      185    11274        0
0000000000000005        4       24     1888        0      184    11214        0
datapath         in-port  eth-dst           out-port packets  bytes
---------------- -------- ----------------- -------- -------- --------
0000000000000005        3          10.0.0.4        4        2      196
0000000000000005        3          10.0.0.4        4        2      196
0000000000000005        3          10.0.0.4        4        2      196
0000000000000005        4          10.0.0.1        3        2      196
0000000000000005        4          10.0.0.2        3        2      196
0000000000000005        4          10.0.0.3        3        2      196
datapath         port     rx-pkts  rx-bytes rx-error tx-pkts  tx-bytes tx-error
---------------- -------- -------- -------- -------- -------- -------- --------
0000000000000003        1      175    10446        0      179    10686        0
0000000000000003        2      175    10446        0      176    10506        0
datapath         in-port  eth-dst           out-port packets  bytes
---------------- -------- ----------------- -------- -------- --------
datapath         port     rx-pkts  rx-bytes rx-error tx-pkts  tx-bytes tx-error
---------------- -------- -------- -------- -------- -------- -------- --------
0000000000000001        1      179    10686        0      175    10446        0
0000000000000001        2      179    10686        0      175    10446        0
0000000000000001        3      184    11214        0      182    11094        0
0000000000000001        4       21     1670        0      193    11754        0
0000000000000001        5       22     1712        0      182    11130        0
0000000000000001        6       22     1712        0      183    11172        0
datapath         in-port  eth-dst           out-port packets  bytes
---------------- -------- ----------------- -------- -------- --------
0000000000000001        3          10.0.0.1        4        2      196
0000000000000001        3          10.0.0.2        5        2      196
0000000000000001        3          10.0.0.3        6        2      196
0000000000000001        4          10.0.0.2        5        1       98
0000000000000001        4          10.0.0.3        6        1       98
0000000000000001        4          10.0.0.4        3        1       98
0000000000000001        5          10.0.0.1        4        2      196
0000000000000001        5          10.0.0.3        6        1       98
0000000000000001        5          10.0.0.4        3        1       98
0000000000000001        6          10.0.0.1        4        2      196
0000000000000001        6          10.0.0.2        5        2      196
0000000000000001        6          10.0.0.4        3        1       98
discovery--->==================================== discovery ====================================
discovery---> cls: [(4, 1), (4, 5), (1, 2), (1, 3), (5, 2), (5, 3)]
discovery--->==============================
==================================== link detector ====================================

----------------------------
src    dst :    delay
4 <---> 1 : 4.0302276611328125
4 <---> 5 : 3.9930343627929688
1 <---> 2 : 2.0351409912109375
1 <---> 4 : 3.5114288330078125
1 <---> 3 : 3.8216114044189453
5 <---> 2 : 4.531621932983398
5 <---> 4 : 4.1790008544921875
5 <---> 3 : 3.8847923278808594
3 <---> 1 : 3.9544105529785156
3 <---> 5 : 3.834247589111328
2 <---> 5 : 5.15437126159668
2 <---> 1 : 3.1557083129882812
==================================== link detector ====================================

----------------------------
src    dst :    delay
4 <---> 1 : 2.544403076171875
4 <---> 5 : 2.912759780883789
1 <---> 2 : 2.4192333221435547
1 <---> 4 : 3.950357437133789
1 <---> 3 : 1.9335746765136719
5 <---> 2 : 4.263877868652344
5 <---> 4 : 4.292488098144531
5 <---> 3 : 2.0093917846679688
3 <---> 1 : 2.493619918823242
3 <---> 5 : 3.208160400390625
2 <---> 5 : 2.302885055541992
2 <---> 1 : 1.9633769989013672
datapath         port     rx-pkts  rx-bytes rx-error tx-pkts  tx-bytes tx-error
---------------- -------- -------- -------- -------- -------- -------- --------
0000000000000001        1      184    10986        0      181    10806        0
0000000000000001        2      184    10986        0      181    10806        0
0000000000000001        3      258   365094        0      254    15824        0
0000000000000001        4       88     6100        0      267   365634        0
0000000000000001        5       22     1712        0      188    11490        0
0000000000000001        6       22     1712        0      189    11532        0
datapath         in-port  eth-dst           out-port packets  bytes
---------------- -------- ----------------- -------- -------- --------
0000000000000001        3          10.0.0.1        4       51   265582
0000000000000001        3          10.0.0.2        5        2      196
0000000000000001        3          10.0.0.3        6        2      196
0000000000000001        4          10.0.0.2        5        1       98
0000000000000001        4          10.0.0.3        6        1       98
0000000000000001        4          10.0.0.4        3       49     3274
0000000000000001        5          10.0.0.1        4        2      196
0000000000000001        5          10.0.0.3        6        1       98
0000000000000001        5          10.0.0.4        3        1       98
0000000000000001        6          10.0.0.1        4        2      196
0000000000000001        6          10.0.0.2        5        2      196
0000000000000001        6          10.0.0.4        3        1       98
datapath         port     rx-pkts  rx-bytes rx-error tx-pkts  tx-bytes tx-error
---------------- -------- -------- -------- -------- -------- -------- --------
0000000000000005        1      181    10806        0      181    10806        0
0000000000000005        2      181    10806        0      181    10806        0
0000000000000005        3      254    15824        0      258   365094        0
0000000000000005        4       92   355408        0      256    15944        0
datapath         in-port  eth-dst           out-port packets  bytes
---------------- -------- ----------------- -------- -------- --------
0000000000000005        3          10.0.0.4        4       50     3372
0000000000000005        3          10.0.0.4        4        2      196
0000000000000005        3          10.0.0.4        4        2      196
0000000000000005        4          10.0.0.1        3       51   265582
0000000000000005        4          10.0.0.2        3        2      196
0000000000000005        4          10.0.0.3        3        2      196
datapath         port     rx-pkts  rx-bytes rx-error tx-pkts  tx-bytes tx-error
---------------- -------- -------- -------- -------- -------- -------- --------
0000000000000002        1      181    10806        0      184    10986        0
0000000000000002        2      181    10806        0      181    10806        0
datapath         in-port  eth-dst           out-port packets  bytes
---------------- -------- ----------------- -------- -------- --------
datapath         port     rx-pkts  rx-bytes rx-error tx-pkts  tx-bytes tx-error
---------------- -------- -------- -------- -------- -------- -------- --------
0000000000000003        1      181    10806        0      184    10986        0
0000000000000003        2      181    10806        0      181    10806        0
datapath         in-port  eth-dst           out-port packets  bytes
---------------- -------- ----------------- -------- -------- --------
datapath         port     rx-pkts  rx-bytes rx-error tx-pkts  tx-bytes tx-error
---------------- -------- -------- -------- -------- -------- -------- --------
0000000000000004        1      254    15824        0      258   365094        0
0000000000000004        2      258   365094        0      254    15824        0
datapath         in-port  eth-dst           out-port packets  bytes
---------------- -------- ----------------- -------- -------- --------
0000000000000004        1          10.0.0.4        2       50     3372
0000000000000004        1          10.0.0.4        2        2      196
0000000000000004        1          10.0.0.4        2        2      196
0000000000000004        2          10.0.0.1        1       51   265582
0000000000000004        2          10.0.0.2        1        2      196
0000000000000004        2          10.0.0.3        1        2      196
discovery--->==================================== discovery ====================================
discovery---> cls: [(4, 1), (4, 5), (1, 2), (1, 3), (5, 2), (5, 3)]
discovery--->==============================
==================================== link detector ====================================

----------------------------
src    dst :    delay
4 <---> 1 : 1.9054412841796875
4 <---> 5 : 2.205371856689453
1 <---> 2 : 2.472400665283203
1 <---> 4 : 4.1866302490234375
1 <---> 3 : 2.0225048065185547
5 <---> 2 : 2.583026885986328
5 <---> 4 : 4.08482551574707
5 <---> 3 : 2.078533172607422
3 <---> 1 : 1.9545555114746094
3 <---> 5 : 2.2869110107421875
2 <---> 5 : 4.174709320068359
2 <---> 1 : 4.069805145263672
datapath         port     rx-pkts  rx-bytes rx-error tx-pkts  tx-bytes tx-error
---------------- -------- -------- -------- -------- -------- -------- --------
0000000000000001        1      190    11346        0      186    11106        0
0000000000000001        2      190    11346        0      186    11106        0
0000000000000001        3      439  1030916        0      431    27470        0
0000000000000001        4      261    17494        0      448  1031456        0
0000000000000001        5       22     1712        0      193    11790        0
0000000000000001        6       22     1712        0      194    11832        0
datapath         in-port  eth-dst           out-port packets  bytes
---------------- -------- ----------------- -------- -------- --------
0000000000000001        3          10.0.0.1        4      215   931766
0000000000000001        3          10.0.0.2        5        2      196
0000000000000001        3          10.0.0.3        6        2      196
0000000000000001        4          10.0.0.2        5        1       98
0000000000000001        4          10.0.0.3        6        1       98
0000000000000001        4          10.0.0.4        3      211    13966
0000000000000001        5          10.0.0.1        4        2      196
0000000000000001        5          10.0.0.3        6        1       98
0000000000000001        5          10.0.0.4        3        1       98
0000000000000001        6          10.0.0.1        4        2      196
0000000000000001        6          10.0.0.2        5        2      196
0000000000000001        6          10.0.0.4        3        1       98
datapath         port     rx-pkts  rx-bytes rx-error tx-pkts  tx-bytes tx-error
---------------- -------- -------- -------- -------- -------- -------- --------
0000000000000004        1      431    27470        0      439  1030916        0
0000000000000004        2      439  1030916        0      431    27470        0
datapath         in-port  eth-dst           out-port packets  bytes
---------------- -------- ----------------- -------- -------- --------
0000000000000004        1          10.0.0.4        2      212    14064
0000000000000004        1          10.0.0.4        2        2      196
0000000000000004        1          10.0.0.4        2        2      196
0000000000000004        2          10.0.0.1        1      215   931766
0000000000000004        2          10.0.0.2        1        2      196
0000000000000004        2          10.0.0.3        1        2      196
datapath         port     rx-pkts  rx-bytes rx-error tx-pkts  tx-bytes tx-error
---------------- -------- -------- -------- -------- -------- -------- --------
0000000000000002        1      186    11106        0      190    11346        0
0000000000000002        2      186    11106        0      187    11166        0
datapath         in-port  eth-dst           out-port packets  bytes
---------------- -------- ----------------- -------- -------- --------
datapath         port     rx-pkts  rx-bytes rx-error tx-pkts  tx-bytes tx-error
---------------- -------- -------- -------- -------- -------- -------- --------
0000000000000005        1      187    11166        0      186    11106        0
0000000000000005        2      187    11166        0      186    11106        0
0000000000000005        3      431    27470        0      439  1030916        0
0000000000000005        4      268  1023832        0      433    27590        0
datapath         in-port  eth-dst           out-port packets  bytes
---------------- -------- ----------------- -------- -------- --------
0000000000000005        3          10.0.0.4        4      212    14064
0000000000000005        3          10.0.0.4        4        2      196
0000000000000005        3          10.0.0.4        4        2      196
0000000000000005        4          10.0.0.1        3      215   931766
0000000000000005        4          10.0.0.2        3        2      196
0000000000000005        4          10.0.0.3        3        2      196
datapath         port     rx-pkts  rx-bytes rx-error tx-pkts  tx-bytes tx-error
---------------- -------- -------- -------- -------- -------- -------- --------
0000000000000003        1      186    11106        0      190    11346        0
0000000000000003        2      186    11106        0      187    11166        0
datapath         in-port  eth-dst           out-port packets  bytes
---------------- -------- ----------------- -------- -------- --------
discovery--->==================================== discovery ====================================
discovery---> cls: [(4, 1), (4, 5), (1, 2), (1, 3), (5, 2), (5, 3)]
discovery--->==============================
==================================== link detector ====================================

----------------------------
src    dst :    delay
4 <---> 1 : 2.044677734375
4 <---> 5 : 2.2094249725341797
1 <---> 2 : 1.9137859344482422
1 <---> 4 : 2.011537551879883
1 <---> 3 : 1.9450187683105469
5 <---> 2 : 3.0031204223632812
5 <---> 4 : 2.254962921142578
5 <---> 3 : 4.2819976806640625
3 <---> 1 : 1.9137859344482422
3 <---> 5 : 2.287626266479492
2 <---> 5 : 1.9564628601074219
2 <---> 1 : 4.967212677001953
==================================== link detector ====================================

----------------------------
src    dst :    delay
4 <---> 1 : 1.9593238830566406
4 <---> 5 : 2.033710479736328
1 <---> 2 : 2.1212100982666016
1 <---> 4 : 2.421140670776367
1 <---> 3 : 4.232883453369141
5 <---> 2 : 4.031658172607422
5 <---> 4 : 3.3812522888183594
5 <---> 3 : 1.9810199737548828
3 <---> 1 : 2.051830291748047
3 <---> 5 : 2.6099681854248047
2 <---> 5 : 2.005338668823242
2 <---> 1 : 4.622459411621094
datapath         port     rx-pkts  rx-bytes rx-error tx-pkts  tx-bytes tx-error
---------------- -------- -------- -------- -------- -------- -------- --------
0000000000000001        1      195    11646        0      192    11466        0
0000000000000001        2      195    11646        0      192    11466        0
0000000000000001        3      674  1701756        0      662    42686        0
0000000000000001        4      486    32344        0      684  1702356        0
0000000000000001        5       22     1712        0      199    12150        0
0000000000000001        6       22     1712        0      200    12192        0
datapath         in-port  eth-dst           out-port packets  bytes
---------------- -------- ----------------- -------- -------- --------
0000000000000001        3          10.0.0.1        4      445  1602306
0000000000000001        3          10.0.0.2        5        2      196
0000000000000001        3          10.0.0.3        6        2      196
0000000000000001        4          10.0.0.2        5        1       98
0000000000000001        4          10.0.0.3        6        1       98
0000000000000001        4          10.0.0.4        3      436    28816
0000000000000001        5          10.0.0.1        4        2      196
0000000000000001        5          10.0.0.3        6        1       98
0000000000000001        5          10.0.0.4        3        1       98
0000000000000001        6          10.0.0.1        4        2      196
0000000000000001        6          10.0.0.2        5        2      196
0000000000000001        6          10.0.0.4        3        1       98
datapath         port     rx-pkts  rx-bytes rx-error tx-pkts  tx-bytes tx-error
---------------- -------- -------- -------- -------- -------- -------- --------
0000000000000002        1      192    11466        0      195    11646        0
0000000000000002        2      192    11466        0      192    11466        0
datapath         in-port  eth-dst           out-port packets  bytes
---------------- -------- ----------------- -------- -------- --------
datapath         port     rx-pkts  rx-bytes rx-error tx-pkts  tx-bytes tx-error
---------------- -------- -------- -------- -------- -------- -------- --------
0000000000000005        1      192    11466        0      192    11466        0
0000000000000005        2      192    11466        0      192    11466        0
0000000000000005        3      662    42686        0      676  1704778        0
0000000000000005        4      498  1694372        0      664    42800        0
datapath         in-port  eth-dst           out-port packets  bytes
---------------- -------- ----------------- -------- -------- --------
0000000000000005        3          10.0.0.4        4      437    28914
0000000000000005        3          10.0.0.4        4        2      196
0000000000000005        3          10.0.0.4        4        2      196
0000000000000005        4          10.0.0.1        3      445  1602306
0000000000000005        4          10.0.0.2        3        2      196
0000000000000005        4          10.0.0.3        3        2      196
datapath         port     rx-pkts  rx-bytes rx-error tx-pkts  tx-bytes tx-error
---------------- -------- -------- -------- -------- -------- -------- --------
0000000000000004        1      662    42686        0      674  1701756        0
0000000000000004        2      675  1701816        0      661    42620        0
datapath         in-port  eth-dst           out-port packets  bytes
---------------- -------- ----------------- -------- -------- --------
0000000000000004        1          10.0.0.4        2      437    28914
0000000000000004        1          10.0.0.4        2        2      196
0000000000000004        1          10.0.0.4        2        2      196
0000000000000004        2          10.0.0.1        1      445  1602306
0000000000000004        2          10.0.0.2        1        2      196
0000000000000004        2          10.0.0.3        1        2      196
datapath         port     rx-pkts  rx-bytes rx-error tx-pkts  tx-bytes tx-error
---------------- -------- -------- -------- -------- -------- -------- --------
0000000000000003        1      192    11466        0      195    11646        0
0000000000000003        2      192    11466        0      192    11466        0
datapath         in-port  eth-dst           out-port packets  bytes
---------------- -------- ----------------- -------- -------- --------
discovery--->==================================== discovery ====================================
discovery---> cls: [(4, 1), (4, 5), (1, 2), (1, 3), (5, 2), (5, 3)]
discovery--->==============================
==================================== link detector ====================================

----------------------------
src    dst :    delay
4 <---> 1 : 3.7670135498046875
4 <---> 5 : 4.121065139770508
1 <---> 2 : 1.9080638885498047
1 <---> 4 : 4.031658172607422
1 <---> 3 : 2.5882720947265625
5 <---> 2 : 2.090930938720703
5 <---> 4 : 3.9033889770507812
5 <---> 3 : 4.199504852294922
3 <---> 1 : 2.805471420288086
3 <---> 5 : 2.837657928466797
2 <---> 5 : 2.5224685668945312
2 <---> 1 : 1.9443035125732422
datapath         port     rx-pkts  rx-bytes rx-error tx-pkts  tx-bytes tx-error
---------------- -------- -------- -------- -------- -------- -------- --------
0000000000000001        1      201    12006        0      197    11766        0
0000000000000001        2      201    12006        0      198    11826        0
0000000000000001        3      911  2375618        0      893    57896        0
0000000000000001        4      712    47260        0      920  2376158        0
0000000000000001        5       22     1712        0      205    12510        0
0000000000000001        6       22     1712        0      205    12492        0
datapath         in-port  eth-dst           out-port packets  bytes
---------------- -------- ----------------- -------- -------- --------
0000000000000001        3          10.0.0.1        4      675  2272846
0000000000000001        3          10.0.0.2        5        2      196
0000000000000001        3          10.0.0.3        6        2      196
0000000000000001        4          10.0.0.2        5        1       98
0000000000000001        4          10.0.0.3        6        1       98
0000000000000001        4          10.0.0.4        3      661    43666
0000000000000001        5          10.0.0.1        4        2      196
0000000000000001        5          10.0.0.3        6        1       98
0000000000000001        5          10.0.0.4        3        1       98
0000000000000001        6          10.0.0.1        4        2      196
0000000000000001        6          10.0.0.2        5        2      196
0000000000000001        6          10.0.0.4        3        1       98
datapath         port     rx-pkts  rx-bytes rx-error tx-pkts  tx-bytes tx-error
---------------- -------- -------- -------- -------- -------- -------- --------
0000000000000002        1      197    11766        0      201    12006        0
0000000000000002        2      197    11766        0      198    11826        0
datapath         in-port  eth-dst           out-port packets  bytes
---------------- -------- ----------------- -------- -------- --------
datapath         port     rx-pkts  rx-bytes rx-error tx-pkts  tx-bytes tx-error
---------------- -------- -------- -------- -------- -------- -------- --------
0000000000000004        1      893    57896        0      911  2375618        0
0000000000000004        2      911  2375618        0      893    57896        0
datapath         in-port  eth-dst           out-port packets  bytes
---------------- -------- ----------------- -------- -------- --------
0000000000000004        1          10.0.0.4        2      662    43764
0000000000000004        1          10.0.0.4        2        2      196
0000000000000004        1          10.0.0.4        2        2      196
0000000000000004        2          10.0.0.1        1      675  2272846
0000000000000004        2          10.0.0.2        1        2      196
0000000000000004        2          10.0.0.3        1        2      196
datapath         port     rx-pkts  rx-bytes rx-error tx-pkts  tx-bytes tx-error
---------------- -------- -------- -------- -------- -------- -------- --------
0000000000000003        1      198    11826        0      201    12006        0
0000000000000003        2      197    11766        0      198    11826        0
datapath         in-port  eth-dst           out-port packets  bytes
---------------- -------- ----------------- -------- -------- --------
datapath         port     rx-pkts  rx-bytes rx-error tx-pkts  tx-bytes tx-error
---------------- -------- -------- -------- -------- -------- -------- --------
0000000000000005        1      198    11826        0      197    11766        0
0000000000000005        2      198    11826        0      197    11766        0
0000000000000005        3      893    57896        0      911  2375618        0
0000000000000005        4      728  2364912        0      895    58016        0
datapath         in-port  eth-dst           out-port packets  bytes
---------------- -------- ----------------- -------- -------- --------
0000000000000005        3          10.0.0.4        4      662    43764
0000000000000005        3          10.0.0.4        4        2      196
0000000000000005        3          10.0.0.4        4        2      196
0000000000000005        4          10.0.0.1        3      675  2272846
0000000000000005        4          10.0.0.2        3        2      196
0000000000000005        4          10.0.0.3        3        2      196
discovery--->==================================== discovery ====================================
discovery---> cls: [(4, 1), (4, 5), (1, 2), (1, 3), (5, 2), (5, 3)]
discovery--->==============================
==================================== link detector ====================================

----------------------------
src    dst :    delay
4 <---> 1 : 1.9199848175048828
4 <---> 5 : 4.157066345214844
1 <---> 2 : 1.9605159759521484
1 <---> 4 : 4.0912628173828125
1 <---> 3 : 2.7489662170410156
5 <---> 2 : 2.197742462158203
5 <---> 4 : 2.0360946655273438
5 <---> 3 : 4.275321960449219
3 <---> 1 : 2.6197433471679688
3 <---> 5 : 4.3773651123046875
2 <---> 5 : 2.293825149536133
2 <---> 1 : 2.0945072174072266
==================================== link detector ====================================

----------------------------
src    dst :    delay
4 <---> 1 : 4.077672958374023
4 <---> 5 : 3.6878585815429688
1 <---> 2 : 3.8771629333496094
1 <---> 4 : 2.5708675384521484
1 <---> 3 : 3.6847591400146484
5 <---> 2 : 3.7970542907714844
5 <---> 4 : 2.218484878540039
5 <---> 3 : 3.8852691650390625
3 <---> 1 : 3.9763450622558594
3 <---> 5 : 3.401041030883789
2 <---> 5 : 3.963947296142578
2 <---> 1 : 4.319429397583008
datapath         port     rx-pkts  rx-bytes rx-error tx-pkts  tx-bytes tx-error
---------------- -------- -------- -------- -------- -------- -------- --------
0000000000000004        1     1051    68288        0     1070  2822042        0
0000000000000004        2     1071  2822102        0     1050    68228        0
datapath         in-port  eth-dst           out-port packets  bytes
---------------- -------- ----------------- -------- -------- --------
0000000000000004        1          10.0.0.4        2      843    55710
0000000000000004        1          10.0.0.4        2        2      196
0000000000000004        1          10.0.0.4        2        2      196
0000000000000004        2          10.0.0.1        1      860  2809344
0000000000000004        2          10.0.0.2        1        2      196
0000000000000004        2          10.0.0.3        1        2      196
datapath         port     rx-pkts  rx-bytes rx-error tx-pkts  tx-bytes tx-error
---------------- -------- -------- -------- -------- -------- -------- --------
0000000000000001        1      206    12306        0      203    12126        0
0000000000000001        2      206    12306        0      203    12126        0
0000000000000001        3     1070  2822042        0     1051    68288        0
0000000000000001        4      863    57226        0     1080  2822642        0
0000000000000001        5       22     1712        0      210    12810        0
0000000000000001        6       22     1712        0      211    12852        0
datapath         in-port  eth-dst           out-port packets  bytes
---------------- -------- ----------------- -------- -------- --------
0000000000000001        3          10.0.0.1        4      860  2809344
0000000000000001        3          10.0.0.2        5        2      196
0000000000000001        3          10.0.0.3        6        2      196
0000000000000001        4          10.0.0.2        5        1       98
0000000000000001        4          10.0.0.3        6        1       98
0000000000000001        4          10.0.0.4        3      842    55612
0000000000000001        5          10.0.0.1        4        2      196
0000000000000001        5          10.0.0.3        6        1       98
0000000000000001        5          10.0.0.4        3        1       98
0000000000000001        6          10.0.0.1        4        2      196
0000000000000001        6          10.0.0.2        5        2      196
0000000000000001        6          10.0.0.4        3        1       98
datapath         port     rx-pkts  rx-bytes rx-error tx-pkts  tx-bytes tx-error
---------------- -------- -------- -------- -------- -------- -------- --------
0000000000000005        1      203    12126        0      203    12126        0
0000000000000005        2      204    12186        0      203    12126        0
0000000000000005        3     1050    68228        0     1071  2822102        0
0000000000000005        4      882  2811036        0     1053    68408        0
datapath         in-port  eth-dst           out-port packets  bytes
---------------- -------- ----------------- -------- -------- --------
0000000000000005        3          10.0.0.4        4      843    55710
0000000000000005        3          10.0.0.4        4        2      196
0000000000000005        3          10.0.0.4        4        2      196
0000000000000005        4          10.0.0.1        3      860  2809344
0000000000000005        4          10.0.0.2        3        2      196
0000000000000005        4          10.0.0.3        3        2      196
datapath         port     rx-pkts  rx-bytes rx-error tx-pkts  tx-bytes tx-error
---------------- -------- -------- -------- -------- -------- -------- --------
0000000000000003        1      203    12126        0      206    12306        0
0000000000000003        2      203    12126        0      204    12186        0
datapath         in-port  eth-dst           out-port packets  bytes
---------------- -------- ----------------- -------- -------- --------
datapath         port     rx-pkts  rx-bytes rx-error tx-pkts  tx-bytes tx-error
---------------- -------- -------- -------- -------- -------- -------- --------
0000000000000002        1      203    12126        0      206    12306        0
0000000000000002        2      203    12126        0      203    12126        0
datapath         in-port  eth-dst           out-port packets  bytes
---------------- -------- ----------------- -------- -------- --------
discovery--->==================================== discovery ====================================
discovery---> cls: [(4, 1), (4, 5), (1, 2), (1, 3), (5, 2), (5, 3)]
discovery--->==============================
==================================== link detector ====================================

----------------------------
src    dst :    delay
4 <---> 1 : 3.201723098754883
4 <---> 5 : 2.012014389038086
1 <---> 2 : 3.8836002349853516
1 <---> 4 : 4.109621047973633
1 <---> 3 : 4.301309585571289
5 <---> 2 : 4.024505615234375
5 <---> 4 : 3.8428306579589844
5 <---> 3 : 4.31370735168457
3 <---> 1 : 2.193927764892578
3 <---> 5 : 3.923177719116211
2 <---> 5 : 2.0732879638671875
2 <---> 1 : 3.9899349212646484
datapath         port     rx-pkts  rx-bytes rx-error tx-pkts  tx-bytes tx-error
---------------- -------- -------- -------- -------- -------- -------- --------
0000000000000004        1     1056    68588        0     1076  2822402        0
0000000000000004        2     1076  2822402        0     1056    68588        0
datapath         in-port  eth-dst           out-port packets  bytes
---------------- -------- ----------------- -------- -------- --------
0000000000000004        1          10.0.0.4        2      843    55710
0000000000000004        1          10.0.0.4        2        2      196
0000000000000004        1          10.0.0.4        2        2      196
0000000000000004        2          10.0.0.1        1      860  2809344
0000000000000004        2          10.0.0.2        1        2      196
0000000000000004        2          10.0.0.3        1        2      196
datapath         port     rx-pkts  rx-bytes rx-error tx-pkts  tx-bytes tx-error
---------------- -------- -------- -------- -------- -------- -------- --------
0000000000000001        1      212    12666        0      208    12426        0
0000000000000001        2      212    12666        0      209    12486        0
0000000000000001        3     1076  2822402        0     1056    68588        0
0000000000000001        4      863    57226        0     1085  2822942        0
0000000000000001        5       22     1712        0      216    13170        0
0000000000000001        6       22     1712        0      217    13212        0
datapath         in-port  eth-dst           out-port packets  bytes
---------------- -------- ----------------- -------- -------- --------
0000000000000001        3          10.0.0.1        4      860  2809344
0000000000000001        3          10.0.0.2        5        2      196
0000000000000001        3          10.0.0.3        6        2      196
0000000000000001        4          10.0.0.2        5        1       98
0000000000000001        4          10.0.0.3        6        1       98
0000000000000001        4          10.0.0.4        3      842    55612
0000000000000001        5          10.0.0.1        4        2      196
0000000000000001        5          10.0.0.3        6        1       98
0000000000000001        5          10.0.0.4        3        1       98
0000000000000001        6          10.0.0.1        4        2      196
0000000000000001        6          10.0.0.2        5        2      196
0000000000000001        6          10.0.0.4        3        1       98
datapath         port     rx-pkts  rx-bytes rx-error tx-pkts  tx-bytes tx-error
---------------- -------- -------- -------- -------- -------- -------- --------
0000000000000003        1      209    12486        0      212    12666        0
0000000000000003        2      208    12426        0      209    12486        0
datapath         in-port  eth-dst           out-port packets  bytes
---------------- -------- ----------------- -------- -------- --------
datapath         port     rx-pkts  rx-bytes rx-error tx-pkts  tx-bytes tx-error
---------------- -------- -------- -------- -------- -------- -------- --------
0000000000000002        1      208    12426        0      212    12666        0
0000000000000002        2      208    12426        0      209    12486        0
datapath         in-port  eth-dst           out-port packets  bytes
---------------- -------- ----------------- -------- -------- --------
datapath         port     rx-pkts  rx-bytes rx-error tx-pkts  tx-bytes tx-error
---------------- -------- -------- -------- -------- -------- -------- --------
0000000000000005        1      209    12486        0      208    12426        0
0000000000000005        2      209    12486        0      208    12426        0
0000000000000005        3     1056    68588        0     1076  2822402        0
0000000000000005        4      882  2811036        0     1058    68708        0
datapath         in-port  eth-dst           out-port packets  bytes
---------------- -------- ----------------- -------- -------- --------
0000000000000005        3          10.0.0.4        4      843    55710
0000000000000005        3          10.0.0.4        4        2      196
0000000000000005        3          10.0.0.4        4        2      196
0000000000000005        4          10.0.0.1        3      860  2809344
0000000000000005        4          10.0.0.2        3        2      196
0000000000000005        4          10.0.0.3        3        2      196
discovery--->==================================== discovery ====================================
discovery---> cls: [(4, 1), (4, 5), (1, 2), (1, 3), (5, 2), (5, 3)]
discovery--->==============================
==================================== link detector ====================================

----------------------------
src    dst :    delay
4 <---> 1 : 3.2501220703125
4 <---> 5 : 3.996133804321289
1 <---> 2 : 7.373332977294922
1 <---> 4 : 3.8597583770751953
1 <---> 3 : 2.3317337036132812
5 <---> 2 : 4.13203239440918
5 <---> 4 : 4.062175750732422
5 <---> 3 : 3.8945674896240234
3 <---> 1 : 3.6873817443847656
3 <---> 5 : 3.7841796875
2 <---> 5 : 3.934621810913086
2 <---> 1 : 3.889322280883789
==================================== link detector ====================================

----------------------------
src    dst :    delay
4 <---> 1 : 3.9114952087402344
4 <---> 5 : 4.188299179077148
1 <---> 2 : 4.511833190917969
1 <---> 4 : 3.9191246032714844
1 <---> 3 : 3.878355026245117
5 <---> 2 : 4.581451416015625
5 <---> 4 : 3.148317337036133
5 <---> 3 : 3.823995590209961
3 <---> 1 : 4.2572021484375
3 <---> 5 : 3.8547515869140625
2 <---> 5 : 3.9567947387695312
2 <---> 1 : 4.395008087158203
datapath         port     rx-pkts  rx-bytes rx-error tx-pkts  tx-bytes tx-error
---------------- -------- -------- -------- -------- -------- -------- --------
0000000000000001        1      217    12966        0      214    12786        0
0000000000000001        2      218    13026        0      214    12786        0
0000000000000001        3     1081  2822702        0     1062    68948        0
0000000000000001        4      863    57226        0     1091  2823302        0
0000000000000001        5       22     1712        0      221    13470        0
0000000000000001        6       22     1712        0      222    13512        0
datapath         in-port  eth-dst           out-port packets  bytes
---------------- -------- ----------------- -------- -------- --------
0000000000000001        3          10.0.0.1        4      860  2809344
0000000000000001        3          10.0.0.2        5        2      196
0000000000000001        3          10.0.0.3        6        2      196
0000000000000001        4          10.0.0.2        5        1       98
0000000000000001        4          10.0.0.3        6        1       98
0000000000000001        4          10.0.0.4        3      842    55612
0000000000000001        5          10.0.0.1        4        2      196
0000000000000001        5          10.0.0.3        6        1       98
0000000000000001        5          10.0.0.4        3        1       98
0000000000000001        6          10.0.0.1        4        2      196
0000000000000001        6          10.0.0.2        5        2      196
0000000000000001        6          10.0.0.4        3        1       98
datapath         port     rx-pkts  rx-bytes rx-error tx-pkts  tx-bytes tx-error
---------------- -------- -------- -------- -------- -------- -------- --------
0000000000000004        1     1062    68948        0     1081  2822702        0
0000000000000004        2     1082  2822762        0     1061    68888        0
datapath         in-port  eth-dst           out-port packets  bytes
---------------- -------- ----------------- -------- -------- --------
0000000000000004        1          10.0.0.4        2      843    55710
0000000000000004        1          10.0.0.4        2        2      196
0000000000000004        1          10.0.0.4        2        2      196
0000000000000004        2          10.0.0.1        1      860  2809344
0000000000000004        2          10.0.0.2        1        2      196
0000000000000004        2          10.0.0.3        1        2      196
datapath         port     rx-pkts  rx-bytes rx-error tx-pkts  tx-bytes tx-error
---------------- -------- -------- -------- -------- -------- -------- --------
0000000000000003        1      214    12786        0      218    13026        0
0000000000000003        2      214    12786        0      215    12846        0
datapath         in-port  eth-dst           out-port packets  bytes
---------------- -------- ----------------- -------- -------- --------
datapath         port     rx-pkts  rx-bytes rx-error tx-pkts  tx-bytes tx-error
---------------- -------- -------- -------- -------- -------- -------- --------
0000000000000002        1      214    12786        0      217    12966        0
0000000000000002        2      214    12786        0      215    12846        0
datapath         in-port  eth-dst           out-port packets  bytes
---------------- -------- ----------------- -------- -------- --------
datapath         port     rx-pkts  rx-bytes rx-error tx-pkts  tx-bytes tx-error
---------------- -------- -------- -------- -------- -------- -------- --------
0000000000000005        1      215    12846        0      214    12786        0
0000000000000005        2      215    12846        0      214    12786        0
0000000000000005        3     1061    68888        0     1082  2822762        0
0000000000000005        4      882  2811036        0     1064    69068        0
datapath         in-port  eth-dst           out-port packets  bytes
---------------- -------- ----------------- -------- -------- --------
0000000000000005        3          10.0.0.4        4      843    55710
0000000000000005        3          10.0.0.4        4        2      196
0000000000000005        3          10.0.0.4        4        2      196
0000000000000005        4          10.0.0.1        3      860  2809344
0000000000000005        4          10.0.0.2        3        2      196
0000000000000005        4          10.0.0.3        3        2      196
discovery--->==================================== discovery ====================================
discovery---> cls: [(4, 1), (4, 5), (1, 2), (1, 3), (5, 2), (5, 3)]
discovery--->==============================
==================================== link detector ====================================

----------------------------
src    dst :    delay
4 <---> 1 : 4.332065582275391
4 <---> 5 : 4.062414169311523
1 <---> 2 : 4.343509674072266
1 <---> 4 : 4.304409027099609
1 <---> 3 : 4.599809646606445
5 <---> 2 : 3.9260387420654297
5 <---> 4 : 3.948688507080078
5 <---> 3 : 4.150867462158203
3 <---> 1 : 3.839731216430664
3 <---> 5 : 4.010677337646484
2 <---> 5 : 4.030704498291016
2 <---> 1 : 3.966093063354492
datapath         port     rx-pkts  rx-bytes rx-error tx-pkts  tx-bytes tx-error
---------------- -------- -------- -------- -------- -------- -------- --------
0000000000000001        1      223    13326        0      220    13146        0
0000000000000001        2      223    13326        0      220    13146        0
0000000000000001        3     1087  2823062        0     1067    69248        0
0000000000000001        4      863    57226        0     1097  2823662        0
0000000000000001        5       22     1712        0      227    13830        0
0000000000000001        6       22     1712        0      228    13872        0
datapath         in-port  eth-dst           out-port packets  bytes
---------------- -------- ----------------- -------- -------- --------
0000000000000001        3          10.0.0.1        4      860  2809344
0000000000000001        3          10.0.0.2        5        2      196
0000000000000001        3          10.0.0.3        6        2      196
0000000000000001        4          10.0.0.2        5        1       98
0000000000000001        4          10.0.0.3        6        1       98
0000000000000001        4          10.0.0.4        3      842    55612
0000000000000001        5          10.0.0.1        4        2      196
0000000000000001        5          10.0.0.3        6        1       98
0000000000000001        5          10.0.0.4        3        1       98
0000000000000001        6          10.0.0.1        4        2      196
0000000000000001        6          10.0.0.2        5        2      196
0000000000000001        6          10.0.0.4        3        1       98
datapath         port     rx-pkts  rx-bytes rx-error tx-pkts  tx-bytes tx-error
---------------- -------- -------- -------- -------- -------- -------- --------
0000000000000004        1     1067    69248        0     1087  2823062        0
0000000000000004        2     1087  2823062        0     1067    69248        0
datapath         in-port  eth-dst           out-port packets  bytes
---------------- -------- ----------------- -------- -------- --------
0000000000000004        1          10.0.0.4        2      843    55710
0000000000000004        1          10.0.0.4        2        2      196
0000000000000004        1          10.0.0.4        2        2      196
0000000000000004        2          10.0.0.1        1      860  2809344
0000000000000004        2          10.0.0.2        1        2      196
0000000000000004        2          10.0.0.3        1        2      196
datapath         port     rx-pkts  rx-bytes rx-error tx-pkts  tx-bytes tx-error
---------------- -------- -------- -------- -------- -------- -------- --------
0000000000000003        1      220    13146        0      223    13326        0
0000000000000003        2      219    13086        0      220    13146        0
datapath         in-port  eth-dst           out-port packets  bytes
---------------- -------- ----------------- -------- -------- --------
datapath         port     rx-pkts  rx-bytes rx-error tx-pkts  tx-bytes tx-error
---------------- -------- -------- -------- -------- -------- -------- --------
0000000000000005        1      220    13146        0      219    13086        0
0000000000000005        2      220    13146        0      219    13086        0
0000000000000005        3     1067    69248        0     1087  2823062        0
0000000000000005        4      882  2811036        0     1069    69368        0
datapath         in-port  eth-dst           out-port packets  bytes
---------------- -------- ----------------- -------- -------- --------
0000000000000005        3          10.0.0.4        4      843    55710
0000000000000005        3          10.0.0.4        4        2      196
0000000000000005        3          10.0.0.4        4        2      196
0000000000000005        4          10.0.0.1        3      860  2809344
0000000000000005        4          10.0.0.2        3        2      196
0000000000000005        4          10.0.0.3        3        2      196
datapath         port     rx-pkts  rx-bytes rx-error tx-pkts  tx-bytes tx-error
---------------- -------- -------- -------- -------- -------- -------- --------
0000000000000002        1      220    13146        0      223    13326        0
0000000000000002        2      219    13086        0      220    13146        0
datapath         in-port  eth-dst           out-port packets  bytes
---------------- -------- ----------------- -------- -------- --------
discovery--->==================================== discovery ====================================
discovery---> cls: [(4, 1), (4, 5), (1, 2), (1, 3), (5, 2), (5, 3)]
discovery--->==============================
==================================== link detector ====================================

----------------------------
src    dst :    delay
4 <---> 1 : 4.080772399902344
4 <---> 5 : 3.9741992950439453
1 <---> 2 : 4.332304000854492
1 <---> 4 : 4.101753234863281
1 <---> 3 : 4.082202911376953
5 <---> 2 : 2.5796890258789062
5 <---> 4 : 4.0531158447265625
5 <---> 3 : 2.1626949310302734
3 <---> 1 : 4.168033599853516
3 <---> 5 : 4.359006881713867
2 <---> 5 : 3.9224624633789062
2 <---> 1 : 4.044294357299805
==================================== link detector ====================================

----------------------------
src    dst :    delay
4 <---> 1 : 3.8788318634033203
4 <---> 5 : 4.635810852050781
1 <---> 2 : 3.9954185485839844
1 <---> 4 : 3.8137435913085938
1 <---> 3 : 4.683971405029297
5 <---> 2 : 4.0912628173828125
5 <---> 4 : 4.063844680786133
5 <---> 3 : 4.144430160522461
3 <---> 1 : 2.185344696044922
3 <---> 5 : 4.133462905883789
2 <---> 5 : 4.5108795166015625
2 <---> 1 : 3.8526058197021484
datapath         port     rx-pkts  rx-bytes rx-error tx-pkts  tx-bytes tx-error
---------------- -------- -------- -------- -------- -------- -------- --------
0000000000000001        1      229    13686        0      225    13446        0
0000000000000001        2      229    13686        0      225    13446        0
0000000000000001        3     1092  2823362        0     1073    69608        0
0000000000000001        4      863    57226        0     1102  2823962        0
0000000000000001        5       22     1712        0      232    14130        0
0000000000000001        6       22     1712        0      233    14172        0
datapath         port     rx-pkts  rx-bytes rx-error tx-pkts  tx-bytes tx-error
---------------- -------- -------- -------- -------- -------- -------- --------
0000000000000004        1     1073    69608        0     1092  2823362        0
0000000000000004        2     1093  2823422        0     1072    69548        0
datapath         in-port  eth-dst           out-port packets  bytes
---------------- -------- ----------------- -------- -------- --------
0000000000000004        1          10.0.0.4        2      843    55710
0000000000000004        1          10.0.0.4        2        2      196
0000000000000004        1          10.0.0.4        2        2      196
0000000000000004        2          10.0.0.1        1      860  2809344
0000000000000004        2          10.0.0.2        1        2      196
0000000000000004        2          10.0.0.3        1        2      196
datapath         in-port  eth-dst           out-port packets  bytes
---------------- -------- ----------------- -------- -------- --------
0000000000000001        3          10.0.0.1        4      860  2809344
0000000000000001        3          10.0.0.2        5        2      196
0000000000000001        3          10.0.0.3        6        2      196
0000000000000001        4          10.0.0.2        5        1       98
0000000000000001        4          10.0.0.3        6        1       98
0000000000000001        4          10.0.0.4        3      842    55612
0000000000000001        5          10.0.0.1        4        2      196
0000000000000001        5          10.0.0.3        6        1       98
0000000000000001        5          10.0.0.4        3        1       98
0000000000000001        6          10.0.0.1        4        2      196
0000000000000001        6          10.0.0.2        5        2      196
0000000000000001        6          10.0.0.4        3        1       98
datapath         port     rx-pkts  rx-bytes rx-error tx-pkts  tx-bytes tx-error
---------------- -------- -------- -------- -------- -------- -------- --------
0000000000000005        1      226    13506        0      225    13446        0
0000000000000005        2      226    13506        0      225    13446        0
0000000000000005        3     1072    69548        0     1093  2823422        0
0000000000000005        4      882  2811036        0     1075    69728        0
datapath         in-port  eth-dst           out-port packets  bytes
---------------- -------- ----------------- -------- -------- --------
0000000000000005        3          10.0.0.4        4      843    55710
0000000000000005        3          10.0.0.4        4        2      196
0000000000000005        3          10.0.0.4        4        2      196
0000000000000005        4          10.0.0.1        3      860  2809344
0000000000000005        4          10.0.0.2        3        2      196
0000000000000005        4          10.0.0.3        3        2      196
datapath         port     rx-pkts  rx-bytes rx-error tx-pkts  tx-bytes tx-error
---------------- -------- -------- -------- -------- -------- -------- --------
0000000000000002        1      225    13446        0      229    13686        0
0000000000000002        2      225    13446        0      226    13506        0
datapath         in-port  eth-dst           out-port packets  bytes
---------------- -------- ----------------- -------- -------- --------
datapath         port     rx-pkts  rx-bytes rx-error tx-pkts  tx-bytes tx-error
---------------- -------- -------- -------- -------- -------- -------- --------
0000000000000003        1      225    13446        0      229    13686        0
0000000000000003        2      225    13446        0      226    13506        0
datapath         in-port  eth-dst           out-port packets  bytes
---------------- -------- ----------------- -------- -------- --------
discovery--->==================================== discovery ====================================
discovery---> cls: [(4, 1), (4, 5), (1, 2), (1, 3), (5, 2), (5, 3)]
discovery--->==============================
==================================== link detector ====================================

----------------------------
src    dst :    delay
4 <---> 1 : 3.7505626678466797
4 <---> 5 : 3.7615299224853516
1 <---> 2 : 2.3314952850341797
1 <---> 4 : 2.2296905517578125
1 <---> 3 : 4.317522048950195
5 <---> 2 : 3.057718276977539
5 <---> 4 : 3.4203529357910156
5 <---> 3 : 2.8214454650878906
3 <---> 1 : 2.924203872680664
3 <---> 5 : 2.4704933166503906
2 <---> 5 : 2.444744110107422
2 <---> 1 : 3.995656967163086
datapath         port     rx-pkts  rx-bytes rx-error tx-pkts  tx-bytes tx-error
---------------- -------- -------- -------- -------- -------- -------- --------
0000000000000001        1      234    13986        0      231    13806        0
0000000000000001        2      234    13986        0      231    13806        0
0000000000000001        3     1098  2823722        0     1078    69908        0
0000000000000001        4      863    57226        0     1108  2824322        0
0000000000000001        5       22     1712        0      238    14490        0
0000000000000001        6       22     1712        0      239    14532        0
datapath         in-port  eth-dst           out-port packets  bytes
---------------- -------- ----------------- -------- -------- --------
0000000000000001        3          10.0.0.1        4      860  2809344
0000000000000001        3          10.0.0.2        5        2      196
0000000000000001        3          10.0.0.3        6        2      196
0000000000000001        4          10.0.0.2        5        1       98
0000000000000001        4          10.0.0.3        6        1       98
0000000000000001        4          10.0.0.4        3      842    55612
0000000000000001        5          10.0.0.1        4        2      196
0000000000000001        5          10.0.0.3        6        1       98
0000000000000001        5          10.0.0.4        3        1       98
0000000000000001        6          10.0.0.1        4        2      196
0000000000000001        6          10.0.0.2        5        2      196
0000000000000001        6          10.0.0.4        3        1       98
datapath         port     rx-pkts  rx-bytes rx-error tx-pkts  tx-bytes tx-error
---------------- -------- -------- -------- -------- -------- -------- --------
0000000000000002        1      231    13806        0      234    13986        0
0000000000000002        2      231    13806        0      231    13806        0
datapath         in-port  eth-dst           out-port packets  bytes
---------------- -------- ----------------- -------- -------- --------
datapath         port     rx-pkts  rx-bytes rx-error tx-pkts  tx-bytes tx-error
---------------- -------- -------- -------- -------- -------- -------- --------
0000000000000004        1     1078    69908        0     1098  2823722        0
0000000000000004        2     1098  2823722        0     1078    69908        0
datapath         in-port  eth-dst           out-port packets  bytes
---------------- -------- ----------------- -------- -------- --------
0000000000000004        1          10.0.0.4        2      843    55710
0000000000000004        1          10.0.0.4        2        2      196
0000000000000004        1          10.0.0.4        2        2      196
0000000000000004        2          10.0.0.1        1      860  2809344
0000000000000004        2          10.0.0.2        1        2      196
0000000000000004        2          10.0.0.3        1        2      196
datapath         port     rx-pkts  rx-bytes rx-error tx-pkts  tx-bytes tx-error
---------------- -------- -------- -------- -------- -------- -------- --------
0000000000000003        1      231    13806        0      234    13986        0
0000000000000003        2      231    13806        0      231    13806        0
datapath         in-port  eth-dst           out-port packets  bytes
---------------- -------- ----------------- -------- -------- --------
datapath         port     rx-pkts  rx-bytes rx-error tx-pkts  tx-bytes tx-error
---------------- -------- -------- -------- -------- -------- -------- --------
0000000000000005        1      231    13806        0      231    13806        0
0000000000000005        2      231    13806        0      231    13806        0
0000000000000005        3     1078    69908        0     1098  2823722        0
0000000000000005        4      882  2811036        0     1080    70028        0
datapath         in-port  eth-dst           out-port packets  bytes
---------------- -------- ----------------- -------- -------- --------
0000000000000005        3          10.0.0.4        4      843    55710
0000000000000005        3          10.0.0.4        4        2      196
0000000000000005        3          10.0.0.4        4        2      196
0000000000000005        4          10.0.0.1        3      860  2809344
0000000000000005        4          10.0.0.2        3        2      196
0000000000000005        4          10.0.0.3        3        2      196
discovery--->==================================== discovery ====================================
discovery---> cls: [(4, 1), (4, 5), (1, 2), (1, 3), (5, 2), (5, 3)]
discovery--->==============================
==================================== link detector ====================================

----------------------------
src    dst :    delay
4 <---> 1 : 3.644227981567383
4 <---> 5 : 2.328157424926758
1 <---> 2 : 3.906726837158203
1 <---> 4 : 3.907442092895508
1 <---> 3 : 3.7386417388916016
5 <---> 2 : 3.915548324584961
5 <---> 4 : 2.9730796813964844
5 <---> 3 : 4.374027252197266
3 <---> 1 : 4.0264129638671875
3 <---> 5 : 3.781557083129883
2 <---> 5 : 2.344846725463867
2 <---> 1 : 4.294157028198242
==================================== link detector ====================================

----------------------------
src    dst :    delay
4 <---> 1 : 3.3833980560302734
4 <---> 5 : 3.0412673950195312
1 <---> 2 : 3.1037330627441406
1 <---> 4 : 4.107952117919922
1 <---> 3 : 3.9196014404296875
5 <---> 2 : 4.075050354003906
5 <---> 4 : 4.069805145263672
5 <---> 3 : 4.869222640991211
3 <---> 1 : 6.272077560424805
3 <---> 5 : 4.601716995239258
2 <---> 5 : 4.282951354980469
2 <---> 1 : 4.413604736328125
datapath         port     rx-pkts  rx-bytes rx-error tx-pkts  tx-bytes tx-error
---------------- -------- -------- -------- -------- -------- -------- --------
0000000000000001        1      240    14346        0      236    14106        0
0000000000000001        2      240    14346        0      236    14106        0
0000000000000001        3     1104  2824082        0     1084    70268        0
0000000000000001        4      863    57226        0     1113  2824622        0
0000000000000001        5       22     1712        0      243    14790        0
0000000000000001        6       22     1712        0      244    14832        0
datapath         in-port  eth-dst           out-port packets  bytes
---------------- -------- ----------------- -------- -------- --------
0000000000000001        3          10.0.0.1        4      860  2809344
0000000000000001        3          10.0.0.2        5        2      196
0000000000000001        3          10.0.0.3        6        2      196
0000000000000001        4          10.0.0.2        5        1       98
0000000000000001        4          10.0.0.3        6        1       98
0000000000000001        4          10.0.0.4        3      842    55612
0000000000000001        5          10.0.0.1        4        2      196
0000000000000001        5          10.0.0.3        6        1       98
0000000000000001        5          10.0.0.4        3        1       98
0000000000000001        6          10.0.0.1        4        2      196
0000000000000001        6          10.0.0.2        5        2      196
0000000000000001        6          10.0.0.4        3        1       98
datapath         port     rx-pkts  rx-bytes rx-error tx-pkts  tx-bytes tx-error
---------------- -------- -------- -------- -------- -------- -------- --------
0000000000000005        1      237    14166        0      236    14106        0
0000000000000005        2      237    14166        0      236    14106        0
0000000000000005        3     1084    70268        0     1104  2824082        0
0000000000000005        4      882  2811036        0     1086    70388        0
datapath         in-port  eth-dst           out-port packets  bytes
---------------- -------- ----------------- -------- -------- --------
0000000000000005        3          10.0.0.4        4      843    55710
0000000000000005        3          10.0.0.4        4        2      196
0000000000000005        3          10.0.0.4        4        2      196
0000000000000005        4          10.0.0.1        3      860  2809344
0000000000000005        4          10.0.0.2        3        2      196
0000000000000005        4          10.0.0.3        3        2      196
datapath         port     rx-pkts  rx-bytes rx-error tx-pkts  tx-bytes tx-error
---------------- -------- -------- -------- -------- -------- -------- --------
0000000000000004        1     1084    70268        0     1104  2824082        0
0000000000000004        2     1104  2824082        0     1084    70268        0
datapath         in-port  eth-dst           out-port packets  bytes
---------------- -------- ----------------- -------- -------- --------
0000000000000004        1          10.0.0.4        2      843    55710
0000000000000004        1          10.0.0.4        2        2      196
0000000000000004        1          10.0.0.4        2        2      196
0000000000000004        2          10.0.0.1        1      860  2809344
0000000000000004        2          10.0.0.2        1        2      196
0000000000000004        2          10.0.0.3        1        2      196
datapath         port     rx-pkts  rx-bytes rx-error tx-pkts  tx-bytes tx-error
---------------- -------- -------- -------- -------- -------- -------- --------
0000000000000003        1      236    14106        0      240    14346        0
0000000000000003        2      236    14106        0      237    14166        0
datapath         in-port  eth-dst           out-port packets  bytes
---------------- -------- ----------------- -------- -------- --------
datapath         port     rx-pkts  rx-bytes rx-error tx-pkts  tx-bytes tx-error
---------------- -------- -------- -------- -------- -------- -------- --------
0000000000000002        1      236    14106        0      240    14346        0
0000000000000002        2      236    14106        0      237    14166        0
datapath         in-port  eth-dst           out-port packets  bytes
---------------- -------- ----------------- -------- -------- --------
discovery--->==================================== discovery ====================================
discovery---> cls: [(4, 1), (4, 5), (1, 2), (1, 3), (5, 2), (5, 3)]
discovery--->==============================
==================================== link detector ====================================

----------------------------
src    dst :    delay
4 <---> 1 : 3.899812698364258
4 <---> 5 : 4.202842712402344
1 <---> 2 : 4.924774169921875
1 <---> 4 : 3.991365432739258
1 <---> 3 : 3.95965576171875
5 <---> 2 : 4.071712493896484
5 <---> 4 : 4.23121452331543
5 <---> 3 : 4.336833953857422
3 <---> 1 : 4.1561126708984375
3 <---> 5 : 3.8976669311523438
2 <---> 5 : 4.033088684082031
2 <---> 1 : 3.8611888885498047
==================================== link detector ====================================

----------------------------
src    dst :    delay
4 <---> 1 : 4.583835601806641
4 <---> 5 : 4.862070083618164
1 <---> 2 : 2.5475025177001953
1 <---> 4 : 4.192590713500977
1 <---> 3 : 4.511356353759766
5 <---> 2 : 3.931283950805664
5 <---> 4 : 4.744529724121094
5 <---> 3 : 4.177570343017578
3 <---> 1 : 4.140138626098633
3 <---> 5 : 4.040718078613281
2 <---> 5 : 3.8938522338867188
2 <---> 1 : 3.900766372680664
datapath         port     rx-pkts  rx-bytes rx-error tx-pkts  tx-bytes tx-error
---------------- -------- -------- -------- -------- -------- -------- --------
0000000000000001        1      245    14646        0      242    14466        0
0000000000000001        2      245    14646        0      242    14466        0
0000000000000001        3     1109  2824382        0     1089    70568        0
0000000000000001        4      863    57226        0     1119  2824982        0
0000000000000001        5       22     1712        0      249    15150        0
0000000000000001        6       22     1712        0      250    15192        0
datapath         in-port  eth-dst           out-port packets  bytes
---------------- -------- ----------------- -------- -------- --------
0000000000000001        3          10.0.0.1        4      860  2809344
0000000000000001        3          10.0.0.2        5        2      196
0000000000000001        3          10.0.0.3        6        2      196
0000000000000001        4          10.0.0.2        5        1       98
0000000000000001        4          10.0.0.3        6        1       98
0000000000000001        4          10.0.0.4        3      842    55612
0000000000000001        5          10.0.0.1        4        2      196
0000000000000001        5          10.0.0.3        6        1       98
0000000000000001        5          10.0.0.4        3        1       98
0000000000000001        6          10.0.0.1        4        2      196
0000000000000001        6          10.0.0.2        5        2      196
0000000000000001        6          10.0.0.4        3        1       98
datapath         port     rx-pkts  rx-bytes rx-error tx-pkts  tx-bytes tx-error
---------------- -------- -------- -------- -------- -------- -------- --------
0000000000000004        1     1089    70568        0     1109  2824382        0
0000000000000004        2     1109  2824382        0     1089    70568        0
datapath         in-port  eth-dst           out-port packets  bytes
---------------- -------- ----------------- -------- -------- --------
0000000000000004        1          10.0.0.4        2      843    55710
0000000000000004        1          10.0.0.4        2        2      196
0000000000000004        1          10.0.0.4        2        2      196
0000000000000004        2          10.0.0.1        1      860  2809344
0000000000000004        2          10.0.0.2        1        2      196
0000000000000004        2          10.0.0.3        1        2      196
datapath         port     rx-pkts  rx-bytes rx-error tx-pkts  tx-bytes tx-error
---------------- -------- -------- -------- -------- -------- -------- --------
0000000000000003        1      242    14466        0      245    14646        0
0000000000000003        2      242    14466        0      242    14466        0
datapath         in-port  eth-dst           out-port packets  bytes
---------------- -------- ----------------- -------- -------- --------
datapath         port     rx-pkts  rx-bytes rx-error tx-pkts  tx-bytes tx-error
---------------- -------- -------- -------- -------- -------- -------- --------
0000000000000005        1      242    14466        0      242    14466        0
0000000000000005        2      242    14466        0      242    14466        0
0000000000000005        3     1089    70568        0     1109  2824382        0
0000000000000005        4      883  2811106        0     1092    70748        0
datapath         in-port  eth-dst           out-port packets  bytes
---------------- -------- ----------------- -------- -------- --------
0000000000000005        3          10.0.0.4        4      843    55710
0000000000000005        3          10.0.0.4        4        2      196
0000000000000005        3          10.0.0.4        4        2      196
0000000000000005        4          10.0.0.1        3      860  2809344
0000000000000005        4          10.0.0.2        3        2      196
0000000000000005        4          10.0.0.3        3        2      196
datapath         port     rx-pkts  rx-bytes rx-error tx-pkts  tx-bytes tx-error
---------------- -------- -------- -------- -------- -------- -------- --------
0000000000000002        1      242    14466        0      245    14646        0
0000000000000002        2      242    14466        0      242    14466        0
datapath         in-port  eth-dst           out-port packets  bytes
---------------- -------- ----------------- -------- -------- --------
discovery--->==================================== discovery ====================================
discovery---> cls: [(4, 1), (4, 5), (1, 2), (1, 3), (5, 2), (5, 3)]
discovery--->==============================
==================================== link detector ====================================

----------------------------
src    dst :    delay
4 <---> 1 : 2.2580623626708984
4 <---> 5 : 3.960132598876953
1 <---> 2 : 4.638195037841797
1 <---> 4 : 3.7658214569091797
1 <---> 3 : 3.7221908569335938
5 <---> 2 : 2.7256011962890625
5 <---> 4 : 4.822492599487305
5 <---> 3 : 4.58836555480957
3 <---> 1 : 3.9377212524414062
3 <---> 5 : 3.9834976196289062
2 <---> 5 : 4.023551940917969
2 <---> 1 : 3.9353370666503906
datapath         port     rx-pkts  rx-bytes rx-error tx-pkts  tx-bytes tx-error
---------------- -------- -------- -------- -------- -------- -------- --------
0000000000000004        1     1095    70928        0     1115  2824742        0
0000000000000004        2     1115  2824742        0     1095    70928        0
datapath         in-port  eth-dst           out-port packets  bytes
---------------- -------- ----------------- -------- -------- --------
0000000000000004        1          10.0.0.4        2      843    55710
0000000000000004        1          10.0.0.4        2        2      196
0000000000000004        1          10.0.0.4        2        2      196
0000000000000004        2          10.0.0.1        1      860  2809344
0000000000000004        2          10.0.0.2        1        2      196
0000000000000004        2          10.0.0.3        1        2      196
datapath         port     rx-pkts  rx-bytes rx-error tx-pkts  tx-bytes tx-error
---------------- -------- -------- -------- -------- -------- -------- --------
0000000000000001        1      251    15006        0      247    14766        0
0000000000000001        2      251    15006        0      248    14826        0
0000000000000001        3     1115  2824742        0     1095    70928        0
0000000000000001        4      863    57226        0     1124  2825282        0
0000000000000001        5       22     1712        0      255    15510        0
0000000000000001        6       22     1712        0      255    15492        0
datapath         in-port  eth-dst           out-port packets  bytes
---------------- -------- ----------------- -------- -------- --------
0000000000000001        3          10.0.0.1        4      860  2809344
0000000000000001        3          10.0.0.2        5        2      196
0000000000000001        3          10.0.0.3        6        2      196
0000000000000001        4          10.0.0.2        5        1       98
0000000000000001        4          10.0.0.3        6        1       98
0000000000000001        4          10.0.0.4        3      842    55612
0000000000000001        5          10.0.0.1        4        2      196
0000000000000001        5          10.0.0.3        6        1       98
0000000000000001        5          10.0.0.4        3        1       98
0000000000000001        6          10.0.0.1        4        2      196
0000000000000001        6          10.0.0.2        5        2      196
0000000000000001        6          10.0.0.4        3        1       98
datapath         port     rx-pkts  rx-bytes rx-error tx-pkts  tx-bytes tx-error
---------------- -------- -------- -------- -------- -------- -------- --------
0000000000000002        1      247    14766        0      251    15006        0
0000000000000002        2      247    14766        0      248    14826        0
datapath         in-port  eth-dst           out-port packets  bytes
---------------- -------- ----------------- -------- -------- --------
datapath         port     rx-pkts  rx-bytes rx-error tx-pkts  tx-bytes tx-error
---------------- -------- -------- -------- -------- -------- -------- --------
0000000000000003        1      248    14826        0      251    15006        0
0000000000000003        2      247    14766        0      248    14826        0
datapath         in-port  eth-dst           out-port packets  bytes
---------------- -------- ----------------- -------- -------- --------
datapath         port     rx-pkts  rx-bytes rx-error tx-pkts  tx-bytes tx-error
---------------- -------- -------- -------- -------- -------- -------- --------
0000000000000005        1      248    14826        0      247    14766        0
0000000000000005        2      248    14826        0      247    14766        0
0000000000000005        3     1095    70928        0     1115  2824742        0
0000000000000005        4      883  2811106        0     1097    71048        0
datapath         in-port  eth-dst           out-port packets  bytes
---------------- -------- ----------------- -------- -------- --------
0000000000000005        3          10.0.0.4        4      843    55710
0000000000000005        3          10.0.0.4        4        2      196
0000000000000005        3          10.0.0.4        4        2      196
0000000000000005        4          10.0.0.1        3      860  2809344
0000000000000005        4          10.0.0.2        3        2      196
0000000000000005        4          10.0.0.3        3        2      196
discovery--->==================================== discovery ====================================
discovery---> cls: [(4, 1), (4, 5), (1, 2), (1, 3), (5, 2), (5, 3)]
discovery--->==============================
==================================== link detector ====================================

----------------------------
src    dst :    delay
4 <---> 1 : 4.070281982421875
4 <---> 5 : 3.8597583770751953
1 <---> 2 : 4.275083541870117
1 <---> 4 : 3.954648971557617
1 <---> 3 : 4.025697708129883
5 <---> 2 : 2.045154571533203
5 <---> 4 : 4.181146621704102
5 <---> 3 : 3.356456756591797
3 <---> 1 : 3.6077499389648438
3 <---> 5 : 4.032373428344727
2 <---> 5 : 4.606962203979492
2 <---> 1 : 3.679513931274414
==================================== link detector ====================================

----------------------------
src    dst :    delay
4 <---> 1 : 4.055261611938477
4 <---> 5 : 3.992319107055664
1 <---> 2 : 3.921031951904297
1 <---> 4 : 3.336668014526367
1 <---> 3 : 4.310131072998047
5 <---> 2 : 4.235267639160156
5 <---> 4 : 3.873586654663086
5 <---> 3 : 4.642486572265625
3 <---> 1 : 2.232789993286133
3 <---> 5 : 2.876758575439453
2 <---> 5 : 3.1900405883789062
2 <---> 1 : 4.029035568237305
datapath         port     rx-pkts  rx-bytes rx-error tx-pkts  tx-bytes tx-error
---------------- -------- -------- -------- -------- -------- -------- --------
0000000000000004        1     1101    71288        0     1120  2825042        0
0000000000000004        2     1121  2825102        0     1100    71228        0
datapath         in-port  eth-dst           out-port packets  bytes
---------------- -------- ----------------- -------- -------- --------
0000000000000004        1          10.0.0.4        2      843    55710
0000000000000004        1          10.0.0.4        2        2      196
0000000000000004        1          10.0.0.4        2        2      196
0000000000000004        2          10.0.0.1        1      860  2809344
0000000000000004        2          10.0.0.2        1        2      196
0000000000000004        2          10.0.0.3        1        2      196
datapath         port     rx-pkts  rx-bytes rx-error tx-pkts  tx-bytes tx-error
---------------- -------- -------- -------- -------- -------- -------- --------
0000000000000001        1      256    15306        0      253    15126        0
0000000000000001        2      256    15306        0      253    15126        0
0000000000000001        3     1120  2825042        0     1101    71288        0
0000000000000001        4      863    57226        0     1130  2825642        0
0000000000000001        5       22     1712        0      260    15810        0
0000000000000001        6       22     1712        0      261    15852        0
datapath         in-port  eth-dst           out-port packets  bytes
---------------- -------- ----------------- -------- -------- --------
0000000000000001        3          10.0.0.1        4      860  2809344
0000000000000001        3          10.0.0.2        5        2      196
0000000000000001        3          10.0.0.3        6        2      196
0000000000000001        4          10.0.0.2        5        1       98
0000000000000001        4          10.0.0.3        6        1       98
0000000000000001        4          10.0.0.4        3      842    55612
0000000000000001        5          10.0.0.1        4        2      196
0000000000000001        5          10.0.0.3        6        1       98
0000000000000001        5          10.0.0.4        3        1       98
0000000000000001        6          10.0.0.1        4        2      196
0000000000000001        6          10.0.0.2        5        2      196
0000000000000001        6          10.0.0.4        3        1       98
datapath         port     rx-pkts  rx-bytes rx-error tx-pkts  tx-bytes tx-error
---------------- -------- -------- -------- -------- -------- -------- --------
0000000000000003        1      253    15126        0      256    15306        0
0000000000000003        2      253    15126        0      253    15126        0
datapath         in-port  eth-dst           out-port packets  bytes
---------------- -------- ----------------- -------- -------- --------
datapath         port     rx-pkts  rx-bytes rx-error tx-pkts  tx-bytes tx-error
---------------- -------- -------- -------- -------- -------- -------- --------
0000000000000005        1      253    15126        0      253    15126        0
0000000000000005        2      253    15126        0      253    15126        0
0000000000000005        3     1100    71228        0     1121  2825102        0
0000000000000005        4      883  2811106        0     1103    71408        0
datapath         in-port  eth-dst           out-port packets  bytes
---------------- -------- ----------------- -------- -------- --------
0000000000000005        3          10.0.0.4        4      843    55710
0000000000000005        3          10.0.0.4        4        2      196
0000000000000005        3          10.0.0.4        4        2      196
0000000000000005        4          10.0.0.1        3      860  2809344
0000000000000005        4          10.0.0.2        3        2      196
0000000000000005        4          10.0.0.3        3        2      196
datapath         port     rx-pkts  rx-bytes rx-error tx-pkts  tx-bytes tx-error
---------------- -------- -------- -------- -------- -------- -------- --------
0000000000000002        1      253    15126        0      256    15306        0
0000000000000002        2      253    15126        0      253    15126        0
datapath         in-port  eth-dst           out-port packets  bytes
---------------- -------- ----------------- -------- -------- --------
discovery--->==================================== discovery ====================================
discovery---> cls: [(4, 1), (4, 5), (1, 2), (1, 3), (5, 2), (5, 3)]
discovery--->==============================
==================================== link detector ====================================

----------------------------
src    dst :    delay
4 <---> 1 : 4.422664642333984
4 <---> 5 : 4.332065582275391
1 <---> 2 : 3.8976669311523438
1 <---> 4 : 4.063844680786133
1 <---> 3 : 2.0728111267089844
5 <---> 2 : 2.5491714477539062
5 <---> 4 : 4.018068313598633
5 <---> 3 : 3.9987564086914062
3 <---> 1 : 3.616809844970703
3 <---> 5 : 3.983736038208008
2 <---> 5 : 3.950834274291992
2 <---> 1 : 4.489660263061523
datapath         port     rx-pkts  rx-bytes rx-error tx-pkts  tx-bytes tx-error
---------------- -------- -------- -------- -------- -------- -------- --------
0000000000000004        1     1106    71588        0     1126  2825402        0
0000000000000004        2     1126  2825402        0     1106    71588        0
datapath         in-port  eth-dst           out-port packets  bytes
---------------- -------- ----------------- -------- -------- --------
0000000000000004        1          10.0.0.4        2      843    55710
0000000000000004        1          10.0.0.4        2        2      196
0000000000000004        1          10.0.0.4        2        2      196
0000000000000004        2          10.0.0.1        1      860  2809344
0000000000000004        2          10.0.0.2        1        2      196
0000000000000004        2          10.0.0.3        1        2      196
datapath         port     rx-pkts  rx-bytes rx-error tx-pkts  tx-bytes tx-error
---------------- -------- -------- -------- -------- -------- -------- --------
0000000000000001        1      262    15666        0      258    15426        0
0000000000000001        2      262    15666        0      259    15486        0
0000000000000001        3     1126  2825402        0     1106    71588        0
0000000000000001        4      863    57226        0     1135  2825942        0
0000000000000001        5       22     1712        0      266    16170        0
0000000000000001        6       22     1712        0      267    16212        0
datapath         in-port  eth-dst           out-port packets  bytes
---------------- -------- ----------------- -------- -------- --------
0000000000000001        3          10.0.0.1        4      860  2809344
0000000000000001        3          10.0.0.2        5        2      196
0000000000000001        3          10.0.0.3        6        2      196
0000000000000001        4          10.0.0.2        5        1       98
0000000000000001        4          10.0.0.3        6        1       98
0000000000000001        4          10.0.0.4        3      842    55612
0000000000000001        5          10.0.0.1        4        2      196
0000000000000001        5          10.0.0.3        6        1       98
0000000000000001        5          10.0.0.4        3        1       98
0000000000000001        6          10.0.0.1        4        2      196
0000000000000001        6          10.0.0.2        5        2      196
0000000000000001        6          10.0.0.4        3        1       98
datapath         port     rx-pkts  rx-bytes rx-error tx-pkts  tx-bytes tx-error
---------------- -------- -------- -------- -------- -------- -------- --------
0000000000000003        1      259    15486        0      262    15666        0
0000000000000003        2      258    15426        0      259    15486        0
datapath         in-port  eth-dst           out-port packets  bytes
---------------- -------- ----------------- -------- -------- --------
datapath         port     rx-pkts  rx-bytes rx-error tx-pkts  tx-bytes tx-error
---------------- -------- -------- -------- -------- -------- -------- --------
0000000000000002        1      258    15426        0      262    15666        0
0000000000000002        2      258    15426        0      259    15486        0
datapath         in-port  eth-dst           out-port packets  bytes
---------------- -------- ----------------- -------- -------- --------
datapath         port     rx-pkts  rx-bytes rx-error tx-pkts  tx-bytes tx-error
---------------- -------- -------- -------- -------- -------- -------- --------
0000000000000005        1      259    15486        0      258    15426        0
0000000000000005        2      259    15486        0      258    15426        0
0000000000000005        3     1106    71588        0     1126  2825402        0
0000000000000005        4      883  2811106        0     1108    71708        0
datapath         in-port  eth-dst           out-port packets  bytes
---------------- -------- ----------------- -------- -------- --------
0000000000000005        3          10.0.0.4        4      843    55710
0000000000000005        3          10.0.0.4        4        2      196
0000000000000005        3          10.0.0.4        4        2      196
0000000000000005        4          10.0.0.1        3      860  2809344
0000000000000005        4          10.0.0.2        3        2      196
0000000000000005        4          10.0.0.3        3        2      196
discovery--->==================================== discovery ====================================
discovery---> cls: [(4, 1), (4, 5), (1, 2), (1, 3), (5, 2), (5, 3)]
discovery--->==============================
==================================== link detector ====================================

----------------------------
src    dst :    delay
4 <---> 1 : 4.443645477294922
4 <---> 5 : 4.174947738647461
1 <---> 2 : 4.388332366943359
1 <---> 4 : 3.966093063354492
1 <---> 3 : 4.485607147216797
5 <---> 2 : 4.726409912109375
5 <---> 4 : 4.271030426025391
5 <---> 3 : 4.196882247924805
3 <---> 1 : 4.649639129638672
3 <---> 5 : 2.1648406982421875
2 <---> 5 : 4.6539306640625
2 <---> 1 : 3.892183303833008
==================================== link detector ====================================

----------------------------
src    dst :    delay
4 <---> 1 : 3.9873123168945312
4 <---> 5 : 4.429817199707031
1 <---> 2 : 2.6481151580810547
1 <---> 4 : 4.197597503662109
1 <---> 3 : 5.79833984375
5 <---> 2 : 4.2285919189453125
5 <---> 4 : 3.895282745361328
5 <---> 3 : 4.122018814086914
3 <---> 1 : 2.198457717895508
3 <---> 5 : 5.424976348876953
2 <---> 5 : 4.386663436889648
2 <---> 1 : 3.768444061279297
datapath         port     rx-pkts  rx-bytes rx-error tx-pkts  tx-bytes tx-error
---------------- -------- -------- -------- -------- -------- -------- --------
0000000000000001        1      267    15966        0      264    15786        0
0000000000000001        2      268    16026        0      264    15786        0
0000000000000001        3     1131  2825702        0     1112    71948        0
0000000000000001        4      863    57226        0     1141  2826302        0
0000000000000001        5       22     1712        0      271    16470        0
0000000000000001        6       23     1782        0      272    16512        0
datapath         in-port  eth-dst           out-port packets  bytes
---------------- -------- ----------------- -------- -------- --------
0000000000000001        3          10.0.0.1        4      860  2809344
0000000000000001        3          10.0.0.2        5        2      196
0000000000000001        3          10.0.0.3        6        2      196
0000000000000001        4          10.0.0.2        5        1       98
0000000000000001        4          10.0.0.3        6        1       98
0000000000000001        4          10.0.0.4        3      842    55612
0000000000000001        5          10.0.0.1        4        2      196
0000000000000001        5          10.0.0.3        6        1       98
0000000000000001        5          10.0.0.4        3        1       98
0000000000000001        6          10.0.0.1        4        2      196
0000000000000001        6          10.0.0.2        5        2      196
0000000000000001        6          10.0.0.4        3        1       98
datapath         port     rx-pkts  rx-bytes rx-error tx-pkts  tx-bytes tx-error
---------------- -------- -------- -------- -------- -------- -------- --------
0000000000000005        1      264    15786        0      264    15786        0
0000000000000005        2      265    15846        0      264    15786        0
0000000000000005        3     1111    71888        0     1132  2825762        0
0000000000000005        4      883  2811106        0     1114    72068        0
datapath         in-port  eth-dst           out-port packets  bytes
---------------- -------- ----------------- -------- -------- --------
0000000000000005        3          10.0.0.4        4      843    55710
0000000000000005        3          10.0.0.4        4        2      196
0000000000000005        3          10.0.0.4        4        2      196
0000000000000005        4          10.0.0.1        3      860  2809344
0000000000000005        4          10.0.0.2        3        2      196
0000000000000005        4          10.0.0.3        3        2      196
datapath         port     rx-pkts  rx-bytes rx-error tx-pkts  tx-bytes tx-error
---------------- -------- -------- -------- -------- -------- -------- --------
0000000000000003        1      264    15786        0      268    16026        0
0000000000000003        2      264    15786        0      265    15846        0
datapath         in-port  eth-dst           out-port packets  bytes
---------------- -------- ----------------- -------- -------- --------
datapath         port     rx-pkts  rx-bytes rx-error tx-pkts  tx-bytes tx-error
---------------- -------- -------- -------- -------- -------- -------- --------
0000000000000004        1     1112    71948        0     1131  2825702        0
0000000000000004        2     1132  2825762        0     1111    71888        0
datapath         in-port  eth-dst           out-port packets  bytes
---------------- -------- ----------------- -------- -------- --------
0000000000000004        1          10.0.0.4        2      843    55710
0000000000000004        1          10.0.0.4        2        2      196
0000000000000004        1          10.0.0.4        2        2      196
0000000000000004        2          10.0.0.1        1      860  2809344
0000000000000004        2          10.0.0.2        1        2      196
0000000000000004        2          10.0.0.3        1        2      196
datapath         port     rx-pkts  rx-bytes rx-error tx-pkts  tx-bytes tx-error
---------------- -------- -------- -------- -------- -------- -------- --------
0000000000000002        1      264    15786        0      267    15966        0
0000000000000002        2      264    15786        0      264    15786        0
datapath         in-port  eth-dst           out-port packets  bytes
---------------- -------- ----------------- -------- -------- --------
discovery--->==================================== discovery ====================================
discovery---> cls: [(4, 1), (4, 5), (1, 2), (1, 3), (5, 2), (5, 3)]
discovery--->==============================
==================================== link detector ====================================

----------------------------
src    dst :    delay
4 <---> 1 : 2.3288726806640625
4 <---> 5 : 2.9370784759521484
1 <---> 2 : 4.664421081542969
1 <---> 4 : 3.742694854736328
1 <---> 3 : 4.619836807250977
5 <---> 2 : 4.230976104736328
5 <---> 4 : 3.907442092895508
5 <---> 3 : 2.0096302032470703
3 <---> 1 : 4.304647445678711
3 <---> 5 : 3.777027130126953
2 <---> 5 : 3.3855438232421875
2 <---> 1 : 4.102945327758789
datapath         port     rx-pkts  rx-bytes rx-error tx-pkts  tx-bytes tx-error
---------------- -------- -------- -------- -------- -------- -------- --------
0000000000000001        1      273    16326        0      270    16146        0
0000000000000001        2      273    16326        0      270    16146        0
0000000000000001        3     1137  2826062        0     1117    72248        0
0000000000000001        4      863    57226        0     1146  2826602        0
0000000000000001        5       22     1712        0      277    16830        0
0000000000000001        6       23     1782        0      278    16872        0
datapath         in-port  eth-dst           out-port packets  bytes
---------------- -------- ----------------- -------- -------- --------
0000000000000001        3          10.0.0.1        4      860  2809344
0000000000000001        3          10.0.0.2        5        2      196
0000000000000001        3          10.0.0.3        6        2      196
0000000000000001        4          10.0.0.2        5        1       98
0000000000000001        4          10.0.0.3        6        1       98
0000000000000001        4          10.0.0.4        3      842    55612
0000000000000001        5          10.0.0.1        4        2      196
0000000000000001        5          10.0.0.3        6        1       98
0000000000000001        5          10.0.0.4        3        1       98
0000000000000001        6          10.0.0.1        4        2      196
0000000000000001        6          10.0.0.2        5        2      196
0000000000000001        6          10.0.0.4        3        1       98
datapath         port     rx-pkts  rx-bytes rx-error tx-pkts  tx-bytes tx-error
---------------- -------- -------- -------- -------- -------- -------- --------
0000000000000004        1     1117    72248        0     1137  2826062        0
0000000000000004        2     1137  2826062        0     1117    72248        0
datapath         in-port  eth-dst           out-port packets  bytes
---------------- -------- ----------------- -------- -------- --------
0000000000000004        1          10.0.0.4        2      843    55710
0000000000000004        1          10.0.0.4        2        2      196
0000000000000004        1          10.0.0.4        2        2      196
0000000000000004        2          10.0.0.1        1      860  2809344
0000000000000004        2          10.0.0.2        1        2      196
0000000000000004        2          10.0.0.3        1        2      196
datapath         port     rx-pkts  rx-bytes rx-error tx-pkts  tx-bytes tx-error
---------------- -------- -------- -------- -------- -------- -------- --------
0000000000000003        1      270    16146        0      273    16326        0
0000000000000003        2      269    16086        0      270    16146        0
datapath         in-port  eth-dst           out-port packets  bytes
---------------- -------- ----------------- -------- -------- --------
datapath         port     rx-pkts  rx-bytes rx-error tx-pkts  tx-bytes tx-error
---------------- -------- -------- -------- -------- -------- -------- --------
0000000000000002        1      270    16146        0      273    16326        0
0000000000000002        2      269    16086        0      270    16146        0
datapath         in-port  eth-dst           out-port packets  bytes
---------------- -------- ----------------- -------- -------- --------
datapath         port     rx-pkts  rx-bytes rx-error tx-pkts  tx-bytes tx-error
---------------- -------- -------- -------- -------- -------- -------- --------
0000000000000005        1      270    16146        0      269    16086        0
0000000000000005        2      270    16146        0      269    16086        0
0000000000000005        3     1117    72248        0     1137  2826062        0
0000000000000005        4      883  2811106        0     1119    72368        0
datapath         in-port  eth-dst           out-port packets  bytes
---------------- -------- ----------------- -------- -------- --------
0000000000000005        3          10.0.0.4        4      843    55710
0000000000000005        3          10.0.0.4        4        2      196
0000000000000005        3          10.0.0.4        4        2      196
0000000000000005        4          10.0.0.1        3      860  2809344
0000000000000005        4          10.0.0.2        3        2      196
0000000000000005        4          10.0.0.3        3        2      196
discovery--->==================================== discovery ====================================
discovery---> cls: [(4, 1), (4, 5), (1, 2), (1, 3), (5, 2), (5, 3)]
discovery--->==============================
==================================== link detector ====================================

----------------------------
src    dst :    delay
4 <---> 1 : 3.785848617553711
4 <---> 5 : 4.048347473144531
1 <---> 2 : 4.206657409667969
1 <---> 4 : 1.8515586853027344
1 <---> 3 : 1.9512176513671875
5 <---> 2 : 3.8542747497558594
5 <---> 4 : 4.304647445678711
5 <---> 3 : 4.060029983520508
3 <---> 1 : 4.053831100463867
3 <---> 5 : 4.210233688354492
2 <---> 5 : 4.294872283935547
2 <---> 1 : 4.703521728515625
==================================== link detector ====================================

----------------------------
src    dst :    delay
4 <---> 1 : 3.840208053588867
4 <---> 5 : 2.536773681640625
1 <---> 2 : 3.9796829223632812
1 <---> 4 : 3.286123275756836
1 <---> 3 : 3.8535594940185547
5 <---> 2 : 4.123210906982422
5 <---> 4 : 4.721164703369141
5 <---> 3 : 3.398895263671875
3 <---> 1 : 2.450704574584961
3 <---> 5 : 1.9965171813964844
2 <---> 5 : 2.4347305297851562
2 <---> 1 : 2.480745315551758
datapath         port     rx-pkts  rx-bytes rx-error tx-pkts  tx-bytes tx-error
---------------- -------- -------- -------- -------- -------- -------- --------
0000000000000001        1      279    16686        0      275    16446        0
0000000000000001        2      279    16686        0      275    16446        0
0000000000000001        3     1142  2826362        0     1123    72608        0
0000000000000001        4      863    57226        0     1152  2826962        0
0000000000000001        5       22     1712        0      282    17130        0
0000000000000001        6       23     1782        0      283    17172        0
datapath         in-port  eth-dst           out-port packets  bytes
---------------- -------- ----------------- -------- -------- --------
0000000000000001        3          10.0.0.1        4      860  2809344
0000000000000001        3          10.0.0.2        5        2      196
0000000000000001        3          10.0.0.3        6        2      196
0000000000000001        4          10.0.0.2        5        1       98
0000000000000001        4          10.0.0.3        6        1       98
0000000000000001        4          10.0.0.4        3      842    55612
0000000000000001        5          10.0.0.1        4        2      196
0000000000000001        5          10.0.0.3        6        1       98
0000000000000001        5          10.0.0.4        3        1       98
0000000000000001        6          10.0.0.1        4        2      196
0000000000000001        6          10.0.0.2        5        2      196
0000000000000001        6          10.0.0.4        3        1       98
datapath         port     rx-pkts  rx-bytes rx-error tx-pkts  tx-bytes tx-error
---------------- -------- -------- -------- -------- -------- -------- --------
0000000000000004        1     1123    72608        0     1142  2826362        0
0000000000000004        2     1143  2826422        0     1122    72548        0
datapath         in-port  eth-dst           out-port packets  bytes
---------------- -------- ----------------- -------- -------- --------
0000000000000004        1          10.0.0.4        2      843    55710
0000000000000004        1          10.0.0.4        2        2      196
0000000000000004        1          10.0.0.4        2        2      196
0000000000000004        2          10.0.0.1        1      860  2809344
0000000000000004        2          10.0.0.2        1        2      196
0000000000000004        2          10.0.0.3        1        2      196
datapath         port     rx-pkts  rx-bytes rx-error tx-pkts  tx-bytes tx-error
---------------- -------- -------- -------- -------- -------- -------- --------
0000000000000002        1      275    16446        0      279    16686        0
0000000000000002        2      275    16446        0      276    16506        0
datapath         in-port  eth-dst           out-port packets  bytes
---------------- -------- ----------------- -------- -------- --------
datapath         port     rx-pkts  rx-bytes rx-error tx-pkts  tx-bytes tx-error
---------------- -------- -------- -------- -------- -------- -------- --------
0000000000000003        1      275    16446        0      279    16686        0
0000000000000003        2      275    16446        0      276    16506        0
datapath         in-port  eth-dst           out-port packets  bytes
---------------- -------- ----------------- -------- -------- --------
datapath         port     rx-pkts  rx-bytes rx-error tx-pkts  tx-bytes tx-error
---------------- -------- -------- -------- -------- -------- -------- --------
0000000000000005        1      276    16506        0      275    16446        0
0000000000000005        2      276    16506        0      275    16446        0
0000000000000005        3     1122    72548        0     1143  2826422        0
0000000000000005        4      883  2811106        0     1125    72728        0
datapath         in-port  eth-dst           out-port packets  bytes
---------------- -------- ----------------- -------- -------- --------
0000000000000005        3          10.0.0.4        4      843    55710
0000000000000005        3          10.0.0.4        4        2      196
0000000000000005        3          10.0.0.4        4        2      196
0000000000000005        4          10.0.0.1        3      860  2809344
0000000000000005        4          10.0.0.2        3        2      196
0000000000000005        4          10.0.0.3        3        2      196
discovery--->==================================== discovery ====================================
discovery---> cls: [(4, 1), (4, 5), (1, 2), (1, 3), (5, 2), (5, 3)]
discovery--->==============================
==================================== link detector ====================================

----------------------------
src    dst :    delay
4 <---> 1 : 4.081010818481445
4 <---> 5 : 4.050493240356445
1 <---> 2 : 4.137992858886719
1 <---> 4 : 3.751516342163086
1 <---> 3 : 3.8590431213378906
5 <---> 2 : 4.472970962524414
5 <---> 4 : 3.859281539916992
5 <---> 3 : 4.376888275146484
3 <---> 1 : 4.281282424926758
3 <---> 5 : 4.302501678466797
2 <---> 5 : 3.988981246948242
2 <---> 1 : 4.40526008605957
datapath         port     rx-pkts  rx-bytes rx-error tx-pkts  tx-bytes tx-error
---------------- -------- -------- -------- -------- -------- -------- --------
0000000000000001        1      284    16986        0      281    16806        0
0000000000000001        2      284    16986        0      281    16806        0
0000000000000001        3     1148  2826722        0     1128    72908        0
0000000000000001        4      863    57226        0     1158  2827322        0
0000000000000001        5       22     1712        0      288    17490        0
0000000000000001        6       23     1782        0      289    17532        0
datapath         in-port  eth-dst           out-port packets  bytes
---------------- -------- ----------------- -------- -------- --------
0000000000000001        3          10.0.0.1        4      860  2809344
0000000000000001        3          10.0.0.2        5        2      196
0000000000000001        3          10.0.0.3        6        2      196
0000000000000001        4          10.0.0.2        5        1       98
0000000000000001        4          10.0.0.3        6        1       98
0000000000000001        4          10.0.0.4        3      842    55612
0000000000000001        5          10.0.0.1        4        2      196
0000000000000001        5          10.0.0.3        6        1       98
0000000000000001        5          10.0.0.4        3        1       98
0000000000000001        6          10.0.0.1        4        2      196
0000000000000001        6          10.0.0.2        5        2      196
0000000000000001        6          10.0.0.4        3        1       98
datapath         port     rx-pkts  rx-bytes rx-error tx-pkts  tx-bytes tx-error
---------------- -------- -------- -------- -------- -------- -------- --------
0000000000000004        1     1128    72908        0     1148  2826722        0
0000000000000004        2     1148  2826722        0     1128    72908        0
datapath         in-port  eth-dst           out-port packets  bytes
---------------- -------- ----------------- -------- -------- --------
0000000000000004        1          10.0.0.4        2      843    55710
0000000000000004        1          10.0.0.4        2        2      196
0000000000000004        1          10.0.0.4        2        2      196
0000000000000004        2          10.0.0.1        1      860  2809344
0000000000000004        2          10.0.0.2        1        2      196
0000000000000004        2          10.0.0.3        1        2      196
datapath         port     rx-pkts  rx-bytes rx-error tx-pkts  tx-bytes tx-error
---------------- -------- -------- -------- -------- -------- -------- --------
0000000000000005        1      281    16806        0      280    16746        0
0000000000000005        2      281    16806        0      281    16806        0
0000000000000005        3     1128    72908        0     1148  2826722        0
0000000000000005        4      883  2811106        0     1130    73028        0
datapath         in-port  eth-dst           out-port packets  bytes
---------------- -------- ----------------- -------- -------- --------
0000000000000005        3          10.0.0.4        4      843    55710
0000000000000005        3          10.0.0.4        4        2      196
0000000000000005        3          10.0.0.4        4        2      196
0000000000000005        4          10.0.0.1        3      860  2809344
0000000000000005        4          10.0.0.2        3        2      196
0000000000000005        4          10.0.0.3        3        2      196
datapath         port     rx-pkts  rx-bytes rx-error tx-pkts  tx-bytes tx-error
---------------- -------- -------- -------- -------- -------- -------- --------
0000000000000003        1      281    16806        0      284    16986        0
0000000000000003        2      281    16806        0      281    16806        0
datapath         in-port  eth-dst           out-port packets  bytes
---------------- -------- ----------------- -------- -------- --------
datapath         port     rx-pkts  rx-bytes rx-error tx-pkts  tx-bytes tx-error
---------------- -------- -------- -------- -------- -------- -------- --------
0000000000000002        1      281    16806        0      284    16986        0
0000000000000002        2      280    16746        0      281    16806        0
datapath         in-port  eth-dst           out-port packets  bytes
---------------- -------- ----------------- -------- -------- --------
discovery--->==================================== discovery ====================================
discovery---> cls: [(4, 1), (4, 5), (1, 2), (1, 3), (5, 2), (5, 3)]
discovery--->==============================
==================================== link detector ====================================

----------------------------
src    dst :    delay
4 <---> 1 : 3.6792755126953125
4 <---> 5 : 4.020214080810547
1 <---> 2 : 4.2629241943359375
1 <---> 4 : 4.117250442504883
1 <---> 3 : 3.910064697265625
5 <---> 2 : 6.191492080688477
5 <---> 4 : 4.195928573608398
5 <---> 3 : 4.583835601806641
3 <---> 1 : 3.8619041442871094
3 <---> 5 : 4.032135009765625
2 <---> 5 : 4.350900650024414
2 <---> 1 : 3.789663314819336
==================================== link detector ====================================

----------------------------
src    dst :    delay
4 <---> 1 : 4.025936126708984
4 <---> 5 : 4.210233688354492
1 <---> 2 : 4.2438507080078125
1 <---> 4 : 3.6725997924804688
1 <---> 3 : 4.241228103637695
5 <---> 2 : 4.593133926391602
5 <---> 4 : 4.189252853393555
5 <---> 3 : 4.157304763793945
3 <---> 1 : 3.7543773651123047
3 <---> 5 : 4.300117492675781
2 <---> 5 : 3.961324691772461
2 <---> 1 : 4.005908966064453
datapath         port     rx-pkts  rx-bytes rx-error tx-pkts  tx-bytes tx-error
---------------- -------- -------- -------- -------- -------- -------- --------
0000000000000001        1      290    17346        0      286    17106        0
0000000000000001        2      290    17346        0      286    17106        0
0000000000000001        3     1153  2827022        0     1134    73268        0
0000000000000001        4      864    57296        0     1163  2827622        0
0000000000000001        5       23     1782        0      293    17790        0
0000000000000001        6       23     1782        0      294    17832        0
datapath         in-port  eth-dst           out-port packets  bytes
---------------- -------- ----------------- -------- -------- --------
0000000000000001        3          10.0.0.1        4      860  2809344
0000000000000001        3          10.0.0.2        5        2      196
0000000000000001        3          10.0.0.3        6        2      196
0000000000000001        4          10.0.0.2        5        1       98
0000000000000001        4          10.0.0.3        6        1       98
0000000000000001        4          10.0.0.4        3      842    55612
0000000000000001        5          10.0.0.1        4        2      196
0000000000000001        5          10.0.0.3        6        1       98
0000000000000001        5          10.0.0.4        3        1       98
0000000000000001        6          10.0.0.1        4        2      196
0000000000000001        6          10.0.0.2        5        2      196
0000000000000001        6          10.0.0.4        3        1       98
datapath         port     rx-pkts  rx-bytes rx-error tx-pkts  tx-bytes tx-error
---------------- -------- -------- -------- -------- -------- -------- --------
0000000000000002        1      286    17106        0      290    17346        0
0000000000000002        2      286    17106        0      287    17166        0
datapath         in-port  eth-dst           out-port packets  bytes
---------------- -------- ----------------- -------- -------- --------
datapath         port     rx-pkts  rx-bytes rx-error tx-pkts  tx-bytes tx-error
---------------- -------- -------- -------- -------- -------- -------- --------
0000000000000003        1      286    17106        0      290    17346        0
0000000000000003        2      286    17106        0      287    17166        0
datapath         in-port  eth-dst           out-port packets  bytes
---------------- -------- ----------------- -------- -------- --------
datapath         port     rx-pkts  rx-bytes rx-error tx-pkts  tx-bytes tx-error
---------------- -------- -------- -------- -------- -------- -------- --------
0000000000000005        1      287    17166        0      286    17106        0
0000000000000005        2      287    17166        0      286    17106        0
0000000000000005        3     1134    73268        0     1154  2827082        0
0000000000000005        4      883  2811106        0     1136    73388        0
datapath         in-port  eth-dst           out-port packets  bytes
---------------- -------- ----------------- -------- -------- --------
0000000000000005        3          10.0.0.4        4      843    55710
0000000000000005        3          10.0.0.4        4        2      196
0000000000000005        3          10.0.0.4        4        2      196
0000000000000005        4          10.0.0.1        3      860  2809344
0000000000000005        4          10.0.0.2        3        2      196
0000000000000005        4          10.0.0.3        3        2      196
datapath         port     rx-pkts  rx-bytes rx-error tx-pkts  tx-bytes tx-error
---------------- -------- -------- -------- -------- -------- -------- --------
0000000000000004        1     1134    73268        0     1153  2827022        0
0000000000000004        2     1154  2827082        0     1134    73268        0
datapath         in-port  eth-dst           out-port packets  bytes
---------------- -------- ----------------- -------- -------- --------
0000000000000004        1          10.0.0.4        2      843    55710
0000000000000004        1          10.0.0.4        2        2      196
0000000000000004        1          10.0.0.4        2        2      196
0000000000000004        2          10.0.0.1        1      860  2809344
0000000000000004        2          10.0.0.2        1        2      196
0000000000000004        2          10.0.0.3        1        2      196
discovery--->==================================== discovery ====================================
discovery---> cls: [(4, 1), (4, 5), (1, 2), (1, 3), (5, 2), (5, 3)]
discovery--->==============================
==================================== link detector ====================================

----------------------------
src    dst :    delay
4 <---> 1 : 3.941059112548828
4 <---> 5 : 4.534721374511719
1 <---> 2 : 4.374027252197266
1 <---> 4 : 4.1179656982421875
1 <---> 3 : 3.7889480590820312
5 <---> 2 : 5.187749862670898
5 <---> 4 : 4.604578018188477
5 <---> 3 : 2.8841495513916016
3 <---> 1 : 4.176855087280273
3 <---> 5 : 4.477739334106445
2 <---> 5 : 4.136800765991211
2 <---> 1 : 4.085063934326172
datapath         port     rx-pkts  rx-bytes rx-error tx-pkts  tx-bytes tx-error
---------------- -------- -------- -------- -------- -------- -------- --------
0000000000000004        1     1139    73568        0     1159  2827382        0
0000000000000004        2     1159  2827382        0     1139    73568        0
datapath         in-port  eth-dst           out-port packets  bytes
---------------- -------- ----------------- -------- -------- --------
0000000000000004        1          10.0.0.4        2      843    55710
0000000000000004        1          10.0.0.4        2        2      196
0000000000000004        1          10.0.0.4        2        2      196
0000000000000004        2          10.0.0.1        1      860  2809344
0000000000000004        2          10.0.0.2        1        2      196
0000000000000004        2          10.0.0.3        1        2      196
datapath         port     rx-pkts  rx-bytes rx-error tx-pkts  tx-bytes tx-error
---------------- -------- -------- -------- -------- -------- -------- --------
0000000000000001        1      295    17646        0      292    17466        0
0000000000000001        2      295    17646        0      292    17466        0
0000000000000001        3     1159  2827382        0     1139    73568        0
0000000000000001        4      864    57296        0     1169  2827982        0
0000000000000001        5       23     1782        0      299    18150        0
0000000000000001        6       23     1782        0      300    18192        0
datapath         in-port  eth-dst           out-port packets  bytes
---------------- -------- ----------------- -------- -------- --------
0000000000000001        3          10.0.0.1        4      860  2809344
0000000000000001        3          10.0.0.2        5        2      196
0000000000000001        3          10.0.0.3        6        2      196
0000000000000001        4          10.0.0.2        5        1       98
0000000000000001        4          10.0.0.3        6        1       98
0000000000000001        4          10.0.0.4        3      842    55612
0000000000000001        5          10.0.0.1        4        2      196
0000000000000001        5          10.0.0.3        6        1       98
0000000000000001        5          10.0.0.4        3        1       98
0000000000000001        6          10.0.0.1        4        2      196
0000000000000001        6          10.0.0.2        5        2      196
0000000000000001        6          10.0.0.4        3        1       98
datapath         port     rx-pkts  rx-bytes rx-error tx-pkts  tx-bytes tx-error
---------------- -------- -------- -------- -------- -------- -------- --------
0000000000000005        1      292    17466        0      292    17466        0
0000000000000005        2      292    17466        0      292    17466        0
0000000000000005        3     1139    73568        0     1159  2827382        0
0000000000000005        4      883  2811106        0     1142    73748        0
datapath         in-port  eth-dst           out-port packets  bytes
---------------- -------- ----------------- -------- -------- --------
0000000000000005        3          10.0.0.4        4      843    55710
0000000000000005        3          10.0.0.4        4        2      196
0000000000000005        3          10.0.0.4        4        2      196
0000000000000005        4          10.0.0.1        3      860  2809344
0000000000000005        4          10.0.0.2        3        2      196
0000000000000005        4          10.0.0.3        3        2      196
datapath         port     rx-pkts  rx-bytes rx-error tx-pkts  tx-bytes tx-error
---------------- -------- -------- -------- -------- -------- -------- --------
0000000000000003        1      292    17466        0      295    17646        0
0000000000000003        2      292    17466        0      292    17466        0
datapath         in-port  eth-dst           out-port packets  bytes
---------------- -------- ----------------- -------- -------- --------
datapath         port     rx-pkts  rx-bytes rx-error tx-pkts  tx-bytes tx-error
---------------- -------- -------- -------- -------- -------- -------- --------
0000000000000002        1      292    17466        0      295    17646        0
0000000000000002        2      292    17466        0      292    17466        0
datapath         in-port  eth-dst           out-port packets  bytes
---------------- -------- ----------------- -------- -------- --------
discovery--->==================================== discovery ====================================
discovery---> cls: [(4, 1), (4, 5), (1, 2), (1, 3), (5, 2), (5, 3)]
discovery--->==============================
==================================== link detector ====================================

----------------------------
src    dst :    delay
4 <---> 1 : 4.045009613037109
4 <---> 5 : 4.236936569213867
1 <---> 2 : 4.241943359375
1 <---> 4 : 1.9297599792480469
1 <---> 3 : 4.05573844909668
5 <---> 2 : 4.164934158325195
5 <---> 4 : 2.9969215393066406
5 <---> 3 : 4.185676574707031
3 <---> 1 : 3.8852691650390625
3 <---> 5 : 4.1599273681640625
2 <---> 5 : 4.118442535400391
2 <---> 1 : 3.9212703704833984
==================================== link detector ====================================

----------------------------
src    dst :    delay
4 <---> 1 : 4.285573959350586
4 <---> 5 : 4.444360733032227
1 <---> 2 : 3.8199424743652344
1 <---> 4 : 3.9408206939697266
1 <---> 3 : 4.454612731933594
5 <---> 2 : 4.109382629394531
5 <---> 4 : 4.263401031494141
5 <---> 3 : 4.141569137573242
3 <---> 1 : 4.006862640380859
3 <---> 5 : 4.3697357177734375
2 <---> 5 : 4.016399383544922
2 <---> 1 : 3.988981246948242
datapath         port     rx-pkts  rx-bytes rx-error tx-pkts  tx-bytes tx-error
---------------- -------- -------- -------- -------- -------- -------- --------
0000000000000004        1     1145    73928        0     1165  2827742        0
0000000000000004        2     1165  2827742        0     1145    73928        0
datapath         in-port  eth-dst           out-port packets  bytes
---------------- -------- ----------------- -------- -------- --------
0000000000000004        1          10.0.0.4        2      843    55710
0000000000000004        1          10.0.0.4        2        2      196
0000000000000004        1          10.0.0.4        2        2      196
0000000000000004        2          10.0.0.1        1      860  2809344
0000000000000004        2          10.0.0.2        1        2      196
0000000000000004        2          10.0.0.3        1        2      196
datapath         port     rx-pkts  rx-bytes rx-error tx-pkts  tx-bytes tx-error
---------------- -------- -------- -------- -------- -------- -------- --------
0000000000000001        1      301    18006        0      297    17766        0
0000000000000001        2      301    18006        0      297    17766        0
0000000000000001        3     1165  2827742        0     1145    73928        0
0000000000000001        4      864    57296        0     1174  2828282        0
0000000000000001        5       23     1782        0      305    18510        0
0000000000000001        6       23     1782        0      305    18492        0
datapath         in-port  eth-dst           out-port packets  bytes
---------------- -------- ----------------- -------- -------- --------
0000000000000001        3          10.0.0.1        4      860  2809344
0000000000000001        3          10.0.0.2        5        2      196
0000000000000001        3          10.0.0.3        6        2      196
0000000000000001        4          10.0.0.2        5        1       98
0000000000000001        4          10.0.0.3        6        1       98
0000000000000001        4          10.0.0.4        3      842    55612
0000000000000001        5          10.0.0.1        4        2      196
0000000000000001        5          10.0.0.3        6        1       98
0000000000000001        5          10.0.0.4        3        1       98
0000000000000001        6          10.0.0.1        4        2      196
0000000000000001        6          10.0.0.2        5        2      196
0000000000000001        6          10.0.0.4        3        1       98
datapath         port     rx-pkts  rx-bytes rx-error tx-pkts  tx-bytes tx-error
---------------- -------- -------- -------- -------- -------- -------- --------
0000000000000005        1      298    17826        0      297    17766        0
0000000000000005        2      298    17826        0      297    17766        0
0000000000000005        3     1145    73928        0     1165  2827742        0
0000000000000005        4      883  2811106        0     1147    74048        0
datapath         in-port  eth-dst           out-port packets  bytes
---------------- -------- ----------------- -------- -------- --------
0000000000000005        3          10.0.0.4        4      843    55710
0000000000000005        3          10.0.0.4        4        2      196
0000000000000005        3          10.0.0.4        4        2      196
0000000000000005        4          10.0.0.1        3      860  2809344
0000000000000005        4          10.0.0.2        3        2      196
0000000000000005        4          10.0.0.3        3        2      196
datapath         port     rx-pkts  rx-bytes rx-error tx-pkts  tx-bytes tx-error
---------------- -------- -------- -------- -------- -------- -------- --------
0000000000000002        1      297    17766        0      301    18006        0
0000000000000002        2      297    17766        0      298    17826        0
datapath         in-port  eth-dst           out-port packets  bytes
---------------- -------- ----------------- -------- -------- --------
datapath         port     rx-pkts  rx-bytes rx-error tx-pkts  tx-bytes tx-error
---------------- -------- -------- -------- -------- -------- -------- --------
0000000000000003        1      297    17766        0      301    18006        0
0000000000000003        2      297    17766        0      298    17826        0
datapath         in-port  eth-dst           out-port packets  bytes
---------------- -------- ----------------- -------- -------- --------
discovery--->==================================== discovery ====================================
discovery---> cls: [(4, 1), (4, 5), (1, 2), (1, 3), (5, 2), (5, 3)]
discovery--->==============================
==================================== link detector ====================================

----------------------------
src    dst :    delay
4 <---> 1 : 1.863241195678711
4 <---> 5 : 3.9839744567871094
1 <---> 2 : 3.798961639404297
1 <---> 4 : 4.709720611572266
1 <---> 3 : 3.9522647857666016
5 <---> 2 : 5.4073333740234375
5 <---> 4 : 5.182504653930664
5 <---> 3 : 2.034902572631836
3 <---> 1 : 4.667520523071289
3 <---> 5 : 4.397392272949219
2 <---> 5 : 4.465579986572266
2 <---> 1 : 4.233360290527344
datapath         port     rx-pkts  rx-bytes rx-error tx-pkts  tx-bytes tx-error
---------------- -------- -------- -------- -------- -------- -------- --------
0000000000000001        1      306    18306        0      303    18126        0
0000000000000001        2      306    18306        0      303    18126        0
0000000000000001        3     1170  2828042        0     1151    74288        0
0000000000000001        4      864    57296        0     1180  2828642        0
0000000000000001        5       23     1782        0      310    18810        0
0000000000000001        6       23     1782        0      311    18852        0
datapath         in-port  eth-dst           out-port packets  bytes
---------------- -------- ----------------- -------- -------- --------
0000000000000001        3          10.0.0.1        4      860  2809344
0000000000000001        3          10.0.0.2        5        2      196
0000000000000001        3          10.0.0.3        6        2      196
0000000000000001        4          10.0.0.2        5        1       98
0000000000000001        4          10.0.0.3        6        1       98
0000000000000001        4          10.0.0.4        3      842    55612
0000000000000001        5          10.0.0.1        4        2      196
0000000000000001        5          10.0.0.3        6        1       98
0000000000000001        5          10.0.0.4        3        1       98
0000000000000001        6          10.0.0.1        4        2      196
0000000000000001        6          10.0.0.2        5        2      196
0000000000000001        6          10.0.0.4        3        1       98
datapath         port     rx-pkts  rx-bytes rx-error tx-pkts  tx-bytes tx-error
---------------- -------- -------- -------- -------- -------- -------- --------
0000000000000003        1      303    18126        0      306    18306        0
0000000000000003        2      303    18126        0      303    18126        0
datapath         in-port  eth-dst           out-port packets  bytes
---------------- -------- ----------------- -------- -------- --------
datapath         port     rx-pkts  rx-bytes rx-error tx-pkts  tx-bytes tx-error
---------------- -------- -------- -------- -------- -------- -------- --------
0000000000000004        1     1151    74288        0     1170  2828042        0
0000000000000004        2     1171  2828102        0     1150    74228        0
datapath         in-port  eth-dst           out-port packets  bytes
---------------- -------- ----------------- -------- -------- --------
0000000000000004        1          10.0.0.4        2      843    55710
0000000000000004        1          10.0.0.4        2        2      196
0000000000000004        1          10.0.0.4        2        2      196
0000000000000004        2          10.0.0.1        1      860  2809344
0000000000000004        2          10.0.0.2        1        2      196
0000000000000004        2          10.0.0.3        1        2      196
datapath         port     rx-pkts  rx-bytes rx-error tx-pkts  tx-bytes tx-error
---------------- -------- -------- -------- -------- -------- -------- --------
0000000000000002        1      303    18126        0      306    18306        0
0000000000000002        2      303    18126        0      303    18126        0
datapath         in-port  eth-dst           out-port packets  bytes
---------------- -------- ----------------- -------- -------- --------
datapath         port     rx-pkts  rx-bytes rx-error tx-pkts  tx-bytes tx-error
---------------- -------- -------- -------- -------- -------- -------- --------
0000000000000005        1      303    18126        0      303    18126        0
0000000000000005        2      303    18126        0      303    18126        0
0000000000000005        3     1150    74228        0     1171  2828102        0
0000000000000005        4      883  2811106        0     1153    74408        0
datapath         in-port  eth-dst           out-port packets  bytes
---------------- -------- ----------------- -------- -------- --------
0000000000000005        3          10.0.0.4        4      843    55710
0000000000000005        3          10.0.0.4        4        2      196
0000000000000005        3          10.0.0.4        4        2      196
0000000000000005        4          10.0.0.1        3      860  2809344
0000000000000005        4          10.0.0.2        3        2      196
0000000000000005        4          10.0.0.3        3        2      196
discovery--->==================================== discovery ====================================
discovery---> cls: [(4, 1), (4, 5), (1, 2), (1, 3), (5, 2), (5, 3)]
discovery--->==============================
==================================== link detector ====================================

----------------------------
src    dst :    delay
4 <---> 1 : 4.216194152832031
4 <---> 5 : 2.457857131958008
1 <---> 2 : 3.953218460083008
1 <---> 4 : 5.625009536743164
1 <---> 3 : 3.3559799194335938
5 <---> 2 : 4.02379035949707
5 <---> 4 : 3.9153099060058594
5 <---> 3 : 3.9055347442626953
3 <---> 1 : 4.029512405395508
3 <---> 5 : 2.838611602783203
2 <---> 5 : 2.3889541625976562
2 <---> 1 : 4.001379013061523
==================================== link detector ====================================

----------------------------
src    dst :    delay
4 <---> 1 : 3.787994384765625
4 <---> 5 : 2.832174301147461
1 <---> 2 : 5.003929138183594
1 <---> 4 : 3.897428512573242
1 <---> 3 : 3.388643264770508
5 <---> 2 : 4.245281219482422
5 <---> 4 : 4.575490951538086
5 <---> 3 : 4.639148712158203
3 <---> 1 : 3.9703845977783203
3 <---> 5 : 4.708051681518555
2 <---> 5 : 3.195524215698242
2 <---> 1 : 2.756834030151367
datapath         port     rx-pkts  rx-bytes rx-error tx-pkts  tx-bytes tx-error
---------------- -------- -------- -------- -------- -------- -------- --------
0000000000000001        1      312    18666        0      308    18426        0
0000000000000001        2      312    18666        0      309    18486        0
0000000000000001        3     1679  4244456        0     1609   104502        0
0000000000000001        4     1318    87276        0     1688  4244996        0
0000000000000001        5       23     1782        0      316    19170        0
0000000000000001        6       23     1782        0      316    19152        0
datapath         in-port  eth-dst           out-port packets  bytes
---------------- -------- ----------------- -------- -------- --------
0000000000000001        3          10.0.0.1        4     1192  3736272
0000000000000001        3          10.0.0.2        5        2      196
0000000000000001        3          10.0.0.3        6        2      196
0000000000000001        4          10.0.0.2        5        1       98
0000000000000001        4          10.0.0.3        6        1       98
0000000000000001        4          10.0.0.4        3     1137    75098
0000000000000001        5          10.0.0.1        4        2      196
0000000000000001        5          10.0.0.3        6        1       98
0000000000000001        5          10.0.0.4        3        1       98
0000000000000001        6          10.0.0.1        4        2      196
0000000000000001        6          10.0.0.2        5        2      196
0000000000000001        6          10.0.0.4        3        1       98
datapath         port     rx-pkts  rx-bytes rx-error tx-pkts  tx-bytes tx-error
---------------- -------- -------- -------- -------- -------- -------- --------
0000000000000004        1     1609   104502        0     1679  4244456        0
0000000000000004        2     1679  4244456        0     1609   104502        0
datapath         in-port  eth-dst           out-port packets  bytes
---------------- -------- ----------------- -------- -------- --------
0000000000000004        1          10.0.0.4        2     1138    75196
0000000000000004        1          10.0.0.4        2        2      196
0000000000000004        1          10.0.0.4        2        2      196
0000000000000004        2          10.0.0.1        1     1193  3739234
0000000000000004        2          10.0.0.2        1        2      196
0000000000000004        2          10.0.0.3        1        2      196
datapath         port     rx-pkts  rx-bytes rx-error tx-pkts  tx-bytes tx-error
---------------- -------- -------- -------- -------- -------- -------- --------
0000000000000002        1      308    18426        0      312    18666        0
0000000000000002        2      308    18426        0      309    18486        0
datapath         in-port  eth-dst           out-port packets  bytes
---------------- -------- ----------------- -------- -------- --------
datapath         port     rx-pkts  rx-bytes rx-error tx-pkts  tx-bytes tx-error
---------------- -------- -------- -------- -------- -------- -------- --------
0000000000000003        1      309    18486        0      312    18666        0
0000000000000003        2      308    18426        0      309    18486        0
datapath         in-port  eth-dst           out-port packets  bytes
---------------- -------- ----------------- -------- -------- --------
datapath         port     rx-pkts  rx-bytes rx-error tx-pkts  tx-bytes tx-error
---------------- -------- -------- -------- -------- -------- -------- --------
0000000000000005        1      309    18486        0      308    18426        0
0000000000000005        2      309    18486        0      308    18426        0
0000000000000005        3     1610   104568        0     1680  4247418        0
0000000000000005        4     1387  4230122        0     1612   104688        0
datapath         in-port  eth-dst           out-port packets  bytes
---------------- -------- ----------------- -------- -------- --------
0000000000000005        3          10.0.0.4        4     1138    75196
0000000000000005        3          10.0.0.4        4        2      196
0000000000000005        3          10.0.0.4        4        2      196
0000000000000005        4          10.0.0.1        3     1193  3739234
0000000000000005        4          10.0.0.2        3        2      196
0000000000000005        4          10.0.0.3        3        2      196
discovery--->==================================== discovery ====================================
discovery---> cls: [(4, 1), (4, 5), (1, 2), (1, 3), (5, 2), (5, 3)]
discovery--->==============================
==================================== link detector ====================================

----------------------------
src    dst :    delay
4 <---> 1 : 6.216526031494141
4 <---> 5 : 4.926443099975586
1 <---> 2 : 4.465818405151367
1 <---> 4 : 4.354953765869141
1 <---> 3 : 2.7663707733154297
5 <---> 2 : 4.189014434814453
5 <---> 4 : 4.879474639892578
5 <---> 3 : 4.497289657592773
3 <---> 1 : 4.032135009765625
3 <---> 5 : 4.845857620239258
2 <---> 5 : 4.244327545166016
2 <---> 1 : 4.297494888305664
datapath         port     rx-pkts  rx-bytes rx-error tx-pkts  tx-bytes tx-error
---------------- -------- -------- -------- -------- -------- -------- --------
0000000000000001        1      317    18966        0      314    18786        0
0000000000000001        2      317    18966        0      314    18786        0
0000000000000001        3     3396  9135292        0     3206   209868        0
0000000000000001        4     2909   192258        0     3407  9135952        0
0000000000000001        5       23     1782        0      321    19470        0
0000000000000001        6       23     1782        0      322    19512        0
datapath         in-port  eth-dst           out-port packets  bytes
---------------- -------- ----------------- -------- -------- --------
0000000000000001        3          10.0.0.1        4     3075  9115934
0000000000000001        3          10.0.0.2        5        2      196
0000000000000001        3          10.0.0.3        6        2      196
0000000000000001        4          10.0.0.2        5        1       98
0000000000000001        4          10.0.0.3        6        1       98
0000000000000001        4          10.0.0.4        3     2886   190532
0000000000000001        5          10.0.0.1        4        2      196
0000000000000001        5          10.0.0.3        6        1       98
0000000000000001        5          10.0.0.4        3        1       98
0000000000000001        6          10.0.0.1        4        2      196
0000000000000001        6          10.0.0.2        5        2      196
0000000000000001        6          10.0.0.4        3        1       98
datapath         port     rx-pkts  rx-bytes rx-error tx-pkts  tx-bytes tx-error
---------------- -------- -------- -------- -------- -------- -------- --------
0000000000000002        1      314    18786        0      317    18966        0
0000000000000002        2      314    18786        0      314    18786        0
datapath         in-port  eth-dst           out-port packets  bytes
---------------- -------- ----------------- -------- -------- --------
datapath         port     rx-pkts  rx-bytes rx-error tx-pkts  tx-bytes tx-error
---------------- -------- -------- -------- -------- -------- -------- --------
0000000000000003        1      314    18786        0      317    18966        0
0000000000000003        2      314    18786        0      315    18846        0
datapath         in-port  eth-dst           out-port packets  bytes
---------------- -------- ----------------- -------- -------- --------
datapath         port     rx-pkts  rx-bytes rx-error tx-pkts  tx-bytes tx-error
---------------- -------- -------- -------- -------- -------- -------- --------
0000000000000004        1     3206   209868        0     3396  9135292        0
0000000000000004        2     3397  9135352        0     3205   209808        0
datapath         in-port  eth-dst           out-port packets  bytes
---------------- -------- ----------------- -------- -------- --------
0000000000000004        1          10.0.0.4        2     2887   190630
0000000000000004        1          10.0.0.4        2        2      196
0000000000000004        1          10.0.0.4        2        2      196
0000000000000004        2          10.0.0.1        1     3075  9115934
0000000000000004        2          10.0.0.2        1        2      196
0000000000000004        2          10.0.0.3        1        2      196
datapath         port     rx-pkts  rx-bytes rx-error tx-pkts  tx-bytes tx-error
---------------- -------- -------- -------- -------- -------- -------- --------
0000000000000005        1      314    18786        0      314    18786        0
0000000000000005        2      315    18846        0      314    18786        0
0000000000000005        3     3205   209808        0     3397  9135352        0
0000000000000005        4     3098  9117696        0     3208   209988        0
datapath         in-port  eth-dst           out-port packets  bytes
---------------- -------- ----------------- -------- -------- --------
0000000000000005        3          10.0.0.4        4     2887   190630
0000000000000005        3          10.0.0.4        4        2      196
0000000000000005        3          10.0.0.4        4        2      196
0000000000000005        4          10.0.0.1        3     3075  9115934
0000000000000005        4          10.0.0.2        3        2      196
0000000000000005        4          10.0.0.3        3        2      196
discovery--->==================================== discovery ====================================
discovery---> cls: [(4, 1), (4, 5), (1, 2), (1, 3), (5, 2), (5, 3)]
discovery--->==============================
==================================== link detector ====================================

----------------------------
src    dst :    delay
4 <---> 1 : 2.2172927856445312
4 <---> 5 : 4.694223403930664
1 <---> 2 : 4.263401031494141
1 <---> 4 : 3.9391517639160156
1 <---> 3 : 2.0029544830322266
5 <---> 2 : 4.344701766967773
5 <---> 4 : 4.08625602722168
5 <---> 3 : 4.58073616027832
3 <---> 1 : 1.7352104187011719
3 <---> 5 : 4.011392593383789
2 <---> 5 : 2.226114273071289
2 <---> 1 : 4.159450531005859
==================================== link detector ====================================

----------------------------
src    dst :    delay
4 <---> 1 : 3.1735897064208984
4 <---> 5 : 4.175662994384766
1 <---> 2 : 3.8704872131347656
1 <---> 4 : 4.176855087280273
1 <---> 3 : 3.8340091705322266
5 <---> 2 : 4.260063171386719
5 <---> 4 : 4.252195358276367
5 <---> 3 : 3.9005279541015625
3 <---> 1 : 2.3288726806640625
3 <---> 5 : 4.375457763671875
2 <---> 5 : 4.637002944946289
2 <---> 1 : 3.800630569458008
datapath         port     rx-pkts  rx-bytes rx-error tx-pkts  tx-bytes tx-error
---------------- -------- -------- -------- -------- -------- -------- --------
0000000000000004        1     3211   210168        0     3402  9135652        0
0000000000000004        2     3402  9135652        0     3211   210168        0
datapath         in-port  eth-dst           out-port packets  bytes
---------------- -------- ----------------- -------- -------- --------
0000000000000004        1          10.0.0.4        2     2887   190630
0000000000000004        1          10.0.0.4        2        2      196
0000000000000004        1          10.0.0.4        2        2      196
0000000000000004        2          10.0.0.1        1     3075  9115934
0000000000000004        2          10.0.0.2        1        2      196
0000000000000004        2          10.0.0.3        1        2      196
datapath         port     rx-pkts  rx-bytes rx-error tx-pkts  tx-bytes tx-error
---------------- -------- -------- -------- -------- -------- -------- --------
0000000000000001        1      323    19326        0      320    19146        0
0000000000000001        2      323    19326        0      320    19146        0
0000000000000001        3     3402  9135652        0     3211   210168        0
0000000000000001        4     2909   192258        0     3412  9136252        0
0000000000000001        5       23     1782        0      327    19830        0
0000000000000001        6       23     1782        0      328    19872        0
datapath         in-port  eth-dst           out-port packets  bytes
---------------- -------- ----------------- -------- -------- --------
0000000000000001        3          10.0.0.1        4     3075  9115934
0000000000000001        3          10.0.0.2        5        2      196
0000000000000001        3          10.0.0.3        6        2      196
0000000000000001        4          10.0.0.2        5        1       98
0000000000000001        4          10.0.0.3        6        1       98
0000000000000001        4          10.0.0.4        3     2886   190532
0000000000000001        5          10.0.0.1        4        2      196
0000000000000001        5          10.0.0.3        6        1       98
0000000000000001        5          10.0.0.4        3        1       98
0000000000000001        6          10.0.0.1        4        2      196
0000000000000001        6          10.0.0.2        5        2      196
0000000000000001        6          10.0.0.4        3        1       98
datapath         port     rx-pkts  rx-bytes rx-error tx-pkts  tx-bytes tx-error
---------------- -------- -------- -------- -------- -------- -------- --------
0000000000000003        1      320    19146        0      323    19326        0
0000000000000003        2      319    19086        0      320    19146        0
datapath         in-port  eth-dst           out-port packets  bytes
---------------- -------- ----------------- -------- -------- --------
datapath         port     rx-pkts  rx-bytes rx-error tx-pkts  tx-bytes tx-error
---------------- -------- -------- -------- -------- -------- -------- --------
0000000000000005        1      320    19146        0      319    19086        0
0000000000000005        2      320    19146        0      319    19086        0
0000000000000005        3     3211   210168        0     3402  9135652        0
0000000000000005        4     3098  9117696        0     3213   210288        0
datapath         in-port  eth-dst           out-port packets  bytes
---------------- -------- ----------------- -------- -------- --------
0000000000000005        3          10.0.0.4        4     2887   190630
0000000000000005        3          10.0.0.4        4        2      196
0000000000000005        3          10.0.0.4        4        2      196
0000000000000005        4          10.0.0.1        3     3075  9115934
0000000000000005        4          10.0.0.2        3        2      196
0000000000000005        4          10.0.0.3        3        2      196
datapath         port     rx-pkts  rx-bytes rx-error tx-pkts  tx-bytes tx-error
---------------- -------- -------- -------- -------- -------- -------- --------
0000000000000002        1      320    19146        0      323    19326        0
0000000000000002        2      319    19086        0      320    19146        0
datapath         in-port  eth-dst           out-port packets  bytes
---------------- -------- ----------------- -------- -------- --------
discovery--->==================================== discovery ====================================
discovery---> cls: [(4, 1), (4, 5), (1, 2), (1, 3), (5, 2), (5, 3)]
discovery--->==============================
==================================== link detector ====================================

----------------------------
src    dst :    delay
4 <---> 1 : 3.8607120513916016
4 <---> 5 : 3.8771629333496094
1 <---> 2 : 3.843545913696289
1 <---> 4 : 2.2585391998291016
1 <---> 3 : 3.279447555541992
5 <---> 2 : 3.893613815307617
5 <---> 4 : 2.6907920837402344
5 <---> 3 : 2.3355484008789062
3 <---> 1 : 3.993511199951172
3 <---> 5 : 3.912687301635742
2 <---> 5 : 4.15492057800293
2 <---> 1 : 3.7848949432373047
==================================== link detector ====================================

----------------------------
src    dst :    delay
4 <---> 1 : 3.1082630157470703
4 <---> 5 : 1.9290447235107422
1 <---> 2 : 4.765748977661133
1 <---> 4 : 4.45556640625
1 <---> 3 : 4.241943359375
5 <---> 2 : 2.0160675048828125
5 <---> 4 : 4.092216491699219
5 <---> 3 : 5.496978759765625
3 <---> 1 : 2.424955368041992
3 <---> 5 : 4.276514053344727
2 <---> 5 : 4.404544830322266
2 <---> 1 : 2.4046897888183594
datapath         port     rx-pkts  rx-bytes rx-error tx-pkts  tx-bytes tx-error
---------------- -------- -------- -------- -------- -------- -------- --------
0000000000000001        1      328    19626        0      325    19446        0
0000000000000001        2      329    19686        0      325    19446        0
0000000000000001        3     3407  9135952        0     3217   210528        0
0000000000000001        4     2909   192258        0     3418  9136612        0
0000000000000001        5       23     1782        0      332    20130        0
0000000000000001        6       23     1782        0      333    20172        0
datapath         in-port  eth-dst           out-port packets  bytes
---------------- -------- ----------------- -------- -------- --------
0000000000000001        3          10.0.0.1        4     3075  9115934
0000000000000001        3          10.0.0.2        5        2      196
0000000000000001        3          10.0.0.3        6        2      196
0000000000000001        4          10.0.0.2        5        1       98
0000000000000001        4          10.0.0.3        6        1       98
0000000000000001        4          10.0.0.4        3     2886   190532
0000000000000001        5          10.0.0.1        4        2      196
0000000000000001        5          10.0.0.3        6        1       98
0000000000000001        5          10.0.0.4        3        1       98
0000000000000001        6          10.0.0.1        4        2      196
0000000000000001        6          10.0.0.2        5        2      196
0000000000000001        6          10.0.0.4        3        1       98
datapath         port     rx-pkts  rx-bytes rx-error tx-pkts  tx-bytes tx-error
---------------- -------- -------- -------- -------- -------- -------- --------
0000000000000004        1     3217   210528        0     3407  9135952        0
0000000000000004        2     3408  9136012        0     3216   210468        0
datapath         in-port  eth-dst           out-port packets  bytes
---------------- -------- ----------------- -------- -------- --------
0000000000000004        1          10.0.0.4        2     2887   190630
0000000000000004        1          10.0.0.4        2        2      196
0000000000000004        1          10.0.0.4        2        2      196
0000000000000004        2          10.0.0.1        1     3075  9115934
0000000000000004        2          10.0.0.2        1        2      196
0000000000000004        2          10.0.0.3        1        2      196
datapath         port     rx-pkts  rx-bytes rx-error tx-pkts  tx-bytes tx-error
---------------- -------- -------- -------- -------- -------- -------- --------
0000000000000003        1      325    19446        0      329    19686        0
0000000000000003        2      325    19446        0      326    19506        0
datapath         in-port  eth-dst           out-port packets  bytes
---------------- -------- ----------------- -------- -------- --------
datapath         port     rx-pkts  rx-bytes rx-error tx-pkts  tx-bytes tx-error
---------------- -------- -------- -------- -------- -------- -------- --------
0000000000000005        1      326    19506        0      325    19446        0
0000000000000005        2      326    19506        0      325    19446        0
0000000000000005        3     3216   210468        0     3408  9136012        0
0000000000000005        4     3098  9117696        0     3219   210648        0
datapath         in-port  eth-dst           out-port packets  bytes
---------------- -------- ----------------- -------- -------- --------
0000000000000005        3          10.0.0.4        4     2887   190630
0000000000000005        3          10.0.0.4        4        2      196
0000000000000005        3          10.0.0.4        4        2      196
0000000000000005        4          10.0.0.1        3     3075  9115934
0000000000000005        4          10.0.0.2        3        2      196
0000000000000005        4          10.0.0.3        3        2      196
datapath         port     rx-pkts  rx-bytes rx-error tx-pkts  tx-bytes tx-error
---------------- -------- -------- -------- -------- -------- -------- --------
0000000000000002        1      325    19446        0      328    19626        0
0000000000000002        2      325    19446        0      326    19506        0
datapath         in-port  eth-dst           out-port packets  bytes
---------------- -------- ----------------- -------- -------- --------
discovery--->==================================== discovery ====================================
discovery---> cls: [(4, 1), (4, 5), (1, 2), (1, 3), (5, 2), (5, 3)]
discovery--->==============================
==================================== link detector ====================================

----------------------------
src    dst :    delay
4 <---> 1 : 3.988981246948242
4 <---> 5 : 4.567861557006836
1 <---> 2 : 4.215240478515625
1 <---> 4 : 4.160404205322266
1 <---> 3 : 4.035234451293945
5 <---> 2 : 4.690885543823242
5 <---> 4 : 4.252910614013672
5 <---> 3 : 3.9038658142089844
3 <---> 1 : 3.753185272216797
3 <---> 5 : 4.324674606323242
2 <---> 5 : 4.254579544067383
2 <---> 1 : 2.7875900268554688
datapath         port     rx-pkts  rx-bytes rx-error tx-pkts  tx-bytes tx-error
---------------- -------- -------- -------- -------- -------- -------- --------
0000000000000005        1      331    19806        0      330    19746        0
0000000000000005        2      331    19806        0      330    19746        0
0000000000000005        3     3225   211122        0     3416  9136606        0
0000000000000005        4     3101  9117990        0     3227   211242        0
datapath         in-port  eth-dst           out-port packets  bytes
---------------- -------- ----------------- -------- -------- --------
0000000000000005        3          10.0.0.4        4     2889   190826
0000000000000005        3          10.0.0.4        4        2      196
0000000000000005        3          10.0.0.4        4        2      196
0000000000000005        4          10.0.0.1        3     3077  9116130
0000000000000005        4          10.0.0.2        3        2      196
0000000000000005        4          10.0.0.3        3        2      196
datapath         port     rx-pkts  rx-bytes rx-error tx-pkts  tx-bytes tx-error
---------------- -------- -------- -------- -------- -------- -------- --------
0000000000000002        1      331    19806        0      334    19986        0
0000000000000002        2      330    19746        0      331    19806        0
datapath         in-port  eth-dst           out-port packets  bytes
---------------- -------- ----------------- -------- -------- --------
datapath         port     rx-pkts  rx-bytes rx-error tx-pkts  tx-bytes tx-error
---------------- -------- -------- -------- -------- -------- -------- --------
0000000000000004        1     3225   211122        0     3416  9136606        0
0000000000000004        2     3416  9136606        0     3225   211122        0
datapath         in-port  eth-dst           out-port packets  bytes
---------------- -------- ----------------- -------- -------- --------
0000000000000004        1          10.0.0.4        2     2889   190826
0000000000000004        1          10.0.0.4        2        2      196
0000000000000004        1          10.0.0.4        2        2      196
0000000000000004        2          10.0.0.1        1     3077  9116130
0000000000000004        2          10.0.0.2        1        2      196
0000000000000004        2          10.0.0.3        1        2      196
datapath         port     rx-pkts  rx-bytes rx-error tx-pkts  tx-bytes tx-error
---------------- -------- -------- -------- -------- -------- -------- --------
0000000000000001        1      334    19986        0      331    19806        0
0000000000000001        2      334    19986        0      331    19806        0
0000000000000001        3     3416  9136606        0     3225   211122        0
0000000000000001        4     2912   192552        0     3427  9137266        0
0000000000000001        5       23     1782        0      338    20490        0
0000000000000001        6       23     1782        0      339    20532        0
datapath         in-port  eth-dst           out-port packets  bytes
---------------- -------- ----------------- -------- -------- --------
0000000000000001        3          10.0.0.1        4     3077  9116130
0000000000000001        3          10.0.0.2        5        2      196
0000000000000001        3          10.0.0.3        6        2      196
0000000000000001        4          10.0.0.2        5        1       98
0000000000000001        4          10.0.0.3        6        1       98
0000000000000001        4          10.0.0.4        3     2888   190728
0000000000000001        5          10.0.0.1        4        2      196
0000000000000001        5          10.0.0.3        6        1       98
0000000000000001        5          10.0.0.4        3        1       98
0000000000000001        6          10.0.0.1        4        2      196
0000000000000001        6          10.0.0.2        5        2      196
0000000000000001        6          10.0.0.4        3        1       98
datapath         port     rx-pkts  rx-bytes rx-error tx-pkts  tx-bytes tx-error
---------------- -------- -------- -------- -------- -------- -------- --------
0000000000000003        1      331    19806        0      334    19986        0
0000000000000003        2      330    19746        0      331    19806        0
datapath         in-port  eth-dst           out-port packets  bytes
---------------- -------- ----------------- -------- -------- --------
discovery--->==================================== discovery ====================================
discovery---> cls: [(4, 1), (4, 5), (1, 2), (1, 3), (5, 2), (5, 3)]
discovery--->==============================
==================================== link detector ====================================

----------------------------
src    dst :    delay
4 <---> 1 : 4.125833511352539
4 <---> 5 : 4.090547561645508
1 <---> 2 : 3.8344860076904297
1 <---> 4 : 3.6160945892333984
1 <---> 3 : 4.21595573425293
5 <---> 2 : 3.1685829162597656
5 <---> 4 : 4.822969436645508
5 <---> 3 : 4.2057037353515625
3 <---> 1 : 3.8270950317382812
3 <---> 5 : 3.812551498413086
2 <---> 5 : 4.26173210144043
2 <---> 1 : 4.843235015869141
==================================== link detector ====================================

----------------------------
src    dst :    delay
4 <---> 1 : 3.9191246032714844
4 <---> 5 : 4.088163375854492
1 <---> 2 : 3.949403762817383
1 <---> 4 : 2.6950836181640625
1 <---> 3 : 4.346370697021484
5 <---> 2 : 4.071950912475586
5 <---> 4 : 4.287004470825195
5 <---> 3 : 4.154682159423828
3 <---> 1 : 4.3048858642578125
3 <---> 5 : 3.721952438354492
2 <---> 5 : 4.005670547485352
2 <---> 1 : 4.047632217407227
datapath         port     rx-pkts  rx-bytes rx-error tx-pkts  tx-bytes tx-error
---------------- -------- -------- -------- -------- -------- -------- --------
0000000000000001        1      340    20346        0      336    20106        0
0000000000000001        2      340    20346        0      336    20106        0
0000000000000001        3     3422  9137004        0     3232   211580        0
0000000000000001        4     2913   192650        0     3433  9137664        0
0000000000000001        5       23     1782        0      343    20790        0
0000000000000001        6       23     1782        0      344    20832        0
datapath         in-port  eth-dst           out-port packets  bytes
---------------- -------- ----------------- -------- -------- --------
0000000000000001        3          10.0.0.1        4     3079  9116326
0000000000000001        3          10.0.0.2        5        2      196
0000000000000001        3          10.0.0.3        6        2      196
0000000000000001        4          10.0.0.2        5        1       98
0000000000000001        4          10.0.0.3        6        1       98
0000000000000001        4          10.0.0.4        3     2890   190924
0000000000000001        5          10.0.0.1        4        2      196
0000000000000001        5          10.0.0.3        6        1       98
0000000000000001        5          10.0.0.4        3        1       98
0000000000000001        6          10.0.0.1        4        2      196
0000000000000001        6          10.0.0.2        5        2      196
0000000000000001        6          10.0.0.4        3        1       98
datapath         port     rx-pkts  rx-bytes rx-error tx-pkts  tx-bytes tx-error
---------------- -------- -------- -------- -------- -------- -------- --------
0000000000000004        1     3232   211580        0     3422  9137004        0
0000000000000004        2     3423  9137064        0     3232   211580        0
datapath         in-port  eth-dst           out-port packets  bytes
---------------- -------- ----------------- -------- -------- --------
0000000000000004        1          10.0.0.4        2     2891   191022
0000000000000004        1          10.0.0.4        2        2      196
0000000000000004        1          10.0.0.4        2        2      196
0000000000000004        2          10.0.0.1        1     3079  9116326
0000000000000004        2          10.0.0.2        1        2      196
0000000000000004        2          10.0.0.3        1        2      196
datapath         port     rx-pkts  rx-bytes rx-error tx-pkts  tx-bytes tx-error
---------------- -------- -------- -------- -------- -------- -------- --------
0000000000000003        1      336    20106        0      340    20346        0
0000000000000003        2      336    20106        0      337    20166        0
datapath         in-port  eth-dst           out-port packets  bytes
---------------- -------- ----------------- -------- -------- --------
datapath         port     rx-pkts  rx-bytes rx-error tx-pkts  tx-bytes tx-error
---------------- -------- -------- -------- -------- -------- -------- --------
0000000000000002        1      336    20106        0      340    20346        0
0000000000000002        2      336    20106        0      337    20166        0
datapath         in-port  eth-dst           out-port packets  bytes
---------------- -------- ----------------- -------- -------- --------
datapath         port     rx-pkts  rx-bytes rx-error tx-pkts  tx-bytes tx-error
---------------- -------- -------- -------- -------- -------- -------- --------
0000000000000005        1      337    20166        0      336    20106        0
0000000000000005        2      337    20166        0      336    20106        0
0000000000000005        3     3232   211580        0     3423  9137064        0
0000000000000005        4     3102  9118088        0     3234   211700        0
datapath         in-port  eth-dst           out-port packets  bytes
---------------- -------- ----------------- -------- -------- --------
0000000000000005        3          10.0.0.4        4     2891   191022
0000000000000005        3          10.0.0.4        4        2      196
0000000000000005        3          10.0.0.4        4        2      196
0000000000000005        4          10.0.0.1        3     3079  9116326
0000000000000005        4          10.0.0.2        3        2      196
0000000000000005        4          10.0.0.3        3        2      196
discovery--->==================================== discovery ====================================
discovery---> cls: [(4, 1), (4, 5), (1, 2), (1, 3), (5, 2), (5, 3)]
discovery--->==============================
==================================== link detector ====================================

----------------------------
src    dst :    delay
4 <---> 1 : 3.9734840393066406
4 <---> 5 : 4.012346267700195
1 <---> 2 : 3.8712024688720703
1 <---> 4 : 4.377126693725586
1 <---> 3 : 2.1386146545410156
5 <---> 2 : 4.347801208496094
5 <---> 4 : 4.030942916870117
5 <---> 3 : 4.488706588745117
3 <---> 1 : 2.654552459716797
3 <---> 5 : 4.440069198608398
2 <---> 5 : 3.9796829223632812
2 <---> 1 : 4.374027252197266
datapath         port     rx-pkts  rx-bytes rx-error tx-pkts  tx-bytes tx-error
---------------- -------- -------- -------- -------- -------- -------- --------
0000000000000001        1      345    20646        0      342    20466        0
0000000000000001        2      345    20646        0      342    20466        0
0000000000000001        3     3431  9137658        0     3240   212174        0
0000000000000001        4     2916   192944        0     3442  9138318        0
0000000000000001        5       23     1782        0      349    21150        0
0000000000000001        6       23     1782        0      350    21192        0
datapath         in-port  eth-dst           out-port packets  bytes
---------------- -------- ----------------- -------- -------- --------
0000000000000001        3          10.0.0.1        4     3081  9116522
0000000000000001        3          10.0.0.2        5        2      196
0000000000000001        3          10.0.0.3        6        2      196
0000000000000001        4          10.0.0.2        5        1       98
0000000000000001        4          10.0.0.3        6        1       98
0000000000000001        4          10.0.0.4        3     2892   191120
0000000000000001        5          10.0.0.1        4        2      196
0000000000000001        5          10.0.0.3        6        1       98
0000000000000001        5          10.0.0.4        3        1       98
0000000000000001        6          10.0.0.1        4        2      196
0000000000000001        6          10.0.0.2        5        2      196
0000000000000001        6          10.0.0.4        3        1       98
datapath         port     rx-pkts  rx-bytes rx-error tx-pkts  tx-bytes tx-error
---------------- -------- -------- -------- -------- -------- -------- --------
0000000000000003        1      342    20466        0      345    20646        0
0000000000000003        2      342    20466        0      342    20466        0
datapath         in-port  eth-dst           out-port packets  bytes
---------------- -------- ----------------- -------- -------- --------
datapath         port     rx-pkts  rx-bytes rx-error tx-pkts  tx-bytes tx-error
---------------- -------- -------- -------- -------- -------- -------- --------
0000000000000005        1      342    20466        0      342    20466        0
0000000000000005        2      342    20466        0      342    20466        0
0000000000000005        3     3240   212174        0     3431  9137658        0
0000000000000005        4     3105  9118382        0     3242   212294        0
datapath         in-port  eth-dst           out-port packets  bytes
---------------- -------- ----------------- -------- -------- --------
0000000000000005        3          10.0.0.4        4     2893   191218
0000000000000005        3          10.0.0.4        4        2      196
0000000000000005        3          10.0.0.4        4        2      196
0000000000000005        4          10.0.0.1        3     3081  9116522
0000000000000005        4          10.0.0.2        3        2      196
0000000000000005        4          10.0.0.3        3        2      196
datapath         port     rx-pkts  rx-bytes rx-error tx-pkts  tx-bytes tx-error
---------------- -------- -------- -------- -------- -------- -------- --------
0000000000000002        1      342    20466        0      345    20646        0
0000000000000002        2      342    20466        0      342    20466        0
datapath         in-port  eth-dst           out-port packets  bytes
---------------- -------- ----------------- -------- -------- --------
datapath         port     rx-pkts  rx-bytes rx-error tx-pkts  tx-bytes tx-error
---------------- -------- -------- -------- -------- -------- -------- --------
0000000000000004        1     3240   212174        0     3431  9137658        0
0000000000000004        2     3431  9137658        0     3240   212174        0
datapath         in-port  eth-dst           out-port packets  bytes
---------------- -------- ----------------- -------- -------- --------
0000000000000004        1          10.0.0.4        2     2893   191218
0000000000000004        1          10.0.0.4        2        2      196
0000000000000004        1          10.0.0.4        2        2      196
0000000000000004        2          10.0.0.1        1     3081  9116522
0000000000000004        2          10.0.0.2        1        2      196
0000000000000004        2          10.0.0.3        1        2      196
discovery--->==================================== discovery ====================================
discovery---> cls: [(4, 1), (4, 5), (1, 2), (1, 3), (5, 2), (5, 3)]
discovery--->==============================
==================================== link detector ====================================

----------------------------
src    dst :    delay
4 <---> 1 : 3.767251968383789
4 <---> 5 : 4.191160202026367
1 <---> 2 : 3.979206085205078
1 <---> 4 : 3.9784908294677734
1 <---> 3 : 3.9403438568115234
5 <---> 2 : 2.4836063385009766
5 <---> 4 : 4.749059677124023
5 <---> 3 : 4.149198532104492
3 <---> 1 : 4.257917404174805
3 <---> 5 : 4.175662994384766
2 <---> 5 : 2.8467178344726562
2 <---> 1 : 4.101276397705078
==================================== link detector ====================================

----------------------------
src    dst :    delay
4 <---> 1 : 4.025697708129883
4 <---> 5 : 4.175662994384766
1 <---> 2 : 2.4580955505371094
1 <---> 4 : 2.584218978881836
1 <---> 3 : 4.16874885559082
5 <---> 2 : 4.149198532104492
5 <---> 4 : 3.9298534393310547
5 <---> 3 : 4.062175750732422
3 <---> 1 : 4.141807556152344
3 <---> 5 : 3.5123825073242188
2 <---> 5 : 4.120111465454102
2 <---> 1 : 4.340171813964844
datapath         port     rx-pkts  rx-bytes rx-error tx-pkts  tx-bytes tx-error
---------------- -------- -------- -------- -------- -------- -------- --------
0000000000000001        1      351    21006        0      347    20766        0
0000000000000001        2      351    21006        0      347    20766        0
0000000000000001        3     3440  9138312        0     3249   212828        0
0000000000000001        4     2920   193280        0     3451  9138972        0
0000000000000001        5       23     1782        0      354    21450        0
0000000000000001        6       23     1782        0      355    21492        0
datapath         in-port  eth-dst           out-port packets  bytes
---------------- -------- ----------------- -------- -------- --------
0000000000000001        3          10.0.0.1        4     3085  9116914
0000000000000001        3          10.0.0.2        5        2      196
0000000000000001        3          10.0.0.3        6        2      196
0000000000000001        4          10.0.0.2        5        1       98
0000000000000001        4          10.0.0.3        6        1       98
0000000000000001        4          10.0.0.4        3     2896   191512
0000000000000001        5          10.0.0.1        4        2      196
0000000000000001        5          10.0.0.3        6        1       98
0000000000000001        5          10.0.0.4        3        1       98
0000000000000001        6          10.0.0.1        4        2      196
0000000000000001        6          10.0.0.2        5        2      196
0000000000000001        6          10.0.0.4        3        1       98
datapath         port     rx-pkts  rx-bytes rx-error tx-pkts  tx-bytes tx-error
---------------- -------- -------- -------- -------- -------- -------- --------
0000000000000002        1      347    20766        0      351    21006        0
0000000000000002        2      347    20766        0      348    20826        0
datapath         in-port  eth-dst           out-port packets  bytes
---------------- -------- ----------------- -------- -------- --------
datapath         port     rx-pkts  rx-bytes rx-error tx-pkts  tx-bytes tx-error
---------------- -------- -------- -------- -------- -------- -------- --------
0000000000000005        1      348    20826        0      347    20766        0
0000000000000005        2      348    20826        0      347    20766        0
0000000000000005        3     3249   212828        0     3440  9138312        0
0000000000000005        4     3108  9118676        0     3251   212948        0
datapath         in-port  eth-dst           out-port packets  bytes
---------------- -------- ----------------- -------- -------- --------
0000000000000005        3          10.0.0.4        4     2897   191610
0000000000000005        3          10.0.0.4        4        2      196
0000000000000005        3          10.0.0.4        4        2      196
0000000000000005        4          10.0.0.1        3     3085  9116914
0000000000000005        4          10.0.0.2        3        2      196
0000000000000005        4          10.0.0.3        3        2      196
datapath         port     rx-pkts  rx-bytes rx-error tx-pkts  tx-bytes tx-error
---------------- -------- -------- -------- -------- -------- -------- --------
0000000000000003        1      347    20766        0      351    21006        0
0000000000000003        2      347    20766        0      348    20826        0
datapath         in-port  eth-dst           out-port packets  bytes
---------------- -------- ----------------- -------- -------- --------
datapath         port     rx-pkts  rx-bytes rx-error tx-pkts  tx-bytes tx-error
---------------- -------- -------- -------- -------- -------- -------- --------
0000000000000004        1     3249   212828        0     3440  9138312        0
0000000000000004        2     3440  9138312        0     3249   212828        0
datapath         in-port  eth-dst           out-port packets  bytes
---------------- -------- ----------------- -------- -------- --------
0000000000000004        1          10.0.0.4        2     2897   191610
0000000000000004        1          10.0.0.4        2        2      196
0000000000000004        1          10.0.0.4        2        2      196
0000000000000004        2          10.0.0.1        1     3085  9116914
0000000000000004        2          10.0.0.2        1        2      196
0000000000000004        2          10.0.0.3        1        2      196
discovery--->==================================== discovery ====================================
discovery---> cls: [(4, 1), (4, 5), (1, 2), (1, 3), (5, 2), (5, 3)]
discovery--->==============================
---> OFPPortStatus received: reason=DELETE desc=OFPPort(port_no=4,hw_addr='e2:b7:dc:6f:e5:3e',name=b's1-eth4',config=0,state=4,curr=2112,advertised=0,supported=0,peer=0,curr_speed=10000000,max_speed=0)
---> OFPPortStatus received: reason=DELETE desc=OFPPort(port_no=5,hw_addr='a6:6d:4f:00:66:c5',name=b's1-eth5',config=0,state=4,curr=2112,advertised=0,supported=0,peer=0,curr_speed=10000000,max_speed=0)
---> OFPPortStatus received: reason=DELETE desc=OFPPort(port_no=6,hw_addr='d2:38:8c:b5:af:e7',name=b's1-eth6',config=0,state=4,curr=2112,advertised=0,supported=0,peer=0,curr_speed=10000000,max_speed=0)
---> OFPPortStatus received: reason=DELETE desc=OFPPort(port_no=4,hw_addr='d2:45:09:ba:2d:69',name=b's5-eth4',config=0,state=4,curr=2112,advertised=0,supported=0,peer=0,curr_speed=10000000,max_speed=0)
---> OFPPortStatus received: reason=DELETE desc=OFPPort(port_no=1,hw_addr='fa:b6:be:ba:01:9c',name=b's1-eth1',config=0,state=4,curr=2112,advertised=0,supported=0,peer=0,curr_speed=10000000,max_speed=0)
---> OFPPortStatus received: reason=DELETE desc=OFPPort(port_no=1,hw_addr='0a:24:43:d3:ee:64',name=b's2-eth1',config=0,state=4,curr=2112,advertised=0,supported=0,peer=0,curr_speed=10000000,max_speed=0)
---> OFPPortStatus received: reason=DELETE desc=OFPPort(port_no=2,hw_addr='c6:80:e7:d8:b7:c0',name=b's1-eth2',config=0,state=4,curr=2112,advertised=0,supported=0,peer=0,curr_speed=10000000,max_speed=0)
---> OFPPortStatus received: reason=DELETE desc=OFPPort(port_no=1,hw_addr='e2:97:e0:31:07:71',name=b's3-eth1',config=0,state=4,curr=2112,advertised=0,supported=0,peer=0,curr_speed=10000000,max_speed=0)
---> OFPPortStatus received: reason=DELETE desc=OFPPort(port_no=3,hw_addr='4a:cd:5e:31:0d:6c',name=b's1-eth3',config=0,state=4,curr=2112,advertised=0,supported=0,peer=0,curr_speed=10000000,max_speed=0)
---> OFPPortStatus received: reason=DELETE desc=OFPPort(port_no=1,hw_addr='f6:a5:67:cf:b4:28',name=b's4-eth1',config=0,state=4,curr=2112,advertised=0,supported=0,peer=0,curr_speed=10000000,max_speed=0)
---> OFPPortStatus received: reason=DELETE desc=OFPPort(port_no=2,hw_addr='ee:fa:11:18:62:a4',name=b's2-eth2',config=0,state=4,curr=2112,advertised=0,supported=0,peer=0,curr_speed=10000000,max_speed=0)
---> OFPPortStatus received: reason=DELETE desc=OFPPort(port_no=1,hw_addr='42:f3:6a:c1:3a:cc',name=b's5-eth1',config=0,state=4,curr=2112,advertised=0,supported=0,peer=0,curr_speed=10000000,max_speed=0)
---> OFPPortStatus received: reason=DELETE desc=OFPPort(port_no=2,hw_addr='ae:4a:3a:ab:b0:0d',name=b's4-eth2',config=0,state=4,curr=2112,advertised=0,supported=0,peer=0,curr_speed=10000000,max_speed=0)
---> OFPPortStatus received: reason=DELETE desc=OFPPort(port_no=2,hw_addr='2a:f1:71:03:cf:0d',name=b's3-eth2',config=0,state=4,curr=2112,advertised=0,supported=0,peer=0,curr_speed=10000000,max_speed=0)
---> OFPPortStatus received: reason=DELETE desc=OFPPort(port_no=2,hw_addr='0e:25:03:94:42:d0',name=b's5-eth2',config=0,state=4,curr=2112,advertised=0,supported=0,peer=0,curr_speed=10000000,max_speed=0)
---> OFPPortStatus received: reason=DELETE desc=OFPPort(port_no=3,hw_addr='6a:ac:7b:aa:c8:99',name=b's5-eth3',config=0,state=4,curr=2112,advertised=0,supported=0,peer=0,curr_speed=10000000,max_speed=0)
monitor---> unreigster datapath: 0000000000000001
monitor---> unreigster datapath: 0000000000000004
monitor---> unreigster datapath: 0000000000000003
monitor---> unreigster datapath: 0000000000000002
monitor---> unreigster datapath: 0000000000000005
==================================== link detector ====================================

----------------------------
src    dst :    delay
4 <---> 1 : 3.386974334716797
4 <---> 5 : 4.833459854125977
1 <---> 2 : 4.369497299194336
1 <---> 4 : 26.575326919555664
1 <---> 3 : 4.053354263305664
5 <---> 2 : 5.131244659423828
5 <---> 4 : 10.286569595336914
5 <---> 3 : 5.779504776000977
3 <---> 1 : 4.036664962768555
3 <---> 5 : 9.167194366455078
2 <---> 5 : 2.4077892303466797
2 <---> 1 : 3.874063491821289
discovery--->==================================== discovery ====================================
discovery---> cls: []
discovery--->==============================
==================================== link detector ====================================

----------------------------
src    dst :    delay
4 <---> 1 : 3.386974334716797
4 <---> 5 : 4.833459854125977
1 <---> 2 : 4.369497299194336
1 <---> 4 : 26.575326919555664
1 <---> 3 : 4.053354263305664
5 <---> 2 : 5.131244659423828
5 <---> 4 : 10.286569595336914
5 <---> 3 : 5.779504776000977
3 <---> 1 : 4.036664962768555
3 <---> 5 : 9.167194366455078
2 <---> 5 : 2.4077892303466797
2 <---> 1 : 3.874063491821289
==================================== link detector ====================================

----------------------------
src    dst :    delay
4 <---> 1 : 3.386974334716797
4 <---> 5 : 4.833459854125977
1 <---> 2 : 4.369497299194336
1 <---> 4 : 26.575326919555664
1 <---> 3 : 4.053354263305664
5 <---> 2 : 5.131244659423828
5 <---> 4 : 10.286569595336914
5 <---> 3 : 5.779504776000977
3 <---> 1 : 4.036664962768555
3 <---> 5 : 9.167194366455078
2 <---> 5 : 2.4077892303466797
2 <---> 1 : 3.874063491821289
discovery--->==================================== discovery ====================================
discovery---> cls: []
discovery--->==============================
==================================== link detector ====================================

----------------------------
src    dst :    delay
4 <---> 1 : 3.386974334716797
4 <---> 5 : 4.833459854125977
1 <---> 2 : 4.369497299194336
1 <---> 4 : 26.575326919555664
1 <---> 3 : 4.053354263305664
5 <---> 2 : 5.131244659423828
5 <---> 4 : 10.286569595336914
5 <---> 3 : 5.779504776000977
3 <---> 1 : 4.036664962768555
3 <---> 5 : 9.167194366455078
2 <---> 5 : 2.4077892303466797
2 <---> 1 : 3.874063491821289
==================================== link detector ====================================

----------------------------
src    dst :    delay
4 <---> 1 : 3.386974334716797
4 <---> 5 : 4.833459854125977
1 <---> 2 : 4.369497299194336
1 <---> 4 : 26.575326919555664
1 <---> 3 : 4.053354263305664
5 <---> 2 : 5.131244659423828
5 <---> 4 : 10.286569595336914
5 <---> 3 : 5.779504776000977
3 <---> 1 : 4.036664962768555
3 <---> 5 : 9.167194366455078
2 <---> 5 : 2.4077892303466797
2 <---> 1 : 3.874063491821289
discovery--->==================================== discovery ====================================
discovery---> cls: []
discovery--->==============================
==================================== link detector ====================================

----------------------------
src    dst :    delay
4 <---> 1 : 3.386974334716797
4 <---> 5 : 4.833459854125977
1 <---> 2 : 4.369497299194336
1 <---> 4 : 26.575326919555664
1 <---> 3 : 4.053354263305664
5 <---> 2 : 5.131244659423828
5 <---> 4 : 10.286569595336914
5 <---> 3 : 5.779504776000977
3 <---> 1 : 4.036664962768555
3 <---> 5 : 9.167194366455078
2 <---> 5 : 2.4077892303466797
2 <---> 1 : 3.874063491821289
