loading app network_structure.py
Matplotlib created a temporary config/cache directory at /tmp/matplotlib-jgj7p6ns because the default path (/home/terry/.config/matplotlib) is not a writable directory; it is highly recommended to set the MPLCONFIGDIR environment variable to a writable directory, in particular to speed up the import of Matplotlib and to better support multiprocessing.
Generating new fontManager, this may take some time...
Failed to extract font properties from /usr/share/fonts/truetype/noto/NotoColorEmoji.ttf: In FT2Font: Can not load face.  Unknown file format.
loading app network_monitor.py
loading app network_delay.py
loading app network_shortest_path.py
loading app arp_handler.py
loading app ryu.controller.ofp_handler
instantiating app None of Switches
creating context switches
instantiating app network_structure.py of NetworkStructure
instantiating app network_monitor.py of NetworkMonitor
instantiating app network_delay.py of NetworkDelay
instantiating app network_shortest_path.py of NetworkShortestPath
instantiating app arp_handler.py of ArpHandler
instantiating app ryu.controller.ofp_handler of OFPHandler
discovery---> AccessPoint: 1 connected
discovery---> AccessPoint: 2 connected
discovery---> AccessPoint: 3 connected
monitor---->register datapath: 1000000000000002
monitor---->register datapath: 1000000000000001
monitor---->register datapath: 1000000000000003
---> OFPPortStatus received: reason=MODIFY desc=OFPPort(port_no=2,hw_addr='e2:b7:dc:6f:e5:3e',name=b'ap3-eth2',config=0,state=4,curr=2112,advertised=0,supported=0,peer=0,curr_speed=10000000,max_speed=0)
---> OFPPortStatus received: reason=MODIFY desc=OFPPort(port_no=3,hw_addr='d2:38:8c:b5:af:e7',name=b'ap2-eth3',config=0,state=4,curr=2112,advertised=0,supported=0,peer=0,curr_speed=10000000,max_speed=0)
---> OFPPortStatus received: reason=MODIFY desc=OFPPort(port_no=2,hw_addr='4e:5f:8b:b6:f1:4b',name=b'ap1-eth2',config=0,state=4,curr=2112,advertised=0,supported=0,peer=0,curr_speed=10000000,max_speed=0)
---> OFPPortStatus received: reason=MODIFY desc=OFPPort(port_no=2,hw_addr='0e:8f:95:fb:3a:b9',name=b'ap2-eth2',config=0,state=4,curr=2112,advertised=0,supported=0,peer=0,curr_speed=10000000,max_speed=0)
==================================== link detector ====================================

----------------------------
src    dst :    delay
2 <---> 1 : 6.765604019165039
2 <---> 3 : 7.258415222167969
1 <---> 2 : 7.224321365356445
1 <---> 3 : 9.63449478149414
3 <---> 2 : 7.838010787963867
3 <---> 1 : 8.339643478393555
discovery--->==================================== discovery ====================================
discovery---> cls: [(2, 1), (2, 3), (1, 3)]
discovery--->=============================================================================
datapath         port     rx-pkts  rx-bytes rx-error tx-pkts  tx-bytes tx-error
---------------- -------- -------- -------- -------- -------- -------- --------
0000000000000002        1        0        0        0        5      390        0
0000000000000002        2       23     2811        0       21     2691        0
0000000000000002        3       23     2957        0       23     2957        0
datapath         in-port  eth-dst           out-port packets  bytes
---------------- -------- ----------------- -------- -------- --------
datapath         port     rx-pkts  rx-bytes rx-error tx-pkts  tx-bytes tx-error
---------------- -------- -------- -------- -------- -------- -------- --------
0000000000000003        1        0        0        0        5      390        0
0000000000000003        2       22     2897        0       24     3017        0
0000000000000003        3       23     2957        0       23     2957        0
datapath         in-port  eth-dst           out-port packets  bytes
---------------- -------- ----------------- -------- -------- --------
datapath         port     rx-pkts  rx-bytes rx-error tx-pkts  tx-bytes tx-error
---------------- -------- -------- -------- -------- -------- -------- --------
0000000000000001        1        0        0        0        5      390        0
0000000000000001        2       21     2691        0       23     2811        0
0000000000000001        3       24     3017        0       22     2897        0
datapath         in-port  eth-dst           out-port packets  bytes
---------------- -------- ----------------- -------- -------- --------
==================================== link detector ====================================

----------------------------
src    dst :    delay
2 <---> 1 : 6.746530532836914
2 <---> 3 : 7.135629653930664
1 <---> 2 : 7.023811340332031
1 <---> 3 : 10.317325592041016
3 <---> 2 : 7.137298583984375
3 <---> 1 : 9.039163589477539
==================================== link detector ====================================

----------------------------
src    dst :    delay
2 <---> 1 : 6.664037704467773
2 <---> 3 : 7.781982421875
1 <---> 2 : 6.112813949584961
1 <---> 3 : 9.209871292114258
3 <---> 2 : 7.297992706298828
3 <---> 1 : 9.80520248413086
discovery--->==================================== discovery ====================================
discovery---> cls: [(2, 1), (2, 3), (1, 3)]
discovery--->=============================================================================
datapath         port     rx-pkts  rx-bytes rx-error tx-pkts  tx-bytes tx-error
---------------- -------- -------- -------- -------- -------- -------- --------
0000000000000002        1        0        0        0       10      780        0
0000000000000002        2       31     3590        0       30     3530        0
0000000000000002        3       30     3530        0       30     3530        0
datapath         in-port  eth-dst           out-port packets  bytes
---------------- -------- ----------------- -------- -------- --------
datapath         port     rx-pkts  rx-bytes rx-error tx-pkts  tx-bytes tx-error
---------------- -------- -------- -------- -------- -------- -------- --------
0000000000000001        1        0        0        0       10      780        0
0000000000000001        2       30     3530        0       31     3590        0
0000000000000001        3       31     3590        0       29     3470        0
datapath         in-port  eth-dst           out-port packets  bytes
---------------- -------- ----------------- -------- -------- --------
datapath         port     rx-pkts  rx-bytes rx-error tx-pkts  tx-bytes tx-error
---------------- -------- -------- -------- -------- -------- -------- --------
0000000000000003        1        0        0        0       10      780        0
0000000000000003        2       29     3470        0       31     3590        0
0000000000000003        3       30     3530        0       30     3530        0
datapath         in-port  eth-dst           out-port packets  bytes
---------------- -------- ----------------- -------- -------- --------
shortest=====>[PATH] [192.168.0.1 <----> 192.168.0.2]: [1, 2]
shortest=====>[PATH] [192.168.0.1 <----> 192.168.0.3]: [1, 3]
shortest=====>[PATH] [192.168.0.2 <----> 192.168.0.3]: [2, 3]
==================================== link detector ====================================

----------------------------
src    dst :    delay
2 <---> 1 : 6.346940994262695
2 <---> 3 : 6.064891815185547
1 <---> 2 : 6.148099899291992
1 <---> 3 : 10.093927383422852
3 <---> 2 : 7.091522216796875
3 <---> 1 : 16.750574111938477
discovery--->==================================== discovery ====================================
discovery---> cls: [(2, 1), (2, 3), (1, 3)]
discovery--->=============================================================================
datapath         port     rx-pkts  rx-bytes rx-error tx-pkts  tx-bytes tx-error
---------------- -------- -------- -------- -------- -------- -------- --------
0000000000000002        1        6      476        0       23     1910        0
0000000000000002        2       42     4300        0       42     4300        0
0000000000000002        3       43     4360        0       41     4240        0
datapath         in-port  eth-dst           out-port packets  bytes
---------------- -------- ----------------- -------- -------- --------
0000000000000002        1       192.168.0.1        2        2      196
0000000000000002        1       192.168.0.3        3        1       98
0000000000000002        2       192.168.0.2        1        2      196
0000000000000002        3       192.168.0.2        1        2      196
datapath         port     rx-pkts  rx-bytes rx-error tx-pkts  tx-bytes tx-error
---------------- -------- -------- -------- -------- -------- -------- --------
0000000000000001        1        6      476        0       28     2264        0
0000000000000001        2       42     4300        0       42     4300        0
0000000000000001        3       42     4300        0       40     4180        0
datapath         in-port  eth-dst           out-port packets  bytes
---------------- -------- ----------------- -------- -------- --------
0000000000000001        1       192.168.0.2        2        1       98
0000000000000001        1       192.168.0.3        3        1       98
0000000000000001        2       192.168.0.1        1        2      196
0000000000000001        3       192.168.0.1        1        2      196
datapath         port     rx-pkts  rx-bytes rx-error tx-pkts  tx-bytes tx-error
---------------- -------- -------- -------- -------- -------- -------- --------
0000000000000003        1        6      476        0       24     1970        0
0000000000000003        2       40     4180        0       42     4300        0
0000000000000003        3       41     4240        0       43     4360        0
datapath         in-port  eth-dst           out-port packets  bytes
---------------- -------- ----------------- -------- -------- --------
0000000000000003        1       192.168.0.1        2        2      196
0000000000000003        1       192.168.0.2        3        2      196
0000000000000003        2       192.168.0.3        1        2      196
0000000000000003        3       192.168.0.3        1        2      196
==================================== link detector ====================================

----------------------------
src    dst :    delay
2 <---> 1 : 6.64520263671875
2 <---> 3 : 8.164644241333008
1 <---> 2 : 8.010625839233398
1 <---> 3 : 8.54635238647461
3 <---> 2 : 8.184671401977539
3 <---> 1 : 10.022401809692383
==================================== link detector ====================================

----------------------------
src    dst :    delay
2 <---> 1 : 7.111310958862305
2 <---> 3 : 7.459163665771484
1 <---> 2 : 6.634950637817383
1 <---> 3 : 10.379552841186523
3 <---> 2 : 7.662773132324219
3 <---> 1 : 10.079622268676758
datapath         port     rx-pkts  rx-bytes rx-error tx-pkts  tx-bytes tx-error
---------------- -------- -------- -------- -------- -------- -------- --------
0000000000000002        1        7      518        0       29     2378        0
0000000000000002        2       48     4803        0       49     4863        0
0000000000000002        3       49     4863        0       47     4743        0
datapath         in-port  eth-dst           out-port packets  bytes
---------------- -------- ----------------- -------- -------- --------
0000000000000002        1       192.168.0.1        2        2      196
0000000000000002        1       192.168.0.3        3        1       98
0000000000000002        2       192.168.0.2        1        2      196
0000000000000002        3       192.168.0.2        1        2      196
datapath         port     rx-pkts  rx-bytes rx-error tx-pkts  tx-bytes tx-error
---------------- -------- -------- -------- -------- -------- -------- --------
0000000000000001        1        6      476        0       34     2732        0
0000000000000001        2       49     4863        0       48     4803        0
0000000000000001        3       48     4803        0       47     4743        0
datapath         in-port  eth-dst           out-port packets  bytes
---------------- -------- ----------------- -------- -------- --------
0000000000000001        1       192.168.0.2        2        1       98
0000000000000001        1       192.168.0.3        3        1       98
0000000000000001        2       192.168.0.1        1        2      196
0000000000000001        3       192.168.0.1        1        2      196
datapath         port     rx-pkts  rx-bytes rx-error tx-pkts  tx-bytes tx-error
---------------- -------- -------- -------- -------- -------- -------- --------
0000000000000003        1        7      518        0       30     2438        0
0000000000000003        2       47     4743        0       48     4803        0
0000000000000003        3       47     4743        0       49     4863        0
datapath         in-port  eth-dst           out-port packets  bytes
---------------- -------- ----------------- -------- -------- --------
0000000000000003        1       192.168.0.1        2        2      196
0000000000000003        1       192.168.0.2        3        2      196
0000000000000003        2       192.168.0.3        1        2      196
0000000000000003        3       192.168.0.3        1        2      196
discovery--->==================================== discovery ====================================
discovery---> cls: [(2, 1), (2, 3), (1, 3)]
discovery--->=============================================================================
==================================== link detector ====================================

----------------------------
src    dst :    delay
2 <---> 1 : 8.588552474975586
2 <---> 3 : 7.793188095092773
1 <---> 2 : 8.138656616210938
1 <---> 3 : 9.356021881103516
3 <---> 2 : 8.142471313476562
3 <---> 1 : 9.138107299804688
datapath         port     rx-pkts  rx-bytes rx-error tx-pkts  tx-bytes tx-error
---------------- -------- -------- -------- -------- -------- -------- --------
0000000000000001        1        6      476        0       39     3122        0
0000000000000001        2       55     5223        0       54     5163        0
0000000000000001        3       54     5163        0       52     5043        0
datapath         in-port  eth-dst           out-port packets  bytes
---------------- -------- ----------------- -------- -------- --------
0000000000000001        1       192.168.0.2        2        1       98
0000000000000001        1       192.168.0.3        3        1       98
0000000000000001        2       192.168.0.1        1        2      196
0000000000000001        3       192.168.0.1        1        2      196
datapath         port     rx-pkts  rx-bytes rx-error tx-pkts  tx-bytes tx-error
---------------- -------- -------- -------- -------- -------- -------- --------
0000000000000002        1        7      518        0       35     2846        0
0000000000000002        2       54     5163        0       55     5223        0
0000000000000002        3       55     5223        0       53     5103        0
datapath         in-port  eth-dst           out-port packets  bytes
---------------- -------- ----------------- -------- -------- --------
0000000000000002        1       192.168.0.1        2        2      196
0000000000000002        1       192.168.0.3        3        1       98
0000000000000002        2       192.168.0.2        1        2      196
0000000000000002        3       192.168.0.2        1        2      196
datapath         port     rx-pkts  rx-bytes rx-error tx-pkts  tx-bytes tx-error
---------------- -------- -------- -------- -------- -------- -------- --------
0000000000000003        1        7      518        0       36     2906        0
0000000000000003        2       52     5043        0       54     5163        0
0000000000000003        3       53     5103        0       55     5223        0
datapath         in-port  eth-dst           out-port packets  bytes
---------------- -------- ----------------- -------- -------- --------
0000000000000003        1       192.168.0.1        2        2      196
0000000000000003        1       192.168.0.2        3        2      196
0000000000000003        2       192.168.0.3        1        2      196
0000000000000003        3       192.168.0.3        1        2      196
discovery--->==================================== discovery ====================================
discovery---> cls: [(2, 1), (2, 3), (1, 3)]
discovery--->=============================================================================
==================================== link detector ====================================

----------------------------
src    dst :    delay
2 <---> 1 : 6.244182586669922
2 <---> 3 : 6.333351135253906
1 <---> 2 : 7.992982864379883
1 <---> 3 : 9.31406021118164
3 <---> 2 : 7.758855819702148
3 <---> 1 : 8.241415023803711
==================================== link detector ====================================

----------------------------
src    dst :    delay
2 <---> 1 : 7.223606109619141
2 <---> 3 : 8.127927780151367
1 <---> 2 : 8.008480072021484
1 <---> 3 : 9.063959121704102
3 <---> 2 : 6.236791610717773
3 <---> 1 : 8.499860763549805
datapath         port     rx-pkts  rx-bytes rx-error tx-pkts  tx-bytes tx-error
---------------- -------- -------- -------- -------- -------- -------- --------
0000000000000002        1        7      518        0       41     3314        0
0000000000000002        2       60     5533        0       61     5593        0
0000000000000002        3       61     5593        0       58     5403        0
datapath         in-port  eth-dst           out-port packets  bytes
---------------- -------- ----------------- -------- -------- --------
0000000000000002        1       192.168.0.1        2        2      196
0000000000000002        1       192.168.0.3        3        1       98
0000000000000002        2       192.168.0.2        1        2      196
0000000000000002        3       192.168.0.2        1        2      196
datapath         port     rx-pkts  rx-bytes rx-error tx-pkts  tx-bytes tx-error
---------------- -------- -------- -------- -------- -------- -------- --------
0000000000000001        1        6      476        0       45     3590        0
0000000000000001        2       61     5593        0       60     5533        0
0000000000000001        3       59     5463        0       59     5473        0
datapath         in-port  eth-dst           out-port packets  bytes
---------------- -------- ----------------- -------- -------- --------
0000000000000001        1       192.168.0.2        2        1       98
0000000000000001        1       192.168.0.3        3        1       98
0000000000000001        2       192.168.0.1        1        2      196
0000000000000001        3       192.168.0.1        1        2      196
datapath         port     rx-pkts  rx-bytes rx-error tx-pkts  tx-bytes tx-error
---------------- -------- -------- -------- -------- -------- -------- --------
0000000000000003        1        7      518        0       42     3374        0
0000000000000003        2       59     5473        0       59     5463        0
0000000000000003        3       58     5403        0       61     5593        0
datapath         in-port  eth-dst           out-port packets  bytes
---------------- -------- ----------------- -------- -------- --------
0000000000000003        1       192.168.0.1        2        2      196
0000000000000003        1       192.168.0.2        3        2      196
0000000000000003        2       192.168.0.3        1        2      196
0000000000000003        3       192.168.0.3        1        2      196
discovery--->==================================== discovery ====================================
discovery---> cls: [(2, 1), (2, 3), (1, 3)]
discovery--->=============================================================================
==================================== link detector ====================================

----------------------------
src    dst :    delay
2 <---> 1 : 7.628202438354492
2 <---> 3 : 8.145809173583984
1 <---> 2 : 8.146286010742188
1 <---> 3 : 10.047674179077148
3 <---> 2 : 6.636619567871094
3 <---> 1 : 8.4991455078125
==================================== link detector ====================================

----------------------------
src    dst :    delay
2 <---> 1 : 6.637811660766602
2 <---> 3 : 7.134199142456055
1 <---> 2 : 6.983518600463867
1 <---> 3 : 9.09280776977539
3 <---> 2 : 8.396387100219727
3 <---> 1 : 10.141849517822266
datapath         port     rx-pkts  rx-bytes rx-error tx-pkts  tx-bytes tx-error
---------------- -------- -------- -------- -------- -------- -------- --------
0000000000000002        1        7      518        0       46     3704        0
0000000000000002        2       67     6096        0       68     6156        0
0000000000000002        3       68     6156        0       66     6036        0
datapath         in-port  eth-dst           out-port packets  bytes
---------------- -------- ----------------- -------- -------- --------
0000000000000002        1       192.168.0.1        2        2      196
0000000000000002        1       192.168.0.3        3        1       98
0000000000000002        2       192.168.0.2        1        2      196
0000000000000002        3       192.168.0.2        1        2      196
datapath         port     rx-pkts  rx-bytes rx-error tx-pkts  tx-bytes tx-error
---------------- -------- -------- -------- -------- -------- -------- --------
0000000000000001        1        6      476        0       50     3980        0
0000000000000001        2       68     6156        0       67     6096        0
0000000000000001        3       67     6096        0       65     5976        0
datapath         in-port  eth-dst           out-port packets  bytes
---------------- -------- ----------------- -------- -------- --------
0000000000000001        1       192.168.0.2        2        1       98
0000000000000001        1       192.168.0.3        3        1       98
0000000000000001        2       192.168.0.1        1        2      196
0000000000000001        3       192.168.0.1        1        2      196
datapath         port     rx-pkts  rx-bytes rx-error tx-pkts  tx-bytes tx-error
---------------- -------- -------- -------- -------- -------- -------- --------
0000000000000003        1        7      518        0       47     3764        0
0000000000000003        2       65     5976        0       67     6096        0
0000000000000003        3       66     6036        0       68     6156        0
datapath         in-port  eth-dst           out-port packets  bytes
---------------- -------- ----------------- -------- -------- --------
0000000000000003        1       192.168.0.1        2        2      196
0000000000000003        1       192.168.0.2        3        2      196
0000000000000003        2       192.168.0.3        1        2      196
0000000000000003        3       192.168.0.3        1        2      196
discovery--->==================================== discovery ====================================
discovery---> cls: [(2, 1), (2, 3), (1, 3)]
discovery--->=============================================================================
==================================== link detector ====================================

----------------------------
src    dst :    delay
2 <---> 1 : 7.235527038574219
2 <---> 3 : 7.723569869995117
1 <---> 2 : 7.405996322631836
1 <---> 3 : 8.26406478881836
3 <---> 2 : 7.844209671020508
3 <---> 1 : 8.32056999206543
datapath         port     rx-pkts  rx-bytes rx-error tx-pkts  tx-bytes tx-error
---------------- -------- -------- -------- -------- -------- -------- --------
0000000000000002        1        7      518        0       52     4172        0
0000000000000002        2       72     6396        0       73     6456        0
0000000000000002        3       74     6516        0       71     6336        0
datapath         in-port  eth-dst           out-port packets  bytes
---------------- -------- ----------------- -------- -------- --------
0000000000000002        1       192.168.0.1        2        2      196
0000000000000002        1       192.168.0.3        3        1       98
0000000000000002        2       192.168.0.2        1        2      196
0000000000000002        3       192.168.0.2        1        2      196
datapath         port     rx-pkts  rx-bytes rx-error tx-pkts  tx-bytes tx-error
---------------- -------- -------- -------- -------- -------- -------- --------
0000000000000001        1        6      476        0       56     4448        0
0000000000000001        2       73     6456        0       72     6396        0
0000000000000001        3       72     6396        0       71     6336        0
datapath         in-port  eth-dst           out-port packets  bytes
---------------- -------- ----------------- -------- -------- --------
0000000000000001        1       192.168.0.2        2        1       98
0000000000000001        1       192.168.0.3        3        1       98
0000000000000001        2       192.168.0.1        1        2      196
0000000000000001        3       192.168.0.1        1        2      196
datapath         port     rx-pkts  rx-bytes rx-error tx-pkts  tx-bytes tx-error
---------------- -------- -------- -------- -------- -------- -------- --------
0000000000000003        1        7      518        0       53     4232        0
0000000000000003        2       71     6336        0       72     6396        0
0000000000000003        3       71     6336        0       74     6516        0
datapath         in-port  eth-dst           out-port packets  bytes
---------------- -------- ----------------- -------- -------- --------
0000000000000003        1       192.168.0.1        2        2      196
0000000000000003        1       192.168.0.2        3        2      196
0000000000000003        2       192.168.0.3        1        2      196
0000000000000003        3       192.168.0.3        1        2      196
discovery--->==================================== discovery ====================================
discovery---> cls: [(2, 1), (2, 3), (1, 3)]
discovery--->=============================================================================
==================================== link detector ====================================

----------------------------
src    dst :    delay
2 <---> 1 : 8.014678955078125
2 <---> 3 : 6.632089614868164
1 <---> 2 : 6.462574005126953
1 <---> 3 : 10.069131851196289
3 <---> 2 : 6.840229034423828
3 <---> 1 : 9.912252426147461
==================================== link detector ====================================

----------------------------
src    dst :    delay
2 <---> 1 : 7.810354232788086
2 <---> 3 : 7.354259490966797
1 <---> 2 : 6.999731063842773
1 <---> 3 : 9.88912582397461
3 <---> 2 : 6.743907928466797
3 <---> 1 : 10.009050369262695
datapath         port     rx-pkts  rx-bytes rx-error tx-pkts  tx-bytes tx-error
---------------- -------- -------- -------- -------- -------- -------- --------
0000000000000001        1        6      476        0       61     4838        0
0000000000000001        2       79     6816        0       78     6756        0
0000000000000001        3       78     6756        0       76     6636        0
datapath         in-port  eth-dst           out-port packets  bytes
---------------- -------- ----------------- -------- -------- --------
0000000000000001        1       192.168.0.2        2        1       98
0000000000000001        1       192.168.0.3        3        1       98
0000000000000001        2       192.168.0.1        1        2      196
0000000000000001        3       192.168.0.1        1        2      196
datapath         port     rx-pkts  rx-bytes rx-error tx-pkts  tx-bytes tx-error
---------------- -------- -------- -------- -------- -------- -------- --------
0000000000000002        1        7      518        0       57     4562        0
0000000000000002        2       78     6756        0       79     6816        0
0000000000000002        3       79     6816        0       77     6696        0
datapath         in-port  eth-dst           out-port packets  bytes
---------------- -------- ----------------- -------- -------- --------
0000000000000002        1       192.168.0.1        2        2      196
0000000000000002        1       192.168.0.3        3        1       98
0000000000000002        2       192.168.0.2        1        2      196
0000000000000002        3       192.168.0.2        1        2      196
datapath         port     rx-pkts  rx-bytes rx-error tx-pkts  tx-bytes tx-error
---------------- -------- -------- -------- -------- -------- -------- --------
0000000000000003        1        7      518        0       58     4622        0
0000000000000003        2       76     6636        0       78     6756        0
0000000000000003        3       77     6696        0       79     6816        0
datapath         in-port  eth-dst           out-port packets  bytes
---------------- -------- ----------------- -------- -------- --------
0000000000000003        1       192.168.0.1        2        2      196
0000000000000003        1       192.168.0.2        3        2      196
0000000000000003        2       192.168.0.3        1        2      196
0000000000000003        3       192.168.0.3        1        2      196
discovery--->==================================== discovery ====================================
discovery---> cls: [(2, 1), (2, 3), (1, 3)]
discovery--->=============================================================================
==================================== link detector ====================================

----------------------------
src    dst :    delay
2 <---> 1 : 8.100748062133789
2 <---> 3 : 7.265567779541016
1 <---> 2 : 6.1798095703125
1 <---> 3 : 9.838104248046875
3 <---> 2 : 6.749868392944336
3 <---> 1 : 8.62574577331543
datapath         port     rx-pkts  rx-bytes rx-error tx-pkts  tx-bytes tx-error
---------------- -------- -------- -------- -------- -------- -------- --------
0000000000000003        1        7      518        0       64     5090        0
0000000000000003        2       82     6996        0       84     7116        0
0000000000000003        3       83     7056        0       85     7176        0
datapath         in-port  eth-dst           out-port packets  bytes
---------------- -------- ----------------- -------- -------- --------
0000000000000003        1       192.168.0.1        2        2      196
0000000000000003        1       192.168.0.2        3        2      196
0000000000000003        2       192.168.0.3        1        2      196
0000000000000003        3       192.168.0.3        1        2      196
datapath         port     rx-pkts  rx-bytes rx-error tx-pkts  tx-bytes tx-error
---------------- -------- -------- -------- -------- -------- -------- --------
0000000000000002        1        7      518        0       63     5030        0
0000000000000002        2       83     7056        0       84     7116        0
0000000000000002        3       85     7176        0       83     7056        0
datapath         in-port  eth-dst           out-port packets  bytes
---------------- -------- ----------------- -------- -------- --------
0000000000000002        1       192.168.0.1        2        2      196
0000000000000002        1       192.168.0.3        3        1       98
0000000000000002        2       192.168.0.2        1        2      196
0000000000000002        3       192.168.0.2        1        2      196
datapath         port     rx-pkts  rx-bytes rx-error tx-pkts  tx-bytes tx-error
---------------- -------- -------- -------- -------- -------- -------- --------
0000000000000001        1        6      476        0       67     5306        0
0000000000000001        2       84     7116        0       83     7056        0
0000000000000001        3       84     7116        0       82     6996        0
datapath         in-port  eth-dst           out-port packets  bytes
---------------- -------- ----------------- -------- -------- --------
0000000000000001        1       192.168.0.2        2        1       98
0000000000000001        1       192.168.0.3        3        1       98
0000000000000001        2       192.168.0.1        1        2      196
0000000000000001        3       192.168.0.1        1        2      196
discovery--->==================================== discovery ====================================
discovery---> cls: [(2, 1), (2, 3), (1, 3)]
discovery--->=============================================================================
==================================== link detector ====================================

----------------------------
src    dst :    delay
2 <---> 1 : 7.145404815673828
2 <---> 3 : 6.684064865112305
1 <---> 2 : 6.629467010498047
1 <---> 3 : 10.498523712158203
3 <---> 2 : 10.310888290405273
3 <---> 1 : 10.074853897094727
==================================== link detector ====================================

----------------------------
src    dst :    delay
2 <---> 1 : 8.20612907409668
2 <---> 3 : 7.061958312988281
1 <---> 2 : 7.596731185913086
1 <---> 3 : 9.241580963134766
3 <---> 2 : 6.17527961730957
3 <---> 1 : 9.537220001220703
datapath         port     rx-pkts  rx-bytes rx-error tx-pkts  tx-bytes tx-error
---------------- -------- -------- -------- -------- -------- -------- --------
0000000000000002        1        7      518        0       68     5420        0
0000000000000002        2       89     7416        0       90     7476        0
0000000000000002        3       90     7476        0       88     7356        0
datapath         in-port  eth-dst           out-port packets  bytes
---------------- -------- ----------------- -------- -------- --------
0000000000000002        1       192.168.0.1        2        2      196
0000000000000002        1       192.168.0.3        3        1       98
0000000000000002        2       192.168.0.2        1        2      196
0000000000000002        3       192.168.0.2        1        2      196
datapath         port     rx-pkts  rx-bytes rx-error tx-pkts  tx-bytes tx-error
---------------- -------- -------- -------- -------- -------- -------- --------
0000000000000001        1        6      476        0       72     5696        0
0000000000000001        2       90     7476        0       89     7416        0
0000000000000001        3       89     7416        0       87     7296        0
datapath         in-port  eth-dst           out-port packets  bytes
---------------- -------- ----------------- -------- -------- --------
0000000000000001        1       192.168.0.2        2        1       98
0000000000000001        1       192.168.0.3        3        1       98
0000000000000001        2       192.168.0.1        1        2      196
0000000000000001        3       192.168.0.1        1        2      196
datapath         port     rx-pkts  rx-bytes rx-error tx-pkts  tx-bytes tx-error
---------------- -------- -------- -------- -------- -------- -------- --------
0000000000000003        1        7      518        0       69     5480        0
0000000000000003        2       87     7296        0       89     7416        0
0000000000000003        3       88     7356        0       90     7476        0
datapath         in-port  eth-dst           out-port packets  bytes
---------------- -------- ----------------- -------- -------- --------
0000000000000003        1       192.168.0.1        2        2      196
0000000000000003        1       192.168.0.2        3        2      196
0000000000000003        2       192.168.0.3        1        2      196
0000000000000003        3       192.168.0.3        1        2      196
discovery--->==================================== discovery ====================================
discovery---> cls: [(2, 1), (2, 3), (1, 3)]
discovery--->=============================================================================
==================================== link detector ====================================

----------------------------
src    dst :    delay
2 <---> 1 : 8.316516876220703
2 <---> 3 : 7.477998733520508
1 <---> 2 : 8.078813552856445
1 <---> 3 : 10.124683380126953
3 <---> 2 : 8.366107940673828
3 <---> 1 : 8.654594421386719
==================================== link detector ====================================

----------------------------
src    dst :    delay
2 <---> 1 : 6.547451019287109
2 <---> 3 : 7.892370223999023
1 <---> 2 : 7.183313369750977
1 <---> 3 : 10.275840759277344
3 <---> 2 : 7.935285568237305
3 <---> 1 : 9.781599044799805
datapath         port     rx-pkts  rx-bytes rx-error tx-pkts  tx-bytes tx-error
---------------- -------- -------- -------- -------- -------- -------- --------
0000000000000002        1        7      518        0       74     5888        0
0000000000000002        2       96     7846        0       95     7776        0
0000000000000002        3       96     7836        0       94     7716        0
datapath         in-port  eth-dst           out-port packets  bytes
---------------- -------- ----------------- -------- -------- --------
0000000000000002        1       192.168.0.1        2        2      196
0000000000000002        1       192.168.0.3        3        1       98
0000000000000002        2       192.168.0.2        1        2      196
0000000000000002        3       192.168.0.2        1        2      196
datapath         port     rx-pkts  rx-bytes rx-error tx-pkts  tx-bytes tx-error
---------------- -------- -------- -------- -------- -------- -------- --------
0000000000000003        1        7      518        0       75     5948        0
0000000000000003        2       93     7656        0       95     7776        0
0000000000000003        3       94     7716        0       96     7836        0
datapath         in-port  eth-dst           out-port packets  bytes
---------------- -------- ----------------- -------- -------- --------
0000000000000003        1       192.168.0.1        2        2      196
0000000000000003        1       192.168.0.2        3        2      196
0000000000000003        2       192.168.0.3        1        2      196
0000000000000003        3       192.168.0.3        1        2      196
datapath         port     rx-pkts  rx-bytes rx-error tx-pkts  tx-bytes tx-error
---------------- -------- -------- -------- -------- -------- -------- --------
0000000000000001        1        6      476        0       78     6164        0
0000000000000001        2       95     7776        0       96     7846        0
0000000000000001        3       95     7776        0       93     7656        0
datapath         in-port  eth-dst           out-port packets  bytes
---------------- -------- ----------------- -------- -------- --------
0000000000000001        1       192.168.0.2        2        1       98
0000000000000001        1       192.168.0.3        3        1       98
0000000000000001        2       192.168.0.1        1        2      196
0000000000000001        3       192.168.0.1        1        2      196
discovery--->==================================== discovery ====================================
discovery---> cls: [(2, 1), (2, 3), (1, 3)]
discovery--->=============================================================================
==================================== link detector ====================================

----------------------------
src    dst :    delay
2 <---> 1 : 8.162736892700195
2 <---> 3 : 7.556438446044922
1 <---> 2 : 7.492542266845703
1 <---> 3 : 9.322881698608398
3 <---> 2 : 7.547855377197266
3 <---> 1 : 9.58395004272461
datapath         port     rx-pkts  rx-bytes rx-error tx-pkts  tx-bytes tx-error
---------------- -------- -------- -------- -------- -------- -------- --------
0000000000000002        1        7      518        0       79     6278        0
0000000000000002        2      102     8349        0      103     8409        0
0000000000000002        3      103     8409        0      101     8289        0
datapath         in-port  eth-dst           out-port packets  bytes
---------------- -------- ----------------- -------- -------- --------
0000000000000002        1       192.168.0.1        2        2      196
0000000000000002        1       192.168.0.3        3        1       98
0000000000000002        2       192.168.0.2        1        2      196
0000000000000002        3       192.168.0.2        1        2      196
datapath         port     rx-pkts  rx-bytes rx-error tx-pkts  tx-bytes tx-error
---------------- -------- -------- -------- -------- -------- -------- --------
0000000000000001        1        6      476        0       83     6554        0
0000000000000001        2      103     8409        0      102     8349        0
0000000000000001        3      101     8279        0      101     8289        0
datapath         in-port  eth-dst           out-port packets  bytes
---------------- -------- ----------------- -------- -------- --------
0000000000000001        1       192.168.0.2        2        1       98
0000000000000001        1       192.168.0.3        3        1       98
0000000000000001        2       192.168.0.1        1        2      196
0000000000000001        3       192.168.0.1        1        2      196
datapath         port     rx-pkts  rx-bytes rx-error tx-pkts  tx-bytes tx-error
---------------- -------- -------- -------- -------- -------- -------- --------
0000000000000003        1        7      518        0       80     6338        0
0000000000000003        2      101     8289        0      101     8279        0
0000000000000003        3      101     8289        0      103     8409        0
datapath         in-port  eth-dst           out-port packets  bytes
---------------- -------- ----------------- -------- -------- --------
0000000000000003        1       192.168.0.1        2        2      196
0000000000000003        1       192.168.0.2        3        2      196
0000000000000003        2       192.168.0.3        1        2      196
0000000000000003        3       192.168.0.3        1        2      196
discovery--->==================================== discovery ====================================
discovery---> cls: [(2, 1), (2, 3), (1, 3)]
discovery--->=============================================================================
==================================== link detector ====================================

----------------------------
src    dst :    delay
2 <---> 1 : 7.646799087524414
2 <---> 3 : 7.889032363891602
1 <---> 2 : 7.874250411987305
1 <---> 3 : 10.082244873046875
3 <---> 2 : 7.178068161010742
3 <---> 1 : 9.821653366088867
==================================== link detector ====================================

----------------------------
src    dst :    delay
2 <---> 1 : 8.06117057800293
2 <---> 3 : 6.379842758178711
1 <---> 2 : 7.416009902954102
1 <---> 3 : 9.715795516967773
3 <---> 2 : 8.26716423034668
3 <---> 1 : 9.319543838500977
datapath         port     rx-pkts  rx-bytes rx-error tx-pkts  tx-bytes tx-error
---------------- -------- -------- -------- -------- -------- -------- --------
0000000000000002        1        7      518        0       85     6746        0
0000000000000002        2      108     8709        0      109     8769        0
0000000000000002        3      109     8769        0      107     8649        0
datapath         in-port  eth-dst           out-port packets  bytes
---------------- -------- ----------------- -------- -------- --------
0000000000000002        1       192.168.0.1        2        2      196
0000000000000002        1       192.168.0.3        3        1       98
0000000000000002        2       192.168.0.2        1        2      196
0000000000000002        3       192.168.0.2        1        2      196
datapath         port     rx-pkts  rx-bytes rx-error tx-pkts  tx-bytes tx-error
---------------- -------- -------- -------- -------- -------- -------- --------
0000000000000001        1        6      476        0       89     7022        0
0000000000000001        2      109     8769        0      108     8709        0
0000000000000001        3      108     8709        0      106     8589        0
datapath         in-port  eth-dst           out-port packets  bytes
---------------- -------- ----------------- -------- -------- --------
0000000000000001        1       192.168.0.2        2        1       98
0000000000000001        1       192.168.0.3        3        1       98
0000000000000001        2       192.168.0.1        1        2      196
0000000000000001        3       192.168.0.1        1        2      196
datapath         port     rx-pkts  rx-bytes rx-error tx-pkts  tx-bytes tx-error
---------------- -------- -------- -------- -------- -------- -------- --------
0000000000000003        1        7      518        0       86     6806        0
0000000000000003        2      106     8589        0      108     8709        0
0000000000000003        3      107     8649        0      109     8769        0
datapath         in-port  eth-dst           out-port packets  bytes
---------------- -------- ----------------- -------- -------- --------
0000000000000003        1       192.168.0.1        2        2      196
0000000000000003        1       192.168.0.2        3        2      196
0000000000000003        2       192.168.0.3        1        2      196
0000000000000003        3       192.168.0.3        1        2      196
discovery--->==================================== discovery ====================================
discovery---> cls: [(2, 1), (2, 3), (1, 3)]
discovery--->=============================================================================
==================================== link detector ====================================

----------------------------
src    dst :    delay
2 <---> 1 : 8.112668991088867
2 <---> 3 : 8.08262825012207
1 <---> 2 : 8.146286010742188
1 <---> 3 : 8.625030517578125
3 <---> 2 : 7.7304840087890625
3 <---> 1 : 8.412599563598633
datapath         port     rx-pkts  rx-bytes rx-error tx-pkts  tx-bytes tx-error
---------------- -------- -------- -------- -------- -------- -------- --------
0000000000000002        1        7      518        0       91     7214        0
0000000000000002        2      113     9009        0      114     9069        0
0000000000000002        3      114     9069        0      112     8949        0
datapath         in-port  eth-dst           out-port packets  bytes
---------------- -------- ----------------- -------- -------- --------
0000000000000002        1       192.168.0.1        2        2      196
0000000000000002        1       192.168.0.3        3        1       98
0000000000000002        2       192.168.0.2        1        2      196
0000000000000002        3       192.168.0.2        1        2      196
datapath         port     rx-pkts  rx-bytes rx-error tx-pkts  tx-bytes tx-error
---------------- -------- -------- -------- -------- -------- -------- --------
0000000000000003        1        7      518        0       91     7196        0
0000000000000003        2      112     8949        0      113     9009        0
0000000000000003        3      112     8949        0      114     9069        0
datapath         in-port  eth-dst           out-port packets  bytes
---------------- -------- ----------------- -------- -------- --------
0000000000000003        1       192.168.0.1        2        2      196
0000000000000003        1       192.168.0.2        3        2      196
0000000000000003        2       192.168.0.3        1        2      196
0000000000000003        3       192.168.0.3        1        2      196
datapath         port     rx-pkts  rx-bytes rx-error tx-pkts  tx-bytes tx-error
---------------- -------- -------- -------- -------- -------- -------- --------
0000000000000001        1        6      476        0       95     7490        0
0000000000000001        2      114     9069        0      113     9009        0
0000000000000001        3      113     9009        0      112     8949        0
datapath         in-port  eth-dst           out-port packets  bytes
---------------- -------- ----------------- -------- -------- --------
0000000000000001        1       192.168.0.2        2        1       98
0000000000000001        1       192.168.0.3        3        1       98
0000000000000001        2       192.168.0.1        1        2      196
0000000000000001        3       192.168.0.1        1        2      196
discovery--->==================================== discovery ====================================
discovery---> cls: [(2, 1), (2, 3), (1, 3)]
discovery--->=============================================================================
==================================== link detector ====================================

----------------------------
src    dst :    delay
2 <---> 1 : 8.098125457763672
2 <---> 3 : 8.025884628295898
1 <---> 2 : 8.148193359375
1 <---> 3 : 8.73565673828125
3 <---> 2 : 8.022785186767578
3 <---> 1 : 10.110855102539062
==================================== link detector ====================================

----------------------------
src    dst :    delay
2 <---> 1 : 7.276773452758789
2 <---> 3 : 8.23068618774414
1 <---> 2 : 7.129192352294922
1 <---> 3 : 10.073661804199219
3 <---> 2 : 8.141279220581055
3 <---> 1 : 8.785724639892578
datapath         port     rx-pkts  rx-bytes rx-error tx-pkts  tx-bytes tx-error
---------------- -------- -------- -------- -------- -------- -------- --------
0000000000000002        1        7      518        0       96     7604        0
0000000000000002        2      119     9369        0      120     9429        0
0000000000000002        3      120     9429        0      118     9309        0
datapath         in-port  eth-dst           out-port packets  bytes
---------------- -------- ----------------- -------- -------- --------
0000000000000002        1       192.168.0.1        2        2      196
0000000000000002        1       192.168.0.3        3        1       98
0000000000000002        2       192.168.0.2        1        2      196
0000000000000002        3       192.168.0.2        1        2      196
datapath         port     rx-pkts  rx-bytes rx-error tx-pkts  tx-bytes tx-error
---------------- -------- -------- -------- -------- -------- -------- --------
0000000000000003        1        7      518        0       97     7664        0
0000000000000003        2      117     9249        0      119     9369        0
0000000000000003        3      118     9309        0      120     9429        0
datapath         in-port  eth-dst           out-port packets  bytes
---------------- -------- ----------------- -------- -------- --------
0000000000000003        1       192.168.0.1        2        2      196
0000000000000003        1       192.168.0.2        3        2      196
0000000000000003        2       192.168.0.3        1        2      196
0000000000000003        3       192.168.0.3        1        2      196
datapath         port     rx-pkts  rx-bytes rx-error tx-pkts  tx-bytes tx-error
---------------- -------- -------- -------- -------- -------- -------- --------
0000000000000001        1        6      476        0      100     7880        0
0000000000000001        2      120     9429        0      119     9369        0
0000000000000001        3      119     9369        0      117     9249        0
datapath         in-port  eth-dst           out-port packets  bytes
---------------- -------- ----------------- -------- -------- --------
0000000000000001        1       192.168.0.2        2        1       98
0000000000000001        1       192.168.0.3        3        1       98
0000000000000001        2       192.168.0.1        1        2      196
0000000000000001        3       192.168.0.1        1        2      196
discovery--->==================================== discovery ====================================
discovery---> cls: [(2, 1), (2, 3), (1, 3)]
discovery--->=============================================================================
==================================== link detector ====================================

----------------------------
src    dst :    delay
2 <---> 1 : 8.205890655517578
2 <---> 3 : 7.512331008911133
1 <---> 2 : 7.958412170410156
1 <---> 3 : 8.52060317993164
3 <---> 2 : 7.551670074462891
3 <---> 1 : 9.487628936767578
datapath         port     rx-pkts  rx-bytes rx-error tx-pkts  tx-bytes tx-error
---------------- -------- -------- -------- -------- -------- -------- --------
0000000000000002        1        7      518        0      102     8072        0
0000000000000002        2      124     9669        0      125     9729        0
0000000000000002        3      126     9789        0      123     9609        0
datapath         in-port  eth-dst           out-port packets  bytes
---------------- -------- ----------------- -------- -------- --------
0000000000000002        1       192.168.0.1        2        2      196
0000000000000002        1       192.168.0.3        3        1       98
0000000000000002        2       192.168.0.2        1        2      196
0000000000000002        3       192.168.0.2        1        2      196
datapath         port     rx-pkts  rx-bytes rx-error tx-pkts  tx-bytes tx-error
---------------- -------- -------- -------- -------- -------- -------- --------
0000000000000003        1        7      518        0      103     8132        0
0000000000000003        2      123     9609        0      124     9669        0
0000000000000003        3      123     9609        0      126     9789        0
datapath         in-port  eth-dst           out-port packets  bytes
---------------- -------- ----------------- -------- -------- --------
0000000000000003        1       192.168.0.1        2        2      196
0000000000000003        1       192.168.0.2        3        2      196
0000000000000003        2       192.168.0.3        1        2      196
0000000000000003        3       192.168.0.3        1        2      196
datapath         port     rx-pkts  rx-bytes rx-error tx-pkts  tx-bytes tx-error
---------------- -------- -------- -------- -------- -------- -------- --------
0000000000000001        1        6      476        0      106     8348        0
0000000000000001        2      125     9729        0      124     9669        0
0000000000000001        3      124     9669        0      123     9609        0
datapath         in-port  eth-dst           out-port packets  bytes
---------------- -------- ----------------- -------- -------- --------
0000000000000001        1       192.168.0.2        2        1       98
0000000000000001        1       192.168.0.3        3        1       98
0000000000000001        2       192.168.0.1        1        2      196
0000000000000001        3       192.168.0.1        1        2      196
discovery--->==================================== discovery ====================================
discovery---> cls: [(2, 1), (2, 3), (1, 3)]
discovery--->=============================================================================
==================================== link detector ====================================

----------------------------
src    dst :    delay
2 <---> 1 : 8.070707321166992
2 <---> 3 : 8.084774017333984
1 <---> 2 : 8.130311965942383
1 <---> 3 : 9.109020233154297
3 <---> 2 : 6.772518157958984
3 <---> 1 : 8.809328079223633
==================================== link detector ====================================

----------------------------
src    dst :    delay
2 <---> 1 : 8.170843124389648
2 <---> 3 : 8.123159408569336
1 <---> 2 : 6.700754165649414
1 <---> 3 : 9.299993515014648
3 <---> 2 : 8.107900619506836
3 <---> 1 : 10.076522827148438
datapath         port     rx-pkts  rx-bytes rx-error tx-pkts  tx-bytes tx-error
---------------- -------- -------- -------- -------- -------- -------- --------
0000000000000002        1        7      518        0      107     8462        0
0000000000000002        2      130    10029        0      131    10089        0
0000000000000002        3      131    10089        0      129     9969        0
datapath         in-port  eth-dst           out-port packets  bytes
---------------- -------- ----------------- -------- -------- --------
0000000000000002        1       192.168.0.1        2        2      196
0000000000000002        1       192.168.0.3        3        1       98
0000000000000002        2       192.168.0.2        1        2      196
0000000000000002        3       192.168.0.2        1        2      196
datapath         port     rx-pkts  rx-bytes rx-error tx-pkts  tx-bytes tx-error
---------------- -------- -------- -------- -------- -------- -------- --------
0000000000000003        1        7      518        0      108     8522        0
0000000000000003        2      128     9909        0      130    10029        0
0000000000000003        3      129     9969        0      131    10089        0
datapath         in-port  eth-dst           out-port packets  bytes
---------------- -------- ----------------- -------- -------- --------
0000000000000003        1       192.168.0.1        2        2      196
0000000000000003        1       192.168.0.2        3        2      196
0000000000000003        2       192.168.0.3        1        2      196
0000000000000003        3       192.168.0.3        1        2      196
datapath         port     rx-pkts  rx-bytes rx-error tx-pkts  tx-bytes tx-error
---------------- -------- -------- -------- -------- -------- -------- --------
0000000000000001        1        6      476        0      111     8738        0
0000000000000001        2      131    10089        0      130    10029        0
0000000000000001        3      130    10029        0      128     9909        0
datapath         in-port  eth-dst           out-port packets  bytes
---------------- -------- ----------------- -------- -------- --------
0000000000000001        1       192.168.0.2        2        1       98
0000000000000001        1       192.168.0.3        3        1       98
0000000000000001        2       192.168.0.1        1        2      196
0000000000000001        3       192.168.0.1        1        2      196
discovery--->==================================== discovery ====================================
discovery---> cls: [(2, 1), (2, 3), (1, 3)]
discovery--->=============================================================================
==================================== link detector ====================================

----------------------------
src    dst :    delay
2 <---> 1 : 6.984949111938477
2 <---> 3 : 6.789445877075195
1 <---> 2 : 7.598876953125
1 <---> 3 : 10.268449783325195
3 <---> 2 : 8.132696151733398
3 <---> 1 : 9.37199592590332
==================================== link detector ====================================

----------------------------
src    dst :    delay
2 <---> 1 : 6.721735000610352
2 <---> 3 : 8.156538009643555
1 <---> 2 : 6.765604019165039
1 <---> 3 : 10.017871856689453
3 <---> 2 : 7.587194442749023
3 <---> 1 : 10.423660278320312
datapath         port     rx-pkts  rx-bytes rx-error tx-pkts  tx-bytes tx-error
---------------- -------- -------- -------- -------- -------- -------- --------
0000000000000002        1        7      518        0      113     8930        0
0000000000000002        2      135    10329        0      136    10389        0
0000000000000002        3      137    10449        0      135    10329        0
datapath         in-port  eth-dst           out-port packets  bytes
---------------- -------- ----------------- -------- -------- --------
0000000000000002        1       192.168.0.1        2        2      196
0000000000000002        1       192.168.0.3        3        1       98
0000000000000002        2       192.168.0.2        1        2      196
0000000000000002        3       192.168.0.2        1        2      196
datapath         port     rx-pkts  rx-bytes rx-error tx-pkts  tx-bytes tx-error
---------------- -------- -------- -------- -------- -------- -------- --------
0000000000000001        1        6      476        0      117     9206        0
0000000000000001        2      136    10389        0      135    10329        0
0000000000000001        3      136    10389        0      134    10269        0
datapath         in-port  eth-dst           out-port packets  bytes
---------------- -------- ----------------- -------- -------- --------
0000000000000001        1       192.168.0.2        2        1       98
0000000000000001        1       192.168.0.3        3        1       98
0000000000000001        2       192.168.0.1        1        2      196
0000000000000001        3       192.168.0.1        1        2      196
datapath         port     rx-pkts  rx-bytes rx-error tx-pkts  tx-bytes tx-error
---------------- -------- -------- -------- -------- -------- -------- --------
0000000000000003        1        7      518        0      114     8990        0
0000000000000003        2      134    10269        0      136    10389        0
0000000000000003        3      135    10329        0      137    10449        0
datapath         in-port  eth-dst           out-port packets  bytes
---------------- -------- ----------------- -------- -------- --------
0000000000000003        1       192.168.0.1        2        2      196
0000000000000003        1       192.168.0.2        3        2      196
0000000000000003        2       192.168.0.3        1        2      196
0000000000000003        3       192.168.0.3        1        2      196
discovery--->==================================== discovery ====================================
discovery---> cls: [(2, 1), (2, 3), (1, 3)]
discovery--->=============================================================================
==================================== link detector ====================================

----------------------------
src    dst :    delay
2 <---> 1 : 6.587982177734375
2 <---> 3 : 8.270978927612305
1 <---> 2 : 8.068084716796875
1 <---> 3 : 9.436368942260742
3 <---> 2 : 8.254289627075195
3 <---> 1 : 10.135173797607422
datapath         port     rx-pkts  rx-bytes rx-error tx-pkts  tx-bytes tx-error
---------------- -------- -------- -------- -------- -------- -------- --------
0000000000000002        1        7      518        0      118     9320        0
0000000000000002        2      141    10689        0      142    10749        0
0000000000000002        3      142    10749        0      140    10629        0
datapath         in-port  eth-dst           out-port packets  bytes
---------------- -------- ----------------- -------- -------- --------
0000000000000002        1       192.168.0.1        2        2      196
0000000000000002        1       192.168.0.3        3        1       98
0000000000000002        2       192.168.0.2        1        2      196
0000000000000002        3       192.168.0.2        1        2      196
datapath         port     rx-pkts  rx-bytes rx-error tx-pkts  tx-bytes tx-error
---------------- -------- -------- -------- -------- -------- -------- --------
0000000000000001        1        6      476        0      122     9596        0
0000000000000001        2      142    10749        0      141    10689        0
0000000000000001        3      141    10689        0      139    10569        0
datapath         in-port  eth-dst           out-port packets  bytes
---------------- -------- ----------------- -------- -------- --------
0000000000000001        1       192.168.0.2        2        1       98
0000000000000001        1       192.168.0.3        3        1       98
0000000000000001        2       192.168.0.1        1        2      196
0000000000000001        3       192.168.0.1        1        2      196
datapath         port     rx-pkts  rx-bytes rx-error tx-pkts  tx-bytes tx-error
---------------- -------- -------- -------- -------- -------- -------- --------
0000000000000003        1        7      518        0      119     9380        0
0000000000000003        2      139    10569        0      141    10689        0
0000000000000003        3      140    10629        0      142    10749        0
datapath         in-port  eth-dst           out-port packets  bytes
---------------- -------- ----------------- -------- -------- --------
0000000000000003        1       192.168.0.1        2        2      196
0000000000000003        1       192.168.0.2        3        2      196
0000000000000003        2       192.168.0.3        1        2      196
0000000000000003        3       192.168.0.3        1        2      196
discovery--->==================================== discovery ====================================
discovery---> cls: [(2, 1), (2, 3), (1, 3)]
discovery--->=============================================================================
==================================== link detector ====================================

----------------------------
src    dst :    delay
2 <---> 1 : 8.22138786315918
2 <---> 3 : 8.063316345214844
1 <---> 2 : 8.034467697143555
1 <---> 3 : 8.774518966674805
3 <---> 2 : 8.383750915527344
3 <---> 1 : 8.728981018066406
==================================== link detector ====================================

----------------------------
src    dst :    delay
2 <---> 1 : 8.187294006347656
2 <---> 3 : 8.202314376831055
1 <---> 2 : 8.094310760498047
1 <---> 3 : 9.29117202758789
3 <---> 2 : 8.196830749511719
3 <---> 1 : 10.193824768066406
datapath         port     rx-pkts  rx-bytes rx-error tx-pkts  tx-bytes tx-error
---------------- -------- -------- -------- -------- -------- -------- --------
0000000000000001        1        6      476        0      128    10064        0
0000000000000001        2      147    11049        0      147    11049        0
0000000000000001        3      147    11049        0      145    10929        0
datapath         in-port  eth-dst           out-port packets  bytes
---------------- -------- ----------------- -------- -------- --------
0000000000000001        1       192.168.0.2        2        1       98
0000000000000001        1       192.168.0.3        3        1       98
0000000000000001        2       192.168.0.1        1        2      196
0000000000000001        3       192.168.0.1        1        2      196
datapath         port     rx-pkts  rx-bytes rx-error tx-pkts  tx-bytes tx-error
---------------- -------- -------- -------- -------- -------- -------- --------
0000000000000002        1        7      518        0      124     9788        0
0000000000000002        2      147    11049        0      147    11049        0
0000000000000002        3      148    11109        0      146    10989        0
datapath         in-port  eth-dst           out-port packets  bytes
---------------- -------- ----------------- -------- -------- --------
0000000000000002        1       192.168.0.1        2        2      196
0000000000000002        1       192.168.0.3        3        1       98
0000000000000002        2       192.168.0.2        1        2      196
0000000000000002        3       192.168.0.2        1        2      196
datapath         port     rx-pkts  rx-bytes rx-error tx-pkts  tx-bytes tx-error
---------------- -------- -------- -------- -------- -------- -------- --------
0000000000000003        1        7      518        0      125     9848        0
0000000000000003        2      145    10929        0      147    11049        0
0000000000000003        3      146    10989        0      148    11109        0
datapath         in-port  eth-dst           out-port packets  bytes
---------------- -------- ----------------- -------- -------- --------
0000000000000003        1       192.168.0.1        2        2      196
0000000000000003        1       192.168.0.2        3        2      196
0000000000000003        2       192.168.0.3        1        2      196
0000000000000003        3       192.168.0.3        1        2      196
discovery--->==================================== discovery ====================================
discovery---> cls: [(2, 1), (2, 3), (1, 3)]
discovery--->=============================================================================
==================================== link detector ====================================

----------------------------
src    dst :    delay
2 <---> 1 : 7.5283050537109375
2 <---> 3 : 7.646322250366211
1 <---> 2 : 7.495403289794922
1 <---> 3 : 9.817361831665039
3 <---> 2 : 7.514238357543945
3 <---> 1 : 9.582281112670898
datapath         port     rx-pkts  rx-bytes rx-error tx-pkts  tx-bytes tx-error
---------------- -------- -------- -------- -------- -------- -------- --------
0000000000000002        1        7      518        0      129    10178        0
0000000000000002        2      152    11349        0      153    11409        0
0000000000000002        3      153    11409        0      151    11289        0
datapath         in-port  eth-dst           out-port packets  bytes
---------------- -------- ----------------- -------- -------- --------
0000000000000002        1       192.168.0.1        2        2      196
0000000000000002        1       192.168.0.3        3        1       98
0000000000000002        2       192.168.0.2        1        2      196
0000000000000002        3       192.168.0.2        1        2      196
datapath         port     rx-pkts  rx-bytes rx-error tx-pkts  tx-bytes tx-error
---------------- -------- -------- -------- -------- -------- -------- --------
0000000000000003        1        7      518        0      130    10238        0
0000000000000003        2      151    11289        0      152    11349        0
0000000000000003        3      151    11289        0      153    11409        0
datapath         in-port  eth-dst           out-port packets  bytes
---------------- -------- ----------------- -------- -------- --------
0000000000000003        1       192.168.0.1        2        2      196
0000000000000003        1       192.168.0.2        3        2      196
0000000000000003        2       192.168.0.3        1        2      196
0000000000000003        3       192.168.0.3        1        2      196
datapath         port     rx-pkts  rx-bytes rx-error tx-pkts  tx-bytes tx-error
---------------- -------- -------- -------- -------- -------- -------- --------
0000000000000001        1        6      476        0      133    10454        0
0000000000000001        2      153    11409        0      152    11349        0
0000000000000001        3      152    11349        0      151    11289        0
datapath         in-port  eth-dst           out-port packets  bytes
---------------- -------- ----------------- -------- -------- --------
0000000000000001        1       192.168.0.2        2        1       98
0000000000000001        1       192.168.0.3        3        1       98
0000000000000001        2       192.168.0.1        1        2      196
0000000000000001        3       192.168.0.1        1        2      196
discovery--->==================================== discovery ====================================
discovery---> cls: [(2, 1), (2, 3), (1, 3)]
discovery--->=============================================================================
==================================== link detector ====================================

----------------------------
src    dst :    delay
2 <---> 1 : 8.162975311279297
2 <---> 3 : 8.174657821655273
1 <---> 2 : 7.136821746826172
1 <---> 3 : 10.12873649597168
3 <---> 2 : 8.183717727661133
3 <---> 1 : 10.167598724365234
==================================== link detector ====================================

----------------------------
src    dst :    delay
2 <---> 1 : 6.708860397338867
2 <---> 3 : 6.695270538330078
1 <---> 2 : 6.352901458740234
1 <---> 3 : 8.588552474975586
3 <---> 2 : 7.051944732666016
3 <---> 1 : 10.17451286315918
datapath         port     rx-pkts  rx-bytes rx-error tx-pkts  tx-bytes tx-error
---------------- -------- -------- -------- -------- -------- -------- --------
0000000000000002        1        7      518        0      135    10646        0
0000000000000002        2      159    11779        0      158    11709        0
0000000000000002        3      159    11769        0      157    11649        0
datapath         in-port  eth-dst           out-port packets  bytes
---------------- -------- ----------------- -------- -------- --------
0000000000000002        1       192.168.0.1        2        2      196
0000000000000002        1       192.168.0.3        3        1       98
0000000000000002        2       192.168.0.2        1        2      196
0000000000000002        3       192.168.0.2        1        2      196
datapath         port     rx-pkts  rx-bytes rx-error tx-pkts  tx-bytes tx-error
---------------- -------- -------- -------- -------- -------- -------- --------
0000000000000001        1        6      476        0      139    10922        0
0000000000000001        2      158    11709        0      159    11779        0
0000000000000001        3      158    11709        0      156    11589        0
datapath         in-port  eth-dst           out-port packets  bytes
---------------- -------- ----------------- -------- -------- --------
0000000000000001        1       192.168.0.2        2        1       98
0000000000000001        1       192.168.0.3        3        1       98
0000000000000001        2       192.168.0.1        1        2      196
0000000000000001        3       192.168.0.1        1        2      196
datapath         port     rx-pkts  rx-bytes rx-error tx-pkts  tx-bytes tx-error
---------------- -------- -------- -------- -------- -------- -------- --------
0000000000000003        1        7      518        0      136    10706        0
0000000000000003        2      156    11589        0      158    11709        0
0000000000000003        3      157    11649        0      159    11769        0
datapath         in-port  eth-dst           out-port packets  bytes
---------------- -------- ----------------- -------- -------- --------
0000000000000003        1       192.168.0.1        2        2      196
0000000000000003        1       192.168.0.2        3        2      196
0000000000000003        2       192.168.0.3        1        2      196
0000000000000003        3       192.168.0.3        1        2      196
discovery--->==================================== discovery ====================================
discovery---> cls: [(2, 1), (2, 3), (1, 3)]
discovery--->=============================================================================
==================================== link detector ====================================

----------------------------
src    dst :    delay
2 <---> 1 : 8.133172988891602
2 <---> 3 : 6.680011749267578
1 <---> 2 : 7.586240768432617
1 <---> 3 : 9.17196273803711
3 <---> 2 : 8.2244873046875
3 <---> 1 : 9.928464889526367
==================================== link detector ====================================

----------------------------
src    dst :    delay
2 <---> 1 : 7.569313049316406
2 <---> 3 : 8.144617080688477
1 <---> 2 : 8.047819137573242
1 <---> 3 : 9.680747985839844
3 <---> 2 : 6.933450698852539
3 <---> 1 : 10.112285614013672
datapath         port     rx-pkts  rx-bytes rx-error tx-pkts  tx-bytes tx-error
---------------- -------- -------- -------- -------- -------- -------- --------
0000000000000002        1        7      518        0      141    11114        0
0000000000000002        2      164    12079        0      164    12069        0
0000000000000002        3      164    12069        0      162    11949        0
datapath         in-port  eth-dst           out-port packets  bytes
---------------- -------- ----------------- -------- -------- --------
0000000000000002        1       192.168.0.1        2        2      196
0000000000000002        1       192.168.0.3        3        1       98
0000000000000002        2       192.168.0.2        1        2      196
0000000000000002        3       192.168.0.2        1        2      196
datapath         port     rx-pkts  rx-bytes rx-error tx-pkts  tx-bytes tx-error
---------------- -------- -------- -------- -------- -------- -------- --------
0000000000000003        1        7      518        0      141    11096        0
0000000000000003        2      162    11949        0      163    12009        0
0000000000000003        3      162    11949        0      164    12069        0
datapath         in-port  eth-dst           out-port packets  bytes
---------------- -------- ----------------- -------- -------- --------
0000000000000003        1       192.168.0.1        2        2      196
0000000000000003        1       192.168.0.2        3        2      196
0000000000000003        2       192.168.0.3        1        2      196
0000000000000003        3       192.168.0.3        1        2      196
datapath         port     rx-pkts  rx-bytes rx-error tx-pkts  tx-bytes tx-error
---------------- -------- -------- -------- -------- -------- -------- --------
0000000000000001        1        6      476        0      145    11390        0
0000000000000001        2      164    12069        0      164    12079        0
0000000000000001        3      163    12009        0      162    11949        0
datapath         in-port  eth-dst           out-port packets  bytes
---------------- -------- ----------------- -------- -------- --------
0000000000000001        1       192.168.0.2        2        1       98
0000000000000001        1       192.168.0.3        3        1       98
0000000000000001        2       192.168.0.1        1        2      196
0000000000000001        3       192.168.0.1        1        2      196
discovery--->==================================== discovery ====================================
discovery---> cls: [(2, 1), (2, 3), (1, 3)]
discovery--->=============================================================================
==================================== link detector ====================================

----------------------------
src    dst :    delay
2 <---> 1 : 7.689476013183594
2 <---> 3 : 8.063077926635742
1 <---> 2 : 6.629228591918945
1 <---> 3 : 9.154558181762695
3 <---> 2 : 6.668567657470703
3 <---> 1 : 9.827852249145508
datapath         port     rx-pkts  rx-bytes rx-error tx-pkts  tx-bytes tx-error
---------------- -------- -------- -------- -------- -------- -------- --------
0000000000000002        1        7      518        0      146    11504        0
0000000000000002        2      170    12439        0      170    12429        0
0000000000000002        3      171    12499        0      168    12309        0
datapath         in-port  eth-dst           out-port packets  bytes
---------------- -------- ----------------- -------- -------- --------
0000000000000002        1       192.168.0.1        2        2      196
0000000000000002        1       192.168.0.3        3        1       98
0000000000000002        2       192.168.0.2        1        2      196
0000000000000002        3       192.168.0.2        1        2      196
datapath         port     rx-pkts  rx-bytes rx-error tx-pkts  tx-bytes tx-error
---------------- -------- -------- -------- -------- -------- -------- --------
0000000000000003        1        7      518        0      147    11564        0
0000000000000003        2      167    12249        0      169    12369        0
0000000000000003        3      168    12309        0      171    12499        0
datapath         in-port  eth-dst           out-port packets  bytes
---------------- -------- ----------------- -------- -------- --------
0000000000000003        1       192.168.0.1        2        2      196
0000000000000003        1       192.168.0.2        3        2      196
0000000000000003        2       192.168.0.3        1        2      196
0000000000000003        3       192.168.0.3        1        2      196
datapath         port     rx-pkts  rx-bytes rx-error tx-pkts  tx-bytes tx-error
---------------- -------- -------- -------- -------- -------- -------- --------
0000000000000001        1        6      476        0      150    11780        0
0000000000000001        2      170    12429        0      170    12439        0
0000000000000001        3      169    12369        0      167    12249        0
datapath         in-port  eth-dst           out-port packets  bytes
---------------- -------- ----------------- -------- -------- --------
0000000000000001        1       192.168.0.2        2        1       98
0000000000000001        1       192.168.0.3        3        1       98
0000000000000001        2       192.168.0.1        1        2      196
0000000000000001        3       192.168.0.1        1        2      196
discovery--->==================================== discovery ====================================
discovery---> cls: [(2, 1), (2, 3), (1, 3)]
discovery--->=============================================================================
==================================== link detector ====================================

----------------------------
src    dst :    delay
2 <---> 1 : 8.111000061035156
2 <---> 3 : 8.069992065429688
1 <---> 2 : 6.693840026855469
1 <---> 3 : 10.080814361572266
3 <---> 2 : 8.193254470825195
3 <---> 1 : 10.042905807495117
==================================== link detector ====================================

----------------------------
src    dst :    delay
2 <---> 1 : 8.209705352783203
2 <---> 3 : 7.935523986816406
1 <---> 2 : 7.95292854309082
1 <---> 3 : 9.188175201416016
3 <---> 2 : 7.620334625244141
3 <---> 1 : 8.793830871582031
datapath         port     rx-pkts  rx-bytes rx-error tx-pkts  tx-bytes tx-error
---------------- -------- -------- -------- -------- -------- -------- --------
0000000000000002        1        7      518        0      152    11972        0
0000000000000002        2      176    12942        0      177    13002        0
0000000000000002        3      177    13002        0      175    12882        0
datapath         in-port  eth-dst           out-port packets  bytes
---------------- -------- ----------------- -------- -------- --------
0000000000000002        1       192.168.0.1        2        2      196
0000000000000002        1       192.168.0.3        3        1       98
0000000000000002        2       192.168.0.2        1        2      196
0000000000000002        3       192.168.0.2        1        2      196
datapath         port     rx-pkts  rx-bytes rx-error tx-pkts  tx-bytes tx-error
---------------- -------- -------- -------- -------- -------- -------- --------
0000000000000001        1        6      476        0      156    12248        0
0000000000000001        2      177    13002        0      176    12942        0
0000000000000001        3      175    12872        0      175    12882        0
datapath         in-port  eth-dst           out-port packets  bytes
---------------- -------- ----------------- -------- -------- --------
0000000000000001        1       192.168.0.2        2        1       98
0000000000000001        1       192.168.0.3        3        1       98
0000000000000001        2       192.168.0.1        1        2      196
0000000000000001        3       192.168.0.1        1        2      196
datapath         port     rx-pkts  rx-bytes rx-error tx-pkts  tx-bytes tx-error
---------------- -------- -------- -------- -------- -------- -------- --------
0000000000000003        1        7      518        0      153    12032        0
0000000000000003        2      175    12882        0      175    12872        0
0000000000000003        3      175    12882        0      177    13002        0
datapath         in-port  eth-dst           out-port packets  bytes
---------------- -------- ----------------- -------- -------- --------
0000000000000003        1       192.168.0.1        2        2      196
0000000000000003        1       192.168.0.2        3        2      196
0000000000000003        2       192.168.0.3        1        2      196
0000000000000003        3       192.168.0.3        1        2      196
discovery--->==================================== discovery ====================================
discovery---> cls: [(2, 1), (2, 3), (1, 3)]
discovery--->=============================================================================
==================================== link detector ====================================

----------------------------
src    dst :    delay
2 <---> 1 : 6.606817245483398
2 <---> 3 : 7.145881652832031
1 <---> 2 : 8.164405822753906
1 <---> 3 : 9.773015975952148
3 <---> 2 : 8.18634033203125
3 <---> 1 : 9.07278060913086
datapath         port     rx-pkts  rx-bytes rx-error tx-pkts  tx-bytes tx-error
---------------- -------- -------- -------- -------- -------- -------- --------
0000000000000001        1        6      476        0      161    12638        0
0000000000000001        2      183    13362        0      182    13302        0
0000000000000001        3      182    13302        0      180    13182        0
datapath         in-port  eth-dst           out-port packets  bytes
---------------- -------- ----------------- -------- -------- --------
0000000000000001        1       192.168.0.2        2        1       98
0000000000000001        1       192.168.0.3        3        1       98
0000000000000001        2       192.168.0.1        1        2      196
0000000000000001        3       192.168.0.1        1        2      196
datapath         port     rx-pkts  rx-bytes rx-error tx-pkts  tx-bytes tx-error
---------------- -------- -------- -------- -------- -------- -------- --------
0000000000000002        1        7      518        0      157    12362        0
0000000000000002        2      182    13302        0      183    13362        0
0000000000000002        3      183    13362        0      181    13242        0
datapath         in-port  eth-dst           out-port packets  bytes
---------------- -------- ----------------- -------- -------- --------
0000000000000002        1       192.168.0.1        2        2      196
0000000000000002        1       192.168.0.3        3        1       98
0000000000000002        2       192.168.0.2        1        2      196
0000000000000002        3       192.168.0.2        1        2      196
datapath         port     rx-pkts  rx-bytes rx-error tx-pkts  tx-bytes tx-error
---------------- -------- -------- -------- -------- -------- -------- --------
0000000000000003        1        7      518        0      158    12422        0
0000000000000003        2      180    13182        0      182    13302        0
0000000000000003        3      181    13242        0      183    13362        0
datapath         in-port  eth-dst           out-port packets  bytes
---------------- -------- ----------------- -------- -------- --------
0000000000000003        1       192.168.0.1        2        2      196
0000000000000003        1       192.168.0.2        3        2      196
0000000000000003        2       192.168.0.3        1        2      196
0000000000000003        3       192.168.0.3        1        2      196
discovery--->==================================== discovery ====================================
discovery---> cls: [(2, 1), (2, 3), (1, 3)]
discovery--->=============================================================================
==================================== link detector ====================================

----------------------------
src    dst :    delay
2 <---> 1 : 6.724357604980469
2 <---> 3 : 8.108854293823242
1 <---> 2 : 8.070707321166992
1 <---> 3 : 10.144948959350586
3 <---> 2 : 7.232189178466797
3 <---> 1 : 8.954048156738281
==================================== link detector ====================================

----------------------------
src    dst :    delay
2 <---> 1 : 8.124113082885742
2 <---> 3 : 8.07046890258789
1 <---> 2 : 8.078813552856445
1 <---> 3 : 10.151386260986328
3 <---> 2 : 7.906198501586914
3 <---> 1 : 9.024381637573242
datapath         port     rx-pkts  rx-bytes rx-error tx-pkts  tx-bytes tx-error
---------------- -------- -------- -------- -------- -------- -------- --------
0000000000000002        1        7      518        0      163    12830        0
0000000000000002        2      187    13602        0      188    13662        0
0000000000000002        3      189    13722        0      186    13542        0
datapath         in-port  eth-dst           out-port packets  bytes
---------------- -------- ----------------- -------- -------- --------
0000000000000002        1       192.168.0.1        2        2      196
0000000000000002        1       192.168.0.3        3        1       98
0000000000000002        2       192.168.0.2        1        2      196
0000000000000002        3       192.168.0.2        1        2      196
datapath         port     rx-pkts  rx-bytes rx-error tx-pkts  tx-bytes tx-error
---------------- -------- -------- -------- -------- -------- -------- --------
0000000000000003        1        7      518        0      164    12890        0
0000000000000003        2      186    13542        0      188    13662        0
0000000000000003        3      186    13542        0      189    13722        0
datapath         in-port  eth-dst           out-port packets  bytes
---------------- -------- ----------------- -------- -------- --------
0000000000000003        1       192.168.0.1        2        2      196
0000000000000003        1       192.168.0.2        3        2      196
0000000000000003        2       192.168.0.3        1        2      196
0000000000000003        3       192.168.0.3        1        2      196
datapath         port     rx-pkts  rx-bytes rx-error tx-pkts  tx-bytes tx-error
---------------- -------- -------- -------- -------- -------- -------- --------
0000000000000001        1        6      476        0      167    13106        0
0000000000000001        2      188    13662        0      187    13602        0
0000000000000001        3      188    13662        0      186    13542        0
datapath         in-port  eth-dst           out-port packets  bytes
---------------- -------- ----------------- -------- -------- --------
0000000000000001        1       192.168.0.2        2        1       98
0000000000000001        1       192.168.0.3        3        1       98
0000000000000001        2       192.168.0.1        1        2      196
0000000000000001        3       192.168.0.1        1        2      196
discovery--->==================================== discovery ====================================
discovery---> cls: [(2, 1), (2, 3), (1, 3)]
discovery--->=============================================================================
==================================== link detector ====================================

----------------------------
src    dst :    delay
2 <---> 1 : 6.6318511962890625
2 <---> 3 : 6.412267684936523
1 <---> 2 : 7.898807525634766
1 <---> 3 : 10.116815567016602
3 <---> 2 : 7.603883743286133
3 <---> 1 : 8.540153503417969
datapath         port     rx-pkts  rx-bytes rx-error tx-pkts  tx-bytes tx-error
---------------- -------- -------- -------- -------- -------- -------- --------
0000000000000002        1        7      518        0      168    13220        0
0000000000000002        2      193    13962        0      194    14022        0
0000000000000002        3      194    14022        0      192    13902        0
datapath         in-port  eth-dst           out-port packets  bytes
---------------- -------- ----------------- -------- -------- --------
0000000000000002        1       192.168.0.1        2        2      196
0000000000000002        1       192.168.0.3        3        1       98
0000000000000002        2       192.168.0.2        1        2      196
0000000000000002        3       192.168.0.2        1        2      196
datapath         port     rx-pkts  rx-bytes rx-error tx-pkts  tx-bytes tx-error
---------------- -------- -------- -------- -------- -------- -------- --------
0000000000000001        1        6      476        0      172    13496        0
0000000000000001        2      194    14022        0      193    13962        0
0000000000000001        3      193    13962        0      191    13842        0
datapath         in-port  eth-dst           out-port packets  bytes
---------------- -------- ----------------- -------- -------- --------
0000000000000001        1       192.168.0.2        2        1       98
0000000000000001        1       192.168.0.3        3        1       98
0000000000000001        2       192.168.0.1        1        2      196
0000000000000001        3       192.168.0.1        1        2      196
datapath         port     rx-pkts  rx-bytes rx-error tx-pkts  tx-bytes tx-error
---------------- -------- -------- -------- -------- -------- -------- --------
0000000000000003        1        7      518        0      169    13280        0
0000000000000003        2      191    13842        0      193    13962        0
0000000000000003        3      192    13902        0      194    14022        0
datapath         in-port  eth-dst           out-port packets  bytes
---------------- -------- ----------------- -------- -------- --------
0000000000000003        1       192.168.0.1        2        2      196
0000000000000003        1       192.168.0.2        3        2      196
0000000000000003        2       192.168.0.3        1        2      196
0000000000000003        3       192.168.0.3        1        2      196
discovery--->==================================== discovery ====================================
discovery---> cls: [(2, 1), (2, 3), (1, 3)]
discovery--->=============================================================================
==================================== link detector ====================================

----------------------------
src    dst :    delay
2 <---> 1 : 8.113622665405273
2 <---> 3 : 8.094072341918945
1 <---> 2 : 6.124973297119141
1 <---> 3 : 9.400367736816406
3 <---> 2 : 8.200645446777344
3 <---> 1 : 8.722066879272461
==================================== link detector ====================================

----------------------------
src    dst :    delay
2 <---> 1 : 6.724357604980469
2 <---> 3 : 8.113384246826172
1 <---> 2 : 8.022308349609375
1 <---> 3 : 8.772850036621094
3 <---> 2 : 7.928133010864258
3 <---> 1 : 8.890867233276367
datapath         port     rx-pkts  rx-bytes rx-error tx-pkts  tx-bytes tx-error
---------------- -------- -------- -------- -------- -------- -------- --------
0000000000000001        1        6      476        0      178    13964        0
0000000000000001        2      199    14322        0      199    14322        0
0000000000000001        3      199    14322        0      197    14202        0
datapath         in-port  eth-dst           out-port packets  bytes
---------------- -------- ----------------- -------- -------- --------
0000000000000001        1       192.168.0.2        2        1       98
0000000000000001        1       192.168.0.3        3        1       98
0000000000000001        2       192.168.0.1        1        2      196
0000000000000001        3       192.168.0.1        1        2      196
datapath         port     rx-pkts  rx-bytes rx-error tx-pkts  tx-bytes tx-error
---------------- -------- -------- -------- -------- -------- -------- --------
0000000000000002        1        7      518        0      174    13688        0
0000000000000002        2      199    14322        0      199    14322        0
0000000000000002        3      200    14382        0      198    14262        0
datapath         in-port  eth-dst           out-port packets  bytes
---------------- -------- ----------------- -------- -------- --------
0000000000000002        1       192.168.0.1        2        2      196
0000000000000002        1       192.168.0.3        3        1       98
0000000000000002        2       192.168.0.2        1        2      196
0000000000000002        3       192.168.0.2        1        2      196
datapath         port     rx-pkts  rx-bytes rx-error tx-pkts  tx-bytes tx-error
---------------- -------- -------- -------- -------- -------- -------- --------
0000000000000003        1        7      518        0      175    13748        0
0000000000000003        2      197    14202        0      199    14322        0
0000000000000003        3      198    14262        0      200    14382        0
datapath         in-port  eth-dst           out-port packets  bytes
---------------- -------- ----------------- -------- -------- --------
0000000000000003        1       192.168.0.1        2        2      196
0000000000000003        1       192.168.0.2        3        2      196
0000000000000003        2       192.168.0.3        1        2      196
0000000000000003        3       192.168.0.3        1        2      196
discovery--->==================================== discovery ====================================
discovery---> cls: [(2, 1), (2, 3), (1, 3)]
discovery--->=============================================================================
==================================== link detector ====================================

----------------------------
src    dst :    delay
2 <---> 1 : 7.563114166259766
2 <---> 3 : 6.684064865112305
1 <---> 2 : 7.994413375854492
1 <---> 3 : 9.575128555297852
3 <---> 2 : 8.085966110229492
3 <---> 1 : 10.106086730957031
==================================== link detector ====================================

----------------------------
src    dst :    delay
2 <---> 1 : 7.14111328125
2 <---> 3 : 8.277416229248047
1 <---> 2 : 7.0972442626953125
1 <---> 3 : 8.854150772094727
3 <---> 2 : 8.210897445678711
3 <---> 1 : 8.624076843261719
datapath         port     rx-pkts  rx-bytes rx-error tx-pkts  tx-bytes tx-error
---------------- -------- -------- -------- -------- -------- -------- --------
0000000000000002        1        7      518        0      179    14078        0
0000000000000002        2      204    14622        0      205    14682        0
0000000000000002        3      205    14682        0      203    14562        0
datapath         in-port  eth-dst           out-port packets  bytes
---------------- -------- ----------------- -------- -------- --------
0000000000000002        1       192.168.0.1        2        2      196
0000000000000002        1       192.168.0.3        3        1       98
0000000000000002        2       192.168.0.2        1        2      196
0000000000000002        3       192.168.0.2        1        2      196
datapath         port     rx-pkts  rx-bytes rx-error tx-pkts  tx-bytes tx-error
---------------- -------- -------- -------- -------- -------- -------- --------
0000000000000001        1        6      476        0      183    14354        0
0000000000000001        2      205    14682        0      204    14622        0
0000000000000001        3      204    14622        0      202    14502        0
datapath         in-port  eth-dst           out-port packets  bytes
---------------- -------- ----------------- -------- -------- --------
0000000000000001        1       192.168.0.2        2        1       98
0000000000000001        1       192.168.0.3        3        1       98
0000000000000001        2       192.168.0.1        1        2      196
0000000000000001        3       192.168.0.1        1        2      196
datapath         port     rx-pkts  rx-bytes rx-error tx-pkts  tx-bytes tx-error
---------------- -------- -------- -------- -------- -------- -------- --------
0000000000000003        1        7      518        0      180    14138        0
0000000000000003        2      202    14502        0      204    14622        0
0000000000000003        3      203    14562        0      205    14682        0
datapath         in-port  eth-dst           out-port packets  bytes
---------------- -------- ----------------- -------- -------- --------
0000000000000003        1       192.168.0.1        2        2      196
0000000000000003        1       192.168.0.2        3        2      196
0000000000000003        2       192.168.0.3        1        2      196
0000000000000003        3       192.168.0.3        1        2      196
discovery--->==================================== discovery ====================================
discovery---> cls: [(2, 1), (2, 3), (1, 3)]
discovery--->=============================================================================
==================================== link detector ====================================

----------------------------
src    dst :    delay
2 <---> 1 : 6.515979766845703
2 <---> 3 : 6.754636764526367
1 <---> 2 : 6.815433502197266
1 <---> 3 : 10.093450546264648
3 <---> 2 : 8.312225341796875
3 <---> 1 : 10.313272476196289
datapath         port     rx-pkts  rx-bytes rx-error tx-pkts  tx-bytes tx-error
---------------- -------- -------- -------- -------- -------- -------- --------
0000000000000002        1        7      518        0      185    14546        0
0000000000000002        2      210    14982        0      210    14982        0
0000000000000002        3      211    15042        0      209    14922        0
datapath         in-port  eth-dst           out-port packets  bytes
---------------- -------- ----------------- -------- -------- --------
0000000000000002        1       192.168.0.1        2        2      196
0000000000000002        1       192.168.0.3        3        1       98
0000000000000002        2       192.168.0.2        1        2      196
0000000000000002        3       192.168.0.2        1        2      196
datapath         port     rx-pkts  rx-bytes rx-error tx-pkts  tx-bytes tx-error
---------------- -------- -------- -------- -------- -------- -------- --------
0000000000000001        1        6      476        0      189    14822        0
0000000000000001        2      210    14982        0      210    14982        0
0000000000000001        3      210    14982        0      208    14862        0
datapath         in-port  eth-dst           out-port packets  bytes
---------------- -------- ----------------- -------- -------- --------
0000000000000001        1       192.168.0.2        2        1       98
0000000000000001        1       192.168.0.3        3        1       98
0000000000000001        2       192.168.0.1        1        2      196
0000000000000001        3       192.168.0.1        1        2      196
datapath         port     rx-pkts  rx-bytes rx-error tx-pkts  tx-bytes tx-error
---------------- -------- -------- -------- -------- -------- -------- --------
0000000000000003        1        7      518        0      186    14606        0
0000000000000003        2      208    14862        0      210    14982        0
0000000000000003        3      209    14922        0      211    15042        0
datapath         in-port  eth-dst           out-port packets  bytes
---------------- -------- ----------------- -------- -------- --------
0000000000000003        1       192.168.0.1        2        2      196
0000000000000003        1       192.168.0.2        3        2      196
0000000000000003        2       192.168.0.3        1        2      196
0000000000000003        3       192.168.0.3        1        2      196
discovery--->==================================== discovery ====================================
discovery---> cls: [(2, 1), (2, 3), (1, 3)]
discovery--->=============================================================================
==================================== link detector ====================================

----------------------------
src    dst :    delay
2 <---> 1 : 6.707668304443359
2 <---> 3 : 7.518768310546875
1 <---> 2 : 8.144140243530273
1 <---> 3 : 9.643077850341797
3 <---> 2 : 6.64067268371582
3 <---> 1 : 9.536266326904297
==================================== link detector ====================================

----------------------------
src    dst :    delay
2 <---> 1 : 8.370161056518555
2 <---> 3 : 7.103681564331055
1 <---> 2 : 6.443500518798828
1 <---> 3 : 10.098695755004883
3 <---> 2 : 6.850719451904297
3 <---> 1 : 8.842945098876953
datapath         port     rx-pkts  rx-bytes rx-error tx-pkts  tx-bytes tx-error
---------------- -------- -------- -------- -------- -------- -------- --------
0000000000000002        1        7      518        0      190    14936        0
0000000000000002        2      215    15282        0      216    15342        0
0000000000000002        3      216    15342        0      214    15222        0
datapath         in-port  eth-dst           out-port packets  bytes
---------------- -------- ----------------- -------- -------- --------
0000000000000002        1       192.168.0.1        2        2      196
0000000000000002        1       192.168.0.3        3        1       98
0000000000000002        2       192.168.0.2        1        2      196
0000000000000002        3       192.168.0.2        1        2      196
datapath         port     rx-pkts  rx-bytes rx-error tx-pkts  tx-bytes tx-error
---------------- -------- -------- -------- -------- -------- -------- --------
0000000000000001        1        6      476        0      195    15290        0
0000000000000001        2      216    15342        0      215    15282        0
0000000000000001        3      215    15282        0      214    15222        0
datapath         in-port  eth-dst           out-port packets  bytes
---------------- -------- ----------------- -------- -------- --------
0000000000000001        1       192.168.0.2        2        1       98
0000000000000001        1       192.168.0.3        3        1       98
0000000000000001        2       192.168.0.1        1        2      196
0000000000000001        3       192.168.0.1        1        2      196
datapath         port     rx-pkts  rx-bytes rx-error tx-pkts  tx-bytes tx-error
---------------- -------- -------- -------- -------- -------- -------- --------
0000000000000003        1        7      518        0      191    14996        0
0000000000000003        2      214    15222        0      215    15282        0
0000000000000003        3      214    15222        0      216    15342        0
datapath         in-port  eth-dst           out-port packets  bytes
---------------- -------- ----------------- -------- -------- --------
0000000000000003        1       192.168.0.1        2        2      196
0000000000000003        1       192.168.0.2        3        2      196
0000000000000003        2       192.168.0.3        1        2      196
0000000000000003        3       192.168.0.3        1        2      196
discovery--->==================================== discovery ====================================
discovery---> cls: [(2, 1), (2, 3), (1, 3)]
discovery--->=============================================================================
==================================== link detector ====================================

----------------------------
src    dst :    delay
2 <---> 1 : 6.779670715332031
2 <---> 3 : 8.123636245727539
1 <---> 2 : 6.749391555786133
1 <---> 3 : 8.78000259399414
3 <---> 2 : 7.024526596069336
3 <---> 1 : 9.844303131103516
datapath         port     rx-pkts  rx-bytes rx-error tx-pkts  tx-bytes tx-error
---------------- -------- -------- -------- -------- -------- -------- --------
0000000000000002        1        7      518        0      196    15404        0
0000000000000002        2      221    15642        0      222    15702        0
0000000000000002        3      222    15702        0      220    15582        0
datapath         in-port  eth-dst           out-port packets  bytes
---------------- -------- ----------------- -------- -------- --------
0000000000000002        1       192.168.0.1        2        2      196
0000000000000002        1       192.168.0.3        3        1       98
0000000000000002        2       192.168.0.2        1        2      196
0000000000000002        3       192.168.0.2        1        2      196
datapath         port     rx-pkts  rx-bytes rx-error tx-pkts  tx-bytes tx-error
---------------- -------- -------- -------- -------- -------- -------- --------
0000000000000001        1        6      476        0      200    15680        0
0000000000000001        2      222    15702        0      221    15642        0
0000000000000001        3      221    15642        0      219    15522        0
datapath         in-port  eth-dst           out-port packets  bytes
---------------- -------- ----------------- -------- -------- --------
0000000000000001        1       192.168.0.2        2        1       98
0000000000000001        1       192.168.0.3        3        1       98
0000000000000001        2       192.168.0.1        1        2      196
0000000000000001        3       192.168.0.1        1        2      196
datapath         port     rx-pkts  rx-bytes rx-error tx-pkts  tx-bytes tx-error
---------------- -------- -------- -------- -------- -------- -------- --------
0000000000000003        1        7      518        0      197    15464        0
0000000000000003        2      219    15522        0      221    15642        0
0000000000000003        3      220    15582        0      222    15702        0
datapath         in-port  eth-dst           out-port packets  bytes
---------------- -------- ----------------- -------- -------- --------
0000000000000003        1       192.168.0.1        2        2      196
0000000000000003        1       192.168.0.2        3        2      196
0000000000000003        2       192.168.0.3        1        2      196
0000000000000003        3       192.168.0.3        1        2      196
discovery--->==================================== discovery ====================================
discovery---> cls: [(2, 1), (2, 3), (1, 3)]
discovery--->=============================================================================
==================================== link detector ====================================

----------------------------
src    dst :    delay
2 <---> 1 : 7.239341735839844
2 <---> 3 : 8.148193359375
1 <---> 2 : 8.269071578979492
1 <---> 3 : 9.589433670043945
3 <---> 2 : 7.393598556518555
3 <---> 1 : 10.129690170288086
==================================== link detector ====================================

----------------------------
src    dst :    delay
2 <---> 1 : 8.199930191040039
2 <---> 3 : 8.113861083984375
1 <---> 2 : 7.985591888427734
1 <---> 3 : 10.092496871948242
3 <---> 2 : 8.208274841308594
3 <---> 1 : 10.245323181152344
datapath         port     rx-pkts  rx-bytes rx-error tx-pkts  tx-bytes tx-error
---------------- -------- -------- -------- -------- -------- -------- --------
0000000000000002        1        7      518        0      202    15872        0
0000000000000002        2      226    15942        0      227    16002        0
0000000000000002        3      227    16002        0      225    15882        0
datapath         in-port  eth-dst           out-port packets  bytes
---------------- -------- ----------------- -------- -------- --------
0000000000000002        1       192.168.0.1        2        2      196
0000000000000002        1       192.168.0.3        3        1       98
0000000000000002        2       192.168.0.2        1        2      196
0000000000000002        3       192.168.0.2        1        2      196
datapath         port     rx-pkts  rx-bytes rx-error tx-pkts  tx-bytes tx-error
---------------- -------- -------- -------- -------- -------- -------- --------
0000000000000003        1        7      518        0      203    15932        0
0000000000000003        2      225    15882        0      226    15942        0
0000000000000003        3      225    15882        0      227    16002        0
datapath         in-port  eth-dst           out-port packets  bytes
---------------- -------- ----------------- -------- -------- --------
0000000000000003        1       192.168.0.1        2        2      196
0000000000000003        1       192.168.0.2        3        2      196
0000000000000003        2       192.168.0.3        1        2      196
0000000000000003        3       192.168.0.3        1        2      196
datapath         port     rx-pkts  rx-bytes rx-error tx-pkts  tx-bytes tx-error
---------------- -------- -------- -------- -------- -------- -------- --------
0000000000000001        1        6      476        0      206    16148        0
0000000000000001        2      227    16002        0      226    15942        0
0000000000000001        3      226    15942        0      225    15882        0
datapath         in-port  eth-dst           out-port packets  bytes
---------------- -------- ----------------- -------- -------- --------
0000000000000001        1       192.168.0.2        2        1       98
0000000000000001        1       192.168.0.3        3        1       98
0000000000000001        2       192.168.0.1        1        2      196
0000000000000001        3       192.168.0.1        1        2      196
discovery--->==================================== discovery ====================================
discovery---> cls: [(2, 1), (2, 3), (1, 3)]
discovery--->=============================================================================
==================================== link detector ====================================

----------------------------
src    dst :    delay
2 <---> 1 : 8.15582275390625
2 <---> 3 : 8.181095123291016
1 <---> 2 : 8.059501647949219
1 <---> 3 : 10.231733322143555
3 <---> 2 : 6.187915802001953
3 <---> 1 : 8.40306282043457
==================================== link detector ====================================

----------------------------
src    dst :    delay
2 <---> 1 : 8.29172134399414
2 <---> 3 : 7.58051872253418
1 <---> 2 : 7.525920867919922
1 <---> 3 : 10.108232498168945
3 <---> 2 : 7.188558578491211
3 <---> 1 : 9.00888442993164
datapath         port     rx-pkts  rx-bytes rx-error tx-pkts  tx-bytes tx-error
---------------- -------- -------- -------- -------- -------- -------- --------
0000000000000002        1        7      518        0      207    16262        0
0000000000000002        2      232    16302        0      233    16362        0
0000000000000002        3      233    16362        0      231    16242        0
datapath         in-port  eth-dst           out-port packets  bytes
---------------- -------- ----------------- -------- -------- --------
0000000000000002        1       192.168.0.1        2        2      196
0000000000000002        1       192.168.0.3        3        1       98
0000000000000002        2       192.168.0.2        1        2      196
0000000000000002        3       192.168.0.2        1        2      196
datapath         port     rx-pkts  rx-bytes rx-error tx-pkts  tx-bytes tx-error
---------------- -------- -------- -------- -------- -------- -------- --------
0000000000000003        1        7      518        0      208    16322        0
0000000000000003        2      230    16182        0      232    16302        0
0000000000000003        3      231    16242        0      233    16362        0
datapath         in-port  eth-dst           out-port packets  bytes
---------------- -------- ----------------- -------- -------- --------
0000000000000003        1       192.168.0.1        2        2      196
0000000000000003        1       192.168.0.2        3        2      196
0000000000000003        2       192.168.0.3        1        2      196
0000000000000003        3       192.168.0.3        1        2      196
datapath         port     rx-pkts  rx-bytes rx-error tx-pkts  tx-bytes tx-error
---------------- -------- -------- -------- -------- -------- -------- --------
0000000000000001        1        6      476        0      211    16538        0
0000000000000001        2      233    16362        0      232    16302        0
0000000000000001        3      232    16302        0      230    16182        0
datapath         in-port  eth-dst           out-port packets  bytes
---------------- -------- ----------------- -------- -------- --------
0000000000000001        1       192.168.0.2        2        1       98
0000000000000001        1       192.168.0.3        3        1       98
0000000000000001        2       192.168.0.1        1        2      196
0000000000000001        3       192.168.0.1        1        2      196
discovery--->==================================== discovery ====================================
discovery---> cls: [(2, 1), (2, 3), (1, 3)]
discovery--->=============================================================================
==================================== link detector ====================================

----------------------------
src    dst :    delay
2 <---> 1 : 6.846427917480469
2 <---> 3 : 8.043766021728516
1 <---> 2 : 7.287263870239258
1 <---> 3 : 10.083436965942383
3 <---> 2 : 6.801128387451172
3 <---> 1 : 10.02192497253418
datapath         port     rx-pkts  rx-bytes rx-error tx-pkts  tx-bytes tx-error
---------------- -------- -------- -------- -------- -------- -------- --------
0000000000000002        1        7      518        0      213    16730        0
0000000000000002        2      237    16602        0      238    16662        0
0000000000000002        3      239    16722        0      236    16542        0
datapath         in-port  eth-dst           out-port packets  bytes
---------------- -------- ----------------- -------- -------- --------
0000000000000002        1       192.168.0.1        2        2      196
0000000000000002        1       192.168.0.3        3        1       98
0000000000000002        2       192.168.0.2        1        2      196
0000000000000002        3       192.168.0.2        1        2      196
datapath         port     rx-pkts  rx-bytes rx-error tx-pkts  tx-bytes tx-error
---------------- -------- -------- -------- -------- -------- -------- --------
0000000000000003        1        7      518        0      214    16790        0
0000000000000003        2      236    16542        0      237    16602        0
0000000000000003        3      236    16542        0      239    16722        0
datapath         in-port  eth-dst           out-port packets  bytes
---------------- -------- ----------------- -------- -------- --------
0000000000000003        1       192.168.0.1        2        2      196
0000000000000003        1       192.168.0.2        3        2      196
0000000000000003        2       192.168.0.3        1        2      196
0000000000000003        3       192.168.0.3        1        2      196
datapath         port     rx-pkts  rx-bytes rx-error tx-pkts  tx-bytes tx-error
---------------- -------- -------- -------- -------- -------- -------- --------
0000000000000001        1        6      476        0      217    17006        0
0000000000000001        2      238    16662        0      237    16602        0
0000000000000001        3      237    16602        0      236    16542        0
datapath         in-port  eth-dst           out-port packets  bytes
---------------- -------- ----------------- -------- -------- --------
0000000000000001        1       192.168.0.2        2        1       98
0000000000000001        1       192.168.0.3        3        1       98
0000000000000001        2       192.168.0.1        1        2      196
0000000000000001        3       192.168.0.1        1        2      196
discovery--->==================================== discovery ====================================
discovery---> cls: [(2, 1), (2, 3), (1, 3)]
discovery--->=============================================================================
==================================== link detector ====================================

----------------------------
src    dst :    delay
2 <---> 1 : 7.471799850463867
2 <---> 3 : 8.562088012695312
1 <---> 2 : 6.830453872680664
1 <---> 3 : 10.192155838012695
3 <---> 2 : 7.370471954345703
3 <---> 1 : 10.10751724243164
==================================== link detector ====================================

----------------------------
src    dst :    delay
2 <---> 1 : 7.229804992675781
2 <---> 3 : 6.794452667236328
1 <---> 2 : 8.102893829345703
1 <---> 3 : 9.404897689819336
3 <---> 2 : 8.199453353881836
3 <---> 1 : 10.20050048828125
datapath         port     rx-pkts  rx-bytes rx-error tx-pkts  tx-bytes tx-error
---------------- -------- -------- -------- -------- -------- -------- --------
0000000000000002        1        7      518        0      218    17120        0
0000000000000002        2      243    16962        0      244    17022        0
0000000000000002        3      244    17022        0      242    16902        0
datapath         in-port  eth-dst           out-port packets  bytes
---------------- -------- ----------------- -------- -------- --------
0000000000000002        1       192.168.0.1        2        2      196
0000000000000002        1       192.168.0.3        3        1       98
0000000000000002        2       192.168.0.2        1        2      196
0000000000000002        3       192.168.0.2        1        2      196
datapath         port     rx-pkts  rx-bytes rx-error tx-pkts  tx-bytes tx-error
---------------- -------- -------- -------- -------- -------- -------- --------
0000000000000001        1        6      476        0      222    17396        0
0000000000000001        2      244    17022        0      243    16962        0
0000000000000001        3      243    16962        0      241    16842        0
datapath         in-port  eth-dst           out-port packets  bytes
---------------- -------- ----------------- -------- -------- --------
0000000000000001        1       192.168.0.2        2        1       98
0000000000000001        1       192.168.0.3        3        1       98
0000000000000001        2       192.168.0.1        1        2      196
0000000000000001        3       192.168.0.1        1        2      196
datapath         port     rx-pkts  rx-bytes rx-error tx-pkts  tx-bytes tx-error
---------------- -------- -------- -------- -------- -------- -------- --------
0000000000000003        1        7      518        0      219    17180        0
0000000000000003        2      241    16842        0      243    16962        0
0000000000000003        3      242    16902        0      244    17022        0
datapath         in-port  eth-dst           out-port packets  bytes
---------------- -------- ----------------- -------- -------- --------
0000000000000003        1       192.168.0.1        2        2      196
0000000000000003        1       192.168.0.2        3        2      196
0000000000000003        2       192.168.0.3        1        2      196
0000000000000003        3       192.168.0.3        1        2      196
discovery--->==================================== discovery ====================================
discovery---> cls: [(2, 1), (2, 3), (1, 3)]
discovery--->=============================================================================
==================================== link detector ====================================

----------------------------
src    dst :    delay
2 <---> 1 : 6.806135177612305
2 <---> 3 : 7.446765899658203
1 <---> 2 : 7.559537887573242
1 <---> 3 : 9.118318557739258
3 <---> 2 : 7.116079330444336
3 <---> 1 : 9.001970291137695
datapath         port     rx-pkts  rx-bytes rx-error tx-pkts  tx-bytes tx-error
---------------- -------- -------- -------- -------- -------- -------- --------
0000000000000002        1        7      518        0      224    17588        0
0000000000000002        2      248    17262        0      249    17322        0
0000000000000002        3      250    17382        0      248    17262        0
datapath         in-port  eth-dst           out-port packets  bytes
---------------- -------- ----------------- -------- -------- --------
0000000000000002        1       192.168.0.1        2        2      196
0000000000000002        1       192.168.0.3        3        1       98
0000000000000002        2       192.168.0.2        1        2      196
0000000000000002        3       192.168.0.2        1        2      196
datapath         port     rx-pkts  rx-bytes rx-error tx-pkts  tx-bytes tx-error
---------------- -------- -------- -------- -------- -------- -------- --------
0000000000000001        1        6      476        0      228    17864        0
0000000000000001        2      249    17322        0      248    17262        0
0000000000000001        3      249    17322        0      247    17202        0
datapath         in-port  eth-dst           out-port packets  bytes
---------------- -------- ----------------- -------- -------- --------
0000000000000001        1       192.168.0.2        2        1       98
0000000000000001        1       192.168.0.3        3        1       98
0000000000000001        2       192.168.0.1        1        2      196
0000000000000001        3       192.168.0.1        1        2      196
datapath         port     rx-pkts  rx-bytes rx-error tx-pkts  tx-bytes tx-error
---------------- -------- -------- -------- -------- -------- -------- --------
0000000000000003        1        7      518        0      225    17648        0
0000000000000003        2      247    17202        0      249    17322        0
0000000000000003        3      248    17262        0      250    17382        0
datapath         in-port  eth-dst           out-port packets  bytes
---------------- -------- ----------------- -------- -------- --------
0000000000000003        1       192.168.0.1        2        2      196
0000000000000003        1       192.168.0.2        3        2      196
0000000000000003        2       192.168.0.3        1        2      196
0000000000000003        3       192.168.0.3        1        2      196
discovery--->==================================== discovery ====================================
discovery---> cls: [(2, 1), (2, 3), (1, 3)]
discovery--->=============================================================================
==================================== link detector ====================================

----------------------------
src    dst :    delay
2 <---> 1 : 8.196115493774414
2 <---> 3 : 8.008480072021484
1 <---> 2 : 9.739398956298828
1 <---> 3 : 9.338617324829102
3 <---> 2 : 8.176088333129883
3 <---> 1 : 10.001897811889648
==================================== link detector ====================================

----------------------------
src    dst :    delay
2 <---> 1 : 8.174657821655273
2 <---> 3 : 8.101463317871094
1 <---> 2 : 8.12220573425293
1 <---> 3 : 10.117769241333008
3 <---> 2 : 8.225679397583008
3 <---> 1 : 9.157419204711914
datapath         port     rx-pkts  rx-bytes rx-error tx-pkts  tx-bytes tx-error
---------------- -------- -------- -------- -------- -------- -------- --------
0000000000000002        1        7      518        0      229    17978        0
0000000000000002        2      254    17622        0      255    17682        0
0000000000000002        3      255    17682        0      253    17562        0
datapath         in-port  eth-dst           out-port packets  bytes
---------------- -------- ----------------- -------- -------- --------
0000000000000002        1       192.168.0.1        2        2      196
0000000000000002        1       192.168.0.3        3        1       98
0000000000000002        2       192.168.0.2        1        2      196
0000000000000002        3       192.168.0.2        1        2      196
datapath         port     rx-pkts  rx-bytes rx-error tx-pkts  tx-bytes tx-error
---------------- -------- -------- -------- -------- -------- -------- --------
0000000000000003        1        7      518        0      230    18038        0
0000000000000003        2      252    17502        0      254    17622        0
0000000000000003        3      253    17562        0      255    17682        0
datapath         in-port  eth-dst           out-port packets  bytes
---------------- -------- ----------------- -------- -------- --------
0000000000000003        1       192.168.0.1        2        2      196
0000000000000003        1       192.168.0.2        3        2      196
0000000000000003        2       192.168.0.3        1        2      196
0000000000000003        3       192.168.0.3        1        2      196
datapath         port     rx-pkts  rx-bytes rx-error tx-pkts  tx-bytes tx-error
---------------- -------- -------- -------- -------- -------- -------- --------
0000000000000001        1        6      476        0      233    18254        0
0000000000000001        2      255    17682        0      254    17622        0
0000000000000001        3      254    17622        0      252    17502        0
datapath         in-port  eth-dst           out-port packets  bytes
---------------- -------- ----------------- -------- -------- --------
0000000000000001        1       192.168.0.2        2        1       98
0000000000000001        1       192.168.0.3        3        1       98
0000000000000001        2       192.168.0.1        1        2      196
0000000000000001        3       192.168.0.1        1        2      196
discovery--->==================================== discovery ====================================
discovery---> cls: [(2, 1), (2, 3), (1, 3)]
discovery--->=============================================================================
==================================== link detector ====================================

----------------------------
src    dst :    delay
2 <---> 1 : 6.744623184204102
2 <---> 3 : 7.116556167602539
1 <---> 2 : 7.834672927856445
1 <---> 3 : 10.18071174621582
3 <---> 2 : 8.13746452331543
3 <---> 1 : 10.12110710144043
datapath         port     rx-pkts  rx-bytes rx-error tx-pkts  tx-bytes tx-error
---------------- -------- -------- -------- -------- -------- -------- --------
0000000000000001        1        6      476        0      239    18722        0
0000000000000001        2      260    17982        0      260    17982        0
0000000000000001        3      260    17982        0      258    17862        0
datapath         in-port  eth-dst           out-port packets  bytes
---------------- -------- ----------------- -------- -------- --------
0000000000000001        1       192.168.0.2        2        1       98
0000000000000001        1       192.168.0.3        3        1       98
0000000000000001        2       192.168.0.1        1        2      196
0000000000000001        3       192.168.0.1        1        2      196
==================================== link detector ====================================

----------------------------
src    dst :    delay
2 <---> 1 : 7.773399353027344
2 <---> 3 : 8.146286010742188
1 <---> 2 : 6.630659103393555
1 <---> 3 : 9.83119010925293
3 <---> 2 : 7.249355316162109
3 <---> 1 : 10.14089584350586
datapath         port     rx-pkts  rx-bytes rx-error tx-pkts  tx-bytes tx-error
---------------- -------- -------- -------- -------- -------- -------- --------
0000000000000003        1        7      518        0      236    18506        0
0000000000000003        2      258    17862        0      260    17982        0
0000000000000003        3      259    17922        0      261    18042        0
datapath         in-port  eth-dst           out-port packets  bytes
---------------- -------- ----------------- -------- -------- --------
0000000000000003        1       192.168.0.1        2        2      196
0000000000000003        1       192.168.0.2        3        2      196
0000000000000003        2       192.168.0.3        1        2      196
0000000000000003        3       192.168.0.3        1        2      196
datapath         port     rx-pkts  rx-bytes rx-error tx-pkts  tx-bytes tx-error
---------------- -------- -------- -------- -------- -------- -------- --------
0000000000000002        1        7      518        0      235    18446        0
0000000000000002        2      260    17982        0      260    17982        0
0000000000000002        3      261    18042        0      259    17922        0
datapath         in-port  eth-dst           out-port packets  bytes
---------------- -------- ----------------- -------- -------- --------
0000000000000002        1       192.168.0.1        2        2      196
0000000000000002        1       192.168.0.3        3        1       98
0000000000000002        2       192.168.0.2        1        2      196
0000000000000002        3       192.168.0.2        1        2      196
discovery--->==================================== discovery ====================================
discovery---> cls: [(2, 1), (2, 3), (1, 3)]
discovery--->=============================================================================
==================================== link detector ====================================

----------------------------
src    dst :    delay
2 <---> 1 : 8.595705032348633
2 <---> 3 : 8.182287216186523
1 <---> 2 : 6.389141082763672
1 <---> 3 : 10.207176208496094
3 <---> 2 : 6.825685501098633
3 <---> 1 : 10.101556777954102
datapath         port     rx-pkts  rx-bytes rx-error tx-pkts  tx-bytes tx-error
---------------- -------- -------- -------- -------- -------- -------- --------
0000000000000001        1        6      476        0      245    19190        0
0000000000000001        2      266    18342        0      265    18282        0
0000000000000001        3      265    18282        0      264    18222        0
datapath         in-port  eth-dst           out-port packets  bytes
---------------- -------- ----------------- -------- -------- --------
0000000000000001        1       192.168.0.2        2        1       98
0000000000000001        1       192.168.0.3        3        1       98
0000000000000001        2       192.168.0.1        1        2      196
0000000000000001        3       192.168.0.1        1        2      196
datapath         port     rx-pkts  rx-bytes rx-error tx-pkts  tx-bytes tx-error
---------------- -------- -------- -------- -------- -------- -------- --------
0000000000000002        1        7      518        0      240    18836        0
0000000000000002        2      265    18282        0      266    18342        0
0000000000000002        3      266    18342        0      264    18222        0
datapath         in-port  eth-dst           out-port packets  bytes
---------------- -------- ----------------- -------- -------- --------
0000000000000002        1       192.168.0.1        2        2      196
0000000000000002        1       192.168.0.3        3        1       98
0000000000000002        2       192.168.0.2        1        2      196
0000000000000002        3       192.168.0.2        1        2      196
datapath         port     rx-pkts  rx-bytes rx-error tx-pkts  tx-bytes tx-error
---------------- -------- -------- -------- -------- -------- -------- --------
0000000000000003        1        7      518        0      241    18896        0
0000000000000003        2      264    18222        0      265    18282        0
0000000000000003        3      264    18222        0      266    18342        0
datapath         in-port  eth-dst           out-port packets  bytes
---------------- -------- ----------------- -------- -------- --------
0000000000000003        1       192.168.0.1        2        2      196
0000000000000003        1       192.168.0.2        3        2      196
0000000000000003        2       192.168.0.3        1        2      196
0000000000000003        3       192.168.0.3        1        2      196
discovery--->==================================== discovery ====================================
discovery---> cls: [(2, 1), (2, 3), (1, 3)]
discovery--->=============================================================================
==================================== link detector ====================================

----------------------------
src    dst :    delay
2 <---> 1 : 7.104158401489258
2 <---> 3 : 7.144451141357422
1 <---> 2 : 7.683515548706055
1 <---> 3 : 8.263826370239258
3 <---> 2 : 8.258342742919922
3 <---> 1 : 9.273290634155273
==================================== link detector ====================================

----------------------------
src    dst :    delay
2 <---> 1 : 7.553577423095703
2 <---> 3 : 6.90007209777832
1 <---> 2 : 8.010387420654297
1 <---> 3 : 9.007930755615234
3 <---> 2 : 8.451461791992188
3 <---> 1 : 8.350610733032227
datapath         port     rx-pkts  rx-bytes rx-error tx-pkts  tx-bytes tx-error
---------------- -------- -------- -------- -------- -------- -------- --------
0000000000000002        1        7      518        0      246    19304        0
0000000000000002        2      271    18642        0      272    18702        0
0000000000000002        3      272    18702        0      270    18582        0
datapath         in-port  eth-dst           out-port packets  bytes
---------------- -------- ----------------- -------- -------- --------
0000000000000002        1       192.168.0.1        2        2      196
0000000000000002        1       192.168.0.3        3        1       98
0000000000000002        2       192.168.0.2        1        2      196
0000000000000002        3       192.168.0.2        1        2      196
datapath         port     rx-pkts  rx-bytes rx-error tx-pkts  tx-bytes tx-error
---------------- -------- -------- -------- -------- -------- -------- --------
0000000000000001        1        6      476        0      250    19580        0
0000000000000001        2      272    18702        0      271    18642        0
0000000000000001        3      271    18642        0      269    18522        0
datapath         in-port  eth-dst           out-port packets  bytes
---------------- -------- ----------------- -------- -------- --------
0000000000000001        1       192.168.0.2        2        1       98
0000000000000001        1       192.168.0.3        3        1       98
0000000000000001        2       192.168.0.1        1        2      196
0000000000000001        3       192.168.0.1        1        2      196
datapath         port     rx-pkts  rx-bytes rx-error tx-pkts  tx-bytes tx-error
---------------- -------- -------- -------- -------- -------- -------- --------
0000000000000003        1        7      518        0      247    19364        0
0000000000000003        2      269    18522        0      271    18642        0
0000000000000003        3      270    18582        0      272    18702        0
datapath         in-port  eth-dst           out-port packets  bytes
---------------- -------- ----------------- -------- -------- --------
0000000000000003        1       192.168.0.1        2        2      196
0000000000000003        1       192.168.0.2        3        2      196
0000000000000003        2       192.168.0.3        1        2      196
0000000000000003        3       192.168.0.3        1        2      196
discovery--->==================================== discovery ====================================
discovery---> cls: [(2, 1), (2, 3), (1, 3)]
discovery--->=============================================================================
==================================== link detector ====================================

----------------------------
src    dst :    delay
2 <---> 1 : 8.190155029296875
2 <---> 3 : 8.18014144897461
1 <---> 2 : 7.501840591430664
1 <---> 3 : 9.92441177368164
3 <---> 2 : 7.883548736572266
3 <---> 1 : 8.994102478027344
datapath         port     rx-pkts  rx-bytes rx-error tx-pkts  tx-bytes tx-error
---------------- -------- -------- -------- -------- -------- -------- --------
0000000000000001        1        6      476        0      256    20048        0
0000000000000001        2      277    19002        0      276    18942        0
0000000000000001        3      276    18942        0      275    18882        0
datapath         in-port  eth-dst           out-port packets  bytes
---------------- -------- ----------------- -------- -------- --------
0000000000000001        1       192.168.0.2        2        1       98
0000000000000001        1       192.168.0.3        3        1       98
0000000000000001        2       192.168.0.1        1        2      196
0000000000000001        3       192.168.0.1        1        2      196
datapath         port     rx-pkts  rx-bytes rx-error tx-pkts  tx-bytes tx-error
---------------- -------- -------- -------- -------- -------- -------- --------
0000000000000002        1        7      518        0      252    19772        0
0000000000000002        2      276    18942        0      277    19002        0
0000000000000002        3      277    19002        0      275    18882        0
datapath         in-port  eth-dst           out-port packets  bytes
---------------- -------- ----------------- -------- -------- --------
0000000000000002        1       192.168.0.1        2        2      196
0000000000000002        1       192.168.0.3        3        1       98
0000000000000002        2       192.168.0.2        1        2      196
0000000000000002        3       192.168.0.2        1        2      196
datapath         port     rx-pkts  rx-bytes rx-error tx-pkts  tx-bytes tx-error
---------------- -------- -------- -------- -------- -------- -------- --------
0000000000000003        1        7      518        0      252    19754        0
0000000000000003        2      275    18882        0      276    18942        0
0000000000000003        3      275    18882        0      277    19002        0
datapath         in-port  eth-dst           out-port packets  bytes
---------------- -------- ----------------- -------- -------- --------
0000000000000003        1       192.168.0.1        2        2      196
0000000000000003        1       192.168.0.2        3        2      196
0000000000000003        2       192.168.0.3        1        2      196
0000000000000003        3       192.168.0.3        1        2      196
discovery--->==================================== discovery ====================================
discovery---> cls: [(2, 1), (2, 3), (1, 3)]
discovery--->=============================================================================
==================================== link detector ====================================

----------------------------
src    dst :    delay
2 <---> 1 : 6.794214248657227
2 <---> 3 : 7.220029830932617
1 <---> 2 : 8.124113082885742
1 <---> 3 : 8.942604064941406
3 <---> 2 : 11.44266128540039
3 <---> 1 : 10.208368301391602
==================================== link detector ====================================

----------------------------
src    dst :    delay
2 <---> 1 : 6.2713623046875
2 <---> 3 : 6.887912750244141
1 <---> 2 : 8.37850570678711
1 <---> 3 : 8.662939071655273
3 <---> 2 : 7.683515548706055
3 <---> 1 : 10.067462921142578
datapath         port     rx-pkts  rx-bytes rx-error tx-pkts  tx-bytes tx-error
---------------- -------- -------- -------- -------- -------- -------- --------
0000000000000002        1        7      518        0      257    20162        0
0000000000000002        2      282    19302        0      283    19362        0
0000000000000002        3      283    19362        0      281    19242        0
datapath         in-port  eth-dst           out-port packets  bytes
---------------- -------- ----------------- -------- -------- --------
0000000000000002        1       192.168.0.1        2        2      196
0000000000000002        1       192.168.0.3        3        1       98
0000000000000002        2       192.168.0.2        1        2      196
0000000000000002        3       192.168.0.2        1        2      196
datapath         port     rx-pkts  rx-bytes rx-error tx-pkts  tx-bytes tx-error
---------------- -------- -------- -------- -------- -------- -------- --------
0000000000000003        1        7      518        0      258    20222        0
0000000000000003        2      280    19182        0      282    19302        0
0000000000000003        3      281    19242        0      283    19362        0
datapath         in-port  eth-dst           out-port packets  bytes
---------------- -------- ----------------- -------- -------- --------
0000000000000003        1       192.168.0.1        2        2      196
0000000000000003        1       192.168.0.2        3        2      196
0000000000000003        2       192.168.0.3        1        2      196
0000000000000003        3       192.168.0.3        1        2      196
datapath         port     rx-pkts  rx-bytes rx-error tx-pkts  tx-bytes tx-error
---------------- -------- -------- -------- -------- -------- -------- --------
0000000000000001        1        6      476        0      261    20438        0
0000000000000001        2      283    19362        0      282    19302        0
0000000000000001        3      282    19302        0      280    19182        0
datapath         in-port  eth-dst           out-port packets  bytes
---------------- -------- ----------------- -------- -------- --------
0000000000000001        1       192.168.0.2        2        1       98
0000000000000001        1       192.168.0.3        3        1       98
0000000000000001        2       192.168.0.1        1        2      196
0000000000000001        3       192.168.0.1        1        2      196
discovery--->==================================== discovery ====================================
discovery---> cls: [(2, 1), (2, 3), (1, 3)]
discovery--->=============================================================================
==================================== link detector ====================================

----------------------------
src    dst :    delay
2 <---> 1 : 8.264780044555664
2 <---> 3 : 7.45391845703125
1 <---> 2 : 7.520914077758789
1 <---> 3 : 8.728504180908203
3 <---> 2 : 7.0343017578125
3 <---> 1 : 9.751319885253906
datapath         port     rx-pkts  rx-bytes rx-error tx-pkts  tx-bytes tx-error
---------------- -------- -------- -------- -------- -------- -------- --------
0000000000000002        1        7      518        0      263    20630        0
0000000000000002        2      288    19672        0      288    19662        0
0000000000000002        3      289    19722        0      286    19542        0
datapath         in-port  eth-dst           out-port packets  bytes
---------------- -------- ----------------- -------- -------- --------
0000000000000002        1       192.168.0.1        2        2      196
0000000000000002        1       192.168.0.3        3        1       98
0000000000000002        2       192.168.0.2        1        2      196
0000000000000002        3       192.168.0.2        1        2      196
datapath         port     rx-pkts  rx-bytes rx-error tx-pkts  tx-bytes tx-error
---------------- -------- -------- -------- -------- -------- -------- --------
0000000000000001        1        6      476        0      267    20906        0
0000000000000001        2      288    19662        0      288    19672        0
0000000000000001        3      287    19602        0      286    19542        0
datapath         in-port  eth-dst           out-port packets  bytes
---------------- -------- ----------------- -------- -------- --------
0000000000000001        1       192.168.0.2        2        1       98
0000000000000001        1       192.168.0.3        3        1       98
0000000000000001        2       192.168.0.1        1        2      196
0000000000000001        3       192.168.0.1        1        2      196
datapath         port     rx-pkts  rx-bytes rx-error tx-pkts  tx-bytes tx-error
---------------- -------- -------- -------- -------- -------- -------- --------
0000000000000003        1        7      518        0      264    20690        0
0000000000000003        2      286    19542        0      287    19602        0
0000000000000003        3      286    19542        0      289    19722        0
datapath         in-port  eth-dst           out-port packets  bytes
---------------- -------- ----------------- -------- -------- --------
0000000000000003        1       192.168.0.1        2        2      196
0000000000000003        1       192.168.0.2        3        2      196
0000000000000003        2       192.168.0.3        1        2      196
0000000000000003        3       192.168.0.3        1        2      196
discovery--->==================================== discovery ====================================
discovery---> cls: [(2, 1), (2, 3), (1, 3)]
discovery--->=============================================================================
==================================== link detector ====================================

----------------------------
src    dst :    delay
2 <---> 1 : 8.052587509155273
2 <---> 3 : 7.818698883056641
1 <---> 2 : 6.936788558959961
1 <---> 3 : 9.192705154418945
3 <---> 2 : 7.272481918334961
3 <---> 1 : 9.884119033813477
==================================== link detector ====================================

----------------------------
src    dst :    delay
2 <---> 1 : 7.906198501586914
2 <---> 3 : 8.191108703613281
1 <---> 2 : 7.1964263916015625
1 <---> 3 : 8.43048095703125
3 <---> 2 : 6.790637969970703
3 <---> 1 : 10.240316390991211
datapath         port     rx-pkts  rx-bytes rx-error tx-pkts  tx-bytes tx-error
---------------- -------- -------- -------- -------- -------- -------- --------
0000000000000002        1        7      518        0      268    21020        0
0000000000000002        2      294    20032        0      294    20022        0
0000000000000002        3      294    20022        0      292    19902        0
datapath         in-port  eth-dst           out-port packets  bytes
---------------- -------- ----------------- -------- -------- --------
0000000000000002        1       192.168.0.1        2        2      196
0000000000000002        1       192.168.0.3        3        1       98
0000000000000002        2       192.168.0.2        1        2      196
0000000000000002        3       192.168.0.2        1        2      196
datapath         port     rx-pkts  rx-bytes rx-error tx-pkts  tx-bytes tx-error
---------------- -------- -------- -------- -------- -------- -------- --------
0000000000000001        1        6      476        0      272    21296        0
0000000000000001        2      294    20022        0      294    20032        0
0000000000000001        3      293    19962        0      291    19842        0
datapath         in-port  eth-dst           out-port packets  bytes
---------------- -------- ----------------- -------- -------- --------
0000000000000001        1       192.168.0.2        2        1       98
0000000000000001        1       192.168.0.3        3        1       98
0000000000000001        2       192.168.0.1        1        2      196
0000000000000001        3       192.168.0.1        1        2      196
datapath         port     rx-pkts  rx-bytes rx-error tx-pkts  tx-bytes tx-error
---------------- -------- -------- -------- -------- -------- -------- --------
0000000000000003        1        7      518        0      269    21080        0
0000000000000003        2      291    19842        0      293    19962        0
0000000000000003        3      292    19902        0      294    20022        0
datapath         in-port  eth-dst           out-port packets  bytes
---------------- -------- ----------------- -------- -------- --------
0000000000000003        1       192.168.0.1        2        2      196
0000000000000003        1       192.168.0.2        3        2      196
0000000000000003        2       192.168.0.3        1        2      196
0000000000000003        3       192.168.0.3        1        2      196
discovery--->==================================== discovery ====================================
discovery---> cls: [(2, 1), (2, 3), (1, 3)]
discovery--->=============================================================================
==================================== link detector ====================================

----------------------------
src    dst :    delay
2 <---> 1 : 8.22138786315918
2 <---> 3 : 7.709980010986328
1 <---> 2 : 6.311178207397461
1 <---> 3 : 10.06317138671875
3 <---> 2 : 7.630825042724609
3 <---> 1 : 9.66501235961914
==================================== link detector ====================================

----------------------------
src    dst :    delay
2 <---> 1 : 8.035898208618164
2 <---> 3 : 7.596492767333984
1 <---> 2 : 7.604360580444336
1 <---> 3 : 10.076761245727539
3 <---> 2 : 7.555246353149414
3 <---> 1 : 9.638547897338867
datapath         port     rx-pkts  rx-bytes rx-error tx-pkts  tx-bytes tx-error
---------------- -------- -------- -------- -------- -------- -------- --------
0000000000000002        1        7      518        0      274    21488        0
0000000000000002        2      299    20332        0      299    20322        0
0000000000000002        3      301    20452        0      297    20202        0
datapath         in-port  eth-dst           out-port packets  bytes
---------------- -------- ----------------- -------- -------- --------
0000000000000002        1       192.168.0.1        2        2      196
0000000000000002        1       192.168.0.3        3        1       98
0000000000000002        2       192.168.0.2        1        2      196
0000000000000002        3       192.168.0.2        1        2      196
datapath         port     rx-pkts  rx-bytes rx-error tx-pkts  tx-bytes tx-error
---------------- -------- -------- -------- -------- -------- -------- --------
0000000000000001        1        6      476        0      278    21764        0
0000000000000001        2      299    20322        0      299    20332        0
0000000000000001        3      299    20322        0      297    20202        0
datapath         in-port  eth-dst           out-port packets  bytes
---------------- -------- ----------------- -------- -------- --------
0000000000000001        1       192.168.0.2        2        1       98
0000000000000001        1       192.168.0.3        3        1       98
0000000000000001        2       192.168.0.1        1        2      196
0000000000000001        3       192.168.0.1        1        2      196
datapath         port     rx-pkts  rx-bytes rx-error tx-pkts  tx-bytes tx-error
---------------- -------- -------- -------- -------- -------- -------- --------
0000000000000003        1        7      518        0      275    21548        0
0000000000000003        2      297    20202        0      299    20322        0
0000000000000003        3      297    20202        0      301    20452        0
datapath         in-port  eth-dst           out-port packets  bytes
---------------- -------- ----------------- -------- -------- --------
0000000000000003        1       192.168.0.1        2        2      196
0000000000000003        1       192.168.0.2        3        2      196
0000000000000003        2       192.168.0.3        1        2      196
0000000000000003        3       192.168.0.3        1        2      196
discovery--->==================================== discovery ====================================
discovery---> cls: [(2, 1), (2, 3), (1, 3)]
discovery--->=============================================================================
==================================== link detector ====================================

----------------------------
src    dst :    delay
2 <---> 1 : 6.682634353637695
2 <---> 3 : 7.862329483032227
1 <---> 2 : 7.139921188354492
1 <---> 3 : 10.137081146240234
3 <---> 2 : 6.404638290405273
3 <---> 1 : 9.73057746887207
datapath         port     rx-pkts  rx-bytes rx-error tx-pkts  tx-bytes tx-error
---------------- -------- -------- -------- -------- -------- -------- --------
0000000000000002        1        7      518        0      279    21878        0
0000000000000002        2      305    20692        0      305    20682        0
0000000000000002        3      306    20752        0      303    20562        0
datapath         in-port  eth-dst           out-port packets  bytes
---------------- -------- ----------------- -------- -------- --------
0000000000000002        1       192.168.0.1        2        2      196
0000000000000002        1       192.168.0.3        3        1       98
0000000000000002        2       192.168.0.2        1        2      196
0000000000000002        3       192.168.0.2        1        2      196
datapath         port     rx-pkts  rx-bytes rx-error tx-pkts  tx-bytes tx-error
---------------- -------- -------- -------- -------- -------- -------- --------
0000000000000003        1        7      518        0      280    21938        0
0000000000000003        2      302    20502        0      304    20622        0
0000000000000003        3      303    20562        0      306    20752        0
datapath         in-port  eth-dst           out-port packets  bytes
---------------- -------- ----------------- -------- -------- --------
0000000000000003        1       192.168.0.1        2        2      196
0000000000000003        1       192.168.0.2        3        2      196
0000000000000003        2       192.168.0.3        1        2      196
0000000000000003        3       192.168.0.3        1        2      196
datapath         port     rx-pkts  rx-bytes rx-error tx-pkts  tx-bytes tx-error
---------------- -------- -------- -------- -------- -------- -------- --------
0000000000000001        1        6      476        0      283    22154        0
0000000000000001        2      305    20682        0      305    20692        0
0000000000000001        3      304    20622        0      302    20502        0
datapath         in-port  eth-dst           out-port packets  bytes
---------------- -------- ----------------- -------- -------- --------
0000000000000001        1       192.168.0.2        2        1       98
0000000000000001        1       192.168.0.3        3        1       98
0000000000000001        2       192.168.0.1        1        2      196
0000000000000001        3       192.168.0.1        1        2      196
discovery--->==================================== discovery ====================================
discovery---> cls: [(2, 1), (2, 3), (1, 3)]
discovery--->=============================================================================
==================================== link detector ====================================

----------------------------
src    dst :    delay
2 <---> 1 : 8.214712142944336
2 <---> 3 : 7.885217666625977
1 <---> 2 : 7.042169570922852
1 <---> 3 : 9.224653244018555
3 <---> 2 : 8.144855499267578
3 <---> 1 : 9.225845336914062
==================================== link detector ====================================

----------------------------
src    dst :    delay
2 <---> 1 : 6.729841232299805
2 <---> 3 : 7.407903671264648
1 <---> 2 : 6.927251815795898
1 <---> 3 : 8.68678092956543
3 <---> 2 : 6.492853164672852
3 <---> 1 : 9.854793548583984
datapath         port     rx-pkts  rx-bytes rx-error tx-pkts  tx-bytes tx-error
---------------- -------- -------- -------- -------- -------- -------- --------
0000000000000002        1        7      518        0      285    22346        0
0000000000000002        2      311    21052        0      310    20982        0
0000000000000002        3      312    21112        0      310    20992        0
datapath         in-port  eth-dst           out-port packets  bytes
---------------- -------- ----------------- -------- -------- --------
0000000000000002        1       192.168.0.1        2        2      196
0000000000000002        1       192.168.0.3        3        1       98
0000000000000002        2       192.168.0.2        1        2      196
0000000000000002        3       192.168.0.2        1        2      196
datapath         port     rx-pkts  rx-bytes rx-error tx-pkts  tx-bytes tx-error
---------------- -------- -------- -------- -------- -------- -------- --------
0000000000000001        1        6      476        0      289    22622        0
0000000000000001        2      310    20982        0      311    21052        0
0000000000000001        3      310    20982        0      308    20862        0
datapath         in-port  eth-dst           out-port packets  bytes
---------------- -------- ----------------- -------- -------- --------
0000000000000001        1       192.168.0.2        2        1       98
0000000000000001        1       192.168.0.3        3        1       98
0000000000000001        2       192.168.0.1        1        2      196
0000000000000001        3       192.168.0.1        1        2      196
datapath         port     rx-pkts  rx-bytes rx-error tx-pkts  tx-bytes tx-error
---------------- -------- -------- -------- -------- -------- -------- --------
0000000000000003        1        7      518        0      286    22406        0
0000000000000003        2      308    20862        0      310    20982        0
0000000000000003        3      310    20992        0      312    21112        0
datapath         in-port  eth-dst           out-port packets  bytes
---------------- -------- ----------------- -------- -------- --------
0000000000000003        1       192.168.0.1        2        2      196
0000000000000003        1       192.168.0.2        3        2      196
0000000000000003        2       192.168.0.3        1        2      196
0000000000000003        3       192.168.0.3        1        2      196
discovery--->==================================== discovery ====================================
discovery---> cls: [(2, 1), (2, 3), (1, 3)]
discovery--->=============================================================================
==================================== link detector ====================================

----------------------------
src    dst :    delay
2 <---> 1 : 6.519317626953125
2 <---> 3 : 6.767511367797852
1 <---> 2 : 7.9936981201171875
1 <---> 3 : 9.813547134399414
3 <---> 2 : 7.126808166503906
3 <---> 1 : 10.086297988891602
datapath         port     rx-pkts  rx-bytes rx-error tx-pkts  tx-bytes tx-error
---------------- -------- -------- -------- -------- -------- -------- --------
0000000000000001        1        6      476        0      294    23012        0
0000000000000001        2      316    21342        0      316    21352        0
0000000000000001        3      315    21282        0      315    21292        0
datapath         in-port  eth-dst           out-port packets  bytes
---------------- -------- ----------------- -------- -------- --------
0000000000000001        1       192.168.0.2        2        1       98
0000000000000001        1       192.168.0.3        3        1       98
0000000000000001        2       192.168.0.1        1        2      196
0000000000000001        3       192.168.0.1        1        2      196
datapath         port     rx-pkts  rx-bytes rx-error tx-pkts  tx-bytes tx-error
---------------- -------- -------- -------- -------- -------- -------- --------
0000000000000003        1        7      518        0      291    22796        0
0000000000000003        2      315    21292        0      315    21282        0
0000000000000003        3      315    21292        0      317    21412        0
datapath         in-port  eth-dst           out-port packets  bytes
---------------- -------- ----------------- -------- -------- --------
0000000000000003        1       192.168.0.1        2        2      196
0000000000000003        1       192.168.0.2        3        2      196
0000000000000003        2       192.168.0.3        1        2      196
0000000000000003        3       192.168.0.3        1        2      196
datapath         port     rx-pkts  rx-bytes rx-error tx-pkts  tx-bytes tx-error
---------------- -------- -------- -------- -------- -------- -------- --------
0000000000000002        1        7      518        0      290    22736        0
0000000000000002        2      316    21352        0      316    21342        0
0000000000000002        3      317    21412        0      315    21292        0
datapath         in-port  eth-dst           out-port packets  bytes
---------------- -------- ----------------- -------- -------- --------
0000000000000002        1       192.168.0.1        2        2      196
0000000000000002        1       192.168.0.3        3        1       98
0000000000000002        2       192.168.0.2        1        2      196
0000000000000002        3       192.168.0.2        1        2      196
discovery--->==================================== discovery ====================================
discovery---> cls: [(2, 1), (2, 3), (1, 3)]
discovery--->=============================================================================
==================================== link detector ====================================

----------------------------
src    dst :    delay
2 <---> 1 : 7.163047790527344
2 <---> 3 : 6.711244583129883
1 <---> 2 : 6.77180290222168
1 <---> 3 : 8.744478225708008
3 <---> 2 : 8.252382278442383
3 <---> 1 : 9.148120880126953
==================================== link detector ====================================

----------------------------
src    dst :    delay
2 <---> 1 : 6.192207336425781
2 <---> 3 : 7.091760635375977
1 <---> 2 : 6.54911994934082
1 <---> 3 : 9.392261505126953
3 <---> 2 : 6.858110427856445
3 <---> 1 : 9.964704513549805
datapath         port     rx-pkts  rx-bytes rx-error tx-pkts  tx-bytes tx-error
---------------- -------- -------- -------- -------- -------- -------- --------
0000000000000001        1        6      476        0      300    23480        0
0000000000000001        2      322    21845        0      323    21915        0
0000000000000001        3      322    21845        0      321    21795        0
datapath         in-port  eth-dst           out-port packets  bytes
---------------- -------- ----------------- -------- -------- --------
0000000000000001        1       192.168.0.2        2        1       98
0000000000000001        1       192.168.0.3        3        1       98
0000000000000001        2       192.168.0.1        1        2      196
0000000000000001        3       192.168.0.1        1        2      196
datapath         port     rx-pkts  rx-bytes rx-error tx-pkts  tx-bytes tx-error
---------------- -------- -------- -------- -------- -------- -------- --------
0000000000000003        1        7      518        0      297    23264        0
0000000000000003        2      321    21795        0      322    21845        0
0000000000000003        3      322    21855        0      324    21975        0
datapath         in-port  eth-dst           out-port packets  bytes
---------------- -------- ----------------- -------- -------- --------
0000000000000003        1       192.168.0.1        2        2      196
0000000000000003        1       192.168.0.2        3        2      196
0000000000000003        2       192.168.0.3        1        2      196
0000000000000003        3       192.168.0.3        1        2      196
datapath         port     rx-pkts  rx-bytes rx-error tx-pkts  tx-bytes tx-error
---------------- -------- -------- -------- -------- -------- -------- --------
0000000000000002        1        7      518        0      296    23204        0
0000000000000002        2      323    21915        0      322    21845        0
0000000000000002        3      324    21975        0      322    21855        0
datapath         in-port  eth-dst           out-port packets  bytes
---------------- -------- ----------------- -------- -------- --------
0000000000000002        1       192.168.0.1        2        2      196
0000000000000002        1       192.168.0.3        3        1       98
0000000000000002        2       192.168.0.2        1        2      196
0000000000000002        3       192.168.0.2        1        2      196
discovery--->==================================== discovery ====================================
discovery---> cls: [(2, 1), (2, 3), (1, 3)]
discovery--->=============================================================================
==================================== link detector ====================================

----------------------------
src    dst :    delay
2 <---> 1 : 8.183002471923828
2 <---> 3 : 6.723642349243164
1 <---> 2 : 7.5321197509765625
1 <---> 3 : 10.343074798583984
3 <---> 2 : 7.837772369384766
3 <---> 1 : 10.089874267578125
==================================== link detector ====================================

----------------------------
src    dst :    delay
2 <---> 1 : 8.14056396484375
2 <---> 3 : 8.133411407470703
1 <---> 2 : 8.159637451171875
1 <---> 3 : 9.098291397094727
3 <---> 2 : 8.212566375732422
3 <---> 1 : 8.194446563720703
datapath         port     rx-pkts  rx-bytes rx-error tx-pkts  tx-bytes tx-error
---------------- -------- -------- -------- -------- -------- -------- --------
0000000000000002        1        7      518        0      302    23672        0
0000000000000002        2      328    22215        0      328    22205        0
0000000000000002        3      329    22275        0      327    22155        0
datapath         in-port  eth-dst           out-port packets  bytes
---------------- -------- ----------------- -------- -------- --------
0000000000000002        1       192.168.0.1        2        2      196
0000000000000002        1       192.168.0.3        3        1       98
0000000000000002        2       192.168.0.2        1        2      196
0000000000000002        3       192.168.0.2        1        2      196
datapath         port     rx-pkts  rx-bytes rx-error tx-pkts  tx-bytes tx-error
---------------- -------- -------- -------- -------- -------- -------- --------
0000000000000003        1        7      518        0      302    23654        0
0000000000000003        2      327    22155        0      327    22145        0
0000000000000003        3      327    22155        0      329    22275        0
datapath         in-port  eth-dst           out-port packets  bytes
---------------- -------- ----------------- -------- -------- --------
0000000000000003        1       192.168.0.1        2        2      196
0000000000000003        1       192.168.0.2        3        2      196
0000000000000003        2       192.168.0.3        1        2      196
0000000000000003        3       192.168.0.3        1        2      196
datapath         port     rx-pkts  rx-bytes rx-error tx-pkts  tx-bytes tx-error
---------------- -------- -------- -------- -------- -------- -------- --------
0000000000000001        1        6      476        0      306    23948        0
0000000000000001        2      328    22205        0      328    22215        0
0000000000000001        3      327    22145        0      327    22155        0
datapath         in-port  eth-dst           out-port packets  bytes
---------------- -------- ----------------- -------- -------- --------
0000000000000001        1       192.168.0.2        2        1       98
0000000000000001        1       192.168.0.3        3        1       98
0000000000000001        2       192.168.0.1        1        2      196
0000000000000001        3       192.168.0.1        1        2      196
discovery--->==================================== discovery ====================================
discovery---> cls: [(2, 1), (2, 3), (1, 3)]
discovery--->=============================================================================
==================================== link detector ====================================

----------------------------
src    dst :    delay
2 <---> 1 : 7.073879241943359
2 <---> 3 : 7.364988327026367
1 <---> 2 : 8.070945739746094
1 <---> 3 : 9.99593734741211
3 <---> 2 : 6.6928863525390625
3 <---> 1 : 10.056018829345703
datapath         port     rx-pkts  rx-bytes rx-error tx-pkts  tx-bytes tx-error
---------------- -------- -------- -------- -------- -------- -------- --------
0000000000000002        1        7      518        0      307    24062        0
0000000000000002        2      334    22575        0      334    22565        0
0000000000000002        3      335    22635        0      333    22515        0
datapath         in-port  eth-dst           out-port packets  bytes
---------------- -------- ----------------- -------- -------- --------
0000000000000002        1       192.168.0.1        2        2      196
0000000000000002        1       192.168.0.3        3        1       98
0000000000000002        2       192.168.0.2        1        2      196
0000000000000002        3       192.168.0.2        1        2      196
datapath         port     rx-pkts  rx-bytes rx-error tx-pkts  tx-bytes tx-error
---------------- -------- -------- -------- -------- -------- -------- --------
0000000000000003        1        7      518        0      308    24122        0
0000000000000003        2      332    22455        0      333    22505        0
0000000000000003        3      333    22515        0      335    22635        0
datapath         in-port  eth-dst           out-port packets  bytes
---------------- -------- ----------------- -------- -------- --------
0000000000000003        1       192.168.0.1        2        2      196
0000000000000003        1       192.168.0.2        3        2      196
0000000000000003        2       192.168.0.3        1        2      196
0000000000000003        3       192.168.0.3        1        2      196
datapath         port     rx-pkts  rx-bytes rx-error tx-pkts  tx-bytes tx-error
---------------- -------- -------- -------- -------- -------- -------- --------
0000000000000001        1        6      476        0      311    24338        0
0000000000000001        2      334    22565        0      334    22575        0
0000000000000001        3      333    22505        0      332    22455        0
datapath         in-port  eth-dst           out-port packets  bytes
---------------- -------- ----------------- -------- -------- --------
0000000000000001        1       192.168.0.2        2        1       98
0000000000000001        1       192.168.0.3        3        1       98
0000000000000001        2       192.168.0.1        1        2      196
0000000000000001        3       192.168.0.1        1        2      196
discovery--->==================================== discovery ====================================
discovery---> cls: [(2, 1), (2, 3), (1, 3)]
discovery--->=============================================================================
==================================== link detector ====================================

----------------------------
src    dst :    delay
2 <---> 1 : 8.242607116699219
2 <---> 3 : 6.986856460571289
1 <---> 2 : 7.541656494140625
1 <---> 3 : 8.675575256347656
3 <---> 2 : 7.86590576171875
3 <---> 1 : 9.762287139892578
==================================== link detector ====================================

----------------------------
src    dst :    delay
2 <---> 1 : 6.487369537353516
2 <---> 3 : 8.104085922241211
1 <---> 2 : 7.135629653930664
1 <---> 3 : 10.105371475219727
3 <---> 2 : 7.349491119384766
3 <---> 1 : 10.148763656616211
datapath         port     rx-pkts  rx-bytes rx-error tx-pkts  tx-bytes tx-error
---------------- -------- -------- -------- -------- -------- -------- --------
0000000000000002        1        7      518        0      313    24530        0
0000000000000002        2      339    22875        0      340    22935        0
0000000000000002        3      340    22935        0      338    22815        0
datapath         in-port  eth-dst           out-port packets  bytes
---------------- -------- ----------------- -------- -------- --------
0000000000000002        1       192.168.0.1        2        2      196
0000000000000002        1       192.168.0.3        3        1       98
0000000000000002        2       192.168.0.2        1        2      196
0000000000000002        3       192.168.0.2        1        2      196
datapath         port     rx-pkts  rx-bytes rx-error tx-pkts  tx-bytes tx-error
---------------- -------- -------- -------- -------- -------- -------- --------
0000000000000001        1        6      476        0      317    24806        0
0000000000000001        2      340    22935        0      339    22875        0
0000000000000001        3      338    22805        0      338    22815        0
datapath         in-port  eth-dst           out-port packets  bytes
---------------- -------- ----------------- -------- -------- --------
0000000000000001        1       192.168.0.2        2        1       98
0000000000000001        1       192.168.0.3        3        1       98
0000000000000001        2       192.168.0.1        1        2      196
0000000000000001        3       192.168.0.1        1        2      196
datapath         port     rx-pkts  rx-bytes rx-error tx-pkts  tx-bytes tx-error
---------------- -------- -------- -------- -------- -------- -------- --------
0000000000000003        1        7      518        0      314    24590        0
0000000000000003        2      338    22815        0      338    22805        0
0000000000000003        3      338    22815        0      340    22935        0
datapath         in-port  eth-dst           out-port packets  bytes
---------------- -------- ----------------- -------- -------- --------
0000000000000003        1       192.168.0.1        2        2      196
0000000000000003        1       192.168.0.2        3        2      196
0000000000000003        2       192.168.0.3        1        2      196
0000000000000003        3       192.168.0.3        1        2      196
discovery--->==================================== discovery ====================================
discovery---> cls: [(2, 1), (2, 3), (1, 3)]
discovery--->=============================================================================
==================================== link detector ====================================

----------------------------
src    dst :    delay
2 <---> 1 : 8.06117057800293
2 <---> 3 : 6.813287734985352
1 <---> 2 : 8.053302764892578
1 <---> 3 : 10.156869888305664
3 <---> 2 : 8.069753646850586
3 <---> 1 : 10.16855239868164
datapath         port     rx-pkts  rx-bytes rx-error tx-pkts  tx-bytes tx-error
---------------- -------- -------- -------- -------- -------- -------- --------
0000000000000002        1        7      518        0      318    24920        0
0000000000000002        2      345    23235        0      346    23295        0
0000000000000002        3      346    23295        0      344    23175        0
datapath         in-port  eth-dst           out-port packets  bytes
---------------- -------- ----------------- -------- -------- --------
0000000000000002        1       192.168.0.1        2        2      196
0000000000000002        1       192.168.0.3        3        1       98
0000000000000002        2       192.168.0.2        1        2      196
0000000000000002        3       192.168.0.2        1        2      196
datapath         port     rx-pkts  rx-bytes rx-error tx-pkts  tx-bytes tx-error
---------------- -------- -------- -------- -------- -------- -------- --------
0000000000000003        1        7      518        0      319    24980        0
0000000000000003        2      343    23115        0      344    23165        0
0000000000000003        3      344    23175        0      346    23295        0
datapath         in-port  eth-dst           out-port packets  bytes
---------------- -------- ----------------- -------- -------- --------
0000000000000003        1       192.168.0.1        2        2      196
0000000000000003        1       192.168.0.2        3        2      196
0000000000000003        2       192.168.0.3        1        2      196
0000000000000003        3       192.168.0.3        1        2      196
datapath         port     rx-pkts  rx-bytes rx-error tx-pkts  tx-bytes tx-error
---------------- -------- -------- -------- -------- -------- -------- --------
0000000000000001        1        6      476        0      322    25196        0
0000000000000001        2      346    23295        0      345    23235        0
0000000000000001        3      344    23165        0      343    23115        0
datapath         in-port  eth-dst           out-port packets  bytes
---------------- -------- ----------------- -------- -------- --------
0000000000000001        1       192.168.0.2        2        1       98
0000000000000001        1       192.168.0.3        3        1       98
0000000000000001        2       192.168.0.1        1        2      196
0000000000000001        3       192.168.0.1        1        2      196
discovery--->==================================== discovery ====================================
discovery---> cls: [(2, 1), (2, 3), (1, 3)]
discovery--->=============================================================================
==================================== link detector ====================================

----------------------------
src    dst :    delay
2 <---> 1 : 7.140874862670898
2 <---> 3 : 7.358074188232422
1 <---> 2 : 7.579326629638672
1 <---> 3 : 9.224176406860352
3 <---> 2 : 7.447719573974609
3 <---> 1 : 10.15162467956543
==================================== link detector ====================================

----------------------------
src    dst :    delay
2 <---> 1 : 7.259130477905273
2 <---> 3 : 8.179187774658203
1 <---> 2 : 7.152318954467773
1 <---> 3 : 9.342193603515625
3 <---> 2 : 7.2879791259765625
3 <---> 1 : 9.15670394897461
datapath         port     rx-pkts  rx-bytes rx-error tx-pkts  tx-bytes tx-error
---------------- -------- -------- -------- -------- -------- -------- --------
0000000000000002        1        7      518        0      324    25388        0
0000000000000002        2      350    23535        0      351    23595        0
0000000000000002        3      352    23655        0      349    23475        0
datapath         in-port  eth-dst           out-port packets  bytes
---------------- -------- ----------------- -------- -------- --------
0000000000000002        1       192.168.0.1        2        2      196
0000000000000002        1       192.168.0.3        3        1       98
0000000000000002        2       192.168.0.2        1        2      196
0000000000000002        3       192.168.0.2        1        2      196
datapath         port     rx-pkts  rx-bytes rx-error tx-pkts  tx-bytes tx-error
---------------- -------- -------- -------- -------- -------- -------- --------
0000000000000001        1        6      476        0      328    25664        0
0000000000000001        2      351    23595        0      350    23535        0
0000000000000001        3      350    23525        0      349    23475        0
datapath         in-port  eth-dst           out-port packets  bytes
---------------- -------- ----------------- -------- -------- --------
0000000000000001        1       192.168.0.2        2        1       98
0000000000000001        1       192.168.0.3        3        1       98
0000000000000001        2       192.168.0.1        1        2      196
0000000000000001        3       192.168.0.1        1        2      196
datapath         port     rx-pkts  rx-bytes rx-error tx-pkts  tx-bytes tx-error
---------------- -------- -------- -------- -------- -------- -------- --------
0000000000000003        1        7      518        0      325    25448        0
0000000000000003        2      349    23475        0      350    23525        0
0000000000000003        3      349    23475        0      352    23655        0
datapath         in-port  eth-dst           out-port packets  bytes
---------------- -------- ----------------- -------- -------- --------
0000000000000003        1       192.168.0.1        2        2      196
0000000000000003        1       192.168.0.2        3        2      196
0000000000000003        2       192.168.0.3        1        2      196
0000000000000003        3       192.168.0.3        1        2      196
discovery--->==================================== discovery ====================================
discovery---> cls: [(2, 1), (2, 3), (1, 3)]
discovery--->=============================================================================
==================================== link detector ====================================

----------------------------
src    dst :    delay
2 <---> 1 : 7.670402526855469
2 <---> 3 : 6.685018539428711
1 <---> 2 : 7.271051406860352
1 <---> 3 : 10.091304779052734
3 <---> 2 : 7.2116851806640625
3 <---> 1 : 10.126829147338867
datapath         port     rx-pkts  rx-bytes rx-error tx-pkts  tx-bytes tx-error
---------------- -------- -------- -------- -------- -------- -------- --------
0000000000000002        1        7      518        0      329    25778        0
0000000000000002        2      356    23895        0      357    23955        0
0000000000000002        3      357    23955        0      355    23835        0
datapath         in-port  eth-dst           out-port packets  bytes
---------------- -------- ----------------- -------- -------- --------
0000000000000002        1       192.168.0.1        2        2      196
0000000000000002        1       192.168.0.3        3        1       98
0000000000000002        2       192.168.0.2        1        2      196
0000000000000002        3       192.168.0.2        1        2      196
datapath         port     rx-pkts  rx-bytes rx-error tx-pkts  tx-bytes tx-error
---------------- -------- -------- -------- -------- -------- -------- --------
0000000000000001        1        6      476        0      333    26054        0
0000000000000001        2      357    23955        0      356    23895        0
0000000000000001        3      356    23895        0      354    23775        0
datapath         in-port  eth-dst           out-port packets  bytes
---------------- -------- ----------------- -------- -------- --------
0000000000000001        1       192.168.0.2        2        1       98
0000000000000001        1       192.168.0.3        3        1       98
0000000000000001        2       192.168.0.1        1        2      196
0000000000000001        3       192.168.0.1        1        2      196
datapath         port     rx-pkts  rx-bytes rx-error tx-pkts  tx-bytes tx-error
---------------- -------- -------- -------- -------- -------- -------- --------
0000000000000003        1        7      518        0      330    25838        0
0000000000000003        2      354    23775        0      356    23895        0
0000000000000003        3      355    23835        0      357    23955        0
datapath         in-port  eth-dst           out-port packets  bytes
---------------- -------- ----------------- -------- -------- --------
0000000000000003        1       192.168.0.1        2        2      196
0000000000000003        1       192.168.0.2        3        2      196
0000000000000003        2       192.168.0.3        1        2      196
0000000000000003        3       192.168.0.3        1        2      196
discovery--->==================================== discovery ====================================
discovery---> cls: [(2, 1), (2, 3), (1, 3)]
discovery--->=============================================================================
==================================== link detector ====================================

----------------------------
src    dst :    delay
2 <---> 1 : 8.068561553955078
2 <---> 3 : 6.843328475952148
1 <---> 2 : 6.366729736328125
1 <---> 3 : 10.18834114074707
3 <---> 2 : 8.11457633972168
3 <---> 1 : 9.258747100830078
==================================== link detector ====================================

----------------------------
src    dst :    delay
2 <---> 1 : 7.225751876831055
2 <---> 3 : 7.750511169433594
1 <---> 2 : 7.195472717285156
1 <---> 3 : 10.103464126586914
3 <---> 2 : 8.321046829223633
3 <---> 1 : 8.44430923461914
datapath         port     rx-pkts  rx-bytes rx-error tx-pkts  tx-bytes tx-error
---------------- -------- -------- -------- -------- -------- -------- --------
0000000000000002        1        7      518        0      335    26246        0
0000000000000002        2      361    24195        0      362    24255        0
0000000000000002        3      363    24315        0      361    24195        0
datapath         in-port  eth-dst           out-port packets  bytes
---------------- -------- ----------------- -------- -------- --------
0000000000000002        1       192.168.0.1        2        2      196
0000000000000002        1       192.168.0.3        3        1       98
0000000000000002        2       192.168.0.2        1        2      196
0000000000000002        3       192.168.0.2        1        2      196
datapath         port     rx-pkts  rx-bytes rx-error tx-pkts  tx-bytes tx-error
---------------- -------- -------- -------- -------- -------- -------- --------
0000000000000003        1        7      518        0      336    26306        0
0000000000000003        2      360    24135        0      362    24255        0
0000000000000003        3      361    24195        0      363    24315        0
datapath         in-port  eth-dst           out-port packets  bytes
---------------- -------- ----------------- -------- -------- --------
0000000000000003        1       192.168.0.1        2        2      196
0000000000000003        1       192.168.0.2        3        2      196
0000000000000003        2       192.168.0.3        1        2      196
0000000000000003        3       192.168.0.3        1        2      196
datapath         port     rx-pkts  rx-bytes rx-error tx-pkts  tx-bytes tx-error
---------------- -------- -------- -------- -------- -------- -------- --------
0000000000000001        1        6      476        0      339    26522        0
0000000000000001        2      362    24255        0      361    24195        0
0000000000000001        3      362    24255        0      360    24135        0
datapath         in-port  eth-dst           out-port packets  bytes
---------------- -------- ----------------- -------- -------- --------
0000000000000001        1       192.168.0.2        2        1       98
0000000000000001        1       192.168.0.3        3        1       98
0000000000000001        2       192.168.0.1        1        2      196
0000000000000001        3       192.168.0.1        1        2      196
discovery--->==================================== discovery ====================================
discovery---> cls: [(2, 1), (2, 3), (1, 3)]
discovery--->=============================================================================
==================================== link detector ====================================

----------------------------
src    dst :    delay
2 <---> 1 : 6.6471099853515625
2 <---> 3 : 8.1787109375
1 <---> 2 : 6.902217864990234
1 <---> 3 : 10.196208953857422
3 <---> 2 : 6.671667098999023
3 <---> 1 : 10.1470947265625
==================================== link detector ====================================

----------------------------
src    dst :    delay
2 <---> 1 : 8.137226104736328
2 <---> 3 : 7.478237152099609
1 <---> 2 : 8.118391036987305
1 <---> 3 : 8.791685104370117
3 <---> 2 : 8.383035659790039
3 <---> 1 : 8.76927375793457
datapath         port     rx-pkts  rx-bytes rx-error tx-pkts  tx-bytes tx-error
---------------- -------- -------- -------- -------- -------- -------- --------
0000000000000002        1        7      518        0      340    26636        0
0000000000000002        2      367    24555        0      368    24615        0
0000000000000002        3      368    24615        0      366    24495        0
datapath         in-port  eth-dst           out-port packets  bytes
---------------- -------- ----------------- -------- -------- --------
0000000000000002        1       192.168.0.1        2        2      196
0000000000000002        1       192.168.0.3        3        1       98
0000000000000002        2       192.168.0.2        1        2      196
0000000000000002        3       192.168.0.2        1        2      196
datapath         port     rx-pkts  rx-bytes rx-error tx-pkts  tx-bytes tx-error
---------------- -------- -------- -------- -------- -------- -------- --------
0000000000000003        1        7      518        0      341    26696        0
0000000000000003        2      365    24435        0      367    24555        0
0000000000000003        3      366    24495        0      368    24615        0
datapath         in-port  eth-dst           out-port packets  bytes
---------------- -------- ----------------- -------- -------- --------
0000000000000003        1       192.168.0.1        2        2      196
0000000000000003        1       192.168.0.2        3        2      196
0000000000000003        2       192.168.0.3        1        2      196
0000000000000003        3       192.168.0.3        1        2      196
datapath         port     rx-pkts  rx-bytes rx-error tx-pkts  tx-bytes tx-error
---------------- -------- -------- -------- -------- -------- -------- --------
0000000000000001        1        6      476        0      344    26912        0
0000000000000001        2      368    24615        0      367    24555        0
0000000000000001        3      367    24555        0      365    24435        0
datapath         in-port  eth-dst           out-port packets  bytes
---------------- -------- ----------------- -------- -------- --------
0000000000000001        1       192.168.0.2        2        1       98
0000000000000001        1       192.168.0.3        3        1       98
0000000000000001        2       192.168.0.1        1        2      196
0000000000000001        3       192.168.0.1        1        2      196
discovery--->==================================== discovery ====================================
discovery---> cls: [(2, 1), (2, 3), (1, 3)]
discovery--->=============================================================================
==================================== link detector ====================================

----------------------------
src    dst :    delay
2 <---> 1 : 7.440328598022461
2 <---> 3 : 6.799221038818359
1 <---> 2 : 7.8029632568359375
1 <---> 3 : 8.906126022338867
3 <---> 2 : 6.293535232543945
3 <---> 1 : 8.617162704467773
datapath         port     rx-pkts  rx-bytes rx-error tx-pkts  tx-bytes tx-error
---------------- -------- -------- -------- -------- -------- -------- --------
0000000000000002        1        7      518        0      346    27104        0
0000000000000002        2      373    24915        0      373    24915        0
0000000000000002        3      374    24975        0      372    24855        0
datapath         in-port  eth-dst           out-port packets  bytes
---------------- -------- ----------------- -------- -------- --------
0000000000000002        1       192.168.0.1        2        2      196
0000000000000002        1       192.168.0.3        3        1       98
0000000000000002        2       192.168.0.2        1        2      196
0000000000000002        3       192.168.0.2        1        2      196
datapath         port     rx-pkts  rx-bytes rx-error tx-pkts  tx-bytes tx-error
---------------- -------- -------- -------- -------- -------- -------- --------
0000000000000001        1        6      476        0      350    27380        0
0000000000000001        2      373    24915        0      373    24915        0
0000000000000001        3      373    24915        0      371    24795        0
datapath         in-port  eth-dst           out-port packets  bytes
---------------- -------- ----------------- -------- -------- --------
0000000000000001        1       192.168.0.2        2        1       98
0000000000000001        1       192.168.0.3        3        1       98
0000000000000001        2       192.168.0.1        1        2      196
0000000000000001        3       192.168.0.1        1        2      196
datapath         port     rx-pkts  rx-bytes rx-error tx-pkts  tx-bytes tx-error
---------------- -------- -------- -------- -------- -------- -------- --------
0000000000000003        1        7      518        0      347    27164        0
0000000000000003        2      371    24795        0      373    24915        0
0000000000000003        3      372    24855        0      374    24975        0
datapath         in-port  eth-dst           out-port packets  bytes
---------------- -------- ----------------- -------- -------- --------
0000000000000003        1       192.168.0.1        2        2      196
0000000000000003        1       192.168.0.2        3        2      196
0000000000000003        2       192.168.0.3        1        2      196
0000000000000003        3       192.168.0.3        1        2      196
discovery--->==================================== discovery ====================================
discovery---> cls: [(2, 1), (2, 3), (1, 3)]
discovery--->=============================================================================
==================================== link detector ====================================

----------------------------
src    dst :    delay
2 <---> 1 : 6.591320037841797
2 <---> 3 : 8.26120376586914
1 <---> 2 : 7.949113845825195
1 <---> 3 : 9.614229202270508
3 <---> 2 : 6.761789321899414
3 <---> 1 : 8.769512176513672
==================================== link detector ====================================

----------------------------
src    dst :    delay
2 <---> 1 : 7.804632186889648
2 <---> 3 : 6.926774978637695
1 <---> 2 : 6.817817687988281
1 <---> 3 : 8.564949035644531
3 <---> 2 : 6.193876266479492
3 <---> 1 : 9.195327758789062
datapath         port     rx-pkts  rx-bytes rx-error tx-pkts  tx-bytes tx-error
---------------- -------- -------- -------- -------- -------- -------- --------
0000000000000002        1        7      518        0      351    27494        0
0000000000000002        2      378    25215        0      379    25275        0
0000000000000002        3      379    25275        0      377    25155        0
datapath         in-port  eth-dst           out-port packets  bytes
---------------- -------- ----------------- -------- -------- --------
0000000000000002        1       192.168.0.1        2        2      196
0000000000000002        1       192.168.0.3        3        1       98
0000000000000002        2       192.168.0.2        1        2      196
0000000000000002        3       192.168.0.2        1        2      196
datapath         port     rx-pkts  rx-bytes rx-error tx-pkts  tx-bytes tx-error
---------------- -------- -------- -------- -------- -------- -------- --------
0000000000000003        1        7      518        0      352    27554        0
0000000000000003        2      377    25155        0      378    25215        0
0000000000000003        3      377    25155        0      379    25275        0
datapath         in-port  eth-dst           out-port packets  bytes
---------------- -------- ----------------- -------- -------- --------
0000000000000003        1       192.168.0.1        2        2      196
0000000000000003        1       192.168.0.2        3        2      196
0000000000000003        2       192.168.0.3        1        2      196
0000000000000003        3       192.168.0.3        1        2      196
datapath         port     rx-pkts  rx-bytes rx-error tx-pkts  tx-bytes tx-error
---------------- -------- -------- -------- -------- -------- -------- --------
0000000000000001        1        6      476        0      356    27848        0
0000000000000001        2      379    25275        0      378    25215        0
0000000000000001        3      378    25215        0      377    25155        0
datapath         in-port  eth-dst           out-port packets  bytes
---------------- -------- ----------------- -------- -------- --------
0000000000000001        1       192.168.0.2        2        1       98
0000000000000001        1       192.168.0.3        3        1       98
0000000000000001        2       192.168.0.1        1        2      196
0000000000000001        3       192.168.0.1        1        2      196
discovery--->==================================== discovery ====================================
discovery---> cls: [(2, 1), (2, 3), (1, 3)]
discovery--->=============================================================================
==================================== link detector ====================================

----------------------------
src    dst :    delay
2 <---> 1 : 8.116006851196289
2 <---> 3 : 6.78253173828125
1 <---> 2 : 8.157491683959961
1 <---> 3 : 9.605646133422852
3 <---> 2 : 8.077621459960938
3 <---> 1 : 10.051727294921875
datapath         port     rx-pkts  rx-bytes rx-error tx-pkts  tx-bytes tx-error
---------------- -------- -------- -------- -------- -------- -------- --------
0000000000000002        1        7      518        0      357    27962        0
0000000000000002        2      384    25575        0      385    25635        0
0000000000000002        3      385    25635        0      383    25515        0
datapath         in-port  eth-dst           out-port packets  bytes
---------------- -------- ----------------- -------- -------- --------
0000000000000002        1       192.168.0.1        2        2      196
0000000000000002        1       192.168.0.3        3        1       98
0000000000000002        2       192.168.0.2        1        2      196
0000000000000002        3       192.168.0.2        1        2      196
datapath         port     rx-pkts  rx-bytes rx-error tx-pkts  tx-bytes tx-error
---------------- -------- -------- -------- -------- -------- -------- --------
0000000000000003        1        7      518        0      358    28022        0
0000000000000003        2      382    25455        0      384    25575        0
0000000000000003        3      383    25515        0      385    25635        0
datapath         in-port  eth-dst           out-port packets  bytes
---------------- -------- ----------------- -------- -------- --------
0000000000000003        1       192.168.0.1        2        2      196
0000000000000003        1       192.168.0.2        3        2      196
0000000000000003        2       192.168.0.3        1        2      196
0000000000000003        3       192.168.0.3        1        2      196
datapath         port     rx-pkts  rx-bytes rx-error tx-pkts  tx-bytes tx-error
---------------- -------- -------- -------- -------- -------- -------- --------
0000000000000001        1        6      476        0      361    28238        0
0000000000000001        2      385    25635        0      384    25575        0
0000000000000001        3      384    25575        0      382    25455        0
datapath         in-port  eth-dst           out-port packets  bytes
---------------- -------- ----------------- -------- -------- --------
0000000000000001        1       192.168.0.2        2        1       98
0000000000000001        1       192.168.0.3        3        1       98
0000000000000001        2       192.168.0.1        1        2      196
0000000000000001        3       192.168.0.1        1        2      196
discovery--->==================================== discovery ====================================
discovery---> cls: [(2, 1), (2, 3), (1, 3)]
discovery--->=============================================================================
==================================== link detector ====================================

----------------------------
src    dst :    delay
2 <---> 1 : 6.807804107666016
2 <---> 3 : 8.049964904785156
1 <---> 2 : 6.500482559204102
1 <---> 3 : 9.167909622192383
3 <---> 2 : 6.206035614013672
3 <---> 1 : 9.213685989379883
---> OFPPortStatus received: reason=DELETE desc=OFPPort(port_no=2,hw_addr='4e:5f:8b:b6:f1:4b',name=b'ap1-eth2',config=0,state=4,curr=2112,advertised=0,supported=0,peer=0,curr_speed=10000000,max_speed=0)
---> OFPPortStatus received: reason=DELETE desc=OFPPort(port_no=2,hw_addr='0e:8f:95:fb:3a:b9',name=b'ap2-eth2',config=0,state=4,curr=2112,advertised=0,supported=0,peer=0,curr_speed=10000000,max_speed=0)
==================================== link detector ====================================

----------------------------
src    dst :    delay
2 <---> 1 : 8.105993270874023
2 <---> 3 : 7.12895393371582
1 <---> 2 : 8.128643035888672
1 <---> 3 : 8.744239807128906
3 <---> 2 : 8.23068618774414
3 <---> 1 : 9.234428405761719
---> OFPPortStatus received: reason=DELETE desc=OFPPort(port_no=3,hw_addr='02:23:cf:95:c7:a2',name=b'ap1-eth3',config=0,state=4,curr=2112,advertised=0,supported=0,peer=0,curr_speed=10000000,max_speed=0)
---> OFPPortStatus received: reason=DELETE desc=OFPPort(port_no=2,hw_addr='e2:b7:dc:6f:e5:3e',name=b'ap3-eth2',config=0,state=4,curr=2112,advertised=0,supported=0,peer=0,curr_speed=10000000,max_speed=0)
---> OFPPortStatus received: reason=DELETE desc=OFPPort(port_no=3,hw_addr='92:23:85:00:aa:8d',name=b'ap3-eth3',config=0,state=4,curr=2112,advertised=0,supported=0,peer=0,curr_speed=10000000,max_speed=0)
---> OFPPortStatus received: reason=DELETE desc=OFPPort(port_no=3,hw_addr='d2:38:8c:b5:af:e7',name=b'ap2-eth3',config=0,state=4,curr=2112,advertised=0,supported=0,peer=0,curr_speed=10000000,max_speed=0)
discovery--->==================================== discovery ====================================
discovery---> cls: []
discovery--->=============================================================================
==================================== link detector ====================================

----------------------------
src    dst :    delay
2 <---> 1 : 8.105993270874023
2 <---> 3 : 7.12895393371582
1 <---> 2 : 8.128643035888672
1 <---> 3 : 8.744239807128906
3 <---> 2 : 8.23068618774414
3 <---> 1 : 9.234428405761719
==================================== link detector ====================================

----------------------------
src    dst :    delay
2 <---> 1 : 8.105993270874023
2 <---> 3 : 7.12895393371582
1 <---> 2 : 8.128643035888672
1 <---> 3 : 8.744239807128906
3 <---> 2 : 8.23068618774414
3 <---> 1 : 9.234428405761719
discovery--->==================================== discovery ====================================
discovery---> cls: []
discovery--->=============================================================================
==================================== link detector ====================================

----------------------------
src    dst :    delay
2 <---> 1 : 8.105993270874023
2 <---> 3 : 7.12895393371582
1 <---> 2 : 8.128643035888672
1 <---> 3 : 8.744239807128906
3 <---> 2 : 8.23068618774414
3 <---> 1 : 9.234428405761719
discovery--->==================================== discovery ====================================
discovery---> cls: []
discovery--->=============================================================================
==================================== link detector ====================================

----------------------------
src    dst :    delay
2 <---> 1 : 8.105993270874023
2 <---> 3 : 7.12895393371582
1 <---> 2 : 8.128643035888672
1 <---> 3 : 8.744239807128906
3 <---> 2 : 8.23068618774414
3 <---> 1 : 9.234428405761719
==================================== link detector ====================================

----------------------------
src    dst :    delay
2 <---> 1 : 8.105993270874023
2 <---> 3 : 7.12895393371582
1 <---> 2 : 8.128643035888672
1 <---> 3 : 8.744239807128906
3 <---> 2 : 8.23068618774414
3 <---> 1 : 9.234428405761719
discovery--->==================================== discovery ====================================
discovery---> cls: []
discovery--->=============================================================================
