loading app network_structure.py
Matplotlib created a temporary config/cache directory at /tmp/matplotlib-zj7lcy6n because the default path (/home/terry/.config/matplotlib) is not a writable directory; it is highly recommended to set the MPLCONFIGDIR environment variable to a writable directory, in particular to speed up the import of Matplotlib and to better support multiprocessing.
Generating new fontManager, this may take some time...
Failed to extract font properties from /usr/share/fonts/truetype/noto/NotoColorEmoji.ttf: In FT2Font: Can not load face.  Unknown file format.
loading app network_monitor.py
loading app network_delay.py
loading app network_shortest_path.py
loading app arp_handler.py
loading app ryu.controller.ofp_handler
instantiating app None of Switches
creating context switches
instantiating app network_structure.py of NetworkStructure
instantiating app network_monitor.py of NetworkMonitor
instantiating app network_delay.py of NetworkDelay
instantiating app network_shortest_path.py of NetworkShortestPath
instantiating app arp_handler.py of ArpHandler
instantiating app ryu.controller.ofp_handler of OFPHandler
discovery---> AccessPoint: 1 connected
discovery---> AccessPoint: 1 connected
discovery---> AccessPoint: 1 connected
discovery---> AccessPoint: 2 connected
discovery---> AccessPoint: 4 connected
discovery---> AccessPoint: 3 connected
monitor---->register datapath: 1000000000000005
monitor---->register datapath: 1000000000000004
monitor---->register datapath: 1000000000000001
monitor---->register datapath: 1000000000000003
monitor---->register datapath: 1000000000000006
monitor---->register datapath: 1000000000000002
==================================== link detector ====================================

----------------------------
src    dst :    delay
1 <---> 2 : 3.4427642822265625
1 <---> 5 : 4.404783248901367
3 <---> 2 : 4.519224166870117
3 <---> 6 : 2.4857521057128906
3 <---> 4 : 3.542184829711914
6 <---> 2 : 4.52113151550293
6 <---> 3 : 2.4080276489257812
4 <---> 5 : 4.209280014038086
4 <---> 3 : 4.175424575805664
5 <---> 4 : 3.3004283905029297
5 <---> 1 : 3.6089420318603516
5 <---> 2 : 2.493143081665039
2 <---> 3 : 2.550840377807617
2 <---> 5 : 3.654956817626953
2 <---> 6 : 4.042863845825195
2 <---> 1 : 3.3369064331054688
discovery--->==================================== discovery ====================================
discovery---> cls: [(1, 2), (1, 5), (2, 3), (2, 6), (2, 5), (3, 4), (3, 6), (4, 5)]
discovery--->=============================================================================
MMMM--->  calculate_loss_of_link error
MMMM--->  calculate_loss_of_link error
MMMM--->  calculate_loss_of_link error
MMMM--->  calculate_loss_of_link error
MMMM--->  calculate_loss_of_link error
MMMM--->  calculate_loss_of_link error
MMMM--->  calculate_loss_of_link error
MMMM--->  calculate_loss_of_link error
MMMM--->  calculate_loss_of_link error
MMMM--->  calculate_loss_of_link error
MMMM--->  calculate_loss_of_link error
MMMM--->  calculate_loss_of_link error
MMMM--->  calculate_loss_of_link error
MMMM--->  calculate_loss_of_link error
MMMM--->  calculate_loss_of_link error
MMMM--->  calculate_loss_of_link error
datapath         port     rx-pkts  rx-bytes rx-error tx-pkts  tx-bytes tx-error
---------------- -------- -------- -------- -------- -------- -------- --------
0000000000000004        1        0        0        0        4      312        0
0000000000000004        2       26     3443        0       25     3383        0
0000000000000004        3       26     3443        0       25     3383        0
datapath         in-port  eth-dst           out-port packets  bytes
---------------- -------- ----------------- -------- -------- --------
datapath         port     rx-pkts  rx-bytes rx-error tx-pkts  tx-bytes tx-error
---------------- -------- -------- -------- -------- -------- -------- --------
0000000000000005        1        0        0        0        4      312        0
0000000000000005        2       25     3383        0       26     3443        0
0000000000000005        3       25     3383        0       25     3383        0
0000000000000005        4       25     3383        0       26     3443        0
datapath         in-port  eth-dst           out-port packets  bytes
---------------- -------- ----------------- -------- -------- --------
datapath         port     rx-pkts  rx-bytes rx-error tx-pkts  tx-bytes tx-error
---------------- -------- -------- -------- -------- -------- -------- --------
0000000000000001        1        0        0        0        4      312        0
0000000000000001        2       25     3383        0       25     3383        0
0000000000000001        3       26     3443        0       25     3383        0
datapath         in-port  eth-dst           out-port packets  bytes
---------------- -------- ----------------- -------- -------- --------
datapath         port     rx-pkts  rx-bytes rx-error tx-pkts  tx-bytes tx-error
---------------- -------- -------- -------- -------- -------- -------- --------
0000000000000002        1        0        0        0        4      312        0
0000000000000002        2       25     3383        0       25     3383        0
0000000000000002        3       25     3383        0       25     3383        0
0000000000000002        4       25     3383        0       25     3383        0
0000000000000002        5       25     3383        0       25     3383        0
datapath         in-port  eth-dst           out-port packets  bytes
---------------- -------- ----------------- -------- -------- --------
datapath         port     rx-pkts  rx-bytes rx-error tx-pkts  tx-bytes tx-error
---------------- -------- -------- -------- -------- -------- -------- --------
0000000000000003        1        0        0        0        4      312        0
0000000000000003        2       25     3383        0       25     3383        0
0000000000000003        3       25     3383        0       26     3443        0
0000000000000003        4       25     3383        0       26     3443        0
datapath         in-port  eth-dst           out-port packets  bytes
---------------- -------- ----------------- -------- -------- --------
datapath         port     rx-pkts  rx-bytes rx-error tx-pkts  tx-bytes tx-error
---------------- -------- -------- -------- -------- -------- -------- --------
0000000000000006        1        0        0        0        4      312        0
0000000000000006        2       25     3383        0       25     3383        0
0000000000000006        3       26     3443        0       25     3383        0
datapath         in-port  eth-dst           out-port packets  bytes
---------------- -------- ----------------- -------- -------- --------
==================================== link detector ====================================

----------------------------
src    dst :    delay
1 <---> 2 : 3.571033477783203
1 <---> 5 : 2.3093223571777344
3 <---> 2 : 2.157926559448242
3 <---> 6 : 4.257678985595703
3 <---> 4 : 4.066944122314453
6 <---> 2 : 4.777669906616211
6 <---> 3 : 2.9592514038085938
4 <---> 5 : 4.1828155517578125
4 <---> 3 : 2.7747154235839844
5 <---> 4 : 3.9005279541015625
5 <---> 1 : 3.1387805938720703
5 <---> 2 : 3.292560577392578
2 <---> 3 : 2.7265548706054688
2 <---> 5 : 3.5088062286376953
2 <---> 6 : 3.9167404174804688
2 <---> 1 : 2.7112960815429688
==================================== link detector ====================================

----------------------------
src    dst :    delay
1 <---> 2 : 3.241300582885742
1 <---> 5 : 3.870248794555664
3 <---> 2 : 4.550695419311523
3 <---> 6 : 3.281116485595703
3 <---> 4 : 3.243684768676758
6 <---> 2 : 2.5565624237060547
6 <---> 3 : 3.5676956176757812
4 <---> 5 : 3.082275390625
4 <---> 3 : 3.059864044189453
5 <---> 4 : 4.080057144165039
5 <---> 1 : 2.2857189178466797
5 <---> 2 : 3.7593841552734375
2 <---> 3 : 3.186941146850586
2 <---> 5 : 4.317522048950195
2 <---> 6 : 3.1690597534179688
2 <---> 1 : 3.074169158935547
discovery--->==================================== discovery ====================================
discovery---> cls: [(1, 2), (1, 5), (2, 3), (2, 6), (2, 5), (3, 4), (3, 6), (4, 5)]
discovery--->=============================================================================
hub: uncaught exception: Traceback (most recent call last):
  File "/usr/local/lib/python3.6/dist-packages/ryu/lib/hub.py", line 60, in _launch
    return func(*args, **kwargs)
  File "/home/terry/LJQ/Task/ryu/network_monitor.py", line 63, in scheduler
    self.create_loss_graph()
  File "/home/terry/LJQ/Task/ryu/network_monitor.py", line 388, in create_loss_graph
    self.calculate_loss_of_link()
  File "/home/terry/LJQ/Task/ryu/network_monitor.py", line 350, in calculate_loss_of_link
    tx = self.port_stats_table[(src_dpid, src_port)][-1][0]  # tx_bytes
TypeError: 'float' object is not subscriptable

datapath         port     rx-pkts  rx-bytes rx-error tx-pkts  tx-bytes tx-error
---------------- -------- -------- -------- -------- -------- -------- --------
0000000000000003        1        0        0        0        9      702        0
monitor: Exception occurred during handler processing. Backtrace from offending handler [port_stats_table_reply_handler] servicing event [EventOFPPortStatsReply] follows.
Traceback (most recent call last):
  File "/usr/local/lib/python3.6/dist-packages/ryu/base/app_manager.py", line 290, in _event_loop
    handler(ev)
  File "/home/terry/LJQ/Task/ryu/network_monitor.py", line 193, in port_stats_table_reply_handler
    pre_bytes = stat[-2][0] + stat[-2][1]
TypeError: 'int' object is not subscriptable
datapath         in-port  eth-dst           out-port packets  bytes
---------------- -------- ----------------- -------- -------- --------
datapath         port     rx-pkts  rx-bytes rx-error tx-pkts  tx-bytes tx-error
---------------- -------- -------- -------- -------- -------- -------- --------
0000000000000005        1        0        0        0        8      624        0
monitor: Exception occurred during handler processing. Backtrace from offending handler [port_stats_table_reply_handler] servicing event [EventOFPPortStatsReply] follows.
Traceback (most recent call last):
  File "/usr/local/lib/python3.6/dist-packages/ryu/base/app_manager.py", line 290, in _event_loop
    handler(ev)
  File "/home/terry/LJQ/Task/ryu/network_monitor.py", line 193, in port_stats_table_reply_handler
    pre_bytes = stat[-2][0] + stat[-2][1]
TypeError: 'int' object is not subscriptable
datapath         in-port  eth-dst           out-port packets  bytes
---------------- -------- ----------------- -------- -------- --------
datapath         port     rx-pkts  rx-bytes rx-error tx-pkts  tx-bytes tx-error
---------------- -------- -------- -------- -------- -------- -------- --------
0000000000000004        1        0        0        0        8      624        0
monitor: Exception occurred during handler processing. Backtrace from offending handler [port_stats_table_reply_handler] servicing event [EventOFPPortStatsReply] follows.
Traceback (most recent call last):
  File "/usr/local/lib/python3.6/dist-packages/ryu/base/app_manager.py", line 290, in _event_loop
    handler(ev)
  File "/home/terry/LJQ/Task/ryu/network_monitor.py", line 193, in port_stats_table_reply_handler
    pre_bytes = stat[-2][0] + stat[-2][1]
TypeError: 'int' object is not subscriptable
datapath         in-port  eth-dst           out-port packets  bytes
---------------- -------- ----------------- -------- -------- --------
datapath         port     rx-pkts  rx-bytes rx-error tx-pkts  tx-bytes tx-error
---------------- -------- -------- -------- -------- -------- -------- --------
0000000000000006        1        0        0        0        9      702        0
monitor: Exception occurred during handler processing. Backtrace from offending handler [port_stats_table_reply_handler] servicing event [EventOFPPortStatsReply] follows.
Traceback (most recent call last):
  File "/usr/local/lib/python3.6/dist-packages/ryu/base/app_manager.py", line 290, in _event_loop
    handler(ev)
  File "/home/terry/LJQ/Task/ryu/network_monitor.py", line 193, in port_stats_table_reply_handler
    pre_bytes = stat[-2][0] + stat[-2][1]
TypeError: 'int' object is not subscriptable
datapath         in-port  eth-dst           out-port packets  bytes
---------------- -------- ----------------- -------- -------- --------
datapath         port     rx-pkts  rx-bytes rx-error tx-pkts  tx-bytes tx-error
---------------- -------- -------- -------- -------- -------- -------- --------
0000000000000002        1        0        0        0        8      624        0
monitor: Exception occurred during handler processing. Backtrace from offending handler [port_stats_table_reply_handler] servicing event [EventOFPPortStatsReply] follows.
Traceback (most recent call last):
  File "/usr/local/lib/python3.6/dist-packages/ryu/base/app_manager.py", line 290, in _event_loop
    handler(ev)
  File "/home/terry/LJQ/Task/ryu/network_monitor.py", line 193, in port_stats_table_reply_handler
    pre_bytes = stat[-2][0] + stat[-2][1]
TypeError: 'int' object is not subscriptable
datapath         in-port  eth-dst           out-port packets  bytes
---------------- -------- ----------------- -------- -------- --------
datapath         port     rx-pkts  rx-bytes rx-error tx-pkts  tx-bytes tx-error
---------------- -------- -------- -------- -------- -------- -------- --------
0000000000000001        1        0        0        0        8      624        0
monitor: Exception occurred during handler processing. Backtrace from offending handler [port_stats_table_reply_handler] servicing event [EventOFPPortStatsReply] follows.
Traceback (most recent call last):
  File "/usr/local/lib/python3.6/dist-packages/ryu/base/app_manager.py", line 290, in _event_loop
    handler(ev)
  File "/home/terry/LJQ/Task/ryu/network_monitor.py", line 193, in port_stats_table_reply_handler
    pre_bytes = stat[-2][0] + stat[-2][1]
TypeError: 'int' object is not subscriptable
datapath         in-port  eth-dst           out-port packets  bytes
---------------- -------- ----------------- -------- -------- --------
==================================== link detector ====================================

----------------------------
src    dst :    delay
1 <---> 2 : 4.253149032592773
1 <---> 5 : 4.195928573608398
3 <---> 2 : 2.810955047607422
3 <---> 6 : 4.11677360534668
3 <---> 4 : 4.216909408569336
6 <---> 2 : 2.794027328491211
6 <---> 3 : 3.2367706298828125
4 <---> 5 : 4.241466522216797
4 <---> 3 : 4.344463348388672
5 <---> 4 : 2.5217533111572266
5 <---> 1 : 4.207134246826172
5 <---> 2 : 3.089427947998047
2 <---> 3 : 3.3288002014160156
2 <---> 5 : 3.301858901977539
2 <---> 6 : 2.992391586303711
2 <---> 1 : 2.9366016387939453
discovery--->==================================== discovery ====================================
discovery---> cls: [(1, 2), (1, 5), (2, 3), (2, 6), (2, 5), (3, 4), (3, 6), (4, 5)]
discovery--->=============================================================================
==================================== link detector ====================================

----------------------------
src    dst :    delay
1 <---> 2 : 2.8526782989501953
1 <---> 5 : 2.728700637817383
3 <---> 2 : 4.258871078491211
3 <---> 6 : 3.365039825439453
3 <---> 4 : 4.256486892700195
6 <---> 2 : 4.167318344116211
6 <---> 3 : 3.0808448791503906
4 <---> 5 : 3.3893585205078125
4 <---> 3 : 3.3881664276123047
5 <---> 4 : 3.342151641845703
5 <---> 1 : 3.287792205810547
5 <---> 2 : 3.4372806549072266
2 <---> 3 : 3.400087356567383
2 <---> 5 : 2.726316452026367
2 <---> 6 : 5.916357040405273
2 <---> 1 : 2.877950668334961
==================================== link detector ====================================

----------------------------
src    dst :    delay
1 <---> 2 : 2.148866653442383
1 <---> 5 : 2.3031234741210938
3 <---> 2 : 3.0205249786376953
3 <---> 6 : 2.2122859954833984
3 <---> 4 : 3.2358169555664062
6 <---> 2 : 2.9363632202148438
6 <---> 3 : 2.881765365600586
4 <---> 5 : 2.3310184478759766
4 <---> 3 : 2.2678375244140625
5 <---> 4 : 2.832651138305664
5 <---> 1 : 3.4825801849365234
5 <---> 2 : 2.155780792236328
2 <---> 3 : 2.9006004333496094
2 <---> 5 : 3.8094520568847656
2 <---> 6 : 2.7534961700439453
2 <---> 1 : 3.8368701934814453
discovery--->==================================== discovery ====================================
discovery---> cls: [(1, 2), (1, 5), (2, 3), (2, 6), (2, 5), (3, 4), (3, 6), (4, 5)]
discovery--->=============================================================================
==================================== link detector ====================================

----------------------------
src    dst :    delay
1 <---> 2 : 4.239797592163086
1 <---> 5 : 2.9058456420898438
3 <---> 2 : 2.6922225952148438
3 <---> 6 : 3.2939910888671875
3 <---> 4 : 2.5243759155273438
6 <---> 2 : 2.344846725463867
6 <---> 3 : 2.9077529907226562
4 <---> 5 : 3.252267837524414
4 <---> 3 : 3.2656192779541016
5 <---> 4 : 2.221345901489258
5 <---> 1 : 2.505779266357422
5 <---> 2 : 3.268003463745117
2 <---> 3 : 2.2401809692382812
2 <---> 5 : 2.8967857360839844
2 <---> 6 : 2.264738082885742
2 <---> 1 : 2.249479293823242
discovery--->==================================== discovery ====================================
discovery---> cls: [(1, 2), (1, 5), (2, 3), (2, 6), (2, 5), (3, 4), (3, 6), (4, 5)]
discovery--->=============================================================================
==================================== link detector ====================================

----------------------------
src    dst :    delay
1 <---> 2 : 2.8772354125976562
1 <---> 5 : 4.153728485107422
3 <---> 2 : 2.8116703033447266
3 <---> 6 : 2.6628971099853516
3 <---> 4 : 4.174947738647461
6 <---> 2 : 4.122257232666016
6 <---> 3 : 3.175497055053711
4 <---> 5 : 4.238605499267578
4 <---> 3 : 3.1871795654296875
5 <---> 4 : 2.4383068084716797
5 <---> 1 : 4.213094711303711
5 <---> 2 : 3.554105758666992
2 <---> 3 : 4.273653030395508
2 <---> 5 : 2.8886795043945312
2 <---> 6 : 3.2138824462890625
2 <---> 1 : 4.242658615112305
==================================== link detector ====================================

----------------------------
src    dst :    delay
1 <---> 2 : 2.4847984313964844
1 <---> 5 : 4.300594329833984
3 <---> 2 : 2.5954246520996094
3 <---> 6 : 2.4573802947998047
3 <---> 4 : 4.194021224975586
6 <---> 2 : 2.6853084564208984
6 <---> 3 : 2.6159286499023438
4 <---> 5 : 2.461671829223633
4 <---> 3 : 3.419160842895508
5 <---> 4 : 4.15802001953125
5 <---> 1 : 2.747774124145508
5 <---> 2 : 2.628326416015625
2 <---> 3 : 2.928018569946289
2 <---> 5 : 2.730131149291992
2 <---> 6 : 3.0753612518310547
2 <---> 1 : 3.436565399169922
discovery--->==================================== discovery ====================================
discovery---> cls: [(1, 2), (1, 5), (2, 3), (2, 6), (2, 5), (3, 4), (3, 6), (4, 5)]
discovery--->=============================================================================
==================================== link detector ====================================

----------------------------
src    dst :    delay
1 <---> 2 : 2.8388500213623047
1 <---> 5 : 4.39763069152832
3 <---> 2 : 4.476785659790039
3 <---> 6 : 2.7709007263183594
3 <---> 4 : 2.509593963623047
6 <---> 2 : 3.826618194580078
6 <---> 3 : 3.026247024536133
4 <---> 5 : 4.261016845703125
4 <---> 3 : 4.4422149658203125
5 <---> 4 : 4.200458526611328
5 <---> 1 : 2.63214111328125
5 <---> 2 : 4.362821578979492
2 <---> 3 : 2.707242965698242
2 <---> 5 : 3.269195556640625
2 <---> 6 : 4.128217697143555
2 <---> 1 : 3.1533241271972656
discovery--->==================================== discovery ====================================
discovery---> cls: [(1, 2), (1, 5), (2, 3), (2, 6), (2, 5), (3, 4), (3, 6), (4, 5)]
discovery--->=============================================================================
==================================== link detector ====================================

----------------------------
src    dst :    delay
1 <---> 2 : 3.6993026733398438
1 <---> 5 : 2.769947052001953
3 <---> 2 : 3.3941268920898438
3 <---> 6 : 2.7625560760498047
3 <---> 4 : 4.136800765991211
6 <---> 2 : 3.0362606048583984
6 <---> 3 : 2.5167465209960938
4 <---> 5 : 2.692699432373047
4 <---> 3 : 4.171133041381836
5 <---> 4 : 4.164934158325195
5 <---> 1 : 4.074573516845703
5 <---> 2 : 4.600048065185547
2 <---> 3 : 4.354238510131836
2 <---> 5 : 4.470109939575195
2 <---> 6 : 2.7420520782470703
2 <---> 1 : 4.228115081787109
==================================== link detector ====================================

----------------------------
src    dst :    delay
1 <---> 2 : 4.165172576904297
1 <---> 5 : 4.353523254394531
3 <---> 2 : 4.3315887451171875
3 <---> 6 : 4.199981689453125
3 <---> 4 : 3.4325122833251953
6 <---> 2 : 4.230976104736328
6 <---> 3 : 3.5681724548339844
4 <---> 5 : 4.269599914550781
4 <---> 3 : 2.8641223907470703
5 <---> 4 : 4.089832305908203
5 <---> 1 : 2.7539730072021484
5 <---> 2 : 4.168033599853516
2 <---> 3 : 3.7496089935302734
2 <---> 5 : 3.5681724548339844
2 <---> 6 : 3.0155181884765625
2 <---> 1 : 4.298686981201172
discovery--->==================================== discovery ====================================
discovery---> cls: [(1, 2), (1, 5), (2, 3), (2, 6), (2, 5), (3, 4), (3, 6), (4, 5)]
discovery--->=============================================================================
==================================== link detector ====================================

----------------------------
src    dst :    delay
1 <---> 2 : 2.8295516967773438
1 <---> 5 : 4.189252853393555
3 <---> 2 : 2.6862621307373047
3 <---> 6 : 4.247188568115234
3 <---> 4 : 4.148244857788086
6 <---> 2 : 4.177093505859375
6 <---> 3 : 2.73895263671875
4 <---> 5 : 4.232883453369141
4 <---> 3 : 3.2761096954345703
5 <---> 4 : 4.349231719970703
5 <---> 1 : 2.741098403930664
5 <---> 2 : 4.281044006347656
2 <---> 3 : 3.541231155395508
2 <---> 5 : 4.355192184448242
2 <---> 6 : 4.162311553955078
2 <---> 1 : 3.145456314086914
discovery--->==================================== discovery ====================================
discovery---> cls: [(1, 2), (1, 5), (2, 3), (2, 6), (2, 5), (3, 4), (3, 6), (4, 5)]
discovery--->=============================================================================
==================================== link detector ====================================

----------------------------
src    dst :    delay
1 <---> 2 : 4.244327545166016
1 <---> 5 : 4.237651824951172
3 <---> 2 : 4.283428192138672
3 <---> 6 : 2.855062484741211
3 <---> 4 : 3.2961368560791016
6 <---> 2 : 2.4862289428710938
6 <---> 3 : 4.394292831420898
4 <---> 5 : 3.534078598022461
4 <---> 3 : 4.008769989013672
5 <---> 4 : 4.122018814086914
5 <---> 1 : 2.7840137481689453
5 <---> 2 : 3.6025047302246094
2 <---> 3 : 2.5777816772460938
2 <---> 5 : 4.286050796508789
2 <---> 6 : 4.220247268676758
2 <---> 1 : 4.225015640258789
==================================== link detector ====================================

----------------------------
src    dst :    delay
1 <---> 2 : 4.328489303588867
1 <---> 5 : 4.158973693847656
3 <---> 2 : 3.9243698120117188
3 <---> 6 : 2.485990524291992
3 <---> 4 : 3.565073013305664
6 <---> 2 : 3.8025379180908203
6 <---> 3 : 2.402067184448242
4 <---> 5 : 4.173517227172852
4 <---> 3 : 2.6636123657226562
5 <---> 4 : 3.065347671508789
5 <---> 1 : 2.401590347290039
5 <---> 2 : 3.5843849182128906
2 <---> 3 : 2.294301986694336
2 <---> 5 : 2.2852420806884766
2 <---> 6 : 2.3202896118164062
2 <---> 1 : 2.2912025451660156
discovery--->==================================== discovery ====================================
discovery---> cls: [(1, 2), (1, 5), (2, 3), (2, 6), (2, 5), (3, 4), (3, 6), (4, 5)]
discovery--->=============================================================================
==================================== link detector ====================================

----------------------------
src    dst :    delay
1 <---> 2 : 4.660606384277344
1 <---> 5 : 2.7413368225097656
3 <---> 2 : 4.530191421508789
3 <---> 6 : 4.047393798828125
3 <---> 4 : 2.8128623962402344
6 <---> 2 : 4.1599273681640625
6 <---> 3 : 4.163265228271484
4 <---> 5 : 4.461765289306641
4 <---> 3 : 2.3708343505859375
5 <---> 4 : 3.973722457885742
5 <---> 1 : 2.7794837951660156
5 <---> 2 : 4.239797592163086
2 <---> 3 : 4.383325576782227
2 <---> 5 : 2.962350845336914
2 <---> 6 : 2.9249191284179688
2 <---> 1 : 3.2105445861816406
discovery--->==================================== discovery ====================================
discovery---> cls: [(1, 2), (1, 5), (2, 3), (2, 6), (2, 5), (3, 4), (3, 6), (4, 5)]
discovery--->=============================================================================
==================================== link detector ====================================

----------------------------
src    dst :    delay
1 <---> 2 : 4.228353500366211
1 <---> 5 : 4.110574722290039
3 <---> 2 : 2.7925968170166016
3 <---> 6 : 3.595113754272461
3 <---> 4 : 3.548860549926758
6 <---> 2 : 4.202842712402344
6 <---> 3 : 4.344940185546875
4 <---> 5 : 3.014802932739258
4 <---> 3 : 2.9916763305664062
5 <---> 4 : 2.9745101928710938
5 <---> 1 : 2.8967857360839844
5 <---> 2 : 3.2186508178710938
2 <---> 3 : 4.311800003051758
2 <---> 5 : 2.7332305908203125
2 <---> 6 : 4.1294097900390625
2 <---> 1 : 3.518342971801758
==================================== link detector ====================================

----------------------------
src    dst :    delay
1 <---> 2 : 2.8717517852783203
1 <---> 5 : 4.263162612915039
3 <---> 2 : 4.403352737426758
3 <---> 6 : 3.208637237548828
3 <---> 4 : 3.0858516693115234
6 <---> 2 : 4.249334335327148
6 <---> 3 : 4.269599914550781
4 <---> 5 : 4.25267219543457
4 <---> 3 : 4.506826400756836
5 <---> 4 : 4.106998443603516
5 <---> 1 : 4.324674606323242
5 <---> 2 : 3.2846927642822266
2 <---> 3 : 3.365755081176758
2 <---> 5 : 4.225730895996094
2 <---> 6 : 2.7158260345458984
2 <---> 1 : 2.790689468383789
discovery--->==================================== discovery ====================================
discovery---> cls: [(1, 2), (1, 5), (2, 3), (2, 6), (2, 5), (3, 4), (3, 6), (4, 5)]
discovery--->=============================================================================
==================================== link detector ====================================

----------------------------
src    dst :    delay
1 <---> 2 : 3.1850337982177734
1 <---> 5 : 3.4093856811523438
3 <---> 2 : 4.305601119995117
3 <---> 6 : 2.932310104370117
3 <---> 4 : 4.213809967041016
6 <---> 2 : 4.184484481811523
6 <---> 3 : 4.355192184448242
4 <---> 5 : 2.7093887329101562
4 <---> 3 : 3.645181655883789
5 <---> 4 : 3.0972957611083984
5 <---> 1 : 2.75421142578125
5 <---> 2 : 3.775358200073242
2 <---> 3 : 3.2224655151367188
2 <---> 5 : 2.463102340698242
2 <---> 6 : 4.172801971435547
2 <---> 1 : 2.8939247131347656
discovery--->==================================== discovery ====================================
discovery---> cls: [(1, 2), (1, 5), (2, 3), (2, 6), (2, 5), (3, 4), (3, 6), (4, 5)]
discovery--->=============================================================================
==================================== link detector ====================================

----------------------------
src    dst :    delay
1 <---> 2 : 3.271818161010742
1 <---> 5 : 4.422426223754883
3 <---> 2 : 3.15093994140625
3 <---> 6 : 3.1952857971191406
3 <---> 4 : 3.6170482635498047
6 <---> 2 : 4.412412643432617
6 <---> 3 : 3.183603286743164
4 <---> 5 : 4.128217697143555
4 <---> 3 : 2.7146339416503906
5 <---> 4 : 4.357814788818359
5 <---> 1 : 2.7658939361572266
5 <---> 2 : 3.1557083129882812
2 <---> 3 : 2.9163360595703125
2 <---> 5 : 3.5157203674316406
2 <---> 6 : 3.4110546112060547
2 <---> 1 : 4.214763641357422
==================================== link detector ====================================

----------------------------
src    dst :    delay
1 <---> 2 : 2.7968883514404297
1 <---> 5 : 4.149675369262695
3 <---> 2 : 4.317283630371094
3 <---> 6 : 4.227876663208008
3 <---> 4 : 2.1610260009765625
6 <---> 2 : 2.521038055419922
6 <---> 3 : 2.740621566772461
4 <---> 5 : 2.6924610137939453
4 <---> 3 : 3.679990768432617
5 <---> 4 : 4.182338714599609
5 <---> 1 : 2.826213836669922
5 <---> 2 : 3.0975341796875
2 <---> 3 : 3.5936832427978516
2 <---> 5 : 4.548072814941406
2 <---> 6 : 2.9077529907226562
2 <---> 1 : 4.282712936401367
discovery--->==================================== discovery ====================================
discovery---> cls: [(1, 2), (1, 5), (2, 3), (2, 6), (2, 5), (3, 4), (3, 6), (4, 5)]
discovery--->=============================================================================
==================================== link detector ====================================

----------------------------
src    dst :    delay
1 <---> 2 : 3.9582252502441406
1 <---> 5 : 3.2744407653808594
3 <---> 2 : 3.557920455932617
3 <---> 6 : 4.180192947387695
3 <---> 4 : 2.7620792388916016
6 <---> 2 : 2.798318862915039
6 <---> 3 : 4.116058349609375
4 <---> 5 : 2.7370452880859375
4 <---> 3 : 2.7916431427001953
5 <---> 4 : 3.3998489379882812
5 <---> 1 : 3.0875205993652344
5 <---> 2 : 4.504203796386719
2 <---> 3 : 3.4596920013427734
2 <---> 5 : 3.4723281860351562
2 <---> 6 : 3.4089088439941406
2 <---> 1 : 3.4377574920654297
discovery--->==================================== discovery ====================================
discovery---> cls: [(1, 2), (1, 5), (2, 3), (2, 6), (2, 5), (3, 4), (3, 6), (4, 5)]
discovery--->=============================================================================
==================================== link detector ====================================

----------------------------
src    dst :    delay
1 <---> 2 : 4.340887069702148
1 <---> 5 : 2.685070037841797
3 <---> 2 : 3.921031951904297
3 <---> 6 : 3.6089420318603516
3 <---> 4 : 4.343986511230469
6 <---> 2 : 2.735137939453125
6 <---> 3 : 3.9920806884765625
4 <---> 5 : 2.7990341186523438
4 <---> 3 : 3.667116165161133
5 <---> 4 : 4.009485244750977
5 <---> 1 : 3.2193660736083984
5 <---> 2 : 3.9234161376953125
2 <---> 3 : 3.2966136932373047
2 <---> 5 : 4.307270050048828
2 <---> 6 : 3.217458724975586
2 <---> 1 : 4.287958145141602
==================================== link detector ====================================

----------------------------
src    dst :    delay
1 <---> 2 : 3.208637237548828
1 <---> 5 : 4.198312759399414
3 <---> 2 : 3.3402442932128906
3 <---> 6 : 3.1943321228027344
3 <---> 4 : 3.271818161010742
6 <---> 2 : 4.13203239440918
6 <---> 3 : 3.329038619995117
4 <---> 5 : 4.279375076293945
4 <---> 3 : 3.245115280151367
5 <---> 4 : 2.8727054595947266
5 <---> 1 : 4.139900207519531
5 <---> 2 : 4.2552947998046875
2 <---> 3 : 3.308534622192383
2 <---> 5 : 3.284931182861328
2 <---> 6 : 3.5276412963867188
2 <---> 1 : 3.3409595489501953
discovery--->==================================== discovery ====================================
discovery---> cls: [(1, 2), (1, 5), (2, 3), (2, 6), (2, 5), (3, 4), (3, 6), (4, 5)]
discovery--->=============================================================================
==================================== link detector ====================================

----------------------------
src    dst :    delay
1 <---> 2 : 2.919435501098633
1 <---> 5 : 4.084110260009766
3 <---> 2 : 3.2465457916259766
3 <---> 6 : 2.2957324981689453
3 <---> 4 : 2.357959747314453
6 <---> 2 : 3.2045841217041016
6 <---> 3 : 3.2694339752197266
4 <---> 5 : 4.401445388793945
4 <---> 3 : 3.3075809478759766
5 <---> 4 : 3.401517868041992
5 <---> 1 : 3.489971160888672
5 <---> 2 : 2.2504329681396484
2 <---> 3 : 2.9528141021728516
2 <---> 5 : 4.4002532958984375
2 <---> 6 : 3.0546188354492188
2 <---> 1 : 2.6979446411132812
discovery--->==================================== discovery ====================================
discovery---> cls: [(1, 2), (1, 5), (2, 3), (2, 6), (2, 5), (3, 4), (3, 6), (4, 5)]
discovery--->=============================================================================
==================================== link detector ====================================

----------------------------
src    dst :    delay
1 <---> 2 : 4.24504280090332
1 <---> 5 : 4.208803176879883
3 <---> 2 : 3.5049915313720703
3 <---> 6 : 2.7348995208740234
3 <---> 4 : 3.0863285064697266
6 <---> 2 : 3.5042762756347656
6 <---> 3 : 3.4177303314208984
4 <---> 5 : 4.365205764770508
4 <---> 3 : 2.886533737182617
5 <---> 4 : 2.8467178344726562
5 <---> 1 : 4.254817962646484
5 <---> 2 : 4.265546798706055
2 <---> 3 : 3.710031509399414
2 <---> 5 : 3.4668445587158203
2 <---> 6 : 3.5932064056396484
2 <---> 1 : 3.8290023803710938
==================================== link detector ====================================

----------------------------
src    dst :    delay
1 <---> 2 : 3.271818161010742
1 <---> 5 : 2.3849010467529297
3 <---> 2 : 2.855062484741211
3 <---> 6 : 2.266407012939453
3 <---> 4 : 2.5682449340820312
6 <---> 2 : 4.858493804931641
6 <---> 3 : 2.529621124267578
4 <---> 5 : 2.8188228607177734
4 <---> 3 : 2.707958221435547
5 <---> 4 : 4.113197326660156
5 <---> 1 : 3.836393356323242
5 <---> 2 : 3.007650375366211
2 <---> 3 : 2.547740936279297
2 <---> 5 : 3.8437843322753906
2 <---> 6 : 4.14586067199707
2 <---> 1 : 4.245281219482422
shortest=====>[PATH] [192.168.0.1 <----> 192.168.0.2]: [1, 2]
shortest=====>[PATH] [192.168.0.1 <----> 192.168.0.3]: [1, 2, 3]
discovery--->==================================== discovery ====================================
discovery---> cls: [(1, 2), (1, 5), (2, 3), (2, 6), (2, 5), (3, 4), (3, 6), (4, 5)]
discovery--->=============================================================================
shortest=====>[PATH] [192.168.0.1 <----> 192.168.0.4]: [1, 2, 3, 4]
shortest=====>[PATH] [192.168.0.1 <----> 192.168.0.5]: [1, 5]
shortest=====>[PATH] [192.168.0.1 <----> 192.168.0.6]: [1, 2, 6]
shortest=====>[PATH] [192.168.0.2 <----> 192.168.0.3]: [2, 3]
shortest=====>[PATH] [192.168.0.2 <----> 192.168.0.4]: [2, 3, 4]
shortest=====>[PATH] [192.168.0.2 <----> 192.168.0.5]: [2, 5]
shortest=====>[PATH] [192.168.0.2 <----> 192.168.0.6]: [2, 6]
shortest=====>[PATH] [192.168.0.3 <----> 192.168.0.4]: [3, 4]
shortest=====>[PATH] [192.168.0.3 <----> 192.168.0.5]: [3, 2, 5]
shortest=====>[PATH] [192.168.0.3 <----> 192.168.0.6]: [3, 6]
shortest=====>[PATH] [192.168.0.4 <----> 192.168.0.5]: [4, 5]
shortest=====>[PATH] [192.168.0.4 <----> 192.168.0.6]: [4, 3, 6]
shortest=====>[PATH] [192.168.0.5 <----> 192.168.0.6]: [5, 2, 6]
==================================== link detector ====================================

----------------------------
src    dst :    delay
1 <---> 2 : 3.2875537872314453
1 <---> 5 : 4.339933395385742
3 <---> 2 : 4.3544769287109375
3 <---> 6 : 2.4645328521728516
3 <---> 4 : 3.3757686614990234
6 <---> 2 : 2.9997825622558594
6 <---> 3 : 3.2880306243896484
4 <---> 5 : 4.058837890625
4 <---> 3 : 4.0740966796875
5 <---> 4 : 3.2434463500976562
5 <---> 1 : 4.235744476318359
5 <---> 2 : 3.4797191619873047
2 <---> 3 : 3.239870071411133
2 <---> 5 : 3.331899642944336
2 <---> 6 : 3.278017044067383
2 <---> 1 : 3.290891647338867
discovery--->==================================== discovery ====================================
discovery---> cls: [(1, 2), (1, 5), (2, 3), (2, 6), (2, 5), (3, 4), (3, 6), (4, 5)]
discovery--->=============================================================================
==================================== link detector ====================================

----------------------------
src    dst :    delay
1 <---> 2 : 3.1981468200683594
1 <---> 5 : 3.572702407836914
3 <---> 2 : 3.35693359375
3 <---> 6 : 4.256248474121094
3 <---> 4 : 2.8171539306640625
6 <---> 2 : 3.141641616821289
6 <---> 3 : 2.8710365295410156
4 <---> 5 : 4.284858703613281
4 <---> 3 : 4.23121452331543
5 <---> 4 : 3.595113754272461
5 <---> 1 : 2.7418136596679688
5 <---> 2 : 3.273487091064453
2 <---> 3 : 3.4859180450439453
2 <---> 5 : 3.6773681640625
2 <---> 6 : 3.5178661346435547
2 <---> 1 : 3.5784244537353516
==================================== link detector ====================================

----------------------------
src    dst :    delay
1 <---> 2 : 4.174232482910156
1 <---> 5 : 3.261089324951172
3 <---> 2 : 3.0395984649658203
3 <---> 6 : 4.417657852172852
3 <---> 4 : 3.8979053497314453
6 <---> 2 : 2.588987350463867
6 <---> 3 : 4.081964492797852
4 <---> 5 : 2.748250961303711
4 <---> 3 : 3.702878952026367
5 <---> 4 : 3.1366348266601562
5 <---> 1 : 3.1316280364990234
5 <---> 2 : 4.066705703735352
2 <---> 3 : 4.504203796386719
2 <---> 5 : 4.24957275390625
2 <---> 6 : 4.447221755981445
2 <---> 1 : 2.7823448181152344
discovery--->==================================== discovery ====================================
discovery---> cls: [(1, 2), (1, 5), (2, 3), (2, 6), (2, 5), (3, 4), (3, 6), (4, 5)]
discovery--->=============================================================================
==================================== link detector ====================================

----------------------------
src    dst :    delay
1 <---> 2 : 3.850698471069336
1 <---> 5 : 3.1566619873046875
3 <---> 2 : 3.268718719482422
3 <---> 6 : 3.5414695739746094
3 <---> 4 : 4.116535186767578
6 <---> 2 : 4.136800765991211
6 <---> 3 : 3.0143260955810547
4 <---> 5 : 2.838611602783203
4 <---> 3 : 3.5843849182128906
5 <---> 4 : 3.687143325805664
5 <---> 1 : 2.475261688232422
5 <---> 2 : 4.184246063232422
2 <---> 3 : 2.778768539428711
2 <---> 5 : 4.15492057800293
2 <---> 6 : 4.041433334350586
2 <---> 1 : 4.129171371459961
discovery--->==================================== discovery ====================================
discovery---> cls: [(1, 2), (1, 5), (2, 3), (2, 6), (2, 5), (3, 4), (3, 6), (4, 5)]
discovery--->=============================================================================
==================================== link detector ====================================

----------------------------
src    dst :    delay
1 <---> 2 : 3.825664520263672
1 <---> 5 : 2.7604103088378906
3 <---> 2 : 3.1087398529052734
3 <---> 6 : 4.265069961547852
3 <---> 4 : 2.92205810546875
6 <---> 2 : 3.2286643981933594
6 <---> 3 : 3.7026405334472656
4 <---> 5 : 2.435445785522461
4 <---> 3 : 2.2363662719726562
5 <---> 4 : 4.0416717529296875
5 <---> 1 : 2.5339126586914062
5 <---> 2 : 3.9243698120117188
2 <---> 3 : 2.5823116302490234
2 <---> 5 : 3.195047378540039
2 <---> 6 : 2.7108192443847656
2 <---> 1 : 2.4204254150390625
==================================== link detector ====================================

----------------------------
src    dst :    delay
1 <---> 2 : 4.221200942993164
1 <---> 5 : 4.34112548828125
3 <---> 2 : 4.335880279541016
3 <---> 6 : 2.3856163024902344
3 <---> 4 : 4.02069091796875
6 <---> 2 : 3.0286312103271484
6 <---> 3 : 2.7883052825927734
4 <---> 5 : 3.119230270385742
4 <---> 3 : 4.261016845703125
5 <---> 4 : 4.363775253295898
5 <---> 1 : 3.2148361206054688
5 <---> 2 : 3.587484359741211
2 <---> 3 : 3.5047531127929688
2 <---> 5 : 4.277706146240234
2 <---> 6 : 4.132270812988281
2 <---> 1 : 4.266262054443359
discovery--->==================================== discovery ====================================
discovery---> cls: [(1, 2), (1, 5), (2, 3), (2, 6), (2, 5), (3, 4), (3, 6), (4, 5)]
discovery--->=============================================================================
==================================== link detector ====================================

----------------------------
src    dst :    delay
1 <---> 2 : 3.0710697174072266
1 <---> 5 : 2.7632713317871094
3 <---> 2 : 4.201650619506836
3 <---> 6 : 2.849578857421875
3 <---> 4 : 4.459142684936523
6 <---> 2 : 3.5212039947509766
6 <---> 3 : 3.5402774810791016
4 <---> 5 : 3.0786991119384766
4 <---> 3 : 2.7709007263183594
5 <---> 4 : 3.1027793884277344
5 <---> 1 : 3.932476043701172
5 <---> 2 : 4.324197769165039
2 <---> 3 : 4.287242889404297
2 <---> 5 : 2.7387142181396484
2 <---> 6 : 3.210306167602539
2 <---> 1 : 4.207849502563477
discovery--->==================================== discovery ====================================
discovery---> cls: [(1, 2), (1, 5), (2, 3), (2, 6), (2, 5), (3, 4), (3, 6), (4, 5)]
discovery--->=============================================================================
==================================== link detector ====================================

----------------------------
src    dst :    delay
1 <---> 2 : 3.231048583984375
1 <---> 5 : 3.2148361206054688
3 <---> 2 : 3.2601356506347656
3 <---> 6 : 4.553318023681641
3 <---> 4 : 4.107236862182617
6 <---> 2 : 4.247426986694336
6 <---> 3 : 4.507780075073242
4 <---> 5 : 4.2285919189453125
4 <---> 3 : 4.160881042480469
5 <---> 4 : 2.669811248779297
5 <---> 1 : 4.732608795166016
5 <---> 2 : 3.9250850677490234
2 <---> 3 : 4.297018051147461
2 <---> 5 : 3.165721893310547
2 <---> 6 : 4.604578018188477
2 <---> 1 : 2.8467178344726562
==================================== link detector ====================================

----------------------------
src    dst :    delay
1 <---> 2 : 3.3538341522216797
1 <---> 5 : 4.165410995483398
3 <---> 2 : 3.2842159271240234
3 <---> 6 : 3.859281539916992
3 <---> 4 : 3.062725067138672
6 <---> 2 : 2.713918685913086
6 <---> 3 : 4.140138626098633
4 <---> 5 : 3.198862075805664
4 <---> 3 : 3.9904117584228516
5 <---> 4 : 4.0798187255859375
5 <---> 1 : 4.240274429321289
5 <---> 2 : 3.0317306518554688
2 <---> 3 : 2.856016159057617
2 <---> 5 : 4.234075546264648
2 <---> 6 : 4.103422164916992
2 <---> 1 : 3.1442642211914062
discovery--->==================================== discovery ====================================
discovery---> cls: [(1, 2), (1, 5), (2, 3), (2, 6), (2, 5), (3, 4), (3, 6), (4, 5)]
discovery--->=============================================================================
==================================== link detector ====================================

----------------------------
src    dst :    delay
1 <---> 2 : 4.426479339599609
1 <---> 5 : 3.6809444427490234
3 <---> 2 : 3.6537647247314453
3 <---> 6 : 4.074811935424805
3 <---> 4 : 2.610445022583008
6 <---> 2 : 4.183769226074219
6 <---> 3 : 2.5343894958496094
4 <---> 5 : 3.055572509765625
4 <---> 3 : 4.468441009521484
5 <---> 4 : 6.470441818237305
5 <---> 1 : 3.0982494354248047
5 <---> 2 : 4.15349006652832
2 <---> 3 : 2.835512161254883
2 <---> 5 : 2.3040771484375
2 <---> 6 : 2.834320068359375
2 <---> 1 : 4.243373870849609
discovery--->==================================== discovery ====================================
discovery---> cls: [(1, 2), (1, 5), (2, 3), (2, 6), (2, 5), (3, 4), (3, 6), (4, 5)]
discovery--->=============================================================================
==================================== link detector ====================================

----------------------------
src    dst :    delay
1 <---> 2 : 3.4003257751464844
1 <---> 5 : 3.4542083740234375
3 <---> 2 : 4.376649856567383
3 <---> 6 : 3.7200450897216797
3 <---> 4 : 3.2465457916259766
6 <---> 2 : 3.173828125
6 <---> 3 : 3.2432079315185547
4 <---> 5 : 4.2057037353515625
4 <---> 3 : 2.6619434356689453
5 <---> 4 : 4.290580749511719
5 <---> 1 : 2.7413368225097656
5 <---> 2 : 4.185914993286133
2 <---> 3 : 3.6749839782714844
2 <---> 5 : 4.299640655517578
2 <---> 6 : 3.2122135162353516
2 <---> 1 : 4.31370735168457
==================================== link detector ====================================

----------------------------
src    dst :    delay
1 <---> 2 : 3.4132003784179688
1 <---> 5 : 2.4390220642089844
3 <---> 2 : 3.149271011352539
3 <---> 6 : 4.215717315673828
3 <---> 4 : 3.222942352294922
6 <---> 2 : 4.125833511352539
6 <---> 3 : 2.489805221557617
4 <---> 5 : 2.622365951538086
4 <---> 3 : 3.006458282470703
5 <---> 4 : 3.3097267150878906
5 <---> 1 : 3.2393932342529297
5 <---> 2 : 4.791736602783203
2 <---> 3 : 2.7878284454345703
2 <---> 5 : 2.6879310607910156
2 <---> 6 : 4.375219345092773
2 <---> 1 : 2.6667118072509766
discovery--->==================================== discovery ====================================
discovery---> cls: [(1, 2), (1, 5), (2, 3), (2, 6), (2, 5), (3, 4), (3, 6), (4, 5)]
discovery--->=============================================================================
==================================== link detector ====================================

----------------------------
src    dst :    delay
1 <---> 2 : 3.631114959716797
1 <---> 5 : 3.557443618774414
3 <---> 2 : 3.1616687774658203
3 <---> 6 : 4.245519638061523
3 <---> 4 : 2.722501754760742
6 <---> 2 : 3.1147003173828125
6 <---> 3 : 3.8383007049560547
4 <---> 5 : 4.268407821655273
4 <---> 3 : 4.336833953857422
5 <---> 4 : 2.711772918701172
5 <---> 1 : 2.825498580932617
5 <---> 2 : 2.7112960815429688
2 <---> 3 : 3.353118896484375
2 <---> 5 : 3.9463043212890625
2 <---> 6 : 4.383563995361328
2 <---> 1 : 3.305673599243164
discovery--->==================================== discovery ====================================
discovery---> cls: [(1, 2), (1, 5), (2, 3), (2, 6), (2, 5), (3, 4), (3, 6), (4, 5)]
discovery--->=============================================================================
==================================== link detector ====================================

----------------------------
src    dst :    delay
1 <---> 2 : 4.731893539428711
1 <---> 5 : 4.199028015136719
3 <---> 2 : 2.6433467864990234
3 <---> 6 : 4.196405410766602
3 <---> 4 : 2.848386764526367
6 <---> 2 : 4.110574722290039
6 <---> 3 : 3.5817623138427734
4 <---> 5 : 4.686594009399414
4 <---> 3 : 3.165721893310547
5 <---> 4 : 4.266262054443359
5 <---> 1 : 4.111289978027344
5 <---> 2 : 3.363370895385742
2 <---> 3 : 3.7431716918945312
2 <---> 5 : 3.6745071411132812
2 <---> 6 : 2.798795700073242
2 <---> 1 : 3.614187240600586
==================================== link detector ====================================

----------------------------
src    dst :    delay
1 <---> 2 : 4.230260848999023
1 <---> 5 : 4.830837249755859
3 <---> 2 : 2.849102020263672
3 <---> 6 : 2.9952526092529297
3 <---> 4 : 4.214286804199219
6 <---> 2 : 3.7119388580322266
6 <---> 3 : 3.5581588745117188
4 <---> 5 : 2.9191970825195312
4 <---> 3 : 3.8216114044189453
5 <---> 4 : 2.778291702270508
5 <---> 1 : 4.1656494140625
5 <---> 2 : 4.336357116699219
2 <---> 3 : 3.956317901611328
2 <---> 5 : 3.6361217498779297
2 <---> 6 : 3.6280155181884766
2 <---> 1 : 3.653287887573242
discovery--->==================================== discovery ====================================
discovery---> cls: [(1, 2), (1, 5), (2, 3), (2, 6), (2, 5), (3, 4), (3, 6), (4, 5)]
discovery--->=============================================================================
==================================== link detector ====================================

----------------------------
src    dst :    delay
1 <---> 2 : 3.7949085235595703
1 <---> 5 : 2.816915512084961
3 <---> 2 : 4.036188125610352
3 <---> 6 : 2.7289390563964844
3 <---> 4 : 4.146814346313477
6 <---> 2 : 2.8650760650634766
6 <---> 3 : 3.4339427947998047
4 <---> 5 : 4.227638244628906
4 <---> 3 : 2.767324447631836
5 <---> 4 : 2.8700828552246094
5 <---> 1 : 4.099845886230469
5 <---> 2 : 2.766847610473633
2 <---> 3 : 3.1931400299072266
2 <---> 5 : 3.435373306274414
2 <---> 6 : 3.1311511993408203
2 <---> 1 : 3.002166748046875
discovery--->==================================== discovery ====================================
discovery---> cls: [(1, 2), (1, 5), (2, 3), (2, 6), (2, 5), (3, 4), (3, 6), (4, 5)]
discovery--->=============================================================================
==================================== link detector ====================================

----------------------------
src    dst :    delay
1 <---> 2 : 3.1325817108154297
1 <---> 5 : 3.1206607818603516
3 <---> 2 : 2.904176712036133
3 <---> 6 : 2.7000904083251953
3 <---> 4 : 3.4296512603759766
6 <---> 2 : 3.30352783203125
6 <---> 3 : 3.4046173095703125
4 <---> 5 : 3.685474395751953
4 <---> 3 : 4.244804382324219
5 <---> 4 : 3.5843849182128906
5 <---> 1 : 3.403902053833008
5 <---> 2 : 2.782583236694336
2 <---> 3 : 3.5169124603271484
2 <---> 5 : 3.3898353576660156
2 <---> 6 : 3.3173561096191406
2 <---> 1 : 3.422975540161133
==================================== link detector ====================================

----------------------------
src    dst :    delay
1 <---> 2 : 3.1044483184814453
1 <---> 5 : 3.910541534423828
3 <---> 2 : 2.6950836181640625
3 <---> 6 : 4.170894622802734
3 <---> 4 : 4.156351089477539
6 <---> 2 : 2.1877288818359375
6 <---> 3 : 3.003358840942383
4 <---> 5 : 3.6602020263671875
4 <---> 3 : 4.131555557250977
5 <---> 4 : 2.703428268432617
5 <---> 1 : 4.13060188293457
5 <---> 2 : 4.451751708984375
2 <---> 3 : 3.2722949981689453
2 <---> 5 : 3.246307373046875
2 <---> 6 : 3.5381317138671875
2 <---> 1 : 4.198551177978516
discovery--->==================================== discovery ====================================
discovery---> cls: [(1, 2), (1, 5), (2, 3), (2, 6), (2, 5), (3, 4), (3, 6), (4, 5)]
discovery--->=============================================================================
==================================== link detector ====================================

----------------------------
src    dst :    delay
1 <---> 2 : 2.740144729614258
1 <---> 5 : 2.64739990234375
3 <---> 2 : 2.8989315032958984
3 <---> 6 : 2.8078556060791016
3 <---> 4 : 3.640890121459961
6 <---> 2 : 3.5181045532226562
6 <---> 3 : 2.4390220642089844
4 <---> 5 : 2.7205944061279297
4 <---> 3 : 4.308223724365234
5 <---> 4 : 4.330873489379883
5 <---> 1 : 4.421234130859375
5 <---> 2 : 2.7031898498535156
2 <---> 3 : 3.2215118408203125
2 <---> 5 : 4.482746124267578
2 <---> 6 : 2.838134765625
2 <---> 1 : 4.347085952758789
discovery--->==================================== discovery ====================================
discovery---> cls: [(1, 2), (1, 5), (2, 3), (2, 6), (2, 5), (3, 4), (3, 6), (4, 5)]
discovery--->=============================================================================
==================================== link detector ====================================

----------------------------
src    dst :    delay
1 <---> 2 : 4.22358512878418
1 <---> 5 : 4.173040390014648
3 <---> 2 : 3.1359195709228516
3 <---> 6 : 2.7921199798583984
3 <---> 4 : 4.152059555053711
6 <---> 2 : 4.158258438110352
6 <---> 3 : 2.5153160095214844
4 <---> 5 : 3.2966136932373047
4 <---> 3 : 2.755880355834961
5 <---> 4 : 3.212451934814453
5 <---> 1 : 2.279520034790039
5 <---> 2 : 4.802227020263672
2 <---> 3 : 3.1735897064208984
2 <---> 5 : 3.3960342407226562
2 <---> 6 : 3.2587051391601562
2 <---> 1 : 4.297971725463867
==================================== link detector ====================================

----------------------------
src    dst :    delay
1 <---> 2 : 3.9038658142089844
1 <---> 5 : 3.8454532623291016
3 <---> 2 : 2.31170654296875
3 <---> 6 : 3.2465457916259766
3 <---> 4 : 2.833843231201172
6 <---> 2 : 2.480030059814453
6 <---> 3 : 4.072904586791992
4 <---> 5 : 3.1003952026367188
4 <---> 3 : 3.0863285064697266
5 <---> 4 : 4.160642623901367
5 <---> 1 : 3.674030303955078
5 <---> 2 : 3.659963607788086
2 <---> 3 : 3.4093856811523438
2 <---> 5 : 3.943204879760742
2 <---> 6 : 2.859830856323242
2 <---> 1 : 3.3719539642333984
discovery--->==================================== discovery ====================================
discovery---> cls: [(1, 2), (1, 5), (2, 3), (2, 6), (2, 5), (3, 4), (3, 6), (4, 5)]
discovery--->=============================================================================
==================================== link detector ====================================

----------------------------
src    dst :    delay
1 <---> 2 : 3.443002700805664
1 <---> 5 : 3.7271976470947266
3 <---> 2 : 2.824068069458008
3 <---> 6 : 2.7811527252197266
3 <---> 4 : 3.1023025512695312
6 <---> 2 : 4.072666168212891
6 <---> 3 : 2.4406909942626953
4 <---> 5 : 3.6041736602783203
4 <---> 3 : 3.747701644897461
5 <---> 4 : 2.810955047607422
5 <---> 1 : 4.243135452270508
5 <---> 2 : 2.997159957885742
2 <---> 3 : 4.381895065307617
2 <---> 5 : 4.391193389892578
2 <---> 6 : 2.741575241088867
2 <---> 1 : 4.350185394287109
discovery--->==================================== discovery ====================================
discovery---> cls: [(1, 2), (1, 5), (2, 3), (2, 6), (2, 5), (3, 4), (3, 6), (4, 5)]
discovery--->=============================================================================
==================================== link detector ====================================

----------------------------
src    dst :    delay
1 <---> 2 : 3.706216812133789
1 <---> 5 : 3.6306381225585938
3 <---> 2 : 3.0422210693359375
3 <---> 6 : 4.281282424926758
3 <---> 4 : 4.231691360473633
6 <---> 2 : 2.3975372314453125
6 <---> 3 : 2.9153823852539062
4 <---> 5 : 3.6368370056152344
4 <---> 3 : 2.974271774291992
5 <---> 4 : 4.136323928833008
5 <---> 1 : 3.2625198364257812
5 <---> 2 : 3.412961959838867
2 <---> 3 : 2.787351608276367
2 <---> 5 : 2.7768611907958984
2 <---> 6 : 2.7544498443603516
2 <---> 1 : 2.8390884399414062
==================================== link detector ====================================

----------------------------
src    dst :    delay
1 <---> 2 : 3.025054931640625
1 <---> 5 : 4.162311553955078
3 <---> 2 : 3.473997116088867
3 <---> 6 : 2.8526782989501953
3 <---> 4 : 3.195047378540039
6 <---> 2 : 3.8754940032958984
6 <---> 3 : 2.5625228881835938
4 <---> 5 : 2.4259090423583984
4 <---> 3 : 2.364635467529297
5 <---> 4 : 4.405736923217773
5 <---> 1 : 3.2415390014648438
5 <---> 2 : 4.009723663330078
2 <---> 3 : 4.683494567871094
2 <---> 5 : 2.840280532836914
2 <---> 6 : 4.278421401977539
2 <---> 1 : 4.321813583374023
discovery--->==================================== discovery ====================================
discovery---> cls: [(1, 2), (1, 5), (2, 3), (2, 6), (2, 5), (3, 4), (3, 6), (4, 5)]
discovery--->=============================================================================
==================================== link detector ====================================

----------------------------
src    dst :    delay
1 <---> 2 : 3.2520294189453125
1 <---> 5 : 4.28009033203125
3 <---> 2 : 4.309892654418945
3 <---> 6 : 4.242897033691406
3 <---> 4 : 2.7124881744384766
6 <---> 2 : 3.475666046142578
6 <---> 3 : 2.6390552520751953
4 <---> 5 : 4.145383834838867
4 <---> 3 : 4.301786422729492
5 <---> 4 : 2.8562545776367188
5 <---> 1 : 4.258871078491211
5 <---> 2 : 3.838062286376953
2 <---> 3 : 4.27699089050293
2 <---> 5 : 4.1332244873046875
2 <---> 6 : 3.164529800415039
2 <---> 1 : 3.240346908569336
discovery--->==================================== discovery ====================================
discovery---> cls: [(1, 2), (1, 5), (2, 3), (2, 6), (2, 5), (3, 4), (3, 6), (4, 5)]
discovery--->=============================================================================
==================================== link detector ====================================

----------------------------
src    dst :    delay
1 <---> 2 : 3.7813186645507812
1 <---> 5 : 3.2911300659179688
3 <---> 2 : 4.278421401977539
3 <---> 6 : 4.674196243286133
3 <---> 4 : 3.3996105194091797
6 <---> 2 : 4.339694976806641
6 <---> 3 : 2.4344921112060547
4 <---> 5 : 3.096342086791992
4 <---> 3 : 2.5131702423095703
5 <---> 4 : 4.13966178894043
5 <---> 1 : 4.2133331298828125
5 <---> 2 : 2.7649402618408203
2 <---> 3 : 3.82232666015625
2 <---> 5 : 2.946615219116211
2 <---> 6 : 3.2308101654052734
2 <---> 1 : 4.639863967895508
==================================== link detector ====================================

----------------------------
src    dst :    delay
1 <---> 2 : 3.9899349212646484
1 <---> 5 : 4.1866302490234375
3 <---> 2 : 4.231691360473633
3 <---> 6 : 3.5865306854248047
3 <---> 4 : 3.560304641723633
6 <---> 2 : 4.15349006652832
6 <---> 3 : 4.2629241943359375
4 <---> 5 : 4.178047180175781
4 <---> 3 : 2.749919891357422
5 <---> 4 : 2.9735565185546875
5 <---> 1 : 3.100156784057617
5 <---> 2 : 4.273653030395508
2 <---> 3 : 3.481626510620117
2 <---> 5 : 4.317045211791992
2 <---> 6 : 3.362417221069336
2 <---> 1 : 4.286050796508789
discovery--->==================================== discovery ====================================
discovery---> cls: [(1, 2), (1, 5), (2, 3), (2, 6), (2, 5), (3, 4), (3, 6), (4, 5)]
discovery--->=============================================================================
==================================== link detector ====================================

----------------------------
src    dst :    delay
1 <---> 2 : 4.337310791015625
1 <---> 5 : 3.142118453979492
3 <---> 2 : 2.986907958984375
3 <---> 6 : 4.329681396484375
3 <---> 4 : 2.2461414337158203
6 <---> 2 : 3.6330223083496094
6 <---> 3 : 2.7425289154052734
4 <---> 5 : 4.157066345214844
4 <---> 3 : 3.4465789794921875
5 <---> 4 : 3.846406936645508
5 <---> 1 : 2.632617950439453
5 <---> 2 : 3.116607666015625
2 <---> 3 : 3.4608840942382812
2 <---> 5 : 3.392934799194336
2 <---> 6 : 2.6569366455078125
2 <---> 1 : 3.4322738647460938
discovery--->==================================== discovery ====================================
discovery---> cls: [(1, 2), (1, 5), (2, 3), (2, 6), (2, 5), (3, 4), (3, 6), (4, 5)]
discovery--->=============================================================================
==================================== link detector ====================================

----------------------------
src    dst :    delay
1 <---> 2 : 3.3850669860839844
1 <---> 5 : 3.240823745727539
3 <---> 2 : 3.156900405883789
3 <---> 6 : 2.7840137481689453
3 <---> 4 : 3.152132034301758
6 <---> 2 : 3.572225570678711
6 <---> 3 : 2.8362274169921875
4 <---> 5 : 3.057718276977539
4 <---> 3 : 3.247499465942383
5 <---> 4 : 3.1762123107910156
5 <---> 1 : 4.192113876342773
5 <---> 2 : 4.355192184448242
2 <---> 3 : 2.325296401977539
2 <---> 5 : 4.651069641113281
2 <---> 6 : 3.1464099884033203
2 <---> 1 : 2.638101577758789
==================================== link detector ====================================

----------------------------
src    dst :    delay
1 <---> 2 : 4.235506057739258
1 <---> 5 : 4.23741340637207
3 <---> 2 : 2.6226043701171875
3 <---> 6 : 4.311800003051758
3 <---> 4 : 2.7883052825927734
6 <---> 2 : 3.474712371826172
6 <---> 3 : 4.173755645751953
4 <---> 5 : 4.334449768066406
4 <---> 3 : 2.5634765625
5 <---> 4 : 3.051280975341797
5 <---> 1 : 3.014802932739258
5 <---> 2 : 4.413843154907227
2 <---> 3 : 3.083944320678711
2 <---> 5 : 3.1235218048095703
2 <---> 6 : 3.654003143310547
2 <---> 1 : 3.204822540283203
discovery--->==================================== discovery ====================================
discovery---> cls: [(1, 2), (1, 5), (2, 3), (2, 6), (2, 5), (3, 4), (3, 6), (4, 5)]
discovery--->=============================================================================
==================================== link detector ====================================

----------------------------
src    dst :    delay
1 <---> 2 : 2.772808074951172
1 <---> 5 : 4.33659553527832
3 <---> 2 : 3.1960010528564453
3 <---> 6 : 2.843141555786133
3 <---> 4 : 2.7618408203125
6 <---> 2 : 3.8161277770996094
6 <---> 3 : 3.7992000579833984
4 <---> 5 : 4.267215728759766
4 <---> 3 : 3.2958984375
5 <---> 4 : 2.690553665161133
5 <---> 1 : 4.28009033203125
5 <---> 2 : 3.8340091705322266
2 <---> 3 : 4.180908203125
2 <---> 5 : 3.919363021850586
2 <---> 6 : 4.206418991088867
2 <---> 1 : 3.9811134338378906
discovery--->==================================== discovery ====================================
discovery---> cls: [(1, 2), (1, 5), (2, 3), (2, 6), (2, 5), (3, 4), (3, 6), (4, 5)]
discovery--->=============================================================================
==================================== link detector ====================================

----------------------------
src    dst :    delay
1 <---> 2 : 4.380464553833008
1 <---> 5 : 4.350185394287109
3 <---> 2 : 4.20832633972168
3 <---> 6 : 2.545595169067383
3 <---> 4 : 4.13823127746582
6 <---> 2 : 3.5126209259033203
6 <---> 3 : 2.4788379669189453
4 <---> 5 : 2.4847984313964844
4 <---> 3 : 4.347562789916992
5 <---> 4 : 3.3833980560302734
5 <---> 1 : 2.9256343841552734
5 <---> 2 : 2.937793731689453
2 <---> 3 : 2.8619766235351562
2 <---> 5 : 4.379749298095703
2 <---> 6 : 4.648685455322266
2 <---> 1 : 4.237651824951172
==================================== link detector ====================================

----------------------------
src    dst :    delay
1 <---> 2 : 4.185676574707031
1 <---> 5 : 4.214048385620117
3 <---> 2 : 2.461671829223633
3 <---> 6 : 4.10771369934082
3 <---> 4 : 4.174232482910156
6 <---> 2 : 2.7625560760498047
6 <---> 3 : 3.833770751953125
4 <---> 5 : 2.7167797088623047
4 <---> 3 : 4.106760025024414
5 <---> 4 : 4.250049591064453
5 <---> 1 : 4.095315933227539
5 <---> 2 : 3.5614967346191406
2 <---> 3 : 4.261493682861328
2 <---> 5 : 4.089832305908203
2 <---> 6 : 2.7511119842529297
2 <---> 1 : 3.278493881225586
discovery--->==================================== discovery ====================================
discovery---> cls: [(1, 2), (1, 5), (2, 3), (2, 6), (2, 5), (3, 4), (3, 6), (4, 5)]
discovery--->=============================================================================
==================================== link detector ====================================

----------------------------
src    dst :    delay
1 <---> 2 : 2.5458335876464844
1 <---> 5 : 2.4175643920898438
3 <---> 2 : 2.918243408203125
3 <---> 6 : 2.3071765899658203
3 <---> 4 : 2.817392349243164
6 <---> 2 : 4.431247711181641
6 <---> 3 : 3.1838417053222656
4 <---> 5 : 3.170490264892578
4 <---> 3 : 2.693653106689453
5 <---> 4 : 3.290414810180664
5 <---> 1 : 3.2575130462646484
5 <---> 2 : 4.206657409667969
2 <---> 3 : 2.9659271240234375
2 <---> 5 : 2.757549285888672
2 <---> 6 : 3.371000289916992
2 <---> 1 : 2.794027328491211
discovery--->==================================== discovery ====================================
discovery---> cls: [(1, 2), (1, 5), (2, 3), (2, 6), (2, 5), (3, 4), (3, 6), (4, 5)]
discovery--->=============================================================================
==================================== link detector ====================================

----------------------------
src    dst :    delay
1 <---> 2 : 4.4841766357421875
1 <---> 5 : 3.043651580810547
3 <---> 2 : 3.8962364196777344
3 <---> 6 : 4.018068313598633
3 <---> 4 : 2.779245376586914
6 <---> 2 : 3.2300949096679688
6 <---> 3 : 3.218412399291992
4 <---> 5 : 4.187822341918945
4 <---> 3 : 4.185199737548828
5 <---> 4 : 2.2430419921875
5 <---> 1 : 2.9006004333496094
5 <---> 2 : 2.789020538330078
2 <---> 3 : 2.2461414337158203
2 <---> 5 : 4.271507263183594
2 <---> 6 : 2.164602279663086
2 <---> 1 : 3.428936004638672
==================================== link detector ====================================

----------------------------
src    dst :    delay
1 <---> 2 : 4.463672637939453
1 <---> 5 : 2.4428367614746094
3 <---> 2 : 2.7208328247070312
3 <---> 6 : 4.34112548828125
3 <---> 4 : 4.244089126586914
6 <---> 2 : 2.8676986694335938
6 <---> 3 : 2.8383731842041016
4 <---> 5 : 2.9802322387695312
4 <---> 3 : 2.689361572265625
5 <---> 4 : 4.161596298217773
5 <---> 1 : 4.196643829345703
5 <---> 2 : 2.478361129760742
2 <---> 3 : 4.287481307983398
2 <---> 5 : 4.157543182373047
2 <---> 6 : 4.422187805175781
2 <---> 1 : 2.7837753295898438
discovery--->==================================== discovery ====================================
discovery---> cls: [(1, 2), (1, 5), (2, 3), (2, 6), (2, 5), (3, 4), (3, 6), (4, 5)]
discovery--->=============================================================================
==================================== link detector ====================================

----------------------------
src    dst :    delay
1 <---> 2 : 3.0870437622070312
1 <---> 5 : 2.835512161254883
3 <---> 2 : 3.6318302154541016
3 <---> 6 : 3.673076629638672
3 <---> 4 : 3.553628921508789
6 <---> 2 : 3.6187171936035156
6 <---> 3 : 3.525257110595703
4 <---> 5 : 4.224061965942383
4 <---> 3 : 2.6810169219970703
5 <---> 4 : 4.24504280090332
5 <---> 1 : 3.7429332733154297
5 <---> 2 : 3.4456253051757812
2 <---> 3 : 2.810239791870117
2 <---> 5 : 3.59344482421875
2 <---> 6 : 4.231929779052734
2 <---> 1 : 2.913236618041992
==================================== link detector ====================================

----------------------------
src    dst :    delay
1 <---> 2 : 2.6869773864746094
1 <---> 5 : 4.174709320068359
3 <---> 2 : 2.882242202758789
3 <---> 6 : 4.444360733032227
3 <---> 4 : 4.492759704589844
6 <---> 2 : 4.12440299987793
6 <---> 3 : 4.227638244628906
4 <---> 5 : 3.9300918579101562
4 <---> 3 : 4.051446914672852
5 <---> 4 : 3.666400909423828
5 <---> 1 : 2.7065277099609375
5 <---> 2 : 4.187345504760742
2 <---> 3 : 4.225254058837891
2 <---> 5 : 3.1099319458007812
2 <---> 6 : 2.961874008178711
2 <---> 1 : 2.820730209350586
discovery--->==================================== discovery ====================================
discovery---> cls: [(1, 2), (1, 5), (2, 3), (2, 6), (2, 5), (3, 4), (3, 6), (4, 5)]
discovery--->=============================================================================
==================================== link detector ====================================

----------------------------
src    dst :    delay
1 <---> 2 : 4.211664199829102
1 <---> 5 : 4.216670989990234
3 <---> 2 : 3.707408905029297
3 <---> 6 : 3.107309341430664
3 <---> 4 : 3.4830570220947266
6 <---> 2 : 4.186391830444336
6 <---> 3 : 4.141807556152344
4 <---> 5 : 4.067897796630859
4 <---> 3 : 4.20379638671875
5 <---> 4 : 4.348516464233398
5 <---> 1 : 3.3288002014160156
5 <---> 2 : 4.57453727722168
2 <---> 3 : 2.4864673614501953
2 <---> 5 : 4.4765472412109375
2 <---> 6 : 4.254579544067383
2 <---> 1 : 4.190206527709961
discovery--->==================================== discovery ====================================
discovery---> cls: [(1, 2), (1, 5), (2, 3), (2, 6), (2, 5), (3, 4), (3, 6), (4, 5)]
discovery--->=============================================================================
==================================== link detector ====================================

----------------------------
src    dst :    delay
1 <---> 2 : 2.733469009399414
1 <---> 5 : 4.04047966003418
3 <---> 2 : 3.317594528198242
3 <---> 6 : 4.213571548461914
3 <---> 4 : 4.32586669921875
6 <---> 2 : 2.7141571044921875
6 <---> 3 : 4.169225692749023
4 <---> 5 : 4.08482551574707
4 <---> 3 : 4.232883453369141
5 <---> 4 : 4.21142578125
5 <---> 1 : 2.878427505493164
5 <---> 2 : 4.367828369140625
2 <---> 3 : 4.23884391784668
2 <---> 5 : 4.318475723266602
2 <---> 6 : 4.143238067626953
2 <---> 1 : 2.8486251831054688
==================================== link detector ====================================

----------------------------
src    dst :    delay
1 <---> 2 : 3.3257007598876953
1 <---> 5 : 2.735137939453125
3 <---> 2 : 3.7131309509277344
3 <---> 6 : 4.342555999755859
3 <---> 4 : 4.387378692626953
6 <---> 2 : 4.469156265258789
6 <---> 3 : 4.178285598754883
4 <---> 5 : 3.2842159271240234
4 <---> 3 : 3.2262802124023438
5 <---> 4 : 2.4340152740478516
5 <---> 1 : 4.40669059753418
5 <---> 2 : 4.327297210693359
2 <---> 3 : 3.5338401794433594
2 <---> 5 : 3.179788589477539
2 <---> 6 : 3.431081771850586
2 <---> 1 : 3.21197509765625
discovery--->==================================== discovery ====================================
discovery---> cls: [(1, 2), (1, 5), (2, 3), (2, 6), (2, 5), (3, 4), (3, 6), (4, 5)]
discovery--->=============================================================================
==================================== link detector ====================================

----------------------------
src    dst :    delay
1 <---> 2 : 3.4933090209960938
1 <---> 5 : 3.118276596069336
3 <---> 2 : 4.329919815063477
3 <---> 6 : 3.046274185180664
3 <---> 4 : 2.7463436126708984
6 <---> 2 : 2.768278121948242
6 <---> 3 : 4.316806793212891
4 <---> 5 : 2.705812454223633
4 <---> 3 : 4.209280014038086
5 <---> 4 : 2.747774124145508
5 <---> 1 : 3.301382064819336
5 <---> 2 : 3.179788589477539
2 <---> 3 : 4.502773284912109
2 <---> 5 : 4.206657409667969
2 <---> 6 : 4.191875457763672
2 <---> 1 : 2.685546875
discovery--->==================================== discovery ====================================
discovery---> cls: [(1, 2), (1, 5), (2, 3), (2, 6), (2, 5), (3, 4), (3, 6), (4, 5)]
discovery--->=============================================================================
==================================== link detector ====================================

----------------------------
src    dst :    delay
1 <---> 2 : 3.2989978790283203
1 <---> 5 : 4.214763641357422
3 <---> 2 : 2.8281211853027344
3 <---> 6 : 4.34112548828125
3 <---> 4 : 4.194021224975586
6 <---> 2 : 3.3147335052490234
6 <---> 3 : 3.2918453216552734
4 <---> 5 : 2.778768539428711
4 <---> 3 : 2.791166305541992
5 <---> 4 : 2.783536911010742
5 <---> 1 : 2.7370452880859375
5 <---> 2 : 4.2133331298828125
2 <---> 3 : 3.309011459350586
2 <---> 5 : 3.2663345336914062
2 <---> 6 : 3.797769546508789
2 <---> 1 : 3.2291412353515625
==================================== link detector ====================================

----------------------------
src    dst :    delay
1 <---> 2 : 3.2787322998046875
1 <---> 5 : 3.2536983489990234
3 <---> 2 : 3.414630889892578
3 <---> 6 : 2.580404281616211
3 <---> 4 : 2.2897720336914062
6 <---> 2 : 2.9146671295166016
6 <---> 3 : 3.7026405334472656
4 <---> 5 : 3.235340118408203
4 <---> 3 : 4.2819976806640625
5 <---> 4 : 4.114627838134766
5 <---> 1 : 3.3228397369384766
5 <---> 2 : 3.3032894134521484
2 <---> 3 : 2.627849578857422
2 <---> 5 : 2.7816295623779297
2 <---> 6 : 2.683877944946289
2 <---> 1 : 2.733469009399414
discovery--->==================================== discovery ====================================
discovery---> cls: [(1, 2), (1, 5), (2, 3), (2, 6), (2, 5), (3, 4), (3, 6), (4, 5)]
discovery--->=============================================================================
==================================== link detector ====================================

----------------------------
src    dst :    delay
1 <---> 2 : 4.271745681762695
1 <---> 5 : 3.561735153198242
3 <---> 2 : 4.605770111083984
3 <---> 6 : 3.0486583709716797
3 <---> 4 : 3.545522689819336
6 <---> 2 : 3.221750259399414
6 <---> 3 : 3.196239471435547
4 <---> 5 : 2.4912357330322266
4 <---> 3 : 4.221439361572266
5 <---> 4 : 2.5849342346191406
5 <---> 1 : 3.924846649169922
5 <---> 2 : 4.278421401977539
2 <---> 3 : 4.285573959350586
2 <---> 5 : 4.289150238037109
2 <---> 6 : 3.2193660736083984
2 <---> 1 : 4.298925399780273
discovery--->==================================== discovery ====================================
discovery---> cls: [(1, 2), (1, 5), (2, 3), (2, 6), (2, 5), (3, 4), (3, 6), (4, 5)]
discovery--->=============================================================================
==================================== link detector ====================================

----------------------------
src    dst :    delay
1 <---> 2 : 4.247426986694336
1 <---> 5 : 4.288434982299805
3 <---> 2 : 2.8917789459228516
3 <---> 6 : 4.090309143066406
3 <---> 4 : 4.355669021606445
6 <---> 2 : 4.146099090576172
6 <---> 3 : 3.4613609313964844
4 <---> 5 : 4.233121871948242
4 <---> 3 : 4.204750061035156
5 <---> 4 : 3.60107421875
5 <---> 1 : 2.7647018432617188
5 <---> 2 : 2.7701854705810547
2 <---> 3 : 2.7878284454345703
2 <---> 5 : 2.8123855590820312
2 <---> 6 : 3.4346580505371094
2 <---> 1 : 4.249334335327148
==================================== link detector ====================================

----------------------------
src    dst :    delay
1 <---> 2 : 2.718210220336914
1 <---> 5 : 4.232645034790039
3 <---> 2 : 3.2987594604492188
3 <---> 6 : 2.6814937591552734
3 <---> 4 : 4.386425018310547
6 <---> 2 : 4.230976104736328
6 <---> 3 : 2.6578903198242188
4 <---> 5 : 4.183292388916016
4 <---> 3 : 4.235506057739258
5 <---> 4 : 4.202842712402344
5 <---> 1 : 4.227161407470703
5 <---> 2 : 2.8510093688964844
2 <---> 3 : 3.9746761322021484
2 <---> 5 : 3.941059112548828
2 <---> 6 : 3.1647682189941406
2 <---> 1 : 3.7856101989746094
discovery--->==================================== discovery ====================================
discovery---> cls: [(1, 2), (1, 5), (2, 3), (2, 6), (2, 5), (3, 4), (3, 6), (4, 5)]
discovery--->=============================================================================
==================================== link detector ====================================

----------------------------
src    dst :    delay
1 <---> 2 : 2.8455257415771484
1 <---> 5 : 4.298210144042969
3 <---> 2 : 4.304170608520508
3 <---> 6 : 3.2842159271240234
3 <---> 4 : 3.3910274505615234
6 <---> 2 : 3.11279296875
6 <---> 3 : 3.559112548828125
4 <---> 5 : 4.232645034790039
4 <---> 3 : 4.065513610839844
5 <---> 4 : 4.08482551574707
5 <---> 1 : 4.198551177978516
5 <---> 2 : 4.158496856689453
2 <---> 3 : 3.6373138427734375
2 <---> 5 : 3.187894821166992
2 <---> 6 : 2.864360809326172
2 <---> 1 : 3.201007843017578
discovery--->==================================== discovery ====================================
discovery---> cls: [(1, 2), (1, 5), (2, 3), (2, 6), (2, 5), (3, 4), (3, 6), (4, 5)]
discovery--->=============================================================================
==================================== link detector ====================================

----------------------------
src    dst :    delay
1 <---> 2 : 2.9594898223876953
1 <---> 5 : 4.264116287231445
3 <---> 2 : 2.826690673828125
3 <---> 6 : 2.314329147338867
3 <---> 4 : 2.460002899169922
6 <---> 2 : 2.6547908782958984
6 <---> 3 : 4.252910614013672
4 <---> 5 : 4.108667373657227
4 <---> 3 : 4.325389862060547
5 <---> 4 : 3.229379653930664
5 <---> 1 : 3.9179325103759766
5 <---> 2 : 3.330707550048828
2 <---> 3 : 4.224538803100586
2 <---> 5 : 4.169940948486328
2 <---> 6 : 4.16111946105957
2 <---> 1 : 2.654552459716797
==================================== link detector ====================================

----------------------------
src    dst :    delay
1 <---> 2 : 3.840923309326172
1 <---> 5 : 2.8133392333984375
3 <---> 2 : 2.776622772216797
3 <---> 6 : 4.1713714599609375
3 <---> 4 : 2.7370452880859375
6 <---> 2 : 4.115104675292969
6 <---> 3 : 2.7534961700439453
4 <---> 5 : 2.841472625732422
4 <---> 3 : 2.3040771484375
5 <---> 4 : 4.092693328857422
5 <---> 1 : 3.1523704528808594
5 <---> 2 : 4.271984100341797
2 <---> 3 : 3.2634735107421875
2 <---> 5 : 4.331111907958984
2 <---> 6 : 4.239797592163086
2 <---> 1 : 2.6443004608154297
discovery--->==================================== discovery ====================================
discovery---> cls: [(1, 2), (1, 5), (2, 3), (2, 6), (2, 5), (3, 4), (3, 6), (4, 5)]
discovery--->=============================================================================
==================================== link detector ====================================

----------------------------
src    dst :    delay
1 <---> 2 : 2.8121471405029297
1 <---> 5 : 4.271030426025391
3 <---> 2 : 2.6144981384277344
3 <---> 6 : 3.6203861236572266
3 <---> 4 : 3.7877559661865234
6 <---> 2 : 4.148006439208984
6 <---> 3 : 3.505706787109375
4 <---> 5 : 4.237890243530273
4 <---> 3 : 3.443479537963867
5 <---> 4 : 4.215002059936523
5 <---> 1 : 4.021167755126953
5 <---> 2 : 3.7250518798828125
2 <---> 3 : 4.513025283813477
2 <---> 5 : 4.553794860839844
2 <---> 6 : 4.177331924438477
2 <---> 1 : 2.6845932006835938
discovery--->==================================== discovery ====================================
discovery---> cls: [(1, 2), (1, 5), (2, 3), (2, 6), (2, 5), (3, 4), (3, 6), (4, 5)]
discovery--->=============================================================================
==================================== link detector ====================================

----------------------------
src    dst :    delay
1 <---> 2 : 2.7382373809814453
1 <---> 5 : 4.312276840209961
3 <---> 2 : 4.427909851074219
3 <---> 6 : 2.7501583099365234
3 <---> 4 : 3.009319305419922
6 <---> 2 : 2.7637481689453125
6 <---> 3 : 4.097938537597656
4 <---> 5 : 2.7437210083007812
4 <---> 3 : 4.295110702514648
5 <---> 4 : 2.3887157440185547
5 <---> 1 : 4.191875457763672
5 <---> 2 : 4.296541213989258
2 <---> 3 : 3.349781036376953
2 <---> 5 : 4.3125152587890625
2 <---> 6 : 2.841472625732422
2 <---> 1 : 2.821683883666992
==================================== link detector ====================================

----------------------------
src    dst :    delay
1 <---> 2 : 4.269599914550781
1 <---> 5 : 2.6731491088867188
3 <---> 2 : 4.306316375732422
3 <---> 6 : 4.16254997253418
3 <---> 4 : 2.816915512084961
6 <---> 2 : 2.675771713256836
6 <---> 3 : 4.175901412963867
4 <---> 5 : 2.7251243591308594
4 <---> 3 : 4.267692565917969
5 <---> 4 : 4.190921783447266
5 <---> 1 : 4.202604293823242
5 <---> 2 : 2.898693084716797
2 <---> 3 : 4.259586334228516
2 <---> 5 : 2.8078556060791016
2 <---> 6 : 4.197597503662109
2 <---> 1 : 3.6306381225585938
discovery--->==================================== discovery ====================================
discovery---> cls: [(1, 2), (1, 5), (2, 3), (2, 6), (2, 5), (3, 4), (3, 6), (4, 5)]
discovery--->=============================================================================
==================================== link detector ====================================

----------------------------
src    dst :    delay
1 <---> 2 : 2.9115676879882812
1 <---> 5 : 2.887248992919922
3 <---> 2 : 2.6221275329589844
3 <---> 6 : 2.6962757110595703
3 <---> 4 : 2.668619155883789
6 <---> 2 : 3.2863616943359375
6 <---> 3 : 4.443168640136719
4 <---> 5 : 3.9899349212646484
4 <---> 3 : 4.244565963745117
5 <---> 4 : 4.214763641357422
5 <---> 1 : 2.7565956115722656
5 <---> 2 : 4.2285919189453125
2 <---> 3 : 2.9327869415283203
2 <---> 5 : 2.836942672729492
2 <---> 6 : 4.23431396484375
2 <---> 1 : 3.547191619873047
discovery--->==================================== discovery ====================================
discovery---> cls: [(1, 2), (1, 5), (2, 3), (2, 6), (2, 5), (3, 4), (3, 6), (4, 5)]
discovery--->=============================================================================
==================================== link detector ====================================

----------------------------
src    dst :    delay
1 <---> 2 : 3.251791000366211
1 <---> 5 : 2.717733383178711
3 <---> 2 : 4.6138763427734375
3 <---> 6 : 2.729654312133789
3 <---> 4 : 4.159688949584961
6 <---> 2 : 3.0984878540039062
6 <---> 3 : 3.1337738037109375
4 <---> 5 : 4.244565963745117
4 <---> 3 : 3.1609535217285156
5 <---> 4 : 3.392934799194336
5 <---> 1 : 3.0846595764160156
5 <---> 2 : 4.3621063232421875
2 <---> 3 : 3.8809776306152344
2 <---> 5 : 3.1616687774658203
2 <---> 6 : 4.245996475219727
2 <---> 1 : 4.071950912475586
==================================== link detector ====================================

----------------------------
src    dst :    delay
1 <---> 2 : 3.1540393829345703
1 <---> 5 : 3.3731460571289062
3 <---> 2 : 4.472255706787109
3 <---> 6 : 2.8603076934814453
3 <---> 4 : 2.5064945220947266
6 <---> 2 : 3.8559436798095703
6 <---> 3 : 3.918170928955078
4 <---> 5 : 2.5572776794433594
4 <---> 3 : 2.566814422607422
5 <---> 4 : 4.303455352783203
5 <---> 1 : 4.085063934326172
5 <---> 2 : 2.7387142181396484
2 <---> 3 : 4.449129104614258
2 <---> 5 : 3.1883716583251953
2 <---> 6 : 4.37617301940918
2 <---> 1 : 3.7598609924316406
discovery--->==================================== discovery ====================================
discovery---> cls: [(1, 2), (1, 5), (2, 3), (2, 6), (2, 5), (3, 4), (3, 6), (4, 5)]
discovery--->=============================================================================
==================================== link detector ====================================

----------------------------
src    dst :    delay
1 <---> 2 : 3.9963722229003906
1 <---> 5 : 3.299713134765625
3 <---> 2 : 2.9151439666748047
3 <---> 6 : 4.235267639160156
3 <---> 4 : 2.774477005004883
6 <---> 2 : 2.335071563720703
6 <---> 3 : 2.4313926696777344
4 <---> 5 : 4.315614700317383
4 <---> 3 : 3.226757049560547
5 <---> 4 : 4.304647445678711
5 <---> 1 : 4.177331924438477
5 <---> 2 : 3.2563209533691406
2 <---> 3 : 2.3136138916015625
2 <---> 5 : 2.377033233642578
2 <---> 6 : 3.1609535217285156
2 <---> 1 : 2.230405807495117
discovery--->==================================== discovery ====================================
discovery---> cls: [(1, 2), (1, 5), (2, 3), (2, 6), (2, 5), (3, 4), (3, 6), (4, 5)]
discovery--->=============================================================================
==================================== link detector ====================================

----------------------------
src    dst :    delay
1 <---> 2 : 2.8328895568847656
1 <---> 5 : 2.588033676147461
3 <---> 2 : 2.672910690307617
3 <---> 6 : 2.4247169494628906
3 <---> 4 : 2.8715133666992188
6 <---> 2 : 2.205371856689453
6 <---> 3 : 2.4993419647216797
4 <---> 5 : 2.4755001068115234
4 <---> 3 : 3.175973892211914
5 <---> 4 : 2.9480457305908203
5 <---> 1 : 3.7636756896972656
5 <---> 2 : 2.7832984924316406
2 <---> 3 : 2.4619102478027344
2 <---> 5 : 3.259420394897461
2 <---> 6 : 2.8955936431884766
2 <---> 1 : 7.655620574951172
==================================== link detector ====================================

----------------------------
src    dst :    delay
1 <---> 2 : 3.247976303100586
1 <---> 5 : 2.8192996978759766
3 <---> 2 : 3.7567615509033203
3 <---> 6 : 2.340555191040039
3 <---> 4 : 4.225730895996094
6 <---> 2 : 2.506732940673828
6 <---> 3 : 3.1423568725585938
4 <---> 5 : 3.032207489013672
4 <---> 3 : 3.1507015228271484
5 <---> 4 : 2.9571056365966797
5 <---> 1 : 4.201650619506836
5 <---> 2 : 3.347635269165039
2 <---> 3 : 3.312826156616211
2 <---> 5 : 4.1656494140625
2 <---> 6 : 3.0126571655273438
2 <---> 1 : 2.2974014282226562
discovery--->==================================== discovery ====================================
discovery---> cls: [(1, 2), (1, 5), (2, 3), (2, 6), (2, 5), (3, 4), (3, 6), (4, 5)]
discovery--->=============================================================================
==================================== link detector ====================================

----------------------------
src    dst :    delay
1 <---> 2 : 3.4949779510498047
1 <---> 5 : 3.229379653930664
3 <---> 2 : 4.349470138549805
3 <---> 6 : 2.9325485229492188
3 <---> 4 : 4.197359085083008
6 <---> 2 : 4.225730895996094
6 <---> 3 : 2.6826858520507812
4 <---> 5 : 3.0908584594726562
4 <---> 3 : 3.907918930053711
5 <---> 4 : 4.522085189819336
5 <---> 1 : 3.2949447631835938
5 <---> 2 : 2.5975704193115234
2 <---> 3 : 4.222631454467773
2 <---> 5 : 4.26173210144043
2 <---> 6 : 4.313230514526367
2 <---> 1 : 4.254341125488281
discovery--->==================================== discovery ====================================
discovery---> cls: [(1, 2), (1, 5), (2, 3), (2, 6), (2, 5), (3, 4), (3, 6), (4, 5)]
discovery--->=============================================================================
==================================== link detector ====================================

----------------------------
src    dst :    delay
1 <---> 2 : 2.761363983154297
1 <---> 5 : 2.4657249450683594
3 <---> 2 : 3.3113956451416016
3 <---> 6 : 4.507303237915039
3 <---> 4 : 4.467010498046875
6 <---> 2 : 2.691030502319336
6 <---> 3 : 4.016637802124023
4 <---> 5 : 3.154754638671875
4 <---> 3 : 3.919839859008789
5 <---> 4 : 3.1044483184814453
5 <---> 1 : 2.7387142181396484
5 <---> 2 : 2.4726390838623047
2 <---> 3 : 3.007173538208008
2 <---> 5 : 4.355430603027344
2 <---> 6 : 4.411220550537109
2 <---> 1 : 4.387617111206055
==================================== link detector ====================================

----------------------------
src    dst :    delay
1 <---> 2 : 3.2041072845458984
1 <---> 5 : 2.825021743774414
3 <---> 2 : 3.3049583435058594
3 <---> 6 : 4.224538803100586
3 <---> 4 : 2.742767333984375
6 <---> 2 : 4.181385040283203
6 <---> 3 : 3.6003589630126953
4 <---> 5 : 3.651142120361328
4 <---> 3 : 3.633737564086914
5 <---> 4 : 2.8526782989501953
5 <---> 1 : 4.111528396606445
5 <---> 2 : 3.7398338317871094
2 <---> 3 : 4.152536392211914
2 <---> 5 : 2.991199493408203
2 <---> 6 : 3.0431747436523438
2 <---> 1 : 4.25410270690918
discovery--->==================================== discovery ====================================
discovery---> cls: [(1, 2), (1, 5), (2, 3), (2, 6), (2, 5), (3, 4), (3, 6), (4, 5)]
discovery--->=============================================================================
==================================== link detector ====================================

----------------------------
src    dst :    delay
1 <---> 2 : 3.3125877380371094
1 <---> 5 : 2.2325515747070312
3 <---> 2 : 3.045320510864258
3 <---> 6 : 3.1075477600097656
3 <---> 4 : 4.363775253295898
6 <---> 2 : 4.226922988891602
6 <---> 3 : 2.6886463165283203
4 <---> 5 : 3.114938735961914
4 <---> 3 : 3.7729740142822266
5 <---> 4 : 4.141330718994141
5 <---> 1 : 2.542734146118164
5 <---> 2 : 2.422809600830078
2 <---> 3 : 3.4308433532714844
2 <---> 5 : 2.8476715087890625
2 <---> 6 : 3.8275718688964844
2 <---> 1 : 6.384134292602539
discovery--->==================================== discovery ====================================
discovery---> cls: [(1, 2), (1, 5), (2, 3), (2, 6), (2, 5), (3, 4), (3, 6), (4, 5)]
discovery--->=============================================================================
==================================== link detector ====================================

----------------------------
src    dst :    delay
1 <---> 2 : 4.17637825012207
1 <---> 5 : 2.8645992279052734
3 <---> 2 : 2.1469593048095703
3 <---> 6 : 3.065824508666992
3 <---> 4 : 2.3016929626464844
6 <---> 2 : 2.3403167724609375
6 <---> 3 : 2.295255661010742
4 <---> 5 : 2.457141876220703
4 <---> 3 : 2.2084712982177734
5 <---> 4 : 2.218484878540039
5 <---> 1 : 2.582073211669922
5 <---> 2 : 4.41431999206543
2 <---> 3 : 2.3763179779052734
2 <---> 5 : 2.6662349700927734
2 <---> 6 : 2.4781227111816406
2 <---> 1 : 3.418445587158203
==================================== link detector ====================================

----------------------------
src    dst :    delay
1 <---> 2 : 2.741098403930664
1 <---> 5 : 2.2559165954589844
3 <---> 2 : 2.2208690643310547
3 <---> 6 : 2.147674560546875
3 <---> 4 : 2.2478103637695312
6 <---> 2 : 2.9840469360351562
6 <---> 3 : 2.6297569274902344
4 <---> 5 : 4.168272018432617
4 <---> 3 : 4.547834396362305
5 <---> 4 : 3.930807113647461
5 <---> 1 : 3.401041030883789
5 <---> 2 : 2.359151840209961
2 <---> 3 : 3.8585662841796875
2 <---> 5 : 4.254341125488281
2 <---> 6 : 3.979921340942383
2 <---> 1 : 2.753734588623047
discovery--->==================================== discovery ====================================
discovery---> cls: [(1, 2), (1, 5), (2, 3), (2, 6), (2, 5), (3, 4), (3, 6), (4, 5)]
discovery--->=============================================================================
==================================== link detector ====================================

----------------------------
src    dst :    delay
1 <---> 2 : 4.256725311279297
1 <---> 5 : 4.319667816162109
3 <---> 2 : 4.3277740478515625
3 <---> 6 : 4.013538360595703
3 <---> 4 : 3.442525863647461
6 <---> 2 : 3.6721229553222656
6 <---> 3 : 2.731800079345703
4 <---> 5 : 3.052234649658203
4 <---> 3 : 2.489328384399414
5 <---> 4 : 3.2358169555664062
5 <---> 1 : 3.283262252807617
5 <---> 2 : 4.396677017211914
2 <---> 3 : 4.34565544128418
2 <---> 5 : 3.2792091369628906
2 <---> 6 : 3.1206607818603516
2 <---> 1 : 4.254341125488281
discovery--->==================================== discovery ====================================
discovery---> cls: [(1, 2), (1, 5), (2, 3), (2, 6), (2, 5), (3, 4), (3, 6), (4, 5)]
discovery--->=============================================================================
==================================== link detector ====================================

----------------------------
src    dst :    delay
1 <---> 2 : 4.38380241394043
1 <---> 5 : 4.206657409667969
3 <---> 2 : 2.888917922973633
3 <---> 6 : 3.0901432037353516
3 <---> 4 : 2.3140907287597656
6 <---> 2 : 4.143476486206055
6 <---> 3 : 3.9680004119873047
4 <---> 5 : 2.8922557830810547
4 <---> 3 : 2.724885940551758
5 <---> 4 : 4.122018814086914
5 <---> 1 : 4.294872283935547
5 <---> 2 : 2.5348663330078125
2 <---> 3 : 4.517555236816406
2 <---> 5 : 3.596782684326172
2 <---> 6 : 3.2644271850585938
2 <---> 1 : 3.893613815307617
==================================== link detector ====================================

----------------------------
src    dst :    delay
1 <---> 2 : 2.446889877319336
1 <---> 5 : 2.498626708984375
3 <---> 2 : 2.683401107788086
3 <---> 6 : 4.223346710205078
3 <---> 4 : 2.787351608276367
6 <---> 2 : 2.935647964477539
6 <---> 3 : 2.3870468139648438
4 <---> 5 : 3.091573715209961
4 <---> 3 : 4.528045654296875
5 <---> 4 : 4.323482513427734
5 <---> 1 : 4.212856292724609
5 <---> 2 : 4.7454833984375
2 <---> 3 : 4.286289215087891
2 <---> 5 : 2.5115013122558594
2 <---> 6 : 4.335641860961914
2 <---> 1 : 2.565145492553711
discovery--->==================================== discovery ====================================
discovery---> cls: [(1, 2), (1, 5), (2, 3), (2, 6), (2, 5), (3, 4), (3, 6), (4, 5)]
discovery--->=============================================================================
==================================== link detector ====================================

----------------------------
src    dst :    delay
1 <---> 2 : 3.587961196899414
1 <---> 5 : 4.17017936706543
3 <---> 2 : 2.794981002807617
3 <---> 6 : 2.7811527252197266
3 <---> 4 : 2.630472183227539
6 <---> 2 : 4.1522979736328125
6 <---> 3 : 3.0167102813720703
4 <---> 5 : 3.633737564086914
4 <---> 3 : 3.5483837127685547
5 <---> 4 : 2.8426647186279297
5 <---> 1 : 4.301786422729492
5 <---> 2 : 3.697633743286133
2 <---> 3 : 4.299163818359375
2 <---> 5 : 2.808094024658203
2 <---> 6 : 2.881288528442383
2 <---> 1 : 4.307270050048828
discovery--->==================================== discovery ====================================
discovery---> cls: [(1, 2), (1, 5), (2, 3), (2, 6), (2, 5), (3, 4), (3, 6), (4, 5)]
discovery--->=============================================================================
==================================== link detector ====================================

----------------------------
src    dst :    delay
1 <---> 2 : 5.027055740356445
1 <---> 5 : 4.274606704711914
3 <---> 2 : 4.245519638061523
3 <---> 6 : 3.330707550048828
3 <---> 4 : 3.5114288330078125
6 <---> 2 : 3.5631656646728516
6 <---> 3 : 2.717256546020508
4 <---> 5 : 3.1981468200683594
4 <---> 3 : 3.556966781616211
5 <---> 4 : 3.414154052734375
5 <---> 1 : 3.7026405334472656
5 <---> 2 : 2.995729446411133
2 <---> 3 : 3.3631324768066406
2 <---> 5 : 4.306793212890625
2 <---> 6 : 3.37982177734375
2 <---> 1 : 4.366636276245117
==================================== link detector ====================================

----------------------------
src    dst :    delay
1 <---> 2 : 3.1723976135253906
1 <---> 5 : 3.8466453552246094
3 <---> 2 : 2.8634071350097656
3 <---> 6 : 2.840757369995117
3 <---> 4 : 4.115581512451172
6 <---> 2 : 3.579378128051758
6 <---> 3 : 3.597259521484375
4 <---> 5 : 2.856731414794922
4 <---> 3 : 2.9251575469970703
5 <---> 4 : 4.123926162719727
5 <---> 1 : 2.8090476989746094
5 <---> 2 : 4.349470138549805
2 <---> 3 : 4.453182220458984
2 <---> 5 : 2.7811527252197266
2 <---> 6 : 4.1751861572265625
2 <---> 1 : 4.211187362670898
discovery--->==================================== discovery ====================================
discovery---> cls: [(1, 2), (1, 5), (2, 3), (2, 6), (2, 5), (3, 4), (3, 6), (4, 5)]
discovery--->=============================================================================
==================================== link detector ====================================

----------------------------
src    dst :    delay
1 <---> 2 : 4.318475723266602
1 <---> 5 : 2.7298927307128906
3 <---> 2 : 4.393815994262695
3 <---> 6 : 2.857685089111328
3 <---> 4 : 2.8476715087890625
6 <---> 2 : 3.717660903930664
6 <---> 3 : 3.141641616821289
4 <---> 5 : 3.6492347717285156
4 <---> 3 : 3.5462379455566406
5 <---> 4 : 2.0751953125
5 <---> 1 : 2.5925636291503906
5 <---> 2 : 4.812717437744141
2 <---> 3 : 4.244089126586914
2 <---> 5 : 3.3822059631347656
2 <---> 6 : 2.474546432495117
2 <---> 1 : 3.35693359375
discovery--->==================================== discovery ====================================
discovery---> cls: [(1, 2), (1, 5), (2, 3), (2, 6), (2, 5), (3, 4), (3, 6), (4, 5)]
discovery--->=============================================================================
==================================== link detector ====================================

----------------------------
src    dst :    delay
1 <---> 2 : 3.2324790954589844
1 <---> 5 : 3.2677650451660156
3 <---> 2 : 3.478527069091797
3 <---> 6 : 4.021167755126953
3 <---> 4 : 4.18400764465332
6 <---> 2 : 3.1957626342773438
6 <---> 3 : 4.093647003173828
4 <---> 5 : 3.9484500885009766
4 <---> 3 : 3.1697750091552734
5 <---> 4 : 3.299713134765625
5 <---> 1 : 3.1137466430664062
5 <---> 2 : 4.181623458862305
2 <---> 3 : 2.7382373809814453
2 <---> 5 : 4.2629241943359375
2 <---> 6 : 2.5403499603271484
2 <---> 1 : 2.778768539428711
==================================== link detector ====================================

----------------------------
src    dst :    delay
1 <---> 2 : 4.2018890380859375
1 <---> 5 : 2.7647018432617188
3 <---> 2 : 4.30607795715332
3 <---> 6 : 4.429340362548828
3 <---> 4 : 4.14729118347168
6 <---> 2 : 2.7341842651367188
6 <---> 3 : 4.0435791015625
4 <---> 5 : 3.273487091064453
4 <---> 3 : 3.948211669921875
5 <---> 4 : 3.18145751953125
5 <---> 1 : 3.242015838623047
5 <---> 2 : 2.7146339416503906
2 <---> 3 : 3.9072036743164062
2 <---> 5 : 2.9985904693603516
2 <---> 6 : 4.1675567626953125
2 <---> 1 : 4.477977752685547
discovery--->==================================== discovery ====================================
discovery---> cls: [(1, 2), (1, 5), (2, 3), (2, 6), (2, 5), (3, 4), (3, 6), (4, 5)]
discovery--->=============================================================================
==================================== link detector ====================================

----------------------------
src    dst :    delay
1 <---> 2 : 3.3507347106933594
1 <---> 5 : 5.516767501831055
3 <---> 2 : 3.036022186279297
3 <---> 6 : 4.148960113525391
3 <---> 4 : 2.7358531951904297
6 <---> 2 : 3.6411285400390625
6 <---> 3 : 3.6389827728271484
4 <---> 5 : 3.2622814178466797
4 <---> 3 : 4.180669784545898
5 <---> 4 : 3.5784244537353516
5 <---> 1 : 3.4177303314208984
5 <---> 2 : 4.426717758178711
2 <---> 3 : 3.5543441772460938
2 <---> 5 : 4.188776016235352
2 <---> 6 : 3.438711166381836
2 <---> 1 : 2.955198287963867
discovery--->==================================== discovery ====================================
discovery---> cls: [(1, 2), (1, 5), (2, 3), (2, 6), (2, 5), (3, 4), (3, 6), (4, 5)]
discovery--->=============================================================================
==================================== link detector ====================================

----------------------------
src    dst :    delay
1 <---> 2 : 3.359079360961914
1 <---> 5 : 4.25267219543457
3 <---> 2 : 3.31878662109375
3 <---> 6 : 3.249645233154297
3 <---> 4 : 4.166126251220703
6 <---> 2 : 3.3936500549316406
6 <---> 3 : 4.207611083984375
4 <---> 5 : 4.169702529907227
4 <---> 3 : 4.257440567016602
5 <---> 4 : 2.381563186645508
5 <---> 1 : 4.401206970214844
5 <---> 2 : 4.258394241333008
2 <---> 3 : 4.287958145141602
2 <---> 5 : 3.288745880126953
2 <---> 6 : 4.109621047973633
2 <---> 1 : 4.111528396606445
==================================== link detector ====================================

----------------------------
src    dst :    delay
1 <---> 2 : 4.2896270751953125
1 <---> 5 : 3.2253265380859375
3 <---> 2 : 3.5004615783691406
3 <---> 6 : 3.278493881225586
3 <---> 4 : 4.054784774780273
6 <---> 2 : 2.7923583984375
6 <---> 3 : 4.13966178894043
4 <---> 5 : 4.215240478515625
4 <---> 3 : 4.170656204223633
5 <---> 4 : 3.056764602661133
5 <---> 1 : 3.9823055267333984
5 <---> 2 : 3.292560577392578
2 <---> 3 : 13.915300369262695
2 <---> 5 : 3.1723976135253906
2 <---> 6 : 4.292726516723633
2 <---> 1 : 2.898693084716797
discovery--->==================================== discovery ====================================
discovery---> cls: [(1, 2), (1, 5), (2, 3), (2, 6), (2, 5), (3, 4), (3, 6), (4, 5)]
discovery--->=============================================================================
==================================== link detector ====================================

----------------------------
src    dst :    delay
1 <---> 2 : 3.423452377319336
1 <---> 5 : 2.378702163696289
3 <---> 2 : 4.347801208496094
3 <---> 6 : 2.7327537536621094
3 <---> 4 : 3.4198760986328125
6 <---> 2 : 3.3545494079589844
6 <---> 3 : 4.414081573486328
4 <---> 5 : 2.8460025787353516
4 <---> 3 : 3.0345916748046875
5 <---> 4 : 2.6292800903320312
5 <---> 1 : 4.198551177978516
5 <---> 2 : 3.6628246307373047
2 <---> 3 : 2.8085708618164062
2 <---> 5 : 3.165721893310547
2 <---> 6 : 4.31370735168457
2 <---> 1 : 3.1185150146484375
discovery--->==================================== discovery ====================================
discovery---> cls: [(1, 2), (1, 5), (2, 3), (2, 6), (2, 5), (3, 4), (3, 6), (4, 5)]
discovery--->=============================================================================
==================================== link detector ====================================

----------------------------
src    dst :    delay
1 <---> 2 : 3.9870738983154297
1 <---> 5 : 3.143787384033203
3 <---> 2 : 3.33404541015625
3 <---> 6 : 4.446983337402344
3 <---> 4 : 2.7403831481933594
6 <---> 2 : 3.839254379272461
6 <---> 3 : 4.031896591186523
4 <---> 5 : 2.820253372192383
4 <---> 3 : 3.4227371215820312
5 <---> 4 : 4.248619079589844
5 <---> 1 : 4.181146621704102
5 <---> 2 : 4.23431396484375
2 <---> 3 : 2.830982208251953
2 <---> 5 : 4.274129867553711
2 <---> 6 : 4.750967025756836
2 <---> 1 : 4.393100738525391
==================================== link detector ====================================

----------------------------
src    dst :    delay
1 <---> 2 : 4.29987907409668
1 <---> 5 : 2.439737319946289
3 <---> 2 : 4.307746887207031
3 <---> 6 : 2.1615028381347656
3 <---> 4 : 2.2110939025878906
6 <---> 2 : 4.199504852294922
6 <---> 3 : 2.9144287109375
4 <---> 5 : 3.4711360931396484
4 <---> 3 : 3.5996437072753906
5 <---> 4 : 3.6745071411132812
5 <---> 1 : 2.4237632751464844
5 <---> 2 : 4.321098327636719
2 <---> 3 : 4.420995712280273
2 <---> 5 : 2.4764537811279297
2 <---> 6 : 2.9463768005371094
2 <---> 1 : 4.358053207397461
discovery--->==================================== discovery ====================================
discovery---> cls: [(1, 2), (1, 5), (2, 3), (2, 6), (2, 5), (3, 4), (3, 6), (4, 5)]
discovery--->=============================================================================
==================================== link detector ====================================

----------------------------
src    dst :    delay
1 <---> 2 : 4.297494888305664
1 <---> 5 : 3.236532211303711
3 <---> 2 : 3.384828567504883
3 <---> 6 : 3.738880157470703
3 <---> 4 : 4.157543182373047
6 <---> 2 : 3.546476364135742
6 <---> 3 : 3.4780502319335938
4 <---> 5 : 2.7267932891845703
4 <---> 3 : 4.004716873168945
5 <---> 4 : 4.171133041381836
5 <---> 1 : 2.4178028106689453
5 <---> 2 : 4.389762878417969
2 <---> 3 : 2.5653839111328125
2 <---> 5 : 3.4477710723876953
2 <---> 6 : 2.901792526245117
2 <---> 1 : 3.4530162811279297
discovery--->==================================== discovery ====================================
discovery---> cls: [(1, 2), (1, 5), (2, 3), (2, 6), (2, 5), (3, 4), (3, 6), (4, 5)]
discovery--->=============================================================================
==================================== link detector ====================================

----------------------------
src    dst :    delay
1 <---> 2 : 2.4852752685546875
1 <---> 5 : 4.715204238891602
3 <---> 2 : 3.467559814453125
3 <---> 6 : 2.7577877044677734
3 <---> 4 : 4.197597503662109
6 <---> 2 : 2.7806758880615234
6 <---> 3 : 2.984285354614258
4 <---> 5 : 2.234220504760742
4 <---> 3 : 2.8378963470458984
5 <---> 4 : 11.573553085327148
5 <---> 1 : 3.2379627227783203
5 <---> 2 : 4.302501678466797
2 <---> 3 : 3.275156021118164
2 <---> 5 : 3.2351016998291016
2 <---> 6 : 3.2758712768554688
2 <---> 1 : 3.388643264770508
==================================== link detector ====================================

----------------------------
src    dst :    delay
1 <---> 2 : 3.910064697265625
1 <---> 5 : 3.3168792724609375
3 <---> 2 : 2.612590789794922
3 <---> 6 : 4.15349006652832
3 <---> 4 : 4.132270812988281
6 <---> 2 : 2.2268295288085938
6 <---> 3 : 2.770662307739258
4 <---> 5 : 3.1158924102783203
4 <---> 3 : 3.0362606048583984
5 <---> 4 : 2.7043819427490234
5 <---> 1 : 3.5555362701416016
5 <---> 2 : 3.1118392944335938
2 <---> 3 : 3.2722949981689453
2 <---> 5 : 4.345893859863281
2 <---> 6 : 4.237651824951172
2 <---> 1 : 4.157304763793945
discovery--->==================================== discovery ====================================
discovery---> cls: [(1, 2), (1, 5), (2, 3), (2, 6), (2, 5), (3, 4), (3, 6), (4, 5)]
discovery--->=============================================================================
==================================== link detector ====================================

----------------------------
src    dst :    delay
1 <---> 2 : 2.846956253051758
1 <---> 5 : 4.112958908081055
3 <---> 2 : 3.3795833587646484
3 <---> 6 : 2.171754837036133
3 <---> 4 : 3.1995773315429688
6 <---> 2 : 2.8345584869384766
6 <---> 3 : 3.659486770629883
4 <---> 5 : 2.9015541076660156
4 <---> 3 : 2.6443004608154297
5 <---> 4 : 2.743959426879883
5 <---> 1 : 2.582550048828125
5 <---> 2 : 4.29534912109375
2 <---> 3 : 2.8853416442871094
2 <---> 5 : 3.6911964416503906
2 <---> 6 : 4.4612884521484375
2 <---> 1 : 3.6339759826660156
