loading app network_structure.py
Matplotlib created a temporary config/cache directory at /tmp/matplotlib-jlwi4zn6 because the default path (/home/terry/.config/matplotlib) is not a writable directory; it is highly recommended to set the MPLCONFIGDIR environment variable to a writable directory, in particular to speed up the import of Matplotlib and to better support multiprocessing.
Generating new fontManager, this may take some time...
Failed to extract font properties from /usr/share/fonts/truetype/noto/NotoColorEmoji.ttf: In FT2Font: Can not load face.  Unknown file format.
loading app network_monitor.py
loading app network_delay.py
loading app network_shortest_path.py
loading app arp_handler.py
loading app ryu.controller.ofp_handler
instantiating app None of Switches
creating context switches
instantiating app network_structure.py of NetworkStructure
instantiating app network_monitor.py of NetworkMonitor
instantiating app network_delay.py of NetworkDelay
instantiating app network_shortest_path.py of NetworkShortestPath
instantiating app arp_handler.py of ArpHandler
instantiating app ryu.controller.ofp_handler of OFPHandler
discovery---> AccessPoint: 1 connected
discovery---> AccessPoint: 2 connected
discovery---> AccessPoint: 3 connected
monitor---->register datapath: 1000000000000003
monitor---->register datapath: 1000000000000001
monitor---->register datapath: 1000000000000002
==================================== link detector ====================================

----------------------------
src    dst :    delay
1 <---> 2 : 2.7976036071777344
1 <---> 3 : 3.6859512329101562
2 <---> 1 : 4.058361053466797
2 <---> 3 : 2.203702926635742
3 <---> 2 : 2.681255340576172
3 <---> 1 : 2.5756359100341797
discovery--->==================================== discovery ====================================
discovery---> cls: [(1, 2), (1, 3), (2, 3)]
discovery--->=============================================================================
datapath         port     rx-pkts  rx-bytes rx-error tx-pkts  tx-bytes tx-error
---------------- -------- -------- -------- -------- -------- -------- --------
0000000000000002        1        0        0        0        5      390        0
0000000000000002        2       25     3230        0       25     3230        0
0000000000000002        3       25     3230        0       24     3170        0
datapath         in-port  eth-dst           out-port packets  bytes
---------------- -------- ----------------- -------- -------- --------
datapath         port     rx-pkts  rx-bytes rx-error tx-pkts  tx-bytes tx-error
---------------- -------- -------- -------- -------- -------- -------- --------
0000000000000001        1        0        0        0        5      390        0
0000000000000001        2       25     3230        0       25     3230        0
0000000000000001        3       25     3230        0       25     3230        0
datapath         in-port  eth-dst           out-port packets  bytes
---------------- -------- ----------------- -------- -------- --------
datapath         port     rx-pkts  rx-bytes rx-error tx-pkts  tx-bytes tx-error
---------------- -------- -------- -------- -------- -------- -------- --------
0000000000000003        1        0        0        0        5      390        0
0000000000000003        2       25     3230        0       25     3230        0
0000000000000003        3       24     3170        0       25     3230        0
datapath         in-port  eth-dst           out-port packets  bytes
---------------- -------- ----------------- -------- -------- --------
==================================== link detector ====================================

----------------------------
src    dst :    delay
1 <---> 2 : 3.822803497314453
1 <---> 3 : 2.917051315307617
2 <---> 1 : 2.319812774658203
2 <---> 3 : 2.6865005493164062
3 <---> 2 : 2.5360584259033203
3 <---> 1 : 4.1370391845703125
==================================== link detector ====================================

----------------------------
src    dst :    delay
1 <---> 2 : 2.6764869689941406
1 <---> 3 : 3.7086009979248047
2 <---> 1 : 3.1461715698242188
2 <---> 3 : 2.9904842376708984
3 <---> 2 : 3.1545162200927734
3 <---> 1 : 4.2362213134765625
discovery--->==================================== discovery ====================================
discovery---> cls: [(1, 2), (1, 3), (2, 3)]
discovery--->=============================================================================
datapath         port     rx-pkts  rx-bytes rx-error tx-pkts  tx-bytes tx-error
---------------- -------- -------- -------- -------- -------- -------- --------
0000000000000002        1        0        0        0       11      858        0
0000000000000002        2       30     3530        0       32     3660        0
0000000000000002        3       32     3660        0       30     3530        0
datapath         in-port  eth-dst           out-port packets  bytes
---------------- -------- ----------------- -------- -------- --------
datapath         port     rx-pkts  rx-bytes rx-error tx-pkts  tx-bytes tx-error
---------------- -------- -------- -------- -------- -------- -------- --------
0000000000000003        1        0        0        0       11      858        0
0000000000000003        2       31     3600        0       31     3590        0
0000000000000003        3       30     3530        0       32     3660        0
datapath         in-port  eth-dst           out-port packets  bytes
---------------- -------- ----------------- -------- -------- --------
datapath         port     rx-pkts  rx-bytes rx-error tx-pkts  tx-bytes tx-error
---------------- -------- -------- -------- -------- -------- -------- --------
0000000000000001        1        0        0        0       11      858        0
0000000000000001        2       31     3590        0       31     3600        0
0000000000000001        3       32     3660        0       30     3530        0
datapath         in-port  eth-dst           out-port packets  bytes
---------------- -------- ----------------- -------- -------- --------
==================================== link detector ====================================

----------------------------
src    dst :    delay
1 <---> 2 : 3.7162303924560547
1 <---> 3 : 2.427816390991211
2 <---> 1 : 3.4165382385253906
2 <---> 3 : 3.9420127868652344
3 <---> 2 : 3.343820571899414
3 <---> 1 : 3.4379959106445312
discovery--->==================================== discovery ====================================
discovery---> cls: [(1, 2), (1, 3), (2, 3)]
discovery--->=============================================================================
datapath         port     rx-pkts  rx-bytes rx-error tx-pkts  tx-bytes tx-error
---------------- -------- -------- -------- -------- -------- -------- --------
0000000000000002        1        0        0        0       16     1248        0
0000000000000002        2       38     4163        0       38     4163        0
0000000000000002        3       38     4163        0       38     4163        0
datapath         in-port  eth-dst           out-port packets  bytes
---------------- -------- ----------------- -------- -------- --------
datapath         port     rx-pkts  rx-bytes rx-error tx-pkts  tx-bytes tx-error
---------------- -------- -------- -------- -------- -------- -------- --------
0000000000000001        1        0        0        0       17     1326        0
0000000000000001        2       38     4163        0       38     4163        0
0000000000000001        3       38     4163        0       38     4163        0
datapath         in-port  eth-dst           out-port packets  bytes
---------------- -------- ----------------- -------- -------- --------
datapath         port     rx-pkts  rx-bytes rx-error tx-pkts  tx-bytes tx-error
---------------- -------- -------- -------- -------- -------- -------- --------
0000000000000003        1        0        0        0       16     1248        0
0000000000000003        2       38     4163        0       38     4163        0
0000000000000003        3       38     4163        0       38     4163        0
datapath         in-port  eth-dst           out-port packets  bytes
---------------- -------- ----------------- -------- -------- --------
==================================== link detector ====================================

----------------------------
src    dst :    delay
1 <---> 2 : 3.4139156341552734
1 <---> 3 : 3.148317337036133
2 <---> 1 : 2.9802322387695312
2 <---> 3 : 3.666400909423828
3 <---> 2 : 3.5512447357177734
3 <---> 1 : 3.054380416870117
==================================== link detector ====================================

----------------------------
src    dst :    delay
1 <---> 2 : 2.876758575439453
1 <---> 3 : 2.879619598388672
2 <---> 1 : 3.2548904418945312
2 <---> 3 : 3.0515193939208984
3 <---> 2 : 3.306865692138672
3 <---> 1 : 3.3392906188964844
shortest=====>[PATH] [192.168.0.1 <----> 192.168.0.2]: [1, 3]
shortest=====>[PATH] [192.168.0.1 <----> 192.168.0.3]: [1, 2]
shortest=====>[PATH] [192.168.0.2 <----> 192.168.0.3]: [3, 2]
datapath         port     rx-pkts  rx-bytes rx-error tx-pkts  tx-bytes tx-error
---------------- -------- -------- -------- -------- -------- -------- --------
0000000000000001        1        6      476        0       34     2678        0
0000000000000001        2       48     4803        0       47     4743        0
0000000000000001        3       48     4803        0       47     4743        0
datapath         in-port  eth-dst           out-port packets  bytes
---------------- -------- ----------------- -------- -------- --------
0000000000000001        1       192.168.0.2        2        1       98
0000000000000001        1       192.168.0.3        3        1       98
0000000000000001        2       192.168.0.1        1        2      196
0000000000000001        3       192.168.0.1        1        2      196
datapath         port     rx-pkts  rx-bytes rx-error tx-pkts  tx-bytes tx-error
---------------- -------- -------- -------- -------- -------- -------- --------
0000000000000003        1        8      560        0       31     2498        0
0000000000000003        2       47     4743        0       48     4803        0
0000000000000003        3       47     4743        0       49     4863        0
datapath         in-port  eth-dst           out-port packets  bytes
---------------- -------- ----------------- -------- -------- --------
0000000000000003        1       192.168.0.1        2        2      196
0000000000000003        1       192.168.0.3        3        1       98
0000000000000003        2       192.168.0.2        1        2      196
0000000000000003        3       192.168.0.2        1        2      196
datapath         port     rx-pkts  rx-bytes rx-error tx-pkts  tx-bytes tx-error
---------------- -------- -------- -------- -------- -------- -------- --------
0000000000000002        1        7      518        0       31     2498        0
0000000000000002        2       47     4743        0       48     4803        0
0000000000000002        3       49     4863        0       47     4743        0
datapath         in-port  eth-dst           out-port packets  bytes
---------------- -------- ----------------- -------- -------- --------
0000000000000002        1       192.168.0.1        2        2      196
0000000000000002        1       192.168.0.2        3        2      196
0000000000000002        2       192.168.0.3        1        2      196
0000000000000002        3       192.168.0.3        1        2      196
discovery--->==================================== discovery ====================================
discovery---> cls: [(1, 2), (1, 3), (2, 3)]
discovery--->=============================================================================
==================================== link detector ====================================

----------------------------
src    dst :    delay
1 <---> 2 : 3.1099319458007812
1 <---> 3 : 3.1499862670898438
2 <---> 1 : 4.609584808349609
2 <---> 3 : 3.426790237426758
3 <---> 2 : 2.871990203857422
3 <---> 1 : 2.957582473754883
datapath         port     rx-pkts  rx-bytes rx-error tx-pkts  tx-bytes tx-error
---------------- -------- -------- -------- -------- -------- -------- --------
0000000000000002        1        8      560        0       38     3044        0
0000000000000002        2       53     5103        0       54     5173        0
0000000000000002        3       55     5233        0       53     5103        0
datapath         in-port  eth-dst           out-port packets  bytes
---------------- -------- ----------------- -------- -------- --------
0000000000000002        1       192.168.0.1        2        2      196
0000000000000002        1       192.168.0.2        3        2      196
0000000000000002        2       192.168.0.3        1        2      196
0000000000000002        3       192.168.0.3        1        2      196
datapath         port     rx-pkts  rx-bytes rx-error tx-pkts  tx-bytes tx-error
---------------- -------- -------- -------- -------- -------- -------- --------
0000000000000001        1        6      476        0       40     3146        0
0000000000000001        2       53     5103        0       54     5173        0
0000000000000001        3       54     5173        0       53     5103        0
datapath         in-port  eth-dst           out-port packets  bytes
---------------- -------- ----------------- -------- -------- --------
0000000000000001        1       192.168.0.2        2        1       98
0000000000000001        1       192.168.0.3        3        1       98
0000000000000001        2       192.168.0.1        1        2      196
0000000000000001        3       192.168.0.1        1        2      196
datapath         port     rx-pkts  rx-bytes rx-error tx-pkts  tx-bytes tx-error
---------------- -------- -------- -------- -------- -------- -------- --------
0000000000000003        1        9      602        0       38     3044        0
0000000000000003        2       54     5173        0       53     5103        0
0000000000000003        3       53     5103        0       55     5233        0
datapath         in-port  eth-dst           out-port packets  bytes
---------------- -------- ----------------- -------- -------- --------
0000000000000003        1       192.168.0.1        2        2      196
0000000000000003        1       192.168.0.3        3        1       98
0000000000000003        2       192.168.0.2        1        2      196
0000000000000003        3       192.168.0.2        1        2      196
discovery--->==================================== discovery ====================================
discovery---> cls: [(1, 2), (1, 3), (2, 3)]
discovery--->=============================================================================
==================================== link detector ====================================

----------------------------
src    dst :    delay
1 <---> 2 : 4.463672637939453
1 <---> 3 : 4.338264465332031
2 <---> 1 : 3.1440258026123047
2 <---> 3 : 2.505064010620117
3 <---> 2 : 3.2088756561279297
3 <---> 1 : 3.1790733337402344
==================================== link detector ====================================

----------------------------
src    dst :    delay
1 <---> 2 : 2.908945083618164
1 <---> 3 : 2.6602745056152344
2 <---> 1 : 3.4198760986328125
2 <---> 3 : 2.6082992553710938
3 <---> 2 : 3.5605430603027344
3 <---> 1 : 3.4706592559814453
datapath         port     rx-pkts  rx-bytes rx-error tx-pkts  tx-bytes tx-error
---------------- -------- -------- -------- -------- -------- -------- --------
0000000000000002        1       10      756        0       45     3666        0
0000000000000002        2       62     5872        0       63     5932        0
0000000000000002        3       62     5796        0       60     5676        0
datapath         in-port  eth-dst           out-port packets  bytes
---------------- -------- ----------------- -------- -------- --------
0000000000000002        1       192.168.0.1        2        4      392
0000000000000002        1       192.168.0.2        3        2      196
0000000000000002        2       192.168.0.3        1        4      392
0000000000000002        3       192.168.0.3        1        2      196
datapath         port     rx-pkts  rx-bytes rx-error tx-pkts  tx-bytes tx-error
---------------- -------- -------- -------- -------- -------- -------- --------
0000000000000001        1       10      868        0       49     4000        0
0000000000000001        2       63     5932        0       62     5872        0
0000000000000001        3       63     5932        0       62     5872        0
datapath         in-port  eth-dst           out-port packets  bytes
---------------- -------- ----------------- -------- -------- --------
0000000000000001        1       192.168.0.2        2        3      294
0000000000000001        1       192.168.0.3        3        3      294
0000000000000001        2       192.168.0.1        1        4      392
0000000000000001        3       192.168.0.1        1        4      392
datapath         port     rx-pkts  rx-bytes rx-error tx-pkts  tx-bytes tx-error
---------------- -------- -------- -------- -------- -------- -------- --------
0000000000000003        1       11      798        0       45     3666        0
0000000000000003        2       62     5872        0       63     5932        0
0000000000000003        3       60     5676        0       62     5796        0
datapath         in-port  eth-dst           out-port packets  bytes
---------------- -------- ----------------- -------- -------- --------
0000000000000003        1       192.168.0.1        2        4      392
0000000000000003        1       192.168.0.3        3        1       98
0000000000000003        2       192.168.0.2        1        4      392
0000000000000003        3       192.168.0.2        1        2      196
discovery--->==================================== discovery ====================================
discovery---> cls: [(1, 2), (1, 3), (2, 3)]
discovery--->=============================================================================
==================================== link detector ====================================

----------------------------
src    dst :    delay
1 <---> 2 : 3.092527389526367
1 <---> 3 : 3.1561851501464844
2 <---> 1 : 3.412485122680664
2 <---> 3 : 3.118753433227539
3 <---> 2 : 3.3202171325683594
3 <---> 1 : 3.3652782440185547
==================================== link detector ====================================

----------------------------
src    dst :    delay
1 <---> 2 : 2.891063690185547
1 <---> 3 : 3.4792423248291016
2 <---> 1 : 2.9883384704589844
2 <---> 3 : 3.7746429443359375
3 <---> 2 : 2.9938220977783203
3 <---> 1 : 3.0329227447509766
datapath         port     rx-pkts  rx-bytes rx-error tx-pkts  tx-bytes tx-error
---------------- -------- -------- -------- -------- -------- -------- --------
0000000000000001        1       10      868        0       55     4468        0
0000000000000001        2       69     6292        0       68     6232        0
0000000000000001        3       68     6232        0       68     6232        0
datapath         in-port  eth-dst           out-port packets  bytes
---------------- -------- ----------------- -------- -------- --------
0000000000000001        1       192.168.0.2        2        3      294
0000000000000001        1       192.168.0.3        3        3      294
0000000000000001        2       192.168.0.1        1        4      392
0000000000000001        3       192.168.0.1        1        4      392
datapath         port     rx-pkts  rx-bytes rx-error tx-pkts  tx-bytes tx-error
---------------- -------- -------- -------- -------- -------- -------- --------
0000000000000003        1       11      798        0       51     4134        0
0000000000000003        2       68     6232        0       69     6292        0
0000000000000003        3       66     6036        0       67     6096        0
datapath         in-port  eth-dst           out-port packets  bytes
---------------- -------- ----------------- -------- -------- --------
0000000000000003        1       192.168.0.1        2        4      392
0000000000000003        1       192.168.0.3        3        1       98
0000000000000003        2       192.168.0.2        1        4      392
0000000000000003        3       192.168.0.2        1        2      196
datapath         port     rx-pkts  rx-bytes rx-error tx-pkts  tx-bytes tx-error
---------------- -------- -------- -------- -------- -------- -------- --------
0000000000000002        1       10      756        0       51     4134        0
0000000000000002        2       68     6232        0       68     6232        0
0000000000000002        3       67     6096        0       66     6036        0
datapath         in-port  eth-dst           out-port packets  bytes
---------------- -------- ----------------- -------- -------- --------
0000000000000002        1       192.168.0.1        2        4      392
0000000000000002        1       192.168.0.2        3        2      196
0000000000000002        2       192.168.0.3        1        4      392
0000000000000002        3       192.168.0.3        1        2      196
discovery--->==================================== discovery ====================================
discovery---> cls: [(1, 2), (1, 3), (2, 3)]
discovery--->=============================================================================
==================================== link detector ====================================

----------------------------
src    dst :    delay
1 <---> 2 : 2.328634262084961
1 <---> 3 : 2.497434616088867
2 <---> 1 : 2.6199817657470703
2 <---> 3 : 2.5746822357177734
3 <---> 2 : 4.766941070556641
3 <---> 1 : 3.114938735961914
datapath         port     rx-pkts  rx-bytes rx-error tx-pkts  tx-bytes tx-error
---------------- -------- -------- -------- -------- -------- -------- --------
0000000000000002        1       10      756        0       56     4524        0
0000000000000002        2       73     6532        0       74     6592        0
0000000000000002        3       73     6456        0       71     6336        0
datapath         in-port  eth-dst           out-port packets  bytes
---------------- -------- ----------------- -------- -------- --------
0000000000000002        1       192.168.0.1        2        4      392
0000000000000002        1       192.168.0.2        3        2      196
0000000000000002        2       192.168.0.3        1        4      392
0000000000000002        3       192.168.0.3        1        2      196
datapath         port     rx-pkts  rx-bytes rx-error tx-pkts  tx-bytes tx-error
---------------- -------- -------- -------- -------- -------- -------- --------
0000000000000003        1       11      798        0       56     4524        0
0000000000000003        2       73     6532        0       74     6592        0
0000000000000003        3       71     6336        0       73     6456        0
datapath         in-port  eth-dst           out-port packets  bytes
---------------- -------- ----------------- -------- -------- --------
0000000000000003        1       192.168.0.1        2        4      392
0000000000000003        1       192.168.0.3        3        1       98
0000000000000003        2       192.168.0.2        1        4      392
0000000000000003        3       192.168.0.2        1        2      196
datapath         port     rx-pkts  rx-bytes rx-error tx-pkts  tx-bytes tx-error
---------------- -------- -------- -------- -------- -------- -------- --------
0000000000000001        1       10      868        0       60     4858        0
0000000000000001        2       74     6592        0       73     6532        0
0000000000000001        3       74     6592        0       73     6532        0
datapath         in-port  eth-dst           out-port packets  bytes
---------------- -------- ----------------- -------- -------- --------
0000000000000001        1       192.168.0.2        2        3      294
0000000000000001        1       192.168.0.3        3        3      294
0000000000000001        2       192.168.0.1        1        4      392
0000000000000001        3       192.168.0.1        1        4      392
discovery--->==================================== discovery ====================================
discovery---> cls: [(1, 2), (1, 3), (2, 3)]
discovery--->=============================================================================
==================================== link detector ====================================

----------------------------
src    dst :    delay
1 <---> 2 : 2.529144287109375
1 <---> 3 : 2.8717517852783203
2 <---> 1 : 2.162933349609375
2 <---> 3 : 3.898143768310547
3 <---> 2 : 4.746437072753906
3 <---> 1 : 2.5408267974853516
==================================== link detector ====================================

----------------------------
src    dst :    delay
1 <---> 2 : 3.3974647521972656
1 <---> 3 : 3.1735897064208984
2 <---> 1 : 2.9103755950927734
2 <---> 3 : 3.0024051666259766
3 <---> 2 : 3.3082962036132812
3 <---> 1 : 2.8748512268066406
datapath         port     rx-pkts  rx-bytes rx-error tx-pkts  tx-bytes tx-error
---------------- -------- -------- -------- -------- -------- -------- --------
0000000000000002        1       10      756        0       62     4992        0
0000000000000002        2       79     6892        0       80     6952        0
0000000000000002        3       79     6816        0       77     6696        0
datapath         in-port  eth-dst           out-port packets  bytes
---------------- -------- ----------------- -------- -------- --------
0000000000000002        1       192.168.0.1        2        4      392
0000000000000002        1       192.168.0.2        3        2      196
0000000000000002        2       192.168.0.3        1        4      392
0000000000000002        3       192.168.0.3        1        2      196
datapath         port     rx-pkts  rx-bytes rx-error tx-pkts  tx-bytes tx-error
---------------- -------- -------- -------- -------- -------- -------- --------
0000000000000003        1       11      798        0       62     4992        0
0000000000000003        2       79     6892        0       80     6952        0
0000000000000003        3       77     6696        0       79     6816        0
datapath         in-port  eth-dst           out-port packets  bytes
---------------- -------- ----------------- -------- -------- --------
0000000000000003        1       192.168.0.1        2        4      392
0000000000000003        1       192.168.0.3        3        1       98
0000000000000003        2       192.168.0.2        1        4      392
0000000000000003        3       192.168.0.2        1        2      196
datapath         port     rx-pkts  rx-bytes rx-error tx-pkts  tx-bytes tx-error
---------------- -------- -------- -------- -------- -------- -------- --------
0000000000000001        1       10      868        0       66     5326        0
0000000000000001        2       80     6952        0       79     6892        0
0000000000000001        3       80     6952        0       79     6892        0
datapath         in-port  eth-dst           out-port packets  bytes
---------------- -------- ----------------- -------- -------- --------
0000000000000001        1       192.168.0.2        2        3      294
0000000000000001        1       192.168.0.3        3        3      294
0000000000000001        2       192.168.0.1        1        4      392
0000000000000001        3       192.168.0.1        1        4      392
discovery--->==================================== discovery ====================================
discovery---> cls: [(1, 2), (1, 3), (2, 3)]
discovery--->=============================================================================
==================================== link detector ====================================

----------------------------
src    dst :    delay
1 <---> 2 : 3.204345703125
1 <---> 3 : 2.672433853149414
2 <---> 1 : 2.7577877044677734
2 <---> 3 : 3.6406517028808594
3 <---> 2 : 3.3271312713623047
3 <---> 1 : 3.623485565185547
datapath         port     rx-pkts  rx-bytes rx-error tx-pkts  tx-bytes tx-error
---------------- -------- -------- -------- -------- -------- -------- --------
0000000000000002        1       10      756        0       67     5382        0
0000000000000002        2       85     7252        0       85     7252        0
0000000000000002        3       84     7116        0       82     6996        0
datapath         in-port  eth-dst           out-port packets  bytes
---------------- -------- ----------------- -------- -------- --------
0000000000000002        1       192.168.0.1        2        4      392
0000000000000002        1       192.168.0.2        3        2      196
0000000000000002        2       192.168.0.3        1        4      392
0000000000000002        3       192.168.0.3        1        2      196
datapath         port     rx-pkts  rx-bytes rx-error tx-pkts  tx-bytes tx-error
---------------- -------- -------- -------- -------- -------- -------- --------
0000000000000001        1       10      868        0       71     5716        0
0000000000000001        2       85     7252        0       84     7192        0
0000000000000001        3       85     7252        0       85     7252        0
datapath         in-port  eth-dst           out-port packets  bytes
---------------- -------- ----------------- -------- -------- --------
0000000000000001        1       192.168.0.2        2        3      294
0000000000000001        1       192.168.0.3        3        3      294
0000000000000001        2       192.168.0.1        1        4      392
0000000000000001        3       192.168.0.1        1        4      392
datapath         port     rx-pkts  rx-bytes rx-error tx-pkts  tx-bytes tx-error
---------------- -------- -------- -------- -------- -------- -------- --------
0000000000000003        1       11      798        0       67     5382        0
0000000000000003        2       84     7192        0       85     7252        0
0000000000000003        3       82     6996        0       84     7116        0
datapath         in-port  eth-dst           out-port packets  bytes
---------------- -------- ----------------- -------- -------- --------
0000000000000003        1       192.168.0.1        2        4      392
0000000000000003        1       192.168.0.3        3        1       98
0000000000000003        2       192.168.0.2        1        4      392
0000000000000003        3       192.168.0.2        1        2      196
discovery--->==================================== discovery ====================================
discovery---> cls: [(1, 2), (1, 3), (2, 3)]
discovery--->=============================================================================
==================================== link detector ====================================

----------------------------
src    dst :    delay
1 <---> 2 : 2.120494842529297
1 <---> 3 : 2.7551651000976562
2 <---> 1 : 3.7126541137695312
2 <---> 3 : 3.0510425567626953
3 <---> 2 : 2.6679039001464844
3 <---> 1 : 3.6733150482177734
==================================== link detector ====================================

----------------------------
src    dst :    delay
1 <---> 2 : 3.0226707458496094
1 <---> 3 : 2.825021743774414
2 <---> 1 : 3.0944347381591797
2 <---> 3 : 2.9098987579345703
3 <---> 2 : 2.5205612182617188
3 <---> 1 : 3.292560577392578
datapath         port     rx-pkts  rx-bytes rx-error tx-pkts  tx-bytes tx-error
---------------- -------- -------- -------- -------- -------- -------- --------
0000000000000002        1       10      756        0       73     5850        0
0000000000000002        2       90     7552        0       91     7612        0
0000000000000002        3       91     7546        0       88     7356        0
datapath         in-port  eth-dst           out-port packets  bytes
---------------- -------- ----------------- -------- -------- --------
0000000000000002        1       192.168.0.1        2        4      392
0000000000000002        1       192.168.0.2        3        2      196
0000000000000002        2       192.168.0.3        1        4      392
0000000000000002        3       192.168.0.3        1        2      196
datapath         port     rx-pkts  rx-bytes rx-error tx-pkts  tx-bytes tx-error
---------------- -------- -------- -------- -------- -------- -------- --------
0000000000000003        1       11      798        0       73     5850        0
0000000000000003        2       91     7622        0       91     7612        0
0000000000000003        3       88     7356        0       91     7546        0
datapath         in-port  eth-dst           out-port packets  bytes
---------------- -------- ----------------- -------- -------- --------
0000000000000003        1       192.168.0.1        2        4      392
0000000000000003        1       192.168.0.3        3        1       98
0000000000000003        2       192.168.0.2        1        4      392
0000000000000003        3       192.168.0.2        1        2      196
datapath         port     rx-pkts  rx-bytes rx-error tx-pkts  tx-bytes tx-error
---------------- -------- -------- -------- -------- -------- -------- --------
0000000000000001        1       10      868        0       77     6184        0
0000000000000001        2       91     7612        0       91     7622        0
0000000000000001        3       91     7612        0       90     7552        0
datapath         in-port  eth-dst           out-port packets  bytes
---------------- -------- ----------------- -------- -------- --------
0000000000000001        1       192.168.0.2        2        3      294
0000000000000001        1       192.168.0.3        3        3      294
0000000000000001        2       192.168.0.1        1        4      392
0000000000000001        3       192.168.0.1        1        4      392
discovery--->==================================== discovery ====================================
discovery---> cls: [(1, 2), (1, 3), (2, 3)]
discovery--->=============================================================================
==================================== link detector ====================================

----------------------------
src    dst :    delay
1 <---> 2 : 3.1511783599853516
1 <---> 3 : 3.001689910888672
2 <---> 1 : 4.0950775146484375
2 <---> 3 : 3.624439239501953
3 <---> 2 : 3.064393997192383
3 <---> 1 : 2.8252601623535156
==================================== link detector ====================================

----------------------------
src    dst :    delay
1 <---> 2 : 3.0143260955810547
1 <---> 3 : 3.7217140197753906
2 <---> 1 : 2.7112960815429688
2 <---> 3 : 2.941131591796875
3 <---> 2 : 3.8950443267822266
3 <---> 1 : 2.7413368225097656
datapath         port     rx-pkts  rx-bytes rx-error tx-pkts  tx-bytes tx-error
---------------- -------- -------- -------- -------- -------- -------- --------
0000000000000002        1       10      756        0       78     6240        0
0000000000000002        2       96     7912        0       97     7982        0
0000000000000002        3       96     7846        0       93     7656        0
datapath         in-port  eth-dst           out-port packets  bytes
---------------- -------- ----------------- -------- -------- --------
0000000000000002        1       192.168.0.1        2        4      392
0000000000000002        1       192.168.0.2        3        2      196
0000000000000002        2       192.168.0.3        1        4      392
0000000000000002        3       192.168.0.3        1        2      196
datapath         port     rx-pkts  rx-bytes rx-error tx-pkts  tx-bytes tx-error
---------------- -------- -------- -------- -------- -------- -------- --------
0000000000000003        1       11      798        0       78     6240        0
0000000000000003        2       97     7982        0       97     7982        0
0000000000000003        3       93     7656        0       96     7846        0
datapath         in-port  eth-dst           out-port packets  bytes
---------------- -------- ----------------- -------- -------- --------
0000000000000003        1       192.168.0.1        2        4      392
0000000000000003        1       192.168.0.3        3        1       98
0000000000000003        2       192.168.0.2        1        4      392
0000000000000003        3       192.168.0.2        1        2      196
datapath         port     rx-pkts  rx-bytes rx-error tx-pkts  tx-bytes tx-error
---------------- -------- -------- -------- -------- -------- -------- --------
0000000000000001        1       10      868        0       83     6652        0
0000000000000001        2       97     7982        0       97     7982        0
0000000000000001        3       97     7982        0       97     7982        0
datapath         in-port  eth-dst           out-port packets  bytes
---------------- -------- ----------------- -------- -------- --------
0000000000000001        1       192.168.0.2        2        3      294
0000000000000001        1       192.168.0.3        3        3      294
0000000000000001        2       192.168.0.1        1        4      392
0000000000000001        3       192.168.0.1        1        4      392
discovery--->==================================== discovery ====================================
discovery---> cls: [(1, 2), (1, 3), (2, 3)]
discovery--->=============================================================================
==================================== link detector ====================================

----------------------------
src    dst :    delay
1 <---> 2 : 3.202199935913086
1 <---> 3 : 3.2958984375
2 <---> 1 : 3.8785934448242188
2 <---> 3 : 4.075527191162109
3 <---> 2 : 3.5753250122070312
3 <---> 1 : 3.838062286376953
datapath         port     rx-pkts  rx-bytes rx-error tx-pkts  tx-bytes tx-error
---------------- -------- -------- -------- -------- -------- -------- --------
0000000000000002        1       10      756        0       84     6708        0
0000000000000002        2      103     8485        0      104     8545        0
0000000000000002        3      103     8409        0      100     8219        0
datapath         in-port  eth-dst           out-port packets  bytes
---------------- -------- ----------------- -------- -------- --------
0000000000000002        1       192.168.0.1        2        4      392
0000000000000002        1       192.168.0.2        3        2      196
0000000000000002        2       192.168.0.3        1        4      392
0000000000000002        3       192.168.0.3        1        2      196
datapath         port     rx-pkts  rx-bytes rx-error tx-pkts  tx-bytes tx-error
---------------- -------- -------- -------- -------- -------- -------- --------
0000000000000003        1       11      798        0       84     6708        0
0000000000000003        2      103     8485        0      104     8545        0
0000000000000003        3      100     8219        0      103     8409        0
datapath         in-port  eth-dst           out-port packets  bytes
---------------- -------- ----------------- -------- -------- --------
0000000000000003        1       192.168.0.1        2        4      392
0000000000000003        1       192.168.0.3        3        1       98
0000000000000003        2       192.168.0.2        1        4      392
0000000000000003        3       192.168.0.2        1        2      196
datapath         port     rx-pkts  rx-bytes rx-error tx-pkts  tx-bytes tx-error
---------------- -------- -------- -------- -------- -------- -------- --------
0000000000000001        1       10      868        0       88     7042        0
0000000000000001        2      104     8545        0      103     8485        0
0000000000000001        3      104     8545        0      103     8485        0
datapath         in-port  eth-dst           out-port packets  bytes
---------------- -------- ----------------- -------- -------- --------
0000000000000001        1       192.168.0.2        2        3      294
0000000000000001        1       192.168.0.3        3        3      294
0000000000000001        2       192.168.0.1        1        4      392
0000000000000001        3       192.168.0.1        1        4      392
discovery--->==================================== discovery ====================================
discovery---> cls: [(1, 2), (1, 3), (2, 3)]
discovery--->=============================================================================
==================================== link detector ====================================

----------------------------
src    dst :    delay
1 <---> 2 : 2.1996498107910156
1 <---> 3 : 2.4039745330810547
2 <---> 1 : 2.1390914916992188
2 <---> 3 : 2.325296401977539
3 <---> 2 : 2.1414756774902344
3 <---> 1 : 2.1860599517822266
==================================== link detector ====================================

----------------------------
src    dst :    delay
1 <---> 2 : 2.379179000854492
1 <---> 3 : 2.0978450775146484
2 <---> 1 : 2.6023387908935547
2 <---> 3 : 2.2432804107666016
3 <---> 2 : 2.7408599853515625
3 <---> 1 : 2.1915435791015625
datapath         port     rx-pkts  rx-bytes rx-error tx-pkts  tx-bytes tx-error
---------------- -------- -------- -------- -------- -------- -------- --------
0000000000000001        1       10      868        0       94     7510        0
0000000000000001        2      109     8845        0      109     8845        0
0000000000000001        3      109     8845        0      109     8845        0
datapath         in-port  eth-dst           out-port packets  bytes
---------------- -------- ----------------- -------- -------- --------
0000000000000001        1       192.168.0.2        2        3      294
0000000000000001        1       192.168.0.3        3        3      294
0000000000000001        2       192.168.0.1        1        4      392
0000000000000001        3       192.168.0.1        1        4      392
datapath         port     rx-pkts  rx-bytes rx-error tx-pkts  tx-bytes tx-error
---------------- -------- -------- -------- -------- -------- -------- --------
0000000000000003        1       11      798        0       89     7098        0
0000000000000003        2      109     8845        0      109     8845        0
0000000000000003        3      107     8649        0      108     8709        0
datapath         in-port  eth-dst           out-port packets  bytes
---------------- -------- ----------------- -------- -------- --------
0000000000000003        1       192.168.0.1        2        4      392
0000000000000003        1       192.168.0.3        3        1       98
0000000000000003        2       192.168.0.2        1        4      392
0000000000000003        3       192.168.0.2        1        2      196
datapath         port     rx-pkts  rx-bytes rx-error tx-pkts  tx-bytes tx-error
---------------- -------- -------- -------- -------- -------- -------- --------
0000000000000002        1       10      756        0       90     7176        0
0000000000000002        2      109     8845        0      109     8845        0
0000000000000002        3      108     8709        0      107     8649        0
datapath         in-port  eth-dst           out-port packets  bytes
---------------- -------- ----------------- -------- -------- --------
0000000000000002        1       192.168.0.1        2        4      392
0000000000000002        1       192.168.0.2        3        2      196
0000000000000002        2       192.168.0.3        1        4      392
0000000000000002        3       192.168.0.3        1        2      196
discovery--->==================================== discovery ====================================
discovery---> cls: [(1, 2), (1, 3), (2, 3)]
discovery--->=============================================================================
==================================== link detector ====================================

----------------------------
src    dst :    delay
1 <---> 2 : 2.8829574584960938
1 <---> 3 : 2.844095230102539
2 <---> 1 : 2.706289291381836
2 <---> 3 : 2.1424293518066406
3 <---> 2 : 3.174304962158203
3 <---> 1 : 2.506256103515625
datapath         port     rx-pkts  rx-bytes rx-error tx-pkts  tx-bytes tx-error
---------------- -------- -------- -------- -------- -------- -------- --------
0000000000000002        1       10      756        0       95     7566        0
0000000000000002        2      114     9145        0      115     9205        0
0000000000000002        3      114     9069        0      112     8949        0
datapath         in-port  eth-dst           out-port packets  bytes
---------------- -------- ----------------- -------- -------- --------
0000000000000002        1       192.168.0.1        2        4      392
0000000000000002        1       192.168.0.2        3        2      196
0000000000000002        2       192.168.0.3        1        4      392
0000000000000002        3       192.168.0.3        1        2      196
datapath         port     rx-pkts  rx-bytes rx-error tx-pkts  tx-bytes tx-error
---------------- -------- -------- -------- -------- -------- -------- --------
0000000000000001        1       10      868        0       99     7900        0
0000000000000001        2      115     9205        0      114     9145        0
0000000000000001        3      115     9205        0      114     9145        0
datapath         in-port  eth-dst           out-port packets  bytes
---------------- -------- ----------------- -------- -------- --------
0000000000000001        1       192.168.0.2        2        3      294
0000000000000001        1       192.168.0.3        3        3      294
0000000000000001        2       192.168.0.1        1        4      392
0000000000000001        3       192.168.0.1        1        4      392
datapath         port     rx-pkts  rx-bytes rx-error tx-pkts  tx-bytes tx-error
---------------- -------- -------- -------- -------- -------- -------- --------
0000000000000003        1       11      798        0       95     7566        0
0000000000000003        2      114     9145        0      115     9205        0
0000000000000003        3      112     8949        0      114     9069        0
datapath         in-port  eth-dst           out-port packets  bytes
---------------- -------- ----------------- -------- -------- --------
0000000000000003        1       192.168.0.1        2        4      392
0000000000000003        1       192.168.0.3        3        1       98
0000000000000003        2       192.168.0.2        1        4      392
0000000000000003        3       192.168.0.2        1        2      196
discovery--->==================================== discovery ====================================
discovery---> cls: [(1, 2), (1, 3), (2, 3)]
discovery--->=============================================================================
==================================== link detector ====================================

----------------------------
src    dst :    delay
1 <---> 2 : 3.332853317260742
1 <---> 3 : 3.304004669189453
2 <---> 1 : 3.4596920013427734
2 <---> 3 : 7.114171981811523
3 <---> 2 : 2.846240997314453
3 <---> 1 : 3.3049583435058594
==================================== link detector ====================================

----------------------------
src    dst :    delay
1 <---> 2 : 2.672433853149414
1 <---> 3 : 4.323720932006836
2 <---> 1 : 3.0975341796875
2 <---> 3 : 3.2181739807128906
3 <---> 2 : 3.153562545776367
3 <---> 1 : 3.3805370330810547
datapath         port     rx-pkts  rx-bytes rx-error tx-pkts  tx-bytes tx-error
---------------- -------- -------- -------- -------- -------- -------- --------
0000000000000002        1       10      756        0      101     8034        0
0000000000000002        2      120     9505        0      120     9505        0
0000000000000002        3      119     9369        0      118     9309        0
datapath         in-port  eth-dst           out-port packets  bytes
---------------- -------- ----------------- -------- -------- --------
0000000000000002        1       192.168.0.1        2        4      392
0000000000000002        1       192.168.0.2        3        2      196
0000000000000002        2       192.168.0.3        1        4      392
0000000000000002        3       192.168.0.3        1        2      196
datapath         port     rx-pkts  rx-bytes rx-error tx-pkts  tx-bytes tx-error
---------------- -------- -------- -------- -------- -------- -------- --------
0000000000000003        1       11      798        0      101     8034        0
0000000000000003        2      120     9505        0      121     9565        0
0000000000000003        3      118     9309        0      119     9369        0
datapath         in-port  eth-dst           out-port packets  bytes
---------------- -------- ----------------- -------- -------- --------
0000000000000003        1       192.168.0.1        2        4      392
0000000000000003        1       192.168.0.3        3        1       98
0000000000000003        2       192.168.0.2        1        4      392
0000000000000003        3       192.168.0.2        1        2      196
datapath         port     rx-pkts  rx-bytes rx-error tx-pkts  tx-bytes tx-error
---------------- -------- -------- -------- -------- -------- -------- --------
0000000000000001        1       10      868        0      105     8368        0
0000000000000001        2      121     9565        0      120     9505        0
0000000000000001        3      120     9505        0      120     9505        0
datapath         in-port  eth-dst           out-port packets  bytes
---------------- -------- ----------------- -------- -------- --------
0000000000000001        1       192.168.0.2        2        3      294
0000000000000001        1       192.168.0.3        3        3      294
0000000000000001        2       192.168.0.1        1        4      392
0000000000000001        3       192.168.0.1        1        4      392
discovery--->==================================== discovery ====================================
discovery---> cls: [(1, 2), (1, 3), (2, 3)]
discovery--->=============================================================================
==================================== link detector ====================================

----------------------------
src    dst :    delay
1 <---> 2 : 3.7276744842529297
1 <---> 3 : 3.613710403442383
2 <---> 1 : 4.585027694702148
2 <---> 3 : 3.000497817993164
3 <---> 2 : 2.945423126220703
3 <---> 1 : 3.699064254760742
datapath         port     rx-pkts  rx-bytes rx-error tx-pkts  tx-bytes tx-error
---------------- -------- -------- -------- -------- -------- -------- --------
0000000000000002        1       10      756        0      106     8424        0
0000000000000002        2      125     9805        0      126     9865        0
0000000000000002        3      125     9729        0      123     9609        0
datapath         in-port  eth-dst           out-port packets  bytes
---------------- -------- ----------------- -------- -------- --------
0000000000000002        1       192.168.0.1        2        4      392
0000000000000002        1       192.168.0.2        3        2      196
0000000000000002        2       192.168.0.3        1        4      392
0000000000000002        3       192.168.0.3        1        2      196
datapath         port     rx-pkts  rx-bytes rx-error tx-pkts  tx-bytes tx-error
---------------- -------- -------- -------- -------- -------- -------- --------
0000000000000001        1       10      868        0      110     8758        0
0000000000000001        2      126     9865        0      125     9805        0
0000000000000001        3      126     9865        0      125     9805        0
datapath         in-port  eth-dst           out-port packets  bytes
---------------- -------- ----------------- -------- -------- --------
0000000000000001        1       192.168.0.2        2        3      294
0000000000000001        1       192.168.0.3        3        3      294
0000000000000001        2       192.168.0.1        1        4      392
0000000000000001        3       192.168.0.1        1        4      392
datapath         port     rx-pkts  rx-bytes rx-error tx-pkts  tx-bytes tx-error
---------------- -------- -------- -------- -------- -------- -------- --------
0000000000000003        1       11      798        0      106     8424        0
0000000000000003        2      125     9805        0      126     9865        0
0000000000000003        3      123     9609        0      125     9729        0
datapath         in-port  eth-dst           out-port packets  bytes
---------------- -------- ----------------- -------- -------- --------
0000000000000003        1       192.168.0.1        2        4      392
0000000000000003        1       192.168.0.3        3        1       98
0000000000000003        2       192.168.0.2        1        4      392
0000000000000003        3       192.168.0.2        1        2      196
discovery--->==================================== discovery ====================================
discovery---> cls: [(1, 2), (1, 3), (2, 3)]
discovery--->=============================================================================
==================================== link detector ====================================

----------------------------
src    dst :    delay
1 <---> 2 : 2.4569034576416016
1 <---> 3 : 2.5992393493652344
2 <---> 1 : 3.1633377075195312
2 <---> 3 : 3.2629966735839844
3 <---> 2 : 3.165721893310547
3 <---> 1 : 3.1049251556396484
==================================== link detector ====================================

----------------------------
src    dst :    delay
1 <---> 2 : 3.439664840698242
1 <---> 3 : 2.9556751251220703
2 <---> 1 : 2.7294158935546875
2 <---> 3 : 3.9756298065185547
3 <---> 2 : 3.1402111053466797
3 <---> 1 : 2.809762954711914
datapath         port     rx-pkts  rx-bytes rx-error tx-pkts  tx-bytes tx-error
---------------- -------- -------- -------- -------- -------- -------- --------
0000000000000002        1       10      756        0      112     8892        0
0000000000000002        2      131    10165        0      132    10225        0
0000000000000002        3      131    10089        0      129     9969        0
datapath         in-port  eth-dst           out-port packets  bytes
---------------- -------- ----------------- -------- -------- --------
0000000000000002        1       192.168.0.1        2        4      392
0000000000000002        1       192.168.0.2        3        2      196
0000000000000002        2       192.168.0.3        1        4      392
0000000000000002        3       192.168.0.3        1        2      196
datapath         port     rx-pkts  rx-bytes rx-error tx-pkts  tx-bytes tx-error
---------------- -------- -------- -------- -------- -------- -------- --------
0000000000000001        1       10      868        0      116     9226        0
0000000000000001        2      132    10225        0      131    10165        0
0000000000000001        3      132    10225        0      131    10165        0
datapath         in-port  eth-dst           out-port packets  bytes
---------------- -------- ----------------- -------- -------- --------
0000000000000001        1       192.168.0.2        2        3      294
0000000000000001        1       192.168.0.3        3        3      294
0000000000000001        2       192.168.0.1        1        4      392
0000000000000001        3       192.168.0.1        1        4      392
datapath         port     rx-pkts  rx-bytes rx-error tx-pkts  tx-bytes tx-error
---------------- -------- -------- -------- -------- -------- -------- --------
0000000000000003        1       11      798        0      112     8892        0
0000000000000003        2      131    10165        0      132    10225        0
0000000000000003        3      129     9969        0      131    10089        0
datapath         in-port  eth-dst           out-port packets  bytes
---------------- -------- ----------------- -------- -------- --------
0000000000000003        1       192.168.0.1        2        4      392
0000000000000003        1       192.168.0.3        3        1       98
0000000000000003        2       192.168.0.2        1        4      392
0000000000000003        3       192.168.0.2        1        2      196
discovery--->==================================== discovery ====================================
discovery---> cls: [(1, 2), (1, 3), (2, 3)]
discovery--->=============================================================================
==================================== link detector ====================================

----------------------------
src    dst :    delay
1 <---> 2 : 3.5657882690429688
1 <---> 3 : 3.6215782165527344
2 <---> 1 : 2.958536148071289
2 <---> 3 : 3.333568572998047
3 <---> 2 : 3.340482711791992
3 <---> 1 : 2.8069019317626953
==================================== link detector ====================================

----------------------------
src    dst :    delay
1 <---> 2 : 3.453969955444336
1 <---> 3 : 3.1130313873291016
2 <---> 1 : 3.8750171661376953
2 <---> 3 : 2.9532909393310547
3 <---> 2 : 2.4557113647460938
3 <---> 1 : 4.10008430480957
datapath         port     rx-pkts  rx-bytes rx-error tx-pkts  tx-bytes tx-error
---------------- -------- -------- -------- -------- -------- -------- --------
0000000000000002        1       10      756        0      117     9282        0
0000000000000002        2      137    10525        0      137    10525        0
0000000000000002        3      136    10389        0      134    10269        0
datapath         in-port  eth-dst           out-port packets  bytes
---------------- -------- ----------------- -------- -------- --------
0000000000000002        1       192.168.0.1        2        4      392
0000000000000002        1       192.168.0.2        3        2      196
0000000000000002        2       192.168.0.3        1        4      392
0000000000000002        3       192.168.0.3        1        2      196
datapath         port     rx-pkts  rx-bytes rx-error tx-pkts  tx-bytes tx-error
---------------- -------- -------- -------- -------- -------- -------- --------
0000000000000001        1       10      868        0      121     9616        0
0000000000000001        2      137    10525        0      136    10465        0
0000000000000001        3      137    10525        0      137    10525        0
datapath         in-port  eth-dst           out-port packets  bytes
---------------- -------- ----------------- -------- -------- --------
0000000000000001        1       192.168.0.2        2        3      294
0000000000000001        1       192.168.0.3        3        3      294
0000000000000001        2       192.168.0.1        1        4      392
0000000000000001        3       192.168.0.1        1        4      392
datapath         port     rx-pkts  rx-bytes rx-error tx-pkts  tx-bytes tx-error
---------------- -------- -------- -------- -------- -------- -------- --------
0000000000000003        1       11      798        0      117     9282        0
0000000000000003        2      136    10465        0      137    10525        0
0000000000000003        3      134    10269        0      136    10389        0
datapath         in-port  eth-dst           out-port packets  bytes
---------------- -------- ----------------- -------- -------- --------
0000000000000003        1       192.168.0.1        2        4      392
0000000000000003        1       192.168.0.3        3        1       98
0000000000000003        2       192.168.0.2        1        4      392
0000000000000003        3       192.168.0.2        1        2      196
discovery--->==================================== discovery ====================================
discovery---> cls: [(1, 2), (1, 3), (2, 3)]
discovery--->=============================================================================
==================================== link detector ====================================

----------------------------
src    dst :    delay
1 <---> 2 : 3.2317638397216797
1 <---> 3 : 3.1681060791015625
2 <---> 1 : 2.5746822357177734
2 <---> 3 : 4.304409027099609
3 <---> 2 : 2.5832653045654297
3 <---> 1 : 2.6857852935791016
datapath         port     rx-pkts  rx-bytes rx-error tx-pkts  tx-bytes tx-error
---------------- -------- -------- -------- -------- -------- -------- --------
0000000000000001        1       10      868        0      127    10084        0
0000000000000001        2      143    10885        0      142    10825        0
0000000000000001        3      143    10885        0      142    10825        0
datapath         in-port  eth-dst           out-port packets  bytes
---------------- -------- ----------------- -------- -------- --------
0000000000000001        1       192.168.0.2        2        3      294
0000000000000001        1       192.168.0.3        3        3      294
0000000000000001        2       192.168.0.1        1        4      392
0000000000000001        3       192.168.0.1        1        4      392
datapath         port     rx-pkts  rx-bytes rx-error tx-pkts  tx-bytes tx-error
---------------- -------- -------- -------- -------- -------- -------- --------
0000000000000002        1       10      756        0      123     9750        0
0000000000000002        2      142    10825        0      143    10885        0
0000000000000002        3      142    10749        0      140    10629        0
datapath         in-port  eth-dst           out-port packets  bytes
---------------- -------- ----------------- -------- -------- --------
0000000000000002        1       192.168.0.1        2        4      392
0000000000000002        1       192.168.0.2        3        2      196
0000000000000002        2       192.168.0.3        1        4      392
0000000000000002        3       192.168.0.3        1        2      196
datapath         port     rx-pkts  rx-bytes rx-error tx-pkts  tx-bytes tx-error
---------------- -------- -------- -------- -------- -------- -------- --------
0000000000000003        1       11      798        0      123     9750        0
0000000000000003        2      142    10825        0      143    10885        0
0000000000000003        3      140    10629        0      142    10749        0
datapath         in-port  eth-dst           out-port packets  bytes
---------------- -------- ----------------- -------- -------- --------
0000000000000003        1       192.168.0.1        2        4      392
0000000000000003        1       192.168.0.3        3        1       98
0000000000000003        2       192.168.0.2        1        4      392
0000000000000003        3       192.168.0.2        1        2      196
discovery--->==================================== discovery ====================================
discovery---> cls: [(1, 2), (1, 3), (2, 3)]
discovery--->=============================================================================
==================================== link detector ====================================

----------------------------
src    dst :    delay
1 <---> 2 : 3.9060115814208984
1 <---> 3 : 2.5725364685058594
2 <---> 1 : 2.9931068420410156
2 <---> 3 : 3.091573715209961
3 <---> 2 : 3.8645267486572266
3 <---> 1 : 3.2830238342285156
==================================== link detector ====================================

----------------------------
src    dst :    delay
1 <---> 2 : 3.57818603515625
1 <---> 3 : 4.216194152832031
2 <---> 1 : 3.0455589294433594
2 <---> 3 : 3.0095577239990234
3 <---> 2 : 3.1142234802246094
3 <---> 1 : 2.988100051879883
datapath         port     rx-pkts  rx-bytes rx-error tx-pkts  tx-bytes tx-error
---------------- -------- -------- -------- -------- -------- -------- --------
0000000000000002        1       10      756        0      128    10140        0
0000000000000002        2      148    11185        0      148    11185        0
0000000000000002        3      147    11049        0      145    10929        0
datapath         in-port  eth-dst           out-port packets  bytes
---------------- -------- ----------------- -------- -------- --------
0000000000000002        1       192.168.0.1        2        4      392
0000000000000002        1       192.168.0.2        3        2      196
0000000000000002        2       192.168.0.3        1        4      392
0000000000000002        3       192.168.0.3        1        2      196
datapath         port     rx-pkts  rx-bytes rx-error tx-pkts  tx-bytes tx-error
---------------- -------- -------- -------- -------- -------- -------- --------
0000000000000003        1       11      798        0      128    10140        0
0000000000000003        2      148    11185        0      148    11185        0
0000000000000003        3      145    10929        0      147    11049        0
datapath         in-port  eth-dst           out-port packets  bytes
---------------- -------- ----------------- -------- -------- --------
0000000000000003        1       192.168.0.1        2        4      392
0000000000000003        1       192.168.0.3        3        1       98
0000000000000003        2       192.168.0.2        1        4      392
0000000000000003        3       192.168.0.2        1        2      196
datapath         port     rx-pkts  rx-bytes rx-error tx-pkts  tx-bytes tx-error
---------------- -------- -------- -------- -------- -------- -------- --------
0000000000000001        1       10      868        0      133    10552        0
0000000000000001        2      148    11185        0      148    11185        0
0000000000000001        3      148    11185        0      148    11185        0
datapath         in-port  eth-dst           out-port packets  bytes
---------------- -------- ----------------- -------- -------- --------
0000000000000001        1       192.168.0.2        2        3      294
0000000000000001        1       192.168.0.3        3        3      294
0000000000000001        2       192.168.0.1        1        4      392
0000000000000001        3       192.168.0.1        1        4      392
discovery--->==================================== discovery ====================================
discovery---> cls: [(1, 2), (1, 3), (2, 3)]
discovery--->=============================================================================
==================================== link detector ====================================

----------------------------
src    dst :    delay
1 <---> 2 : 4.296541213989258
1 <---> 3 : 3.160238265991211
2 <---> 1 : 3.482818603515625
2 <---> 3 : 4.251956939697266
3 <---> 2 : 3.6411285400390625
3 <---> 1 : 2.811431884765625
datapath         port     rx-pkts  rx-bytes rx-error tx-pkts  tx-bytes tx-error
---------------- -------- -------- -------- -------- -------- -------- --------
0000000000000002        1       10      756        0      134    10608        0
0000000000000002        2      153    11485        0      154    11545        0
0000000000000002        3      153    11409        0      151    11289        0
datapath         in-port  eth-dst           out-port packets  bytes
---------------- -------- ----------------- -------- -------- --------
0000000000000002        1       192.168.0.1        2        4      392
0000000000000002        1       192.168.0.2        3        2      196
0000000000000002        2       192.168.0.3        1        4      392
0000000000000002        3       192.168.0.3        1        2      196
datapath         port     rx-pkts  rx-bytes rx-error tx-pkts  tx-bytes tx-error
---------------- -------- -------- -------- -------- -------- -------- --------
0000000000000003        1       11      798        0      134    10608        0
0000000000000003        2      153    11485        0      154    11545        0
0000000000000003        3      151    11289        0      153    11409        0
datapath         in-port  eth-dst           out-port packets  bytes
---------------- -------- ----------------- -------- -------- --------
0000000000000003        1       192.168.0.1        2        4      392
0000000000000003        1       192.168.0.3        3        1       98
0000000000000003        2       192.168.0.2        1        4      392
0000000000000003        3       192.168.0.2        1        2      196
datapath         port     rx-pkts  rx-bytes rx-error tx-pkts  tx-bytes tx-error
---------------- -------- -------- -------- -------- -------- -------- --------
0000000000000001        1       10      868        0      138    10942        0
0000000000000001        2      154    11545        0      153    11485        0
0000000000000001        3      154    11545        0      153    11485        0
datapath         in-port  eth-dst           out-port packets  bytes
---------------- -------- ----------------- -------- -------- --------
0000000000000001        1       192.168.0.2        2        3      294
0000000000000001        1       192.168.0.3        3        3      294
0000000000000001        2       192.168.0.1        1        4      392
0000000000000001        3       192.168.0.1        1        4      392
discovery--->==================================== discovery ====================================
discovery---> cls: [(1, 2), (1, 3), (2, 3)]
discovery--->=============================================================================
==================================== link detector ====================================

----------------------------
src    dst :    delay
1 <---> 2 : 4.026889801025391
1 <---> 3 : 4.057645797729492
2 <---> 1 : 2.724885940551758
2 <---> 3 : 2.8166770935058594
3 <---> 2 : 2.8219223022460938
3 <---> 1 : 2.8808116912841797
==================================== link detector ====================================

----------------------------
src    dst :    delay
1 <---> 2 : 3.229856491088867
1 <---> 3 : 2.9649734497070312
2 <---> 1 : 2.63214111328125
2 <---> 3 : 2.870321273803711
3 <---> 2 : 2.650022506713867
3 <---> 1 : 3.7415027618408203
datapath         port     rx-pkts  rx-bytes rx-error tx-pkts  tx-bytes tx-error
---------------- -------- -------- -------- -------- -------- -------- --------
0000000000000002        1       10      756        0      139    10998        0
0000000000000002        2      159    11845        0      159    11845        0
0000000000000002        3      158    11709        0      157    11649        0
datapath         in-port  eth-dst           out-port packets  bytes
---------------- -------- ----------------- -------- -------- --------
0000000000000002        1       192.168.0.1        2        4      392
0000000000000002        1       192.168.0.2        3        2      196
0000000000000002        2       192.168.0.3        1        4      392
0000000000000002        3       192.168.0.3        1        2      196
datapath         port     rx-pkts  rx-bytes rx-error tx-pkts  tx-bytes tx-error
---------------- -------- -------- -------- -------- -------- -------- --------
0000000000000003        1       11      798        0      139    10998        0
0000000000000003        2      160    11915        0      159    11845        0
0000000000000003        3      157    11649        0      158    11709        0
datapath         in-port  eth-dst           out-port packets  bytes
---------------- -------- ----------------- -------- -------- --------
0000000000000003        1       192.168.0.1        2        4      392
0000000000000003        1       192.168.0.3        3        1       98
0000000000000003        2       192.168.0.2        1        4      392
0000000000000003        3       192.168.0.2        1        2      196
datapath         port     rx-pkts  rx-bytes rx-error tx-pkts  tx-bytes tx-error
---------------- -------- -------- -------- -------- -------- -------- --------
0000000000000001        1       10      868        0      144    11410        0
0000000000000001        2      159    11845        0      160    11915        0
0000000000000001        3      159    11845        0      159    11845        0
datapath         in-port  eth-dst           out-port packets  bytes
---------------- -------- ----------------- -------- -------- --------
0000000000000001        1       192.168.0.2        2        3      294
0000000000000001        1       192.168.0.3        3        3      294
0000000000000001        2       192.168.0.1        1        4      392
0000000000000001        3       192.168.0.1        1        4      392
discovery--->==================================== discovery ====================================
discovery---> cls: [(1, 2), (1, 3), (2, 3)]
discovery--->=============================================================================
==================================== link detector ====================================

----------------------------
src    dst :    delay
1 <---> 2 : 4.021406173706055
1 <---> 3 : 4.016876220703125
2 <---> 1 : 2.2916793823242188
2 <---> 3 : 3.6313533782958984
3 <---> 2 : 2.2971630096435547
3 <---> 1 : 2.3407936096191406
==================================== link detector ====================================

----------------------------
src    dst :    delay
1 <---> 2 : 2.5963783264160156
1 <---> 3 : 2.3589134216308594
2 <---> 1 : 3.186464309692383
2 <---> 3 : 3.8423538208007812
3 <---> 2 : 3.101825714111328
3 <---> 1 : 4.022359848022461
datapath         port     rx-pkts  rx-bytes rx-error tx-pkts  tx-bytes tx-error
---------------- -------- -------- -------- -------- -------- -------- --------
0000000000000001        1       10      868        0      149    11800        0
0000000000000001        2      165    12205        0      165    12215        0
0000000000000001        3      166    12275        0      164    12145        0
datapath         in-port  eth-dst           out-port packets  bytes
---------------- -------- ----------------- -------- -------- --------
0000000000000001        1       192.168.0.2        2        3      294
0000000000000001        1       192.168.0.3        3        3      294
0000000000000001        2       192.168.0.1        1        4      392
0000000000000001        3       192.168.0.1        1        4      392
datapath         port     rx-pkts  rx-bytes rx-error tx-pkts  tx-bytes tx-error
---------------- -------- -------- -------- -------- -------- -------- --------
0000000000000002        1       10      756        0      145    11466        0
0000000000000002        2      164    12145        0      166    12275        0
0000000000000002        3      165    12139        0      162    11949        0
datapath         in-port  eth-dst           out-port packets  bytes
---------------- -------- ----------------- -------- -------- --------
0000000000000002        1       192.168.0.1        2        4      392
0000000000000002        1       192.168.0.2        3        2      196
0000000000000002        2       192.168.0.3        1        4      392
0000000000000002        3       192.168.0.3        1        2      196
datapath         port     rx-pkts  rx-bytes rx-error tx-pkts  tx-bytes tx-error
---------------- -------- -------- -------- -------- -------- -------- --------
0000000000000003        1       11      798        0      145    11466        0
0000000000000003        2      165    12215        0      165    12205        0
0000000000000003        3      162    11949        0      165    12139        0
datapath         in-port  eth-dst           out-port packets  bytes
---------------- -------- ----------------- -------- -------- --------
0000000000000003        1       192.168.0.1        2        4      392
0000000000000003        1       192.168.0.3        3        1       98
0000000000000003        2       192.168.0.2        1        4      392
0000000000000003        3       192.168.0.2        1        2      196
discovery--->==================================== discovery ====================================
discovery---> cls: [(1, 2), (1, 3), (2, 3)]
discovery--->=============================================================================
==================================== link detector ====================================

----------------------------
src    dst :    delay
1 <---> 2 : 3.171682357788086
1 <---> 3 : 3.4008026123046875
2 <---> 1 : 3.2372474670410156
2 <---> 3 : 2.524137496948242
3 <---> 2 : 3.2320022583007812
3 <---> 1 : 2.9671192169189453
datapath         port     rx-pkts  rx-bytes rx-error tx-pkts  tx-bytes tx-error
---------------- -------- -------- -------- -------- -------- -------- --------
0000000000000001        1       10      868        0      155    12268        0
0000000000000001        2      171    12708        0      172    12778        0
0000000000000001        3      172    12778        0      171    12708        0
datapath         in-port  eth-dst           out-port packets  bytes
---------------- -------- ----------------- -------- -------- --------
0000000000000001        1       192.168.0.2        2        3      294
0000000000000001        1       192.168.0.3        3        3      294
0000000000000001        2       192.168.0.1        1        4      392
0000000000000001        3       192.168.0.1        1        4      392
datapath         port     rx-pkts  rx-bytes rx-error tx-pkts  tx-bytes tx-error
---------------- -------- -------- -------- -------- -------- -------- --------
0000000000000003        1       11      798        0      151    11934        0
0000000000000003        2      172    12778        0      171    12708        0
0000000000000003        3      169    12512        0      171    12642        0
datapath         in-port  eth-dst           out-port packets  bytes
---------------- -------- ----------------- -------- -------- --------
0000000000000003        1       192.168.0.1        2        4      392
0000000000000003        1       192.168.0.3        3        1       98
0000000000000003        2       192.168.0.2        1        4      392
0000000000000003        3       192.168.0.2        1        2      196
datapath         port     rx-pkts  rx-bytes rx-error tx-pkts  tx-bytes tx-error
---------------- -------- -------- -------- -------- -------- -------- --------
0000000000000002        1       10      756        0      151    11934        0
0000000000000002        2      171    12708        0      172    12778        0
0000000000000002        3      171    12642        0      169    12512        0
datapath         in-port  eth-dst           out-port packets  bytes
---------------- -------- ----------------- -------- -------- --------
0000000000000002        1       192.168.0.1        2        4      392
0000000000000002        1       192.168.0.2        3        2      196
0000000000000002        2       192.168.0.3        1        4      392
0000000000000002        3       192.168.0.3        1        2      196
discovery--->==================================== discovery ====================================
discovery---> cls: [(1, 2), (1, 3), (2, 3)]
discovery--->=============================================================================
==================================== link detector ====================================

----------------------------
src    dst :    delay
1 <---> 2 : 2.3674964904785156
1 <---> 3 : 2.6705265045166016
2 <---> 1 : 2.560853958129883
2 <---> 3 : 2.136707305908203
3 <---> 2 : 2.641439437866211
3 <---> 1 : 2.669095993041992
==================================== link detector ====================================

----------------------------
src    dst :    delay
1 <---> 2 : 3.1998157501220703
1 <---> 3 : 3.3042430877685547
2 <---> 1 : 2.9516220092773438
2 <---> 3 : 2.730846405029297
3 <---> 2 : 3.118276596069336
3 <---> 1 : 2.612590789794922
datapath         port     rx-pkts  rx-bytes rx-error tx-pkts  tx-bytes tx-error
---------------- -------- -------- -------- -------- -------- -------- --------
0000000000000002        1       10      756        0      156    12324        0
0000000000000002        2      177    13078        0      178    13138        0
0000000000000002        3      177    13002        0      174    12812        0
datapath         in-port  eth-dst           out-port packets  bytes
---------------- -------- ----------------- -------- -------- --------
0000000000000002        1       192.168.0.1        2        4      392
0000000000000002        1       192.168.0.2        3        2      196
0000000000000002        2       192.168.0.3        1        4      392
0000000000000002        3       192.168.0.3        1        2      196
datapath         port     rx-pkts  rx-bytes rx-error tx-pkts  tx-bytes tx-error
---------------- -------- -------- -------- -------- -------- -------- --------
0000000000000003        1       11      798        0      156    12324        0
0000000000000003        2      177    13078        0      178    13138        0
0000000000000003        3      174    12812        0      177    13002        0
datapath         in-port  eth-dst           out-port packets  bytes
---------------- -------- ----------------- -------- -------- --------
0000000000000003        1       192.168.0.1        2        4      392
0000000000000003        1       192.168.0.3        3        1       98
0000000000000003        2       192.168.0.2        1        4      392
0000000000000003        3       192.168.0.2        1        2      196
datapath         port     rx-pkts  rx-bytes rx-error tx-pkts  tx-bytes tx-error
---------------- -------- -------- -------- -------- -------- -------- --------
0000000000000001        1       10      868        0      160    12658        0
0000000000000001        2      178    13138        0      177    13078        0
0000000000000001        3      178    13138        0      177    13078        0
datapath         in-port  eth-dst           out-port packets  bytes
---------------- -------- ----------------- -------- -------- --------
0000000000000001        1       192.168.0.2        2        3      294
0000000000000001        1       192.168.0.3        3        3      294
0000000000000001        2       192.168.0.1        1        4      392
0000000000000001        3       192.168.0.1        1        4      392
discovery--->==================================== discovery ====================================
discovery---> cls: [(1, 2), (1, 3), (2, 3)]
discovery--->=============================================================================
==================================== link detector ====================================

----------------------------
src    dst :    delay
1 <---> 2 : 2.4328231811523438
1 <---> 3 : 2.1338462829589844
2 <---> 1 : 2.3696422576904297
2 <---> 3 : 2.2885799407958984
3 <---> 2 : 3.019094467163086
3 <---> 1 : 2.2916793823242188
datapath         port     rx-pkts  rx-bytes rx-error tx-pkts  tx-bytes tx-error
---------------- -------- -------- -------- -------- -------- -------- --------
0000000000000002        1       10      756        0      162    12792        0
0000000000000002        2      183    13438        0      184    13498        0
0000000000000002        3      182    13302        0      180    13172        0
datapath         in-port  eth-dst           out-port packets  bytes
---------------- -------- ----------------- -------- -------- --------
0000000000000002        1       192.168.0.1        2        4      392
0000000000000002        1       192.168.0.2        3        2      196
0000000000000002        2       192.168.0.3        1        4      392
0000000000000002        3       192.168.0.3        1        2      196
datapath         port     rx-pkts  rx-bytes rx-error tx-pkts  tx-bytes tx-error
---------------- -------- -------- -------- -------- -------- -------- --------
0000000000000003        1       11      798        0      162    12792        0
0000000000000003        2      183    13438        0      184    13498        0
0000000000000003        3      180    13172        0      182    13302        0
datapath         in-port  eth-dst           out-port packets  bytes
---------------- -------- ----------------- -------- -------- --------
0000000000000003        1       192.168.0.1        2        4      392
0000000000000003        1       192.168.0.3        3        1       98
0000000000000003        2       192.168.0.2        1        4      392
0000000000000003        3       192.168.0.2        1        2      196
datapath         port     rx-pkts  rx-bytes rx-error tx-pkts  tx-bytes tx-error
---------------- -------- -------- -------- -------- -------- -------- --------
0000000000000001        1       10      868        0      166    13126        0
0000000000000001        2      184    13498        0      183    13438        0
0000000000000001        3      184    13498        0      183    13438        0
datapath         in-port  eth-dst           out-port packets  bytes
---------------- -------- ----------------- -------- -------- --------
0000000000000001        1       192.168.0.2        2        3      294
0000000000000001        1       192.168.0.3        3        3      294
0000000000000001        2       192.168.0.1        1        4      392
0000000000000001        3       192.168.0.1        1        4      392
discovery--->==================================== discovery ====================================
discovery---> cls: [(1, 2), (1, 3), (2, 3)]
discovery--->=============================================================================
==================================== link detector ====================================

----------------------------
src    dst :    delay
1 <---> 2 : 3.553628921508789
1 <---> 3 : 3.186941146850586
2 <---> 1 : 3.2601356506347656
2 <---> 3 : 3.623485565185547
3 <---> 2 : 6.009817123413086
3 <---> 1 : 3.7696361541748047
==================================== link detector ====================================

----------------------------
src    dst :    delay
1 <---> 2 : 3.469705581665039
1 <---> 3 : 2.421140670776367
2 <---> 1 : 3.4110546112060547
2 <---> 3 : 2.148151397705078
3 <---> 2 : 3.826618194580078
3 <---> 1 : 2.2156238555908203
datapath         port     rx-pkts  rx-bytes rx-error tx-pkts  tx-bytes tx-error
---------------- -------- -------- -------- -------- -------- -------- --------
0000000000000002        1       10      756        0      167    13182        0
0000000000000002        2      188    13738        0      189    13798        0
0000000000000002        3      188    13662        0      185    13472        0
datapath         in-port  eth-dst           out-port packets  bytes
---------------- -------- ----------------- -------- -------- --------
0000000000000002        1       192.168.0.1        2        4      392
0000000000000002        1       192.168.0.2        3        2      196
0000000000000002        2       192.168.0.3        1        4      392
0000000000000002        3       192.168.0.3        1        2      196
datapath         port     rx-pkts  rx-bytes rx-error tx-pkts  tx-bytes tx-error
---------------- -------- -------- -------- -------- -------- -------- --------
0000000000000003        1       11      798        0      167    13182        0
0000000000000003        2      188    13738        0      189    13798        0
0000000000000003        3      185    13472        0      188    13662        0
datapath         in-port  eth-dst           out-port packets  bytes
---------------- -------- ----------------- -------- -------- --------
0000000000000003        1       192.168.0.1        2        4      392
0000000000000003        1       192.168.0.3        3        1       98
0000000000000003        2       192.168.0.2        1        4      392
0000000000000003        3       192.168.0.2        1        2      196
datapath         port     rx-pkts  rx-bytes rx-error tx-pkts  tx-bytes tx-error
---------------- -------- -------- -------- -------- -------- -------- --------
0000000000000001        1       10      868        0      171    13516        0
0000000000000001        2      189    13798        0      188    13738        0
0000000000000001        3      189    13798        0      188    13738        0
datapath         in-port  eth-dst           out-port packets  bytes
---------------- -------- ----------------- -------- -------- --------
0000000000000001        1       192.168.0.2        2        3      294
0000000000000001        1       192.168.0.3        3        3      294
0000000000000001        2       192.168.0.1        1        4      392
0000000000000001        3       192.168.0.1        1        4      392
discovery--->==================================== discovery ====================================
discovery---> cls: [(1, 2), (1, 3), (2, 3)]
discovery--->=============================================================================
==================================== link detector ====================================

----------------------------
src    dst :    delay
1 <---> 2 : 3.0477046966552734
1 <---> 3 : 3.390073776245117
2 <---> 1 : 4.139900207519531
2 <---> 3 : 3.248453140258789
3 <---> 2 : 2.3360252380371094
3 <---> 1 : 2.7611255645751953
datapath         port     rx-pkts  rx-bytes rx-error tx-pkts  tx-bytes tx-error
---------------- -------- -------- -------- -------- -------- -------- --------
0000000000000003        1       11      798        0      173    13650        0
0000000000000003        2      194    14098        0      195    14158        0
0000000000000003        3      192    13902        0      194    14022        0
datapath         in-port  eth-dst           out-port packets  bytes
---------------- -------- ----------------- -------- -------- --------
0000000000000003        1       192.168.0.1        2        4      392
0000000000000003        1       192.168.0.3        3        1       98
0000000000000003        2       192.168.0.2        1        4      392
0000000000000003        3       192.168.0.2        1        2      196
datapath         port     rx-pkts  rx-bytes rx-error tx-pkts  tx-bytes tx-error
---------------- -------- -------- -------- -------- -------- -------- --------
0000000000000002        1       10      756        0      173    13650        0
0000000000000002        2      194    14098        0      195    14158        0
0000000000000002        3      194    14022        0      192    13902        0
datapath         in-port  eth-dst           out-port packets  bytes
---------------- -------- ----------------- -------- -------- --------
0000000000000002        1       192.168.0.1        2        4      392
0000000000000002        1       192.168.0.2        3        2      196
0000000000000002        2       192.168.0.3        1        4      392
0000000000000002        3       192.168.0.3        1        2      196
datapath         port     rx-pkts  rx-bytes rx-error tx-pkts  tx-bytes tx-error
---------------- -------- -------- -------- -------- -------- -------- --------
0000000000000001        1       10      868        0      177    13984        0
0000000000000001        2      195    14158        0      194    14098        0
0000000000000001        3      195    14158        0      194    14098        0
datapath         in-port  eth-dst           out-port packets  bytes
---------------- -------- ----------------- -------- -------- --------
0000000000000001        1       192.168.0.2        2        3      294
0000000000000001        1       192.168.0.3        3        3      294
0000000000000001        2       192.168.0.1        1        4      392
0000000000000001        3       192.168.0.1        1        4      392
discovery--->==================================== discovery ====================================
discovery---> cls: [(1, 2), (1, 3), (2, 3)]
discovery--->=============================================================================
==================================== link detector ====================================

----------------------------
src    dst :    delay
1 <---> 2 : 4.099845886230469
1 <---> 3 : 3.531217575073242
2 <---> 1 : 4.013538360595703
2 <---> 3 : 3.733396530151367
3 <---> 2 : 2.700328826904297
3 <---> 1 : 4.0683746337890625
==================================== link detector ====================================

----------------------------
src    dst :    delay
1 <---> 2 : 3.3197402954101562
1 <---> 3 : 3.2036304473876953
2 <---> 1 : 3.517627716064453
2 <---> 3 : 3.5419464111328125
3 <---> 2 : 3.567934036254883
3 <---> 1 : 3.5283565521240234
datapath         port     rx-pkts  rx-bytes rx-error tx-pkts  tx-bytes tx-error
---------------- -------- -------- -------- -------- -------- -------- --------
0000000000000001        1       10      868        0      182    14374        0
0000000000000001        2      200    14458        0      200    14458        0
0000000000000001        3      200    14458        0      200    14458        0
datapath         in-port  eth-dst           out-port packets  bytes
---------------- -------- ----------------- -------- -------- --------
0000000000000001        1       192.168.0.2        2        3      294
0000000000000001        1       192.168.0.3        3        3      294
0000000000000001        2       192.168.0.1        1        4      392
0000000000000001        3       192.168.0.1        1        4      392
datapath         port     rx-pkts  rx-bytes rx-error tx-pkts  tx-bytes tx-error
---------------- -------- -------- -------- -------- -------- -------- --------
0000000000000002        1       10      756        0      178    14040        0
0000000000000002        2      200    14458        0      200    14458        0
0000000000000002        3      199    14322        0      197    14202        0
datapath         in-port  eth-dst           out-port packets  bytes
---------------- -------- ----------------- -------- -------- --------
0000000000000002        1       192.168.0.1        2        4      392
0000000000000002        1       192.168.0.2        3        2      196
0000000000000002        2       192.168.0.3        1        4      392
0000000000000002        3       192.168.0.3        1        2      196
datapath         port     rx-pkts  rx-bytes rx-error tx-pkts  tx-bytes tx-error
---------------- -------- -------- -------- -------- -------- -------- --------
0000000000000003        1       11      798        0      178    14040        0
0000000000000003        2      200    14458        0      200    14458        0
0000000000000003        3      197    14202        0      199    14322        0
datapath         in-port  eth-dst           out-port packets  bytes
---------------- -------- ----------------- -------- -------- --------
0000000000000003        1       192.168.0.1        2        4      392
0000000000000003        1       192.168.0.3        3        1       98
0000000000000003        2       192.168.0.2        1        4      392
0000000000000003        3       192.168.0.2        1        2      196
discovery--->==================================== discovery ====================================
discovery---> cls: [(1, 2), (1, 3), (2, 3)]
discovery--->=============================================================================
==================================== link detector ====================================

----------------------------
src    dst :    delay
1 <---> 2 : 2.9287338256835938
1 <---> 3 : 2.2046566009521484
2 <---> 1 : 3.0210018157958984
2 <---> 3 : 2.061128616333008
3 <---> 2 : 3.151416778564453
3 <---> 1 : 3.1461715698242188
==================================== link detector ====================================

----------------------------
src    dst :    delay
1 <---> 2 : 2.5250911712646484
1 <---> 3 : 2.1004676818847656
2 <---> 1 : 3.718137741088867
2 <---> 3 : 4.038810729980469
3 <---> 2 : 2.646207809448242
3 <---> 1 : 3.3159255981445312
datapath         port     rx-pkts  rx-bytes rx-error tx-pkts  tx-bytes tx-error
---------------- -------- -------- -------- -------- -------- -------- --------
0000000000000002        1       10      756        0      184    14508        0
0000000000000002        2      205    14758        0      206    14818        0
0000000000000002        3      205    14682        0      203    14562        0
datapath         in-port  eth-dst           out-port packets  bytes
---------------- -------- ----------------- -------- -------- --------
0000000000000002        1       192.168.0.1        2        4      392
0000000000000002        1       192.168.0.2        3        2      196
0000000000000002        2       192.168.0.3        1        4      392
0000000000000002        3       192.168.0.3        1        2      196
datapath         port     rx-pkts  rx-bytes rx-error tx-pkts  tx-bytes tx-error
---------------- -------- -------- -------- -------- -------- -------- --------
0000000000000003        1       11      798        0      184    14508        0
0000000000000003        2      205    14758        0      206    14818        0
0000000000000003        3      203    14562        0      205    14682        0
datapath         in-port  eth-dst           out-port packets  bytes
---------------- -------- ----------------- -------- -------- --------
0000000000000003        1       192.168.0.1        2        4      392
0000000000000003        1       192.168.0.3        3        1       98
0000000000000003        2       192.168.0.2        1        4      392
0000000000000003        3       192.168.0.2        1        2      196
datapath         port     rx-pkts  rx-bytes rx-error tx-pkts  tx-bytes tx-error
---------------- -------- -------- -------- -------- -------- -------- --------
0000000000000001        1       10      868        0      188    14842        0
0000000000000001        2      206    14818        0      205    14758        0
0000000000000001        3      206    14818        0      205    14758        0
datapath         in-port  eth-dst           out-port packets  bytes
---------------- -------- ----------------- -------- -------- --------
0000000000000001        1       192.168.0.2        2        3      294
0000000000000001        1       192.168.0.3        3        3      294
0000000000000001        2       192.168.0.1        1        4      392
0000000000000001        3       192.168.0.1        1        4      392
discovery--->==================================== discovery ====================================
discovery---> cls: [(1, 2), (1, 3), (2, 3)]
discovery--->=============================================================================
==================================== link detector ====================================

----------------------------
src    dst :    delay
1 <---> 2 : 3.0493736267089844
1 <---> 3 : 2.8536319732666016
2 <---> 1 : 3.8404464721679688
2 <---> 3 : 4.278421401977539
3 <---> 2 : 4.76837158203125
3 <---> 1 : 3.137350082397461
datapath         port     rx-pkts  rx-bytes rx-error tx-pkts  tx-bytes tx-error
---------------- -------- -------- -------- -------- -------- -------- --------
0000000000000002        1       10      756        0      189    14898        0
0000000000000002        2      211    15118        0      211    15118        0
0000000000000002        3      210    14982        0      209    14922        0
datapath         in-port  eth-dst           out-port packets  bytes
---------------- -------- ----------------- -------- -------- --------
0000000000000002        1       192.168.0.1        2        4      392
0000000000000002        1       192.168.0.2        3        2      196
0000000000000002        2       192.168.0.3        1        4      392
0000000000000002        3       192.168.0.3        1        2      196
datapath         port     rx-pkts  rx-bytes rx-error tx-pkts  tx-bytes tx-error
---------------- -------- -------- -------- -------- -------- -------- --------
0000000000000001        1       10      868        0      194    15310        0
0000000000000001        2      211    15118        0      211    15118        0
0000000000000001        3      211    15118        0      211    15118        0
datapath         in-port  eth-dst           out-port packets  bytes
---------------- -------- ----------------- -------- -------- --------
0000000000000001        1       192.168.0.2        2        3      294
0000000000000001        1       192.168.0.3        3        3      294
0000000000000001        2       192.168.0.1        1        4      392
0000000000000001        3       192.168.0.1        1        4      392
datapath         port     rx-pkts  rx-bytes rx-error tx-pkts  tx-bytes tx-error
---------------- -------- -------- -------- -------- -------- -------- --------
0000000000000003        1       11      798        0      189    14898        0
0000000000000003        2      211    15118        0      211    15118        0
0000000000000003        3      209    14922        0      210    14982        0
datapath         in-port  eth-dst           out-port packets  bytes
---------------- -------- ----------------- -------- -------- --------
0000000000000003        1       192.168.0.1        2        4      392
0000000000000003        1       192.168.0.3        3        1       98
0000000000000003        2       192.168.0.2        1        4      392
0000000000000003        3       192.168.0.2        1        2      196
discovery--->==================================== discovery ====================================
discovery---> cls: [(1, 2), (1, 3), (2, 3)]
discovery--->=============================================================================
==================================== link detector ====================================

----------------------------
src    dst :    delay
1 <---> 2 : 2.2368431091308594
1 <---> 3 : 2.157449722290039
2 <---> 1 : 2.5911331176757812
2 <---> 3 : 2.9850006103515625
3 <---> 2 : 2.308368682861328
3 <---> 1 : 2.650737762451172
==================================== link detector ====================================

----------------------------
src    dst :    delay
1 <---> 2 : 3.7877559661865234
1 <---> 3 : 3.1244754791259766
2 <---> 1 : 3.681659698486328
2 <---> 3 : 2.2826194763183594
3 <---> 2 : 4.131317138671875
3 <---> 1 : 2.1080970764160156
datapath         port     rx-pkts  rx-bytes rx-error tx-pkts  tx-bytes tx-error
---------------- -------- -------- -------- -------- -------- -------- --------
0000000000000002        1       10      756        0      195    15366        0
0000000000000002        2      216    15418        0      217    15478        0
0000000000000002        3      216    15342        0      214    15222        0
datapath         in-port  eth-dst           out-port packets  bytes
---------------- -------- ----------------- -------- -------- --------
0000000000000002        1       192.168.0.1        2        4      392
0000000000000002        1       192.168.0.2        3        2      196
0000000000000002        2       192.168.0.3        1        4      392
0000000000000002        3       192.168.0.3        1        2      196
datapath         port     rx-pkts  rx-bytes rx-error tx-pkts  tx-bytes tx-error
---------------- -------- -------- -------- -------- -------- -------- --------
0000000000000003        1       11      798        0      195    15366        0
0000000000000003        2      216    15418        0      217    15478        0
0000000000000003        3      214    15222        0      216    15342        0
datapath         in-port  eth-dst           out-port packets  bytes
---------------- -------- ----------------- -------- -------- --------
0000000000000003        1       192.168.0.1        2        4      392
0000000000000003        1       192.168.0.3        3        1       98
0000000000000003        2       192.168.0.2        1        4      392
0000000000000003        3       192.168.0.2        1        2      196
datapath         port     rx-pkts  rx-bytes rx-error tx-pkts  tx-bytes tx-error
---------------- -------- -------- -------- -------- -------- -------- --------
0000000000000001        1       10      868        0      199    15700        0
0000000000000001        2      217    15478        0      216    15418        0
0000000000000001        3      217    15478        0      216    15418        0
datapath         in-port  eth-dst           out-port packets  bytes
---------------- -------- ----------------- -------- -------- --------
0000000000000001        1       192.168.0.2        2        3      294
0000000000000001        1       192.168.0.3        3        3      294
0000000000000001        2       192.168.0.1        1        4      392
0000000000000001        3       192.168.0.1        1        4      392
discovery--->==================================== discovery ====================================
discovery---> cls: [(1, 2), (1, 3), (2, 3)]
discovery--->=============================================================================
==================================== link detector ====================================

----------------------------
src    dst :    delay
1 <---> 2 : 2.3555755615234375
1 <---> 3 : 2.4499893188476562
2 <---> 1 : 2.2013187408447266
2 <---> 3 : 3.816366195678711
3 <---> 2 : 3.0574798583984375
3 <---> 1 : 3.092050552368164
datapath         port     rx-pkts  rx-bytes rx-error tx-pkts  tx-bytes tx-error
---------------- -------- -------- -------- -------- -------- -------- --------
0000000000000002        1       10      756        0      201    15834        0
0000000000000002        2      222    15778        0      222    15778        0
0000000000000002        3      221    15642        0      220    15582        0
datapath         in-port  eth-dst           out-port packets  bytes
---------------- -------- ----------------- -------- -------- --------
0000000000000002        1       192.168.0.1        2        4      392
0000000000000002        1       192.168.0.2        3        2      196
0000000000000002        2       192.168.0.3        1        4      392
0000000000000002        3       192.168.0.3        1        2      196
datapath         port     rx-pkts  rx-bytes rx-error tx-pkts  tx-bytes tx-error
---------------- -------- -------- -------- -------- -------- -------- --------
0000000000000003        1       11      798        0      201    15834        0
0000000000000003        2      222    15778        0      222    15778        0
0000000000000003        3      220    15582        0      221    15642        0
datapath         in-port  eth-dst           out-port packets  bytes
---------------- -------- ----------------- -------- -------- --------
0000000000000003        1       192.168.0.1        2        4      392
0000000000000003        1       192.168.0.3        3        1       98
0000000000000003        2       192.168.0.2        1        4      392
0000000000000003        3       192.168.0.2        1        2      196
datapath         port     rx-pkts  rx-bytes rx-error tx-pkts  tx-bytes tx-error
---------------- -------- -------- -------- -------- -------- -------- --------
0000000000000001        1       10      868        0      205    16168        0
0000000000000001        2      222    15778        0      222    15778        0
0000000000000001        3      222    15778        0      222    15778        0
datapath         in-port  eth-dst           out-port packets  bytes
---------------- -------- ----------------- -------- -------- --------
0000000000000001        1       192.168.0.2        2        3      294
0000000000000001        1       192.168.0.3        3        3      294
0000000000000001        2       192.168.0.1        1        4      392
0000000000000001        3       192.168.0.1        1        4      392
discovery--->==================================== discovery ====================================
discovery---> cls: [(1, 2), (1, 3), (2, 3)]
discovery--->=============================================================================
==================================== link detector ====================================

----------------------------
src    dst :    delay
1 <---> 2 : 3.7431716918945312
1 <---> 3 : 3.8604736328125
2 <---> 1 : 2.5398731231689453
2 <---> 3 : 3.606081008911133
3 <---> 2 : 4.007101058959961
3 <---> 1 : 2.230405807495117
==================================== link detector ====================================

----------------------------
src    dst :    delay
1 <---> 2 : 3.4151077270507812
1 <---> 3 : 2.443075180053711
2 <---> 1 : 3.160715103149414
2 <---> 3 : 3.9987564086914062
3 <---> 2 : 3.3049583435058594
3 <---> 1 : 3.113269805908203
datapath         port     rx-pkts  rx-bytes rx-error tx-pkts  tx-bytes tx-error
---------------- -------- -------- -------- -------- -------- -------- --------
0000000000000002        1       10      756        0      206    16224        0
0000000000000002        2      227    16078        0      228    16138        0
0000000000000002        3      227    16002        0      225    15882        0
datapath         in-port  eth-dst           out-port packets  bytes
---------------- -------- ----------------- -------- -------- --------
0000000000000002        1       192.168.0.1        2        4      392
0000000000000002        1       192.168.0.2        3        2      196
0000000000000002        2       192.168.0.3        1        4      392
0000000000000002        3       192.168.0.3        1        2      196
datapath         port     rx-pkts  rx-bytes rx-error tx-pkts  tx-bytes tx-error
---------------- -------- -------- -------- -------- -------- -------- --------
0000000000000003        1       11      798        0      206    16224        0
0000000000000003        2      227    16078        0      228    16138        0
0000000000000003        3      225    15882        0      227    16002        0
datapath         in-port  eth-dst           out-port packets  bytes
---------------- -------- ----------------- -------- -------- --------
0000000000000003        1       192.168.0.1        2        4      392
0000000000000003        1       192.168.0.3        3        1       98
0000000000000003        2       192.168.0.2        1        4      392
0000000000000003        3       192.168.0.2        1        2      196
datapath         port     rx-pkts  rx-bytes rx-error tx-pkts  tx-bytes tx-error
---------------- -------- -------- -------- -------- -------- -------- --------
0000000000000001        1       10      868        0      210    16558        0
0000000000000001        2      228    16138        0      227    16078        0
0000000000000001        3      228    16138        0      227    16078        0
datapath         in-port  eth-dst           out-port packets  bytes
---------------- -------- ----------------- -------- -------- --------
0000000000000001        1       192.168.0.2        2        3      294
0000000000000001        1       192.168.0.3        3        3      294
0000000000000001        2       192.168.0.1        1        4      392
0000000000000001        3       192.168.0.1        1        4      392
discovery--->==================================== discovery ====================================
discovery---> cls: [(1, 2), (1, 3), (2, 3)]
discovery--->=============================================================================
==================================== link detector ====================================

----------------------------
src    dst :    delay
1 <---> 2 : 3.106832504272461
1 <---> 3 : 3.070831298828125
2 <---> 1 : 3.152132034301758
2 <---> 3 : 2.664327621459961
3 <---> 2 : 2.804279327392578
3 <---> 1 : 4.053354263305664
==================================== link detector ====================================

----------------------------
src    dst :    delay
1 <---> 2 : 2.5415420532226562
1 <---> 3 : 3.1938552856445312
2 <---> 1 : 3.5219192504882812
2 <---> 3 : 2.674102783203125
3 <---> 2 : 2.883434295654297
3 <---> 1 : 2.8269290924072266
datapath         port     rx-pkts  rx-bytes rx-error tx-pkts  tx-bytes tx-error
---------------- -------- -------- -------- -------- -------- -------- --------
0000000000000002        1       10      756        0      212    16692        0
0000000000000002        2      233    16438        0      233    16438        0
0000000000000002        3      232    16302        0      231    16242        0
datapath         in-port  eth-dst           out-port packets  bytes
---------------- -------- ----------------- -------- -------- --------
0000000000000002        1       192.168.0.1        2        4      392
0000000000000002        1       192.168.0.2        3        2      196
0000000000000002        2       192.168.0.3        1        4      392
0000000000000002        3       192.168.0.3        1        2      196
datapath         port     rx-pkts  rx-bytes rx-error tx-pkts  tx-bytes tx-error
---------------- -------- -------- -------- -------- -------- -------- --------
0000000000000003        1       11      798        0      212    16692        0
0000000000000003        2      233    16438        0      234    16498        0
0000000000000003        3      231    16242        0      232    16302        0
datapath         in-port  eth-dst           out-port packets  bytes
---------------- -------- ----------------- -------- -------- --------
0000000000000003        1       192.168.0.1        2        4      392
0000000000000003        1       192.168.0.3        3        1       98
0000000000000003        2       192.168.0.2        1        4      392
0000000000000003        3       192.168.0.2        1        2      196
datapath         port     rx-pkts  rx-bytes rx-error tx-pkts  tx-bytes tx-error
---------------- -------- -------- -------- -------- -------- -------- --------
0000000000000001        1       10      868        0      216    17026        0
0000000000000001        2      234    16498        0      233    16438        0
0000000000000001        3      233    16438        0      233    16438        0
datapath         in-port  eth-dst           out-port packets  bytes
---------------- -------- ----------------- -------- -------- --------
0000000000000001        1       192.168.0.2        2        3      294
0000000000000001        1       192.168.0.3        3        3      294
0000000000000001        2       192.168.0.1        1        4      392
0000000000000001        3       192.168.0.1        1        4      392
discovery--->==================================== discovery ====================================
discovery---> cls: [(1, 2), (1, 3), (2, 3)]
discovery--->=============================================================================
==================================== link detector ====================================

----------------------------
src    dst :    delay
1 <---> 2 : 2.192974090576172
1 <---> 3 : 2.089262008666992
2 <---> 1 : 3.6368370056152344
2 <---> 3 : 3.8063526153564453
3 <---> 2 : 3.489255905151367
3 <---> 1 : 3.5622119903564453
datapath         port     rx-pkts  rx-bytes rx-error tx-pkts  tx-bytes tx-error
---------------- -------- -------- -------- -------- -------- -------- --------
0000000000000002        1       10      756        0      217    17082        0
0000000000000002        2      238    16738        0      239    16798        0
0000000000000002        3      238    16662        0      236    16542        0
datapath         in-port  eth-dst           out-port packets  bytes
---------------- -------- ----------------- -------- -------- --------
0000000000000002        1       192.168.0.1        2        4      392
0000000000000002        1       192.168.0.2        3        2      196
0000000000000002        2       192.168.0.3        1        4      392
0000000000000002        3       192.168.0.3        1        2      196
datapath         port     rx-pkts  rx-bytes rx-error tx-pkts  tx-bytes tx-error
---------------- -------- -------- -------- -------- -------- -------- --------
0000000000000003        1       11      798        0      217    17082        0
0000000000000003        2      238    16738        0      239    16798        0
0000000000000003        3      236    16542        0      238    16662        0
datapath         in-port  eth-dst           out-port packets  bytes
---------------- -------- ----------------- -------- -------- --------
0000000000000003        1       192.168.0.1        2        4      392
0000000000000003        1       192.168.0.3        3        1       98
0000000000000003        2       192.168.0.2        1        4      392
0000000000000003        3       192.168.0.2        1        2      196
datapath         port     rx-pkts  rx-bytes rx-error tx-pkts  tx-bytes tx-error
---------------- -------- -------- -------- -------- -------- -------- --------
0000000000000001        1       10      868        0      221    17416        0
0000000000000001        2      239    16798        0      238    16738        0
0000000000000001        3      239    16798        0      238    16738        0
datapath         in-port  eth-dst           out-port packets  bytes
---------------- -------- ----------------- -------- -------- --------
0000000000000001        1       192.168.0.2        2        3      294
0000000000000001        1       192.168.0.3        3        3      294
0000000000000001        2       192.168.0.1        1        4      392
0000000000000001        3       192.168.0.1        1        4      392
discovery--->==================================== discovery ====================================
discovery---> cls: [(1, 2), (1, 3), (2, 3)]
discovery--->=============================================================================
==================================== link detector ====================================

----------------------------
src    dst :    delay
1 <---> 2 : 3.5147666931152344
1 <---> 3 : 2.2683143615722656
2 <---> 1 : 4.3163299560546875
2 <---> 3 : 3.6110877990722656
3 <---> 2 : 2.607107162475586
3 <---> 1 : 2.2673606872558594
==================================== link detector ====================================

----------------------------
src    dst :    delay
1 <---> 2 : 3.511190414428711
1 <---> 3 : 2.536773681640625
2 <---> 1 : 3.5822391510009766
2 <---> 3 : 3.7679672241210938
3 <---> 2 : 3.426790237426758
3 <---> 1 : 2.8586387634277344
datapath         port     rx-pkts  rx-bytes rx-error tx-pkts  tx-bytes tx-error
---------------- -------- -------- -------- -------- -------- -------- --------
0000000000000002        1       10      756        0      223    17550        0
0000000000000002        2      244    17098        0      245    17158        0
0000000000000002        3      244    17022        0      242    16902        0
datapath         in-port  eth-dst           out-port packets  bytes
---------------- -------- ----------------- -------- -------- --------
0000000000000002        1       192.168.0.1        2        4      392
0000000000000002        1       192.168.0.2        3        2      196
0000000000000002        2       192.168.0.3        1        4      392
0000000000000002        3       192.168.0.3        1        2      196
datapath         port     rx-pkts  rx-bytes rx-error tx-pkts  tx-bytes tx-error
---------------- -------- -------- -------- -------- -------- -------- --------
0000000000000003        1       11      798        0      223    17550        0
0000000000000003        2      244    17098        0      245    17158        0
0000000000000003        3      242    16902        0      244    17022        0
datapath         in-port  eth-dst           out-port packets  bytes
---------------- -------- ----------------- -------- -------- --------
0000000000000003        1       192.168.0.1        2        4      392
0000000000000003        1       192.168.0.3        3        1       98
0000000000000003        2       192.168.0.2        1        4      392
0000000000000003        3       192.168.0.2        1        2      196
datapath         port     rx-pkts  rx-bytes rx-error tx-pkts  tx-bytes tx-error
---------------- -------- -------- -------- -------- -------- -------- --------
0000000000000001        1       10      868        0      227    17884        0
0000000000000001        2      245    17158        0      244    17098        0
0000000000000001        3      245    17158        0      244    17098        0
datapath         in-port  eth-dst           out-port packets  bytes
---------------- -------- ----------------- -------- -------- --------
0000000000000001        1       192.168.0.2        2        3      294
0000000000000001        1       192.168.0.3        3        3      294
0000000000000001        2       192.168.0.1        1        4      392
0000000000000001        3       192.168.0.1        1        4      392
discovery--->==================================== discovery ====================================
discovery---> cls: [(1, 2), (1, 3), (2, 3)]
discovery--->=============================================================================
==================================== link detector ====================================

----------------------------
src    dst :    delay
1 <---> 2 : 3.113269805908203
1 <---> 3 : 3.153085708618164
2 <---> 1 : 2.663850784301758
2 <---> 3 : 2.1011829376220703
3 <---> 2 : 2.402782440185547
3 <---> 1 : 3.932476043701172
datapath         port     rx-pkts  rx-bytes rx-error tx-pkts  tx-bytes tx-error
---------------- -------- -------- -------- -------- -------- -------- --------
0000000000000002        1       10      756        0      228    17940        0
0000000000000002        2      250    17458        0      250    17458        0
0000000000000002        3      249    17322        0      247    17202        0
datapath         in-port  eth-dst           out-port packets  bytes
---------------- -------- ----------------- -------- -------- --------
0000000000000002        1       192.168.0.1        2        4      392
0000000000000002        1       192.168.0.2        3        2      196
0000000000000002        2       192.168.0.3        1        4      392
0000000000000002        3       192.168.0.3        1        2      196
datapath         port     rx-pkts  rx-bytes rx-error tx-pkts  tx-bytes tx-error
---------------- -------- -------- -------- -------- -------- -------- --------
0000000000000001        1       10      868        0      232    18274        0
0000000000000001        2      250    17458        0      249    17398        0
0000000000000001        3      250    17458        0      250    17458        0
datapath         in-port  eth-dst           out-port packets  bytes
---------------- -------- ----------------- -------- -------- --------
0000000000000001        1       192.168.0.2        2        3      294
0000000000000001        1       192.168.0.3        3        3      294
0000000000000001        2       192.168.0.1        1        4      392
0000000000000001        3       192.168.0.1        1        4      392
datapath         port     rx-pkts  rx-bytes rx-error tx-pkts  tx-bytes tx-error
---------------- -------- -------- -------- -------- -------- -------- --------
0000000000000003        1       11      798        0      228    17940        0
0000000000000003        2      249    17398        0      250    17458        0
0000000000000003        3      247    17202        0      249    17322        0
datapath         in-port  eth-dst           out-port packets  bytes
---------------- -------- ----------------- -------- -------- --------
0000000000000003        1       192.168.0.1        2        4      392
0000000000000003        1       192.168.0.3        3        1       98
0000000000000003        2       192.168.0.2        1        4      392
0000000000000003        3       192.168.0.2        1        2      196
discovery--->==================================== discovery ====================================
discovery---> cls: [(1, 2), (1, 3), (2, 3)]
discovery--->=============================================================================
==================================== link detector ====================================

----------------------------
src    dst :    delay
1 <---> 2 : 3.506898880004883
1 <---> 3 : 9.301185607910156
2 <---> 1 : 2.8231143951416016
2 <---> 3 : 3.0710697174072266
3 <---> 2 : 2.916097640991211
3 <---> 1 : 4.226446151733398
==================================== link detector ====================================

----------------------------
src    dst :    delay
1 <---> 2 : 3.6923885345458984
1 <---> 3 : 3.648996353149414
2 <---> 1 : 2.881288528442383
2 <---> 3 : 2.6051998138427734
3 <---> 2 : 3.0121803283691406
3 <---> 1 : 3.1554698944091797
datapath         port     rx-pkts  rx-bytes rx-error tx-pkts  tx-bytes tx-error
---------------- -------- -------- -------- -------- -------- -------- --------
0000000000000002        1       10      756        0      234    18408        0
0000000000000002        2      255    17758        0      256    17818        0
0000000000000002        3      255    17682        0      253    17562        0
datapath         in-port  eth-dst           out-port packets  bytes
---------------- -------- ----------------- -------- -------- --------
0000000000000002        1       192.168.0.1        2        4      392
0000000000000002        1       192.168.0.2        3        2      196
0000000000000002        2       192.168.0.3        1        4      392
0000000000000002        3       192.168.0.3        1        2      196
datapath         port     rx-pkts  rx-bytes rx-error tx-pkts  tx-bytes tx-error
---------------- -------- -------- -------- -------- -------- -------- --------
0000000000000001        1       10      868        0      238    18742        0
0000000000000001        2      256    17818        0      255    17758        0
0000000000000001        3      256    17818        0      255    17758        0
datapath         in-port  eth-dst           out-port packets  bytes
---------------- -------- ----------------- -------- -------- --------
0000000000000001        1       192.168.0.2        2        3      294
0000000000000001        1       192.168.0.3        3        3      294
0000000000000001        2       192.168.0.1        1        4      392
0000000000000001        3       192.168.0.1        1        4      392
datapath         port     rx-pkts  rx-bytes rx-error tx-pkts  tx-bytes tx-error
---------------- -------- -------- -------- -------- -------- -------- --------
0000000000000003        1       11      798        0      234    18408        0
0000000000000003        2      255    17758        0      256    17818        0
0000000000000003        3      253    17562        0      255    17682        0
datapath         in-port  eth-dst           out-port packets  bytes
---------------- -------- ----------------- -------- -------- --------
0000000000000003        1       192.168.0.1        2        4      392
0000000000000003        1       192.168.0.3        3        1       98
0000000000000003        2       192.168.0.2        1        4      392
0000000000000003        3       192.168.0.2        1        2      196
discovery--->==================================== discovery ====================================
discovery---> cls: [(1, 2), (1, 3), (2, 3)]
discovery--->=============================================================================
==================================== link detector ====================================

----------------------------
src    dst :    delay
1 <---> 2 : 2.7320384979248047
1 <---> 3 : 3.6711692810058594
2 <---> 1 : 4.14276123046875
2 <---> 3 : 2.9180049896240234
3 <---> 2 : 2.5691986083984375
3 <---> 1 : 2.6750564575195312
==================================== link detector ====================================

----------------------------
src    dst :    delay
1 <---> 2 : 3.447294235229492
1 <---> 3 : 2.713441848754883
2 <---> 1 : 2.8700828552246094
2 <---> 3 : 2.106904983520508
3 <---> 2 : 4.019021987915039
3 <---> 1 : 2.7692317962646484
datapath         port     rx-pkts  rx-bytes rx-error tx-pkts  tx-bytes tx-error
---------------- -------- -------- -------- -------- -------- -------- --------
0000000000000002        1       10      756        0      239    18798        0
0000000000000002        2      261    18118        0      261    18118        0
0000000000000002        3      260    17982        0      258    17862        0
datapath         in-port  eth-dst           out-port packets  bytes
---------------- -------- ----------------- -------- -------- --------
0000000000000002        1       192.168.0.1        2        4      392
0000000000000002        1       192.168.0.2        3        2      196
0000000000000002        2       192.168.0.3        1        4      392
0000000000000002        3       192.168.0.3        1        2      196
datapath         port     rx-pkts  rx-bytes rx-error tx-pkts  tx-bytes tx-error
---------------- -------- -------- -------- -------- -------- -------- --------
0000000000000003        1       11      798        0      239    18798        0
0000000000000003        2      261    18118        0      261    18118        0
0000000000000003        3      258    17862        0      260    17982        0
datapath         in-port  eth-dst           out-port packets  bytes
---------------- -------- ----------------- -------- -------- --------
0000000000000003        1       192.168.0.1        2        4      392
0000000000000003        1       192.168.0.3        3        1       98
0000000000000003        2       192.168.0.2        1        4      392
0000000000000003        3       192.168.0.2        1        2      196
datapath         port     rx-pkts  rx-bytes rx-error tx-pkts  tx-bytes tx-error
---------------- -------- -------- -------- -------- -------- -------- --------
0000000000000001        1       10      868        0      244    19210        0
0000000000000001        2      261    18118        0      261    18118        0
0000000000000001        3      261    18118        0      261    18118        0
datapath         in-port  eth-dst           out-port packets  bytes
---------------- -------- ----------------- -------- -------- --------
0000000000000001        1       192.168.0.2        2        3      294
0000000000000001        1       192.168.0.3        3        3      294
0000000000000001        2       192.168.0.1        1        4      392
0000000000000001        3       192.168.0.1        1        4      392
discovery--->==================================== discovery ====================================
discovery---> cls: [(1, 2), (1, 3), (2, 3)]
discovery--->=============================================================================
==================================== link detector ====================================

----------------------------
src    dst :    delay
1 <---> 2 : 3.7610530853271484
1 <---> 3 : 3.7271976470947266
2 <---> 1 : 3.381013870239258
2 <---> 3 : 4.076957702636719
3 <---> 2 : 3.3626556396484375
3 <---> 1 : 4.062414169311523
datapath         port     rx-pkts  rx-bytes rx-error tx-pkts  tx-bytes tx-error
---------------- -------- -------- -------- -------- -------- -------- --------
0000000000000002        1       10      756        0      245    19266        0
0000000000000002        2      266    18418        0      267    18478        0
0000000000000002        3      266    18342        0      264    18222        0
datapath         in-port  eth-dst           out-port packets  bytes
---------------- -------- ----------------- -------- -------- --------
0000000000000002        1       192.168.0.1        2        4      392
0000000000000002        1       192.168.0.2        3        2      196
0000000000000002        2       192.168.0.3        1        4      392
0000000000000002        3       192.168.0.3        1        2      196
datapath         port     rx-pkts  rx-bytes rx-error tx-pkts  tx-bytes tx-error
---------------- -------- -------- -------- -------- -------- -------- --------
0000000000000001        1       10      868        0      249    19600        0
0000000000000001        2      267    18478        0      266    18418        0
0000000000000001        3      267    18478        0      266    18418        0
datapath         in-port  eth-dst           out-port packets  bytes
---------------- -------- ----------------- -------- -------- --------
0000000000000001        1       192.168.0.2        2        3      294
0000000000000001        1       192.168.0.3        3        3      294
0000000000000001        2       192.168.0.1        1        4      392
0000000000000001        3       192.168.0.1        1        4      392
datapath         port     rx-pkts  rx-bytes rx-error tx-pkts  tx-bytes tx-error
---------------- -------- -------- -------- -------- -------- -------- --------
0000000000000003        1       11      798        0      245    19266        0
0000000000000003        2      266    18418        0      267    18478        0
0000000000000003        3      264    18222        0      266    18342        0
datapath         in-port  eth-dst           out-port packets  bytes
---------------- -------- ----------------- -------- -------- --------
0000000000000003        1       192.168.0.1        2        4      392
0000000000000003        1       192.168.0.3        3        1       98
0000000000000003        2       192.168.0.2        1        4      392
0000000000000003        3       192.168.0.2        1        2      196
discovery--->==================================== discovery ====================================
discovery---> cls: [(1, 2), (1, 3), (2, 3)]
discovery--->=============================================================================
==================================== link detector ====================================

----------------------------
src    dst :    delay
1 <---> 2 : 3.0159950256347656
1 <---> 3 : 3.7398338317871094
2 <---> 1 : 2.1169185638427734
2 <---> 3 : 2.279520034790039
3 <---> 2 : 2.1517276763916016
3 <---> 1 : 2.151012420654297
==================================== link detector ====================================

----------------------------
src    dst :    delay
1 <---> 2 : 3.6673545837402344
1 <---> 3 : 4.088163375854492
2 <---> 1 : 4.249811172485352
2 <---> 3 : 4.066944122314453
3 <---> 2 : 2.6760101318359375
3 <---> 1 : 3.742694854736328
datapath         port     rx-pkts  rx-bytes rx-error tx-pkts  tx-bytes tx-error
---------------- -------- -------- -------- -------- -------- -------- --------
0000000000000002        1       10      756        0      251    19734        0
0000000000000002        2      272    18778        0      272    18778        0
0000000000000002        3      271    18642        0      270    18582        0
datapath         in-port  eth-dst           out-port packets  bytes
---------------- -------- ----------------- -------- -------- --------
0000000000000002        1       192.168.0.1        2        4      392
0000000000000002        1       192.168.0.2        3        2      196
0000000000000002        2       192.168.0.3        1        4      392
0000000000000002        3       192.168.0.3        1        2      196
datapath         port     rx-pkts  rx-bytes rx-error tx-pkts  tx-bytes tx-error
---------------- -------- -------- -------- -------- -------- -------- --------
0000000000000003        1       11      798        0      250    19656        0
0000000000000003        2      272    18778        0      272    18778        0
0000000000000003        3      270    18582        0      271    18642        0
datapath         in-port  eth-dst           out-port packets  bytes
---------------- -------- ----------------- -------- -------- --------
0000000000000003        1       192.168.0.1        2        4      392
0000000000000003        1       192.168.0.3        3        1       98
0000000000000003        2       192.168.0.2        1        4      392
0000000000000003        3       192.168.0.2        1        2      196
datapath         port     rx-pkts  rx-bytes rx-error tx-pkts  tx-bytes tx-error
---------------- -------- -------- -------- -------- -------- -------- --------
0000000000000001        1       10      868        0      255    20068        0
0000000000000001        2      272    18778        0      272    18778        0
0000000000000001        3      272    18778        0      272    18778        0
datapath         in-port  eth-dst           out-port packets  bytes
---------------- -------- ----------------- -------- -------- --------
0000000000000001        1       192.168.0.2        2        3      294
0000000000000001        1       192.168.0.3        3        3      294
0000000000000001        2       192.168.0.1        1        4      392
0000000000000001        3       192.168.0.1        1        4      392
discovery--->==================================== discovery ====================================
discovery---> cls: [(1, 2), (1, 3), (2, 3)]
discovery--->=============================================================================
==================================== link detector ====================================

----------------------------
src    dst :    delay
1 <---> 2 : 3.383636474609375
1 <---> 3 : 3.2548904418945312
2 <---> 1 : 4.201173782348633
2 <---> 3 : 4.255533218383789
3 <---> 2 : 4.425287246704102
3 <---> 1 : 2.156972885131836
datapath         port     rx-pkts  rx-bytes rx-error tx-pkts  tx-bytes tx-error
---------------- -------- -------- -------- -------- -------- -------- --------
0000000000000002        1       10      756        0      256    20124        0
0000000000000002        2      277    19078        0      278    19138        0
0000000000000002        3      277    19002        0      275    18882        0
datapath         in-port  eth-dst           out-port packets  bytes
---------------- -------- ----------------- -------- -------- --------
0000000000000002        1       192.168.0.1        2        4      392
0000000000000002        1       192.168.0.2        3        2      196
0000000000000002        2       192.168.0.3        1        4      392
0000000000000002        3       192.168.0.3        1        2      196
datapath         port     rx-pkts  rx-bytes rx-error tx-pkts  tx-bytes tx-error
---------------- -------- -------- -------- -------- -------- -------- --------
0000000000000001        1       10      868        0      260    20458        0
0000000000000001        2      278    19138        0      277    19078        0
0000000000000001        3      278    19138        0      277    19078        0
datapath         in-port  eth-dst           out-port packets  bytes
---------------- -------- ----------------- -------- -------- --------
0000000000000001        1       192.168.0.2        2        3      294
0000000000000001        1       192.168.0.3        3        3      294
0000000000000001        2       192.168.0.1        1        4      392
0000000000000001        3       192.168.0.1        1        4      392
datapath         port     rx-pkts  rx-bytes rx-error tx-pkts  tx-bytes tx-error
---------------- -------- -------- -------- -------- -------- -------- --------
0000000000000003        1       11      798        0      256    20124        0
0000000000000003        2      277    19078        0      278    19138        0
0000000000000003        3      275    18882        0      277    19002        0
datapath         in-port  eth-dst           out-port packets  bytes
---------------- -------- ----------------- -------- -------- --------
0000000000000003        1       192.168.0.1        2        4      392
0000000000000003        1       192.168.0.3        3        1       98
0000000000000003        2       192.168.0.2        1        4      392
0000000000000003        3       192.168.0.2        1        2      196
discovery--->==================================== discovery ====================================
discovery---> cls: [(1, 2), (1, 3), (2, 3)]
discovery--->=============================================================================
==================================== link detector ====================================

----------------------------
src    dst :    delay
1 <---> 2 : 3.567934036254883
1 <---> 3 : 2.905607223510742
2 <---> 1 : 2.8030872344970703
2 <---> 3 : 2.8467178344726562
3 <---> 2 : 2.92205810546875
3 <---> 1 : 3.5164356231689453
==================================== link detector ====================================

----------------------------
src    dst :    delay
1 <---> 2 : 4.12297248840332
1 <---> 3 : 2.7298927307128906
2 <---> 1 : 2.243518829345703
2 <---> 3 : 2.8722286224365234
3 <---> 2 : 2.809762954711914
3 <---> 1 : 2.6504993438720703
datapath         port     rx-pkts  rx-bytes rx-error tx-pkts  tx-bytes tx-error
---------------- -------- -------- -------- -------- -------- -------- --------
0000000000000002        1       10      756        0      262    20592        0
0000000000000002        2      283    19438        0      283    19438        0
0000000000000002        3      282    19302        0      281    19242        0
datapath         in-port  eth-dst           out-port packets  bytes
---------------- -------- ----------------- -------- -------- --------
0000000000000002        1       192.168.0.1        2        4      392
0000000000000002        1       192.168.0.2        3        2      196
0000000000000002        2       192.168.0.3        1        4      392
0000000000000002        3       192.168.0.3        1        2      196
datapath         port     rx-pkts  rx-bytes rx-error tx-pkts  tx-bytes tx-error
---------------- -------- -------- -------- -------- -------- -------- --------
0000000000000003        1       11      798        0      262    20592        0
0000000000000003        2      283    19438        0      284    19498        0
0000000000000003        3      281    19242        0      282    19302        0
datapath         in-port  eth-dst           out-port packets  bytes
---------------- -------- ----------------- -------- -------- --------
0000000000000003        1       192.168.0.1        2        4      392
0000000000000003        1       192.168.0.3        3        1       98
0000000000000003        2       192.168.0.2        1        4      392
0000000000000003        3       192.168.0.2        1        2      196
datapath         port     rx-pkts  rx-bytes rx-error tx-pkts  tx-bytes tx-error
---------------- -------- -------- -------- -------- -------- -------- --------
0000000000000001        1       10      868        0      266    20926        0
0000000000000001        2      284    19498        0      283    19438        0
0000000000000001        3      283    19438        0      283    19438        0
datapath         in-port  eth-dst           out-port packets  bytes
---------------- -------- ----------------- -------- -------- --------
0000000000000001        1       192.168.0.2        2        3      294
0000000000000001        1       192.168.0.3        3        3      294
0000000000000001        2       192.168.0.1        1        4      392
0000000000000001        3       192.168.0.1        1        4      392
discovery--->==================================== discovery ====================================
discovery---> cls: [(1, 2), (1, 3), (2, 3)]
discovery--->=============================================================================
==================================== link detector ====================================

----------------------------
src    dst :    delay
1 <---> 2 : 3.8156509399414062
1 <---> 3 : 2.6254653930664062
2 <---> 1 : 3.420114517211914
2 <---> 3 : 3.4127235412597656
3 <---> 2 : 3.187417984008789
3 <---> 1 : 2.155303955078125
datapath         port     rx-pkts  rx-bytes rx-error tx-pkts  tx-bytes tx-error
---------------- -------- -------- -------- -------- -------- -------- --------
0000000000000002        1       10      756        0      267    20982        0
0000000000000002        2      288    19738        0      289    19798        0
0000000000000002        3      288    19662        0      286    19542        0
datapath         in-port  eth-dst           out-port packets  bytes
---------------- -------- ----------------- -------- -------- --------
0000000000000002        1       192.168.0.1        2        4      392
0000000000000002        1       192.168.0.2        3        2      196
0000000000000002        2       192.168.0.3        1        4      392
0000000000000002        3       192.168.0.3        1        2      196
datapath         port     rx-pkts  rx-bytes rx-error tx-pkts  tx-bytes tx-error
---------------- -------- -------- -------- -------- -------- -------- --------
0000000000000003        1       11      798        0      267    20982        0
0000000000000003        2      289    19808        0      289    19798        0
0000000000000003        3      286    19542        0      288    19662        0
datapath         in-port  eth-dst           out-port packets  bytes
---------------- -------- ----------------- -------- -------- --------
0000000000000003        1       192.168.0.1        2        4      392
0000000000000003        1       192.168.0.3        3        1       98
0000000000000003        2       192.168.0.2        1        4      392
0000000000000003        3       192.168.0.2        1        2      196
datapath         port     rx-pkts  rx-bytes rx-error tx-pkts  tx-bytes tx-error
---------------- -------- -------- -------- -------- -------- -------- --------
0000000000000001        1       10      868        0      271    21316        0
0000000000000001        2      289    19798        0      289    19808        0
0000000000000001        3      289    19798        0      288    19738        0
datapath         in-port  eth-dst           out-port packets  bytes
---------------- -------- ----------------- -------- -------- --------
0000000000000001        1       192.168.0.2        2        3      294
0000000000000001        1       192.168.0.3        3        3      294
0000000000000001        2       192.168.0.1        1        4      392
0000000000000001        3       192.168.0.1        1        4      392
discovery--->==================================== discovery ====================================
discovery---> cls: [(1, 2), (1, 3), (2, 3)]
discovery--->=============================================================================
==================================== link detector ====================================

----------------------------
src    dst :    delay
1 <---> 2 : 2.8858184814453125
1 <---> 3 : 2.805471420288086
2 <---> 1 : 4.028797149658203
2 <---> 3 : 3.681182861328125
3 <---> 2 : 2.315521240234375
3 <---> 1 : 3.961324691772461
==================================== link detector ====================================

----------------------------
src    dst :    delay
1 <---> 2 : 3.462076187133789
1 <---> 3 : 2.491474151611328
2 <---> 1 : 2.627134323120117
2 <---> 3 : 2.4917125701904297
3 <---> 2 : 2.7115345001220703
3 <---> 1 : 3.0624866485595703
datapath         port     rx-pkts  rx-bytes rx-error tx-pkts  tx-bytes tx-error
---------------- -------- -------- -------- -------- -------- -------- --------
0000000000000002        1       10      756        0      273    21450        0
0000000000000002        2      294    20098        0      295    20158        0
0000000000000002        3      295    20092        0      292    19902        0
datapath         in-port  eth-dst           out-port packets  bytes
---------------- -------- ----------------- -------- -------- --------
0000000000000002        1       192.168.0.1        2        4      392
0000000000000002        1       192.168.0.2        3        2      196
0000000000000002        2       192.168.0.3        1        4      392
0000000000000002        3       192.168.0.3        1        2      196
datapath         port     rx-pkts  rx-bytes rx-error tx-pkts  tx-bytes tx-error
---------------- -------- -------- -------- -------- -------- -------- --------
0000000000000003        1       11      798        0      273    21450        0
0000000000000003        2      295    20168        0      295    20158        0
0000000000000003        3      292    19902        0      295    20092        0
datapath         in-port  eth-dst           out-port packets  bytes
---------------- -------- ----------------- -------- -------- --------
0000000000000003        1       192.168.0.1        2        4      392
0000000000000003        1       192.168.0.3        3        1       98
0000000000000003        2       192.168.0.2        1        4      392
0000000000000003        3       192.168.0.2        1        2      196
datapath         port     rx-pkts  rx-bytes rx-error tx-pkts  tx-bytes tx-error
---------------- -------- -------- -------- -------- -------- -------- --------
0000000000000001        1       10      868        0      277    21784        0
0000000000000001        2      295    20158        0      295    20168        0
0000000000000001        3      295    20158        0      294    20098        0
datapath         in-port  eth-dst           out-port packets  bytes
---------------- -------- ----------------- -------- -------- --------
0000000000000001        1       192.168.0.2        2        3      294
0000000000000001        1       192.168.0.3        3        3      294
0000000000000001        2       192.168.0.1        1        4      392
0000000000000001        3       192.168.0.1        1        4      392
discovery--->==================================== discovery ====================================
discovery---> cls: [(1, 2), (1, 3), (2, 3)]
discovery--->=============================================================================
==================================== link detector ====================================

----------------------------
src    dst :    delay
1 <---> 2 : 2.4979114532470703
1 <---> 3 : 4.051685333251953
2 <---> 1 : 2.3949146270751953
2 <---> 3 : 2.1028518676757812
3 <---> 2 : 2.843141555786133
3 <---> 1 : 2.165079116821289
==================================== link detector ====================================

----------------------------
src    dst :    delay
1 <---> 2 : 3.879547119140625
1 <---> 3 : 3.2813549041748047
2 <---> 1 : 2.9070377349853516
2 <---> 3 : 3.0167102813720703
3 <---> 2 : 3.726482391357422
3 <---> 1 : 2.9633045196533203
datapath         port     rx-pkts  rx-bytes rx-error tx-pkts  tx-bytes tx-error
---------------- -------- -------- -------- -------- -------- -------- --------
0000000000000002        1       10      756        0      278    21840        0
0000000000000002        2      300    20458        0      300    20458        0
0000000000000002        3      300    20392        0      297    20202        0
datapath         in-port  eth-dst           out-port packets  bytes
---------------- -------- ----------------- -------- -------- --------
0000000000000002        1       192.168.0.1        2        4      392
0000000000000002        1       192.168.0.2        3        2      196
0000000000000002        2       192.168.0.3        1        4      392
0000000000000002        3       192.168.0.3        1        2      196
datapath         port     rx-pkts  rx-bytes rx-error tx-pkts  tx-bytes tx-error
---------------- -------- -------- -------- -------- -------- -------- --------
0000000000000003        1       11      798        0      278    21840        0
0000000000000003        2      300    20468        0      300    20458        0
0000000000000003        3      297    20202        0      300    20392        0
datapath         in-port  eth-dst           out-port packets  bytes
---------------- -------- ----------------- -------- -------- --------
0000000000000003        1       192.168.0.1        2        4      392
0000000000000003        1       192.168.0.3        3        1       98
0000000000000003        2       192.168.0.2        1        4      392
0000000000000003        3       192.168.0.2        1        2      196
datapath         port     rx-pkts  rx-bytes rx-error tx-pkts  tx-bytes tx-error
---------------- -------- -------- -------- -------- -------- -------- --------
0000000000000001        1       10      868        0      282    22174        0
0000000000000001        2      300    20458        0      300    20468        0
0000000000000001        3      300    20458        0      300    20458        0
datapath         in-port  eth-dst           out-port packets  bytes
---------------- -------- ----------------- -------- -------- --------
0000000000000001        1       192.168.0.2        2        3      294
0000000000000001        1       192.168.0.3        3        3      294
0000000000000001        2       192.168.0.1        1        4      392
0000000000000001        3       192.168.0.1        1        4      392
discovery--->==================================== discovery ====================================
discovery---> cls: [(1, 2), (1, 3), (2, 3)]
discovery--->=============================================================================
==================================== link detector ====================================

----------------------------
src    dst :    delay
1 <---> 2 : 2.8057098388671875
1 <---> 3 : 3.6156177520751953
2 <---> 1 : 3.0510425567626953
2 <---> 3 : 4.951953887939453
3 <---> 2 : 3.2160282135009766
3 <---> 1 : 3.1311511993408203
datapath         port     rx-pkts  rx-bytes rx-error tx-pkts  tx-bytes tx-error
---------------- -------- -------- -------- -------- -------- -------- --------
0000000000000002        1       10      756        0      284    22308        0
0000000000000002        2      305    20758        0      306    20818        0
0000000000000002        3      306    20752        0      303    20562        0
datapath         in-port  eth-dst           out-port packets  bytes
---------------- -------- ----------------- -------- -------- --------
0000000000000002        1       192.168.0.1        2        4      392
0000000000000002        1       192.168.0.2        3        2      196
0000000000000002        2       192.168.0.3        1        4      392
0000000000000002        3       192.168.0.3        1        2      196
datapath         port     rx-pkts  rx-bytes rx-error tx-pkts  tx-bytes tx-error
---------------- -------- -------- -------- -------- -------- -------- --------
0000000000000001        1       10      868        0      288    22642        0
0000000000000001        2      306    20818        0      306    20828        0
0000000000000001        3      306    20818        0      305    20758        0
datapath         in-port  eth-dst           out-port packets  bytes
---------------- -------- ----------------- -------- -------- --------
0000000000000001        1       192.168.0.2        2        3      294
0000000000000001        1       192.168.0.3        3        3      294
0000000000000001        2       192.168.0.1        1        4      392
0000000000000001        3       192.168.0.1        1        4      392
datapath         port     rx-pkts  rx-bytes rx-error tx-pkts  tx-bytes tx-error
---------------- -------- -------- -------- -------- -------- -------- --------
0000000000000003        1       11      798        0      284    22308        0
0000000000000003        2      306    20828        0      306    20818        0
0000000000000003        3      303    20562        0      306    20752        0
datapath         in-port  eth-dst           out-port packets  bytes
---------------- -------- ----------------- -------- -------- --------
0000000000000003        1       192.168.0.1        2        4      392
0000000000000003        1       192.168.0.3        3        1       98
0000000000000003        2       192.168.0.2        1        4      392
0000000000000003        3       192.168.0.2        1        2      196
discovery--->==================================== discovery ====================================
discovery---> cls: [(1, 2), (1, 3), (2, 3)]
discovery--->=============================================================================
==================================== link detector ====================================

----------------------------
src    dst :    delay
1 <---> 2 : 6.083011627197266
1 <---> 3 : 2.3555755615234375
2 <---> 1 : 2.8815269470214844
2 <---> 3 : 3.406047821044922
3 <---> 2 : 2.237081527709961
3 <---> 1 : 3.1731128692626953
==================================== link detector ====================================

----------------------------
src    dst :    delay
1 <---> 2 : 2.3927688598632812
1 <---> 3 : 2.2978782653808594
2 <---> 1 : 2.1736621856689453
2 <---> 3 : 2.4814605712890625
3 <---> 2 : 2.1500587463378906
3 <---> 1 : 2.1033287048339844
datapath         port     rx-pkts  rx-bytes rx-error tx-pkts  tx-bytes tx-error
---------------- -------- -------- -------- -------- -------- -------- --------
0000000000000002        1       10      756        0      289    22698        0
0000000000000002        2      311    21118        0      312    21188        0
0000000000000002        3      311    21052        0      308    20862        0
datapath         in-port  eth-dst           out-port packets  bytes
---------------- -------- ----------------- -------- -------- --------
0000000000000002        1       192.168.0.1        2        4      392
0000000000000002        1       192.168.0.2        3        2      196
0000000000000002        2       192.168.0.3        1        4      392
0000000000000002        3       192.168.0.3        1        2      196
datapath         port     rx-pkts  rx-bytes rx-error tx-pkts  tx-bytes tx-error
---------------- -------- -------- -------- -------- -------- -------- --------
0000000000000003        1       11      798        0      289    22698        0
0000000000000003        2      312    21188        0      311    21118        0
0000000000000003        3      308    20862        0      311    21052        0
datapath         in-port  eth-dst           out-port packets  bytes
---------------- -------- ----------------- -------- -------- --------
0000000000000003        1       192.168.0.1        2        4      392
0000000000000003        1       192.168.0.3        3        1       98
0000000000000003        2       192.168.0.2        1        4      392
0000000000000003        3       192.168.0.2        1        2      196
datapath         port     rx-pkts  rx-bytes rx-error tx-pkts  tx-bytes tx-error
---------------- -------- -------- -------- -------- -------- -------- --------
0000000000000001        1       10      868        0      294    23110        0
0000000000000001        2      311    21118        0      312    21188        0
0000000000000001        3      312    21188        0      311    21118        0
datapath         in-port  eth-dst           out-port packets  bytes
---------------- -------- ----------------- -------- -------- --------
0000000000000001        1       192.168.0.2        2        3      294
0000000000000001        1       192.168.0.3        3        3      294
0000000000000001        2       192.168.0.1        1        4      392
0000000000000001        3       192.168.0.1        1        4      392
discovery--->==================================== discovery ====================================
discovery---> cls: [(1, 2), (1, 3), (2, 3)]
discovery--->=============================================================================
==================================== link detector ====================================

----------------------------
src    dst :    delay
1 <---> 2 : 4.043340682983398
1 <---> 3 : 4.109859466552734
2 <---> 1 : 2.951383590698242
2 <---> 3 : 3.123044967651367
3 <---> 2 : 3.6001205444335938
3 <---> 1 : 3.1735897064208984
datapath         port     rx-pkts  rx-bytes rx-error tx-pkts  tx-bytes tx-error
---------------- -------- -------- -------- -------- -------- -------- --------
0000000000000002        1       10      756        0      295    23166        0
0000000000000002        2      317    21621        0      319    21751        0
0000000000000002        3      318    21615        0      315    21425        0
datapath         in-port  eth-dst           out-port packets  bytes
---------------- -------- ----------------- -------- -------- --------
0000000000000002        1       192.168.0.1        2        4      392
0000000000000002        1       192.168.0.2        3        2      196
0000000000000002        2       192.168.0.3        1        4      392
0000000000000002        3       192.168.0.3        1        2      196
datapath         port     rx-pkts  rx-bytes rx-error tx-pkts  tx-bytes tx-error
---------------- -------- -------- -------- -------- -------- -------- --------
0000000000000001        1       10      868        0      299    23500        0
0000000000000001        2      318    21681        0      318    21691        0
0000000000000001        3      319    21751        0      317    21621        0
datapath         in-port  eth-dst           out-port packets  bytes
---------------- -------- ----------------- -------- -------- --------
0000000000000001        1       192.168.0.2        2        3      294
0000000000000001        1       192.168.0.3        3        3      294
0000000000000001        2       192.168.0.1        1        4      392
0000000000000001        3       192.168.0.1        1        4      392
datapath         port     rx-pkts  rx-bytes rx-error tx-pkts  tx-bytes tx-error
---------------- -------- -------- -------- -------- -------- -------- --------
0000000000000003        1       11      798        0      295    23166        0
0000000000000003        2      318    21691        0      318    21681        0
0000000000000003        3      315    21425        0      318    21615        0
datapath         in-port  eth-dst           out-port packets  bytes
---------------- -------- ----------------- -------- -------- --------
0000000000000003        1       192.168.0.1        2        4      392
0000000000000003        1       192.168.0.3        3        1       98
0000000000000003        2       192.168.0.2        1        4      392
0000000000000003        3       192.168.0.2        1        2      196
discovery--->==================================== discovery ====================================
discovery---> cls: [(1, 2), (1, 3), (2, 3)]
discovery--->=============================================================================
==================================== link detector ====================================

----------------------------
src    dst :    delay
1 <---> 2 : 3.652334213256836
1 <---> 3 : 2.652883529663086
2 <---> 1 : 2.4406909942626953
2 <---> 3 : 3.6258697509765625
3 <---> 2 : 2.3927688598632812
3 <---> 1 : 4.144906997680664
==================================== link detector ====================================

----------------------------
src    dst :    delay
1 <---> 2 : 2.9327869415283203
1 <---> 3 : 4.410743713378906
2 <---> 1 : 2.5382041931152344
2 <---> 3 : 3.5829544067382812
3 <---> 2 : 4.231929779052734
3 <---> 1 : 2.451658248901367
datapath         port     rx-pkts  rx-bytes rx-error tx-pkts  tx-bytes tx-error
---------------- -------- -------- -------- -------- -------- -------- --------
0000000000000002        1       10      756        0      300    23556        0
0000000000000002        2      323    21981        0      324    22051        0
0000000000000002        3      323    21915        0      321    21785        0
datapath         in-port  eth-dst           out-port packets  bytes
---------------- -------- ----------------- -------- -------- --------
0000000000000002        1       192.168.0.1        2        4      392
0000000000000002        1       192.168.0.2        3        2      196
0000000000000002        2       192.168.0.3        1        4      392
0000000000000002        3       192.168.0.3        1        2      196
datapath         port     rx-pkts  rx-bytes rx-error tx-pkts  tx-bytes tx-error
---------------- -------- -------- -------- -------- -------- -------- --------
0000000000000003        1       11      798        0      300    23556        0
0000000000000003        2      324    22051        0      323    21981        0
0000000000000003        3      321    21785        0      323    21915        0
datapath         in-port  eth-dst           out-port packets  bytes
---------------- -------- ----------------- -------- -------- --------
0000000000000003        1       192.168.0.1        2        4      392
0000000000000003        1       192.168.0.3        3        1       98
0000000000000003        2       192.168.0.2        1        4      392
0000000000000003        3       192.168.0.2        1        2      196
datapath         port     rx-pkts  rx-bytes rx-error tx-pkts  tx-bytes tx-error
---------------- -------- -------- -------- -------- -------- -------- --------
0000000000000001        1       10      868        0      305    23968        0
0000000000000001        2      323    21981        0      324    22051        0
0000000000000001        3      324    22051        0      323    21981        0
datapath         in-port  eth-dst           out-port packets  bytes
---------------- -------- ----------------- -------- -------- --------
0000000000000001        1       192.168.0.2        2        3      294
0000000000000001        1       192.168.0.3        3        3      294
0000000000000001        2       192.168.0.1        1        4      392
0000000000000001        3       192.168.0.1        1        4      392
discovery--->==================================== discovery ====================================
discovery---> cls: [(1, 2), (1, 3), (2, 3)]
discovery--->=============================================================================
==================================== link detector ====================================

----------------------------
src    dst :    delay
1 <---> 2 : 3.1087398529052734
1 <---> 3 : 3.507375717163086
2 <---> 1 : 2.675294876098633
2 <---> 3 : 3.8716793060302734
3 <---> 2 : 3.5247802734375
3 <---> 1 : 2.732992172241211
==================================== link detector ====================================

----------------------------
src    dst :    delay
1 <---> 2 : 4.024744033813477
1 <---> 3 : 2.702474594116211
2 <---> 1 : 3.4236907958984375
2 <---> 3 : 3.1745433807373047
3 <---> 2 : 3.515481948852539
3 <---> 1 : 3.473043441772461
datapath         port     rx-pkts  rx-bytes rx-error tx-pkts  tx-bytes tx-error
---------------- -------- -------- -------- -------- -------- -------- --------
0000000000000002        1       10      756        0      306    24024        0
0000000000000002        2      328    22281        0      330    22411        0
0000000000000002        3      329    22275        0      326    22085        0
datapath         in-port  eth-dst           out-port packets  bytes
---------------- -------- ----------------- -------- -------- --------
0000000000000002        1       192.168.0.1        2        4      392
0000000000000002        1       192.168.0.2        3        2      196
0000000000000002        2       192.168.0.3        1        4      392
0000000000000002        3       192.168.0.3        1        2      196
datapath         port     rx-pkts  rx-bytes rx-error tx-pkts  tx-bytes tx-error
---------------- -------- -------- -------- -------- -------- -------- --------
0000000000000003        1       11      798        0      306    24024        0
0000000000000003        2      329    22351        0      329    22341        0
0000000000000003        3      326    22085        0      329    22275        0
datapath         in-port  eth-dst           out-port packets  bytes
---------------- -------- ----------------- -------- -------- --------
0000000000000003        1       192.168.0.1        2        4      392
0000000000000003        1       192.168.0.3        3        1       98
0000000000000003        2       192.168.0.2        1        4      392
0000000000000003        3       192.168.0.2        1        2      196
datapath         port     rx-pkts  rx-bytes rx-error tx-pkts  tx-bytes tx-error
---------------- -------- -------- -------- -------- -------- -------- --------
0000000000000001        1       10      868        0      310    24358        0
0000000000000001        2      329    22341        0      329    22351        0
0000000000000001        3      330    22411        0      328    22281        0
datapath         in-port  eth-dst           out-port packets  bytes
---------------- -------- ----------------- -------- -------- --------
0000000000000001        1       192.168.0.2        2        3      294
0000000000000001        1       192.168.0.3        3        3      294
0000000000000001        2       192.168.0.1        1        4      392
0000000000000001        3       192.168.0.1        1        4      392
discovery--->==================================== discovery ====================================
discovery---> cls: [(1, 2), (1, 3), (2, 3)]
discovery--->=============================================================================
==================================== link detector ====================================

----------------------------
src    dst :    delay
1 <---> 2 : 3.582000732421875
1 <---> 3 : 3.732919692993164
2 <---> 1 : 3.1855106353759766
2 <---> 3 : 2.3119449615478516
3 <---> 2 : 2.1429061889648438
3 <---> 1 : 3.1850337982177734
datapath         port     rx-pkts  rx-bytes rx-error tx-pkts  tx-bytes tx-error
---------------- -------- -------- -------- -------- -------- -------- --------
0000000000000001        1       10      868        0      316    24826        0
0000000000000001        2      334    22641        0      335    22711        0
0000000000000001        3      335    22711        0      335    22711        0
datapath         in-port  eth-dst           out-port packets  bytes
---------------- -------- ----------------- -------- -------- --------
0000000000000001        1       192.168.0.2        2        3      294
0000000000000001        1       192.168.0.3        3        3      294
0000000000000001        2       192.168.0.1        1        4      392
0000000000000001        3       192.168.0.1        1        4      392
datapath         port     rx-pkts  rx-bytes rx-error tx-pkts  tx-bytes tx-error
---------------- -------- -------- -------- -------- -------- -------- --------
0000000000000003        1       11      798        0      312    24492        0
0000000000000003        2      335    22711        0      334    22641        0
0000000000000003        3      332    22445        0      334    22575        0
datapath         in-port  eth-dst           out-port packets  bytes
---------------- -------- ----------------- -------- -------- --------
0000000000000003        1       192.168.0.1        2        4      392
0000000000000003        1       192.168.0.3        3        1       98
0000000000000003        2       192.168.0.2        1        4      392
0000000000000003        3       192.168.0.2        1        2      196
datapath         port     rx-pkts  rx-bytes rx-error tx-pkts  tx-bytes tx-error
---------------- -------- -------- -------- -------- -------- -------- --------
0000000000000002        1       10      756        0      312    24492        0
0000000000000002        2      335    22711        0      335    22711        0
0000000000000002        3      334    22575        0      332    22445        0
datapath         in-port  eth-dst           out-port packets  bytes
---------------- -------- ----------------- -------- -------- --------
0000000000000002        1       192.168.0.1        2        4      392
0000000000000002        1       192.168.0.2        3        2      196
0000000000000002        2       192.168.0.3        1        4      392
0000000000000002        3       192.168.0.3        1        2      196
discovery--->==================================== discovery ====================================
discovery---> cls: [(1, 2), (1, 3), (2, 3)]
discovery--->=============================================================================
==================================== link detector ====================================

----------------------------
src    dst :    delay
1 <---> 2 : 2.170562744140625
1 <---> 3 : 2.127408981323242
2 <---> 1 : 2.3310184478759766
2 <---> 3 : 2.4538040161132812
3 <---> 2 : 2.551555633544922
3 <---> 1 : 2.227306365966797
==================================== link detector ====================================

----------------------------
src    dst :    delay
1 <---> 2 : 3.428936004638672
1 <---> 3 : 2.380847930908203
2 <---> 1 : 3.4608840942382812
2 <---> 3 : 2.5048255920410156
3 <---> 2 : 3.5598278045654297
3 <---> 1 : 3.093719482421875
datapath         port     rx-pkts  rx-bytes rx-error tx-pkts  tx-bytes tx-error
---------------- -------- -------- -------- -------- -------- -------- --------
0000000000000001        1       10      868        0      321    25216        0
0000000000000001        2      340    23001        0      340    23011        0
0000000000000001        3      341    23071        0      340    23011        0
datapath         in-port  eth-dst           out-port packets  bytes
---------------- -------- ----------------- -------- -------- --------
0000000000000001        1       192.168.0.2        2        3      294
0000000000000001        1       192.168.0.3        3        3      294
0000000000000001        2       192.168.0.1        1        4      392
0000000000000001        3       192.168.0.1        1        4      392
datapath         port     rx-pkts  rx-bytes rx-error tx-pkts  tx-bytes tx-error
---------------- -------- -------- -------- -------- -------- -------- --------
0000000000000002        1       10      756        0      317    24882        0
0000000000000002        2      340    23011        0      341    23071        0
0000000000000002        3      340    22935        0      337    22745        0
datapath         in-port  eth-dst           out-port packets  bytes
---------------- -------- ----------------- -------- -------- --------
0000000000000002        1       192.168.0.1        2        4      392
0000000000000002        1       192.168.0.2        3        2      196
0000000000000002        2       192.168.0.3        1        4      392
0000000000000002        3       192.168.0.3        1        2      196
datapath         port     rx-pkts  rx-bytes rx-error tx-pkts  tx-bytes tx-error
---------------- -------- -------- -------- -------- -------- -------- --------
0000000000000003        1       11      798        0      317    24882        0
0000000000000003        2      340    23011        0      340    23001        0
0000000000000003        3      337    22745        0      340    22935        0
datapath         in-port  eth-dst           out-port packets  bytes
---------------- -------- ----------------- -------- -------- --------
0000000000000003        1       192.168.0.1        2        4      392
0000000000000003        1       192.168.0.3        3        1       98
0000000000000003        2       192.168.0.2        1        4      392
0000000000000003        3       192.168.0.2        1        2      196
discovery--->==================================== discovery ====================================
discovery---> cls: [(1, 2), (1, 3), (2, 3)]
discovery--->=============================================================================
==================================== link detector ====================================

----------------------------
src    dst :    delay
1 <---> 2 : 3.3860206604003906
1 <---> 3 : 2.478361129760742
2 <---> 1 : 2.2346973419189453
2 <---> 3 : 3.7500858306884766
3 <---> 2 : 2.607583999633789
3 <---> 1 : 2.687692642211914
datapath         port     rx-pkts  rx-bytes rx-error tx-pkts  tx-bytes tx-error
---------------- -------- -------- -------- -------- -------- -------- --------
0000000000000002        1       10      756        0      323    25350        0
0000000000000002        2      346    23371        0      347    23431        0
0000000000000002        3      345    23235        0      343    23105        0
datapath         in-port  eth-dst           out-port packets  bytes
---------------- -------- ----------------- -------- -------- --------
0000000000000002        1       192.168.0.1        2        4      392
0000000000000002        1       192.168.0.2        3        2      196
0000000000000002        2       192.168.0.3        1        4      392
0000000000000002        3       192.168.0.3        1        2      196
datapath         port     rx-pkts  rx-bytes rx-error tx-pkts  tx-bytes tx-error
---------------- -------- -------- -------- -------- -------- -------- --------
0000000000000001        1       10      868        0      327    25684        0
0000000000000001        2      346    23361        0      346    23371        0
0000000000000001        3      347    23431        0      346    23371        0
datapath         in-port  eth-dst           out-port packets  bytes
---------------- -------- ----------------- -------- -------- --------
0000000000000001        1       192.168.0.2        2        3      294
0000000000000001        1       192.168.0.3        3        3      294
0000000000000001        2       192.168.0.1        1        4      392
0000000000000001        3       192.168.0.1        1        4      392
datapath         port     rx-pkts  rx-bytes rx-error tx-pkts  tx-bytes tx-error
---------------- -------- -------- -------- -------- -------- -------- --------
0000000000000003        1       11      798        0      323    25350        0
0000000000000003        2      346    23371        0      346    23361        0
0000000000000003        3      343    23105        0      345    23235        0
datapath         in-port  eth-dst           out-port packets  bytes
---------------- -------- ----------------- -------- -------- --------
0000000000000003        1       192.168.0.1        2        4      392
0000000000000003        1       192.168.0.3        3        1       98
0000000000000003        2       192.168.0.2        1        4      392
0000000000000003        3       192.168.0.2        1        2      196
discovery--->==================================== discovery ====================================
discovery---> cls: [(1, 2), (1, 3), (2, 3)]
discovery--->=============================================================================
==================================== link detector ====================================

----------------------------
src    dst :    delay
1 <---> 2 : 3.1609535217285156
1 <---> 3 : 3.0660629272460938
2 <---> 1 : 4.619121551513672
2 <---> 3 : 3.7009716033935547
3 <---> 2 : 5.262613296508789
3 <---> 1 : 2.2187232971191406
==================================== link detector ====================================

----------------------------
src    dst :    delay
1 <---> 2 : 3.4029483795166016
1 <---> 3 : 2.7785301208496094
2 <---> 1 : 2.950429916381836
2 <---> 3 : 2.4487972259521484
3 <---> 2 : 2.8657913208007812
3 <---> 1 : 2.8471946716308594
datapath         port     rx-pkts  rx-bytes rx-error tx-pkts  tx-bytes tx-error
---------------- -------- -------- -------- -------- -------- -------- --------
0000000000000001        1       10      868        0      332    26074        0
0000000000000001        2      352    23731        0      351    23671        0
0000000000000001        3      352    23731        0      351    23671        0
datapath         in-port  eth-dst           out-port packets  bytes
---------------- -------- ----------------- -------- -------- --------
0000000000000001        1       192.168.0.2        2        3      294
0000000000000001        1       192.168.0.3        3        3      294
0000000000000001        2       192.168.0.1        1        4      392
0000000000000001        3       192.168.0.1        1        4      392
datapath         port     rx-pkts  rx-bytes rx-error tx-pkts  tx-bytes tx-error
---------------- -------- -------- -------- -------- -------- -------- --------
0000000000000002        1       10      756        0      328    25740        0
0000000000000002        2      351    23671        0      352    23731        0
0000000000000002        3      351    23595        0      348    23405        0
datapath         in-port  eth-dst           out-port packets  bytes
---------------- -------- ----------------- -------- -------- --------
0000000000000002        1       192.168.0.1        2        4      392
0000000000000002        1       192.168.0.2        3        2      196
0000000000000002        2       192.168.0.3        1        4      392
0000000000000002        3       192.168.0.3        1        2      196
datapath         port     rx-pkts  rx-bytes rx-error tx-pkts  tx-bytes tx-error
---------------- -------- -------- -------- -------- -------- -------- --------
0000000000000003        1       11      798        0      328    25740        0
0000000000000003        2      351    23671        0      352    23731        0
0000000000000003        3      348    23405        0      351    23595        0
datapath         in-port  eth-dst           out-port packets  bytes
---------------- -------- ----------------- -------- -------- --------
0000000000000003        1       192.168.0.1        2        4      392
0000000000000003        1       192.168.0.3        3        1       98
0000000000000003        2       192.168.0.2        1        4      392
0000000000000003        3       192.168.0.2        1        2      196
discovery--->==================================== discovery ====================================
discovery---> cls: [(1, 2), (1, 3), (2, 3)]
discovery--->=============================================================================
==================================== link detector ====================================

----------------------------
src    dst :    delay
1 <---> 2 : 3.065824508666992
1 <---> 3 : 2.9687881469726562
2 <---> 1 : 3.6542415618896484
2 <---> 3 : 4.063844680786133
3 <---> 2 : 3.6149024963378906
3 <---> 1 : 3.6852359771728516
datapath         port     rx-pkts  rx-bytes rx-error tx-pkts  tx-bytes tx-error
---------------- -------- -------- -------- -------- -------- -------- --------
0000000000000002        1       10      756        0      334    26208        0
0000000000000002        2      357    24031        0      358    24091        0
0000000000000002        3      357    23955        0      354    23765        0
datapath         in-port  eth-dst           out-port packets  bytes
---------------- -------- ----------------- -------- -------- --------
0000000000000002        1       192.168.0.1        2        4      392
0000000000000002        1       192.168.0.2        3        2      196
0000000000000002        2       192.168.0.3        1        4      392
0000000000000002        3       192.168.0.3        1        2      196
datapath         port     rx-pkts  rx-bytes rx-error tx-pkts  tx-bytes tx-error
---------------- -------- -------- -------- -------- -------- -------- --------
0000000000000003        1       11      798        0      334    26208        0
0000000000000003        2      357    24031        0      358    24091        0
0000000000000003        3      354    23765        0      357    23955        0
datapath         in-port  eth-dst           out-port packets  bytes
---------------- -------- ----------------- -------- -------- --------
0000000000000003        1       192.168.0.1        2        4      392
0000000000000003        1       192.168.0.3        3        1       98
0000000000000003        2       192.168.0.2        1        4      392
0000000000000003        3       192.168.0.2        1        2      196
datapath         port     rx-pkts  rx-bytes rx-error tx-pkts  tx-bytes tx-error
---------------- -------- -------- -------- -------- -------- -------- --------
0000000000000001        1       10      868        0      338    26542        0
0000000000000001        2      358    24091        0      357    24031        0
0000000000000001        3      358    24091        0      357    24031        0
datapath         in-port  eth-dst           out-port packets  bytes
---------------- -------- ----------------- -------- -------- --------
0000000000000001        1       192.168.0.2        2        3      294
0000000000000001        1       192.168.0.3        3        3      294
0000000000000001        2       192.168.0.1        1        4      392
0000000000000001        3       192.168.0.1        1        4      392
discovery--->==================================== discovery ====================================
discovery---> cls: [(1, 2), (1, 3), (2, 3)]
discovery--->=============================================================================
==================================== link detector ====================================

----------------------------
src    dst :    delay
1 <---> 2 : 4.087209701538086
1 <---> 3 : 3.614187240600586
2 <---> 1 : 4.007816314697266
2 <---> 3 : 3.0012130737304688
3 <---> 2 : 2.7391910552978516
3 <---> 1 : 4.099130630493164
==================================== link detector ====================================

----------------------------
src    dst :    delay
1 <---> 2 : 2.379179000854492
1 <---> 3 : 2.7823448181152344
2 <---> 1 : 2.213001251220703
2 <---> 3 : 3.122091293334961
3 <---> 2 : 4.151105880737305
3 <---> 1 : 2.250194549560547
datapath         port     rx-pkts  rx-bytes rx-error tx-pkts  tx-bytes tx-error
---------------- -------- -------- -------- -------- -------- -------- --------
0000000000000002        1       10      756        0      339    26598        0
0000000000000002        2      363    24391        0      363    24391        0
0000000000000002        3      362    24255        0      359    24065        0
datapath         in-port  eth-dst           out-port packets  bytes
---------------- -------- ----------------- -------- -------- --------
0000000000000002        1       192.168.0.1        2        4      392
0000000000000002        1       192.168.0.2        3        2      196
0000000000000002        2       192.168.0.3        1        4      392
0000000000000002        3       192.168.0.3        1        2      196
datapath         port     rx-pkts  rx-bytes rx-error tx-pkts  tx-bytes tx-error
---------------- -------- -------- -------- -------- -------- -------- --------
0000000000000001        1       10      868        0      343    26932        0
0000000000000001        2      363    24391        0      363    24391        0
0000000000000001        3      363    24391        0      363    24391        0
datapath         in-port  eth-dst           out-port packets  bytes
---------------- -------- ----------------- -------- -------- --------
0000000000000001        1       192.168.0.2        2        3      294
0000000000000001        1       192.168.0.3        3        3      294
0000000000000001        2       192.168.0.1        1        4      392
0000000000000001        3       192.168.0.1        1        4      392
datapath         port     rx-pkts  rx-bytes rx-error tx-pkts  tx-bytes tx-error
---------------- -------- -------- -------- -------- -------- -------- --------
0000000000000003        1       11      798        0      339    26598        0
0000000000000003        2      363    24391        0      363    24391        0
0000000000000003        3      359    24065        0      362    24255        0
datapath         in-port  eth-dst           out-port packets  bytes
---------------- -------- ----------------- -------- -------- --------
0000000000000003        1       192.168.0.1        2        4      392
0000000000000003        1       192.168.0.3        3        1       98
0000000000000003        2       192.168.0.2        1        4      392
0000000000000003        3       192.168.0.2        1        2      196
discovery--->==================================== discovery ====================================
discovery---> cls: [(1, 2), (1, 3), (2, 3)]
discovery--->=============================================================================
==================================== link detector ====================================

----------------------------
src    dst :    delay
1 <---> 2 : 3.6242008209228516
1 <---> 3 : 3.480195999145508
2 <---> 1 : 3.4716129302978516
2 <---> 3 : 2.9497146606445312
3 <---> 2 : 3.6079883575439453
3 <---> 1 : 2.8684139251708984
==================================== link detector ====================================

----------------------------
src    dst :    delay
1 <---> 2 : 2.217531204223633
1 <---> 3 : 2.359628677368164
2 <---> 1 : 3.4036636352539062
2 <---> 3 : 2.6895999908447266
3 <---> 2 : 2.5429725646972656
3 <---> 1 : 4.084587097167969
datapath         port     rx-pkts  rx-bytes rx-error tx-pkts  tx-bytes tx-error
---------------- -------- -------- -------- -------- -------- -------- --------
0000000000000002        1       10      756        0      345    27066        0
0000000000000002        2      368    24691        0      369    24751        0
0000000000000002        3      368    24615        0      366    24495        0
datapath         in-port  eth-dst           out-port packets  bytes
---------------- -------- ----------------- -------- -------- --------
0000000000000002        1       192.168.0.1        2        4      392
0000000000000002        1       192.168.0.2        3        2      196
0000000000000002        2       192.168.0.3        1        4      392
0000000000000002        3       192.168.0.3        1        2      196
datapath         port     rx-pkts  rx-bytes rx-error tx-pkts  tx-bytes tx-error
---------------- -------- -------- -------- -------- -------- -------- --------
0000000000000001        1       10      868        0      349    27400        0
0000000000000001        2      369    24751        0      368    24691        0
0000000000000001        3      369    24751        0      368    24691        0
datapath         in-port  eth-dst           out-port packets  bytes
---------------- -------- ----------------- -------- -------- --------
0000000000000001        1       192.168.0.2        2        3      294
0000000000000001        1       192.168.0.3        3        3      294
0000000000000001        2       192.168.0.1        1        4      392
0000000000000001        3       192.168.0.1        1        4      392
datapath         port     rx-pkts  rx-bytes rx-error tx-pkts  tx-bytes tx-error
---------------- -------- -------- -------- -------- -------- -------- --------
0000000000000003        1       11      798        0      345    27066        0
0000000000000003        2      368    24691        0      369    24751        0
0000000000000003        3      366    24495        0      368    24615        0
datapath         in-port  eth-dst           out-port packets  bytes
---------------- -------- ----------------- -------- -------- --------
0000000000000003        1       192.168.0.1        2        4      392
0000000000000003        1       192.168.0.3        3        1       98
0000000000000003        2       192.168.0.2        1        4      392
0000000000000003        3       192.168.0.2        1        2      196
discovery--->==================================== discovery ====================================
discovery---> cls: [(1, 2), (1, 3), (2, 3)]
discovery--->=============================================================================
==================================== link detector ====================================

----------------------------
src    dst :    delay
1 <---> 2 : 4.231929779052734
1 <---> 3 : 3.5119056701660156
2 <---> 1 : 2.0537376403808594
2 <---> 3 : 2.2444725036621094
3 <---> 2 : 2.1822452545166016
3 <---> 1 : 2.2161006927490234
datapath         port     rx-pkts  rx-bytes rx-error tx-pkts  tx-bytes tx-error
---------------- -------- -------- -------- -------- -------- -------- --------
0000000000000002        1       10      756        0      350    27456        0
0000000000000002        2      374    25051        0      374    25051        0
0000000000000002        3      373    24915        0      372    24855        0
datapath         in-port  eth-dst           out-port packets  bytes
---------------- -------- ----------------- -------- -------- --------
0000000000000002        1       192.168.0.1        2        4      392
0000000000000002        1       192.168.0.2        3        2      196
0000000000000002        2       192.168.0.3        1        4      392
0000000000000002        3       192.168.0.3        1        2      196
datapath         port     rx-pkts  rx-bytes rx-error tx-pkts  tx-bytes tx-error
---------------- -------- -------- -------- -------- -------- -------- --------
0000000000000001        1       10      868        0      355    27868        0
0000000000000001        2      374    25051        0      374    25051        0
0000000000000001        3      374    25051        0      374    25051        0
datapath         in-port  eth-dst           out-port packets  bytes
---------------- -------- ----------------- -------- -------- --------
0000000000000001        1       192.168.0.2        2        3      294
0000000000000001        1       192.168.0.3        3        3      294
0000000000000001        2       192.168.0.1        1        4      392
0000000000000001        3       192.168.0.1        1        4      392
datapath         port     rx-pkts  rx-bytes rx-error tx-pkts  tx-bytes tx-error
---------------- -------- -------- -------- -------- -------- -------- --------
0000000000000003        1       11      798        0      350    27456        0
0000000000000003        2      374    25051        0      374    25051        0
0000000000000003        3      372    24855        0      373    24915        0
datapath         in-port  eth-dst           out-port packets  bytes
---------------- -------- ----------------- -------- -------- --------
0000000000000003        1       192.168.0.1        2        4      392
0000000000000003        1       192.168.0.3        3        1       98
0000000000000003        2       192.168.0.2        1        4      392
0000000000000003        3       192.168.0.2        1        2      196
discovery--->==================================== discovery ====================================
discovery---> cls: [(1, 2), (1, 3), (2, 3)]
discovery--->=============================================================================
==================================== link detector ====================================

----------------------------
src    dst :    delay
1 <---> 2 : 4.058599472045898
1 <---> 3 : 3.1442642211914062
2 <---> 1 : 3.4558773040771484
2 <---> 3 : 3.004312515258789
3 <---> 2 : 3.495454788208008
3 <---> 1 : 2.7704238891601562
==================================== link detector ====================================

----------------------------
src    dst :    delay
1 <---> 2 : 2.187490463256836
1 <---> 3 : 2.977609634399414
2 <---> 1 : 3.038167953491211
2 <---> 3 : 2.8700828552246094
3 <---> 2 : 3.257274627685547
3 <---> 1 : 4.035472869873047
datapath         port     rx-pkts  rx-bytes rx-error tx-pkts  tx-bytes tx-error
---------------- -------- -------- -------- -------- -------- -------- --------
0000000000000002        1       10      756        0      356    27924        0
0000000000000002        2      379    25351        0      380    25411        0
0000000000000002        3      379    25275        0      377    25155        0
datapath         in-port  eth-dst           out-port packets  bytes
---------------- -------- ----------------- -------- -------- --------
0000000000000002        1       192.168.0.1        2        4      392
0000000000000002        1       192.168.0.2        3        2      196
0000000000000002        2       192.168.0.3        1        4      392
0000000000000002        3       192.168.0.3        1        2      196
datapath         port     rx-pkts  rx-bytes rx-error tx-pkts  tx-bytes tx-error
---------------- -------- -------- -------- -------- -------- -------- --------
0000000000000001        1       10      868        0      360    28258        0
0000000000000001        2      380    25411        0      379    25351        0
0000000000000001        3      380    25411        0      379    25351        0
datapath         in-port  eth-dst           out-port packets  bytes
---------------- -------- ----------------- -------- -------- --------
0000000000000001        1       192.168.0.2        2        3      294
0000000000000001        1       192.168.0.3        3        3      294
0000000000000001        2       192.168.0.1        1        4      392
0000000000000001        3       192.168.0.1        1        4      392
datapath         port     rx-pkts  rx-bytes rx-error tx-pkts  tx-bytes tx-error
---------------- -------- -------- -------- -------- -------- -------- --------
0000000000000003        1       11      798        0      356    27924        0
0000000000000003        2      379    25351        0      380    25411        0
0000000000000003        3      377    25155        0      379    25275        0
datapath         in-port  eth-dst           out-port packets  bytes
---------------- -------- ----------------- -------- -------- --------
0000000000000003        1       192.168.0.1        2        4      392
0000000000000003        1       192.168.0.3        3        1       98
0000000000000003        2       192.168.0.2        1        4      392
0000000000000003        3       192.168.0.2        1        2      196
discovery--->==================================== discovery ====================================
discovery---> cls: [(1, 2), (1, 3), (2, 3)]
discovery--->=============================================================================
==================================== link detector ====================================

----------------------------
src    dst :    delay
1 <---> 2 : 2.2356510162353516
1 <---> 3 : 2.3276805877685547
2 <---> 1 : 2.2885799407958984
2 <---> 3 : 2.2649765014648438
3 <---> 2 : 2.3691654205322266
3 <---> 1 : 2.1736621856689453
datapath         port     rx-pkts  rx-bytes rx-error tx-pkts  tx-bytes tx-error
---------------- -------- -------- -------- -------- -------- -------- --------
0000000000000001        1       10      868        0      366    28726        0
0000000000000001        2      385    25711        0      385    25711        0
0000000000000001        3      385    25711        0      385    25711        0
datapath         in-port  eth-dst           out-port packets  bytes
---------------- -------- ----------------- -------- -------- --------
0000000000000001        1       192.168.0.2        2        3      294
0000000000000001        1       192.168.0.3        3        3      294
0000000000000001        2       192.168.0.1        1        4      392
0000000000000001        3       192.168.0.1        1        4      392
datapath         port     rx-pkts  rx-bytes rx-error tx-pkts  tx-bytes tx-error
---------------- -------- -------- -------- -------- -------- -------- --------
0000000000000003        1       11      798        0      362    28392        0
0000000000000003        2      385    25711        0      385    25711        0
0000000000000003        3      383    25515        0      384    25575        0
datapath         in-port  eth-dst           out-port packets  bytes
---------------- -------- ----------------- -------- -------- --------
0000000000000003        1       192.168.0.1        2        4      392
0000000000000003        1       192.168.0.3        3        1       98
0000000000000003        2       192.168.0.2        1        4      392
0000000000000003        3       192.168.0.2        1        2      196
datapath         port     rx-pkts  rx-bytes rx-error tx-pkts  tx-bytes tx-error
---------------- -------- -------- -------- -------- -------- -------- --------
0000000000000002        1       10      756        0      362    28392        0
0000000000000002        2      385    25711        0      385    25711        0
0000000000000002        3      384    25575        0      383    25515        0
datapath         in-port  eth-dst           out-port packets  bytes
---------------- -------- ----------------- -------- -------- --------
0000000000000002        1       192.168.0.1        2        4      392
0000000000000002        1       192.168.0.2        3        2      196
0000000000000002        2       192.168.0.3        1        4      392
0000000000000002        3       192.168.0.3        1        2      196
discovery--->==================================== discovery ====================================
discovery---> cls: [(1, 2), (1, 3), (2, 3)]
discovery--->=============================================================================
==================================== link detector ====================================

----------------------------
src    dst :    delay
1 <---> 2 : 2.2535324096679688
1 <---> 3 : 2.3081302642822266
2 <---> 1 : 3.7429332733154297
2 <---> 3 : 2.3784637451171875
3 <---> 2 : 2.646923065185547
3 <---> 1 : 3.7446022033691406
==================================== link detector ====================================

----------------------------
src    dst :    delay
1 <---> 2 : 2.1965503692626953
1 <---> 3 : 4.312753677368164
2 <---> 1 : 2.3565292358398438
2 <---> 3 : 2.280712127685547
3 <---> 2 : 4.029512405395508
3 <---> 1 : 2.1076202392578125
datapath         port     rx-pkts  rx-bytes rx-error tx-pkts  tx-bytes tx-error
---------------- -------- -------- -------- -------- -------- -------- --------
0000000000000002        1       10      756        0      367    28782        0
0000000000000002        2      390    26011        0      391    26071        0
0000000000000002        3      390    25935        0      388    25815        0
datapath         in-port  eth-dst           out-port packets  bytes
---------------- -------- ----------------- -------- -------- --------
0000000000000002        1       192.168.0.1        2        4      392
0000000000000002        1       192.168.0.2        3        2      196
0000000000000002        2       192.168.0.3        1        4      392
0000000000000002        3       192.168.0.3        1        2      196
datapath         port     rx-pkts  rx-bytes rx-error tx-pkts  tx-bytes tx-error
---------------- -------- -------- -------- -------- -------- -------- --------
0000000000000003        1       11      798        0      367    28782        0
0000000000000003        2      390    26011        0      391    26071        0
0000000000000003        3      388    25815        0      390    25935        0
datapath         in-port  eth-dst           out-port packets  bytes
---------------- -------- ----------------- -------- -------- --------
0000000000000003        1       192.168.0.1        2        4      392
0000000000000003        1       192.168.0.3        3        1       98
0000000000000003        2       192.168.0.2        1        4      392
0000000000000003        3       192.168.0.2        1        2      196
datapath         port     rx-pkts  rx-bytes rx-error tx-pkts  tx-bytes tx-error
---------------- -------- -------- -------- -------- -------- -------- --------
0000000000000001        1       10      868        0      371    29116        0
0000000000000001        2      391    26071        0      390    26011        0
0000000000000001        3      391    26071        0      390    26011        0
datapath         in-port  eth-dst           out-port packets  bytes
---------------- -------- ----------------- -------- -------- --------
0000000000000001        1       192.168.0.2        2        3      294
0000000000000001        1       192.168.0.3        3        3      294
0000000000000001        2       192.168.0.1        1        4      392
0000000000000001        3       192.168.0.1        1        4      392
discovery--->==================================== discovery ====================================
discovery---> cls: [(1, 2), (1, 3), (2, 3)]
discovery--->=============================================================================
==================================== link detector ====================================

----------------------------
src    dst :    delay
1 <---> 2 : 2.4077892303466797
1 <---> 3 : 4.192829132080078
2 <---> 1 : 6.388425827026367
2 <---> 3 : 3.068208694458008
3 <---> 2 : 2.2323131561279297
3 <---> 1 : 2.1491050720214844
==================================== link detector ====================================

----------------------------
src    dst :    delay
1 <---> 2 : 4.065275192260742
1 <---> 3 : 3.154277801513672
2 <---> 1 : 2.1681785583496094
2 <---> 3 : 2.2466182708740234
3 <---> 2 : 2.165079116821289
3 <---> 1 : 2.0313262939453125
datapath         port     rx-pkts  rx-bytes rx-error tx-pkts  tx-bytes tx-error
---------------- -------- -------- -------- -------- -------- -------- --------
0000000000000001        1       10      868        0      377    29584        0
0000000000000001        2      397    26431        0      396    26371        0
0000000000000001        3      396    26371        0      396    26371        0
datapath         in-port  eth-dst           out-port packets  bytes
---------------- -------- ----------------- -------- -------- --------
0000000000000001        1       192.168.0.2        2        3      294
0000000000000001        1       192.168.0.3        3        3      294
0000000000000001        2       192.168.0.1        1        4      392
0000000000000001        3       192.168.0.1        1        4      392
datapath         port     rx-pkts  rx-bytes rx-error tx-pkts  tx-bytes tx-error
---------------- -------- -------- -------- -------- -------- -------- --------
0000000000000003        1       11      798        0      373    29250        0
0000000000000003        2      396    26371        0      397    26431        0
0000000000000003        3      394    26175        0      395    26235        0
datapath         in-port  eth-dst           out-port packets  bytes
---------------- -------- ----------------- -------- -------- --------
0000000000000003        1       192.168.0.1        2        4      392
0000000000000003        1       192.168.0.3        3        1       98
0000000000000003        2       192.168.0.2        1        4      392
0000000000000003        3       192.168.0.2        1        2      196
datapath         port     rx-pkts  rx-bytes rx-error tx-pkts  tx-bytes tx-error
---------------- -------- -------- -------- -------- -------- -------- --------
0000000000000002        1       10      756        0      373    29250        0
0000000000000002        2      396    26371        0      396    26371        0
0000000000000002        3      395    26235        0      394    26175        0
datapath         in-port  eth-dst           out-port packets  bytes
---------------- -------- ----------------- -------- -------- --------
0000000000000002        1       192.168.0.1        2        4      392
0000000000000002        1       192.168.0.2        3        2      196
0000000000000002        2       192.168.0.3        1        4      392
0000000000000002        3       192.168.0.3        1        2      196
discovery--->==================================== discovery ====================================
discovery---> cls: [(1, 2), (1, 3), (2, 3)]
discovery--->=============================================================================
==================================== link detector ====================================

----------------------------
src    dst :    delay
1 <---> 2 : 2.1829605102539062
1 <---> 3 : 2.1834373474121094
2 <---> 1 : 2.377033233642578
2 <---> 3 : 2.8853416442871094
3 <---> 2 : 2.465963363647461
3 <---> 1 : 2.3806095123291016
datapath         port     rx-pkts  rx-bytes rx-error tx-pkts  tx-bytes tx-error
---------------- -------- -------- -------- -------- -------- -------- --------
0000000000000003        1       11      798        0      378    29640        0
0000000000000003        2      401    26671        0      402    26731        0
0000000000000003        3      399    26475        0      401    26595        0
datapath         in-port  eth-dst           out-port packets  bytes
---------------- -------- ----------------- -------- -------- --------
0000000000000003        1       192.168.0.1        2        4      392
0000000000000003        1       192.168.0.3        3        1       98
0000000000000003        2       192.168.0.2        1        4      392
0000000000000003        3       192.168.0.2        1        2      196
datapath         port     rx-pkts  rx-bytes rx-error tx-pkts  tx-bytes tx-error
---------------- -------- -------- -------- -------- -------- -------- --------
0000000000000002        1       10      756        0      378    29640        0
0000000000000002        2      401    26671        0      402    26731        0
0000000000000002        3      401    26595        0      399    26475        0
datapath         in-port  eth-dst           out-port packets  bytes
---------------- -------- ----------------- -------- -------- --------
0000000000000002        1       192.168.0.1        2        4      392
0000000000000002        1       192.168.0.2        3        2      196
0000000000000002        2       192.168.0.3        1        4      392
0000000000000002        3       192.168.0.3        1        2      196
datapath         port     rx-pkts  rx-bytes rx-error tx-pkts  tx-bytes tx-error
---------------- -------- -------- -------- -------- -------- -------- --------
0000000000000001        1       10      868        0      382    29974        0
0000000000000001        2      402    26731        0      401    26671        0
0000000000000001        3      402    26731        0      401    26671        0
datapath         in-port  eth-dst           out-port packets  bytes
---------------- -------- ----------------- -------- -------- --------
0000000000000001        1       192.168.0.2        2        3      294
0000000000000001        1       192.168.0.3        3        3      294
0000000000000001        2       192.168.0.1        1        4      392
0000000000000001        3       192.168.0.1        1        4      392
discovery--->==================================== discovery ====================================
discovery---> cls: [(1, 2), (1, 3), (2, 3)]
discovery--->=============================================================================
==================================== link detector ====================================

----------------------------
src    dst :    delay
1 <---> 2 : 3.480672836303711
1 <---> 3 : 2.897500991821289
2 <---> 1 : 3.052234649658203
2 <---> 3 : 4.006862640380859
3 <---> 2 : 4.64177131652832
3 <---> 1 : 3.0634403228759766
==================================== link detector ====================================

----------------------------
src    dst :    delay
1 <---> 2 : 3.431081771850586
1 <---> 3 : 3.57818603515625
2 <---> 1 : 4.033088684082031
2 <---> 3 : 3.030538558959961
3 <---> 2 : 4.005670547485352
3 <---> 1 : 2.696514129638672
datapath         port     rx-pkts  rx-bytes rx-error tx-pkts  tx-bytes tx-error
---------------- -------- -------- -------- -------- -------- -------- --------
0000000000000001        1       10      868        0      388    30442        0
0000000000000001        2      408    27091        0      407    27031        0
0000000000000001        3      408    27091        0      407    27031        0
datapath         in-port  eth-dst           out-port packets  bytes
---------------- -------- ----------------- -------- -------- --------
0000000000000001        1       192.168.0.2        2        3      294
0000000000000001        1       192.168.0.3        3        3      294
0000000000000001        2       192.168.0.1        1        4      392
0000000000000001        3       192.168.0.1        1        4      392
datapath         port     rx-pkts  rx-bytes rx-error tx-pkts  tx-bytes tx-error
---------------- -------- -------- -------- -------- -------- -------- --------
0000000000000002        1       10      756        0      384    30108        0
0000000000000002        2      407    27031        0      408    27091        0
0000000000000002        3      407    26955        0      405    26835        0
datapath         in-port  eth-dst           out-port packets  bytes
---------------- -------- ----------------- -------- -------- --------
0000000000000002        1       192.168.0.1        2        4      392
0000000000000002        1       192.168.0.2        3        2      196
0000000000000002        2       192.168.0.3        1        4      392
0000000000000002        3       192.168.0.3        1        2      196
datapath         port     rx-pkts  rx-bytes rx-error tx-pkts  tx-bytes tx-error
---------------- -------- -------- -------- -------- -------- -------- --------
0000000000000003        1       11      798        0      384    30108        0
0000000000000003        2      407    27031        0      408    27091        0
0000000000000003        3      405    26835        0      407    26955        0
datapath         in-port  eth-dst           out-port packets  bytes
---------------- -------- ----------------- -------- -------- --------
0000000000000003        1       192.168.0.1        2        4      392
0000000000000003        1       192.168.0.3        3        1       98
0000000000000003        2       192.168.0.2        1        4      392
0000000000000003        3       192.168.0.2        1        2      196
discovery--->==================================== discovery ====================================
discovery---> cls: [(1, 2), (1, 3), (2, 3)]
discovery--->=============================================================================
==================================== link detector ====================================

----------------------------
src    dst :    delay
1 <---> 2 : 2.2020339965820312
1 <---> 3 : 2.1698474884033203
2 <---> 1 : 2.723217010498047
2 <---> 3 : 2.2225379943847656
3 <---> 2 : 2.9375553131103516
3 <---> 1 : 2.285480499267578
datapath         port     rx-pkts  rx-bytes rx-error tx-pkts  tx-bytes tx-error
---------------- -------- -------- -------- -------- -------- -------- --------
0000000000000001        1       10      868        0      393    30832        0
0000000000000001        2      413    27391        0      413    27391        0
0000000000000001        3      413    27391        0      413    27391        0
datapath         in-port  eth-dst           out-port packets  bytes
---------------- -------- ----------------- -------- -------- --------
0000000000000001        1       192.168.0.2        2        3      294
0000000000000001        1       192.168.0.3        3        3      294
0000000000000001        2       192.168.0.1        1        4      392
0000000000000001        3       192.168.0.1        1        4      392
datapath         port     rx-pkts  rx-bytes rx-error tx-pkts  tx-bytes tx-error
---------------- -------- -------- -------- -------- -------- -------- --------
0000000000000003        1       11      798        0      389    30498        0
0000000000000003        2      413    27391        0      413    27391        0
0000000000000003        3      410    27135        0      412    27255        0
datapath         in-port  eth-dst           out-port packets  bytes
---------------- -------- ----------------- -------- -------- --------
0000000000000003        1       192.168.0.1        2        4      392
0000000000000003        1       192.168.0.3        3        1       98
0000000000000003        2       192.168.0.2        1        4      392
0000000000000003        3       192.168.0.2        1        2      196
datapath         port     rx-pkts  rx-bytes rx-error tx-pkts  tx-bytes tx-error
---------------- -------- -------- -------- -------- -------- -------- --------
0000000000000002        1       10      756        0      389    30498        0
0000000000000002        2      413    27391        0      413    27391        0
0000000000000002        3      412    27255        0      410    27135        0
datapath         in-port  eth-dst           out-port packets  bytes
---------------- -------- ----------------- -------- -------- --------
0000000000000002        1       192.168.0.1        2        4      392
0000000000000002        1       192.168.0.2        3        2      196
0000000000000002        2       192.168.0.3        1        4      392
0000000000000002        3       192.168.0.3        1        2      196
discovery--->==================================== discovery ====================================
discovery---> cls: [(1, 2), (1, 3), (2, 3)]
discovery--->=============================================================================
==================================== link detector ====================================

----------------------------
src    dst :    delay
1 <---> 2 : 2.1784305572509766
1 <---> 3 : 2.321481704711914
2 <---> 1 : 2.438783645629883
2 <---> 3 : 2.382516860961914
3 <---> 2 : 2.5637149810791016
3 <---> 1 : 2.477884292602539
==================================== link detector ====================================

----------------------------
src    dst :    delay
1 <---> 2 : 2.688884735107422
1 <---> 3 : 2.0346641540527344
2 <---> 1 : 3.2606124877929688
2 <---> 3 : 2.5794506072998047
3 <---> 2 : 3.799915313720703
3 <---> 1 : 3.303050994873047
datapath         port     rx-pkts  rx-bytes rx-error tx-pkts  tx-bytes tx-error
---------------- -------- -------- -------- -------- -------- -------- --------
0000000000000002        1       10      756        0      395    30966        0
0000000000000002        2      418    27691        0      419    27751        0
0000000000000002        3      418    27615        0      416    27495        0
datapath         in-port  eth-dst           out-port packets  bytes
---------------- -------- ----------------- -------- -------- --------
0000000000000002        1       192.168.0.1        2        4      392
0000000000000002        1       192.168.0.2        3        2      196
0000000000000002        2       192.168.0.3        1        4      392
0000000000000002        3       192.168.0.3        1        2      196
datapath         port     rx-pkts  rx-bytes rx-error tx-pkts  tx-bytes tx-error
---------------- -------- -------- -------- -------- -------- -------- --------
0000000000000003        1       11      798        0      395    30966        0
0000000000000003        2      418    27691        0      419    27751        0
0000000000000003        3      416    27495        0      418    27615        0
datapath         in-port  eth-dst           out-port packets  bytes
---------------- -------- ----------------- -------- -------- --------
0000000000000003        1       192.168.0.1        2        4      392
0000000000000003        1       192.168.0.3        3        1       98
0000000000000003        2       192.168.0.2        1        4      392
0000000000000003        3       192.168.0.2        1        2      196
datapath         port     rx-pkts  rx-bytes rx-error tx-pkts  tx-bytes tx-error
---------------- -------- -------- -------- -------- -------- -------- --------
0000000000000001        1       10      868        0      399    31300        0
0000000000000001        2      419    27751        0      418    27691        0
0000000000000001        3      419    27751        0      418    27691        0
datapath         in-port  eth-dst           out-port packets  bytes
---------------- -------- ----------------- -------- -------- --------
0000000000000001        1       192.168.0.2        2        3      294
0000000000000001        1       192.168.0.3        3        3      294
0000000000000001        2       192.168.0.1        1        4      392
0000000000000001        3       192.168.0.1        1        4      392
discovery--->==================================== discovery ====================================
discovery---> cls: [(1, 2), (1, 3), (2, 3)]
discovery--->=============================================================================
==================================== link detector ====================================

----------------------------
src    dst :    delay
1 <---> 2 : 2.1572113037109375
1 <---> 3 : 3.2265186309814453
2 <---> 1 : 3.082752227783203
2 <---> 3 : 2.856731414794922
3 <---> 2 : 3.000974655151367
3 <---> 1 : 2.805948257446289
datapath         port     rx-pkts  rx-bytes rx-error tx-pkts  tx-bytes tx-error
---------------- -------- -------- -------- -------- -------- -------- --------
0000000000000002        1       10      756        0      400    31356        0
0000000000000002        2      424    28051        0      424    28051        0
0000000000000002        3      423    27915        0      421    27795        0
datapath         in-port  eth-dst           out-port packets  bytes
---------------- -------- ----------------- -------- -------- --------
0000000000000002        1       192.168.0.1        2        4      392
0000000000000002        1       192.168.0.2        3        2      196
0000000000000002        2       192.168.0.3        1        4      392
0000000000000002        3       192.168.0.3        1        2      196
datapath         port     rx-pkts  rx-bytes rx-error tx-pkts  tx-bytes tx-error
---------------- -------- -------- -------- -------- -------- -------- --------
0000000000000001        1       10      868        0      405    31768        0
0000000000000001        2      424    28051        0      424    28051        0
0000000000000001        3      424    28051        0      424    28051        0
datapath         in-port  eth-dst           out-port packets  bytes
---------------- -------- ----------------- -------- -------- --------
0000000000000001        1       192.168.0.2        2        3      294
0000000000000001        1       192.168.0.3        3        3      294
0000000000000001        2       192.168.0.1        1        4      392
0000000000000001        3       192.168.0.1        1        4      392
datapath         port     rx-pkts  rx-bytes rx-error tx-pkts  tx-bytes tx-error
---------------- -------- -------- -------- -------- -------- -------- --------
0000000000000003        1       11      798        0      400    31356        0
0000000000000003        2      424    28051        0      424    28051        0
0000000000000003        3      421    27795        0      423    27915        0
datapath         in-port  eth-dst           out-port packets  bytes
---------------- -------- ----------------- -------- -------- --------
0000000000000003        1       192.168.0.1        2        4      392
0000000000000003        1       192.168.0.3        3        1       98
0000000000000003        2       192.168.0.2        1        4      392
0000000000000003        3       192.168.0.2        1        2      196
discovery--->==================================== discovery ====================================
discovery---> cls: [(1, 2), (1, 3), (2, 3)]
discovery--->=============================================================================
==================================== link detector ====================================

----------------------------
src    dst :    delay
1 <---> 2 : 3.815174102783203
1 <---> 3 : 3.078937530517578
2 <---> 1 : 2.9206275939941406
2 <---> 3 : 3.8299560546875
3 <---> 2 : 3.4432411193847656
3 <---> 1 : 2.996683120727539
==================================== link detector ====================================

----------------------------
src    dst :    delay
1 <---> 2 : 2.4907588958740234
1 <---> 3 : 2.1038055419921875
2 <---> 1 : 2.8302669525146484
2 <---> 3 : 3.175973892211914
3 <---> 2 : 2.268075942993164
3 <---> 1 : 3.7174224853515625
datapath         port     rx-pkts  rx-bytes rx-error tx-pkts  tx-bytes tx-error
---------------- -------- -------- -------- -------- -------- -------- --------
0000000000000003        1       11      798        0      406    31824        0
0000000000000003        2      429    28351        0      430    28411        0
0000000000000003        3      427    28155        0      429    28275        0
datapath         in-port  eth-dst           out-port packets  bytes
---------------- -------- ----------------- -------- -------- --------
0000000000000003        1       192.168.0.1        2        4      392
0000000000000003        1       192.168.0.3        3        1       98
0000000000000003        2       192.168.0.2        1        4      392
0000000000000003        3       192.168.0.2        1        2      196
datapath         port     rx-pkts  rx-bytes rx-error tx-pkts  tx-bytes tx-error
---------------- -------- -------- -------- -------- -------- -------- --------
0000000000000002        1       10      756        0      406    31824        0
0000000000000002        2      429    28351        0      430    28411        0
0000000000000002        3      429    28275        0      427    28155        0
datapath         in-port  eth-dst           out-port packets  bytes
---------------- -------- ----------------- -------- -------- --------
0000000000000002        1       192.168.0.1        2        4      392
0000000000000002        1       192.168.0.2        3        2      196
0000000000000002        2       192.168.0.3        1        4      392
0000000000000002        3       192.168.0.3        1        2      196
datapath         port     rx-pkts  rx-bytes rx-error tx-pkts  tx-bytes tx-error
---------------- -------- -------- -------- -------- -------- -------- --------
0000000000000001        1       10      868        0      410    32158        0
0000000000000001        2      430    28411        0      429    28351        0
0000000000000001        3      430    28411        0      429    28351        0
datapath         in-port  eth-dst           out-port packets  bytes
---------------- -------- ----------------- -------- -------- --------
0000000000000001        1       192.168.0.2        2        3      294
0000000000000001        1       192.168.0.3        3        3      294
0000000000000001        2       192.168.0.1        1        4      392
0000000000000001        3       192.168.0.1        1        4      392
discovery--->==================================== discovery ====================================
discovery---> cls: [(1, 2), (1, 3), (2, 3)]
discovery--->=============================================================================
==================================== link detector ====================================

----------------------------
src    dst :    delay
1 <---> 2 : 2.137422561645508
1 <---> 3 : 2.3670196533203125
2 <---> 1 : 3.107786178588867
2 <---> 3 : 2.5086402893066406
3 <---> 2 : 3.210783004760742
3 <---> 1 : 3.365039825439453
==================================== link detector ====================================

----------------------------
src    dst :    delay
1 <---> 2 : 3.246307373046875
1 <---> 3 : 3.9381980895996094
2 <---> 1 : 3.1795501708984375
2 <---> 3 : 2.1440982818603516
3 <---> 2 : 3.1752586364746094
3 <---> 1 : 3.164052963256836
datapath         port     rx-pkts  rx-bytes rx-error tx-pkts  tx-bytes tx-error
---------------- -------- -------- -------- -------- -------- -------- --------
0000000000000002        1       10      756        0      412    32292        0
0000000000000002        2      435    28711        0      435    28711        0
0000000000000002        3      434    28575        0      433    28515        0
datapath         in-port  eth-dst           out-port packets  bytes
---------------- -------- ----------------- -------- -------- --------
0000000000000002        1       192.168.0.1        2        4      392
0000000000000002        1       192.168.0.2        3        2      196
0000000000000002        2       192.168.0.3        1        4      392
0000000000000002        3       192.168.0.3        1        2      196
datapath         port     rx-pkts  rx-bytes rx-error tx-pkts  tx-bytes tx-error
---------------- -------- -------- -------- -------- -------- -------- --------
0000000000000001        1       10      868        0      416    32626        0
0000000000000001        2      435    28711        0      435    28711        0
0000000000000001        3      435    28711        0      435    28711        0
datapath         in-port  eth-dst           out-port packets  bytes
---------------- -------- ----------------- -------- -------- --------
0000000000000001        1       192.168.0.2        2        3      294
0000000000000001        1       192.168.0.3        3        3      294
0000000000000001        2       192.168.0.1        1        4      392
0000000000000001        3       192.168.0.1        1        4      392
datapath         port     rx-pkts  rx-bytes rx-error tx-pkts  tx-bytes tx-error
---------------- -------- -------- -------- -------- -------- -------- --------
0000000000000003        1       11      798        0      411    32214        0
0000000000000003        2      435    28711        0      435    28711        0
0000000000000003        3      433    28515        0      434    28575        0
datapath         in-port  eth-dst           out-port packets  bytes
---------------- -------- ----------------- -------- -------- --------
0000000000000003        1       192.168.0.1        2        4      392
0000000000000003        1       192.168.0.3        3        1       98
0000000000000003        2       192.168.0.2        1        4      392
0000000000000003        3       192.168.0.2        1        2      196
discovery--->==================================== discovery ====================================
discovery---> cls: [(1, 2), (1, 3), (2, 3)]
discovery--->=============================================================================
==================================== link detector ====================================

----------------------------
src    dst :    delay
1 <---> 2 : 2.1915435791015625
1 <---> 3 : 2.493143081665039
2 <---> 1 : 2.2978782653808594
2 <---> 3 : 2.4080276489257812
3 <---> 2 : 2.2585391998291016
3 <---> 1 : 2.1820068359375
datapath         port     rx-pkts  rx-bytes rx-error tx-pkts  tx-bytes tx-error
---------------- -------- -------- -------- -------- -------- -------- --------
0000000000000002        1       10      756        0      417    32682        0
0000000000000002        2      440    29011        0      441    29071        0
0000000000000002        3      440    28935        0      438    28815        0
datapath         in-port  eth-dst           out-port packets  bytes
---------------- -------- ----------------- -------- -------- --------
0000000000000002        1       192.168.0.1        2        4      392
0000000000000002        1       192.168.0.2        3        2      196
0000000000000002        2       192.168.0.3        1        4      392
0000000000000002        3       192.168.0.3        1        2      196
datapath         port     rx-pkts  rx-bytes rx-error tx-pkts  tx-bytes tx-error
---------------- -------- -------- -------- -------- -------- -------- --------
0000000000000001        1       10      868        0      421    33016        0
0000000000000001        2      441    29071        0      440    29011        0
0000000000000001        3      441    29071        0      440    29011        0
datapath         in-port  eth-dst           out-port packets  bytes
---------------- -------- ----------------- -------- -------- --------
0000000000000001        1       192.168.0.2        2        3      294
0000000000000001        1       192.168.0.3        3        3      294
0000000000000001        2       192.168.0.1        1        4      392
0000000000000001        3       192.168.0.1        1        4      392
datapath         port     rx-pkts  rx-bytes rx-error tx-pkts  tx-bytes tx-error
---------------- -------- -------- -------- -------- -------- -------- --------
0000000000000003        1       11      798        0      417    32682        0
0000000000000003        2      440    29011        0      441    29071        0
0000000000000003        3      438    28815        0      440    28935        0
datapath         in-port  eth-dst           out-port packets  bytes
---------------- -------- ----------------- -------- -------- --------
0000000000000003        1       192.168.0.1        2        4      392
0000000000000003        1       192.168.0.3        3        1       98
0000000000000003        2       192.168.0.2        1        4      392
0000000000000003        3       192.168.0.2        1        2      196
discovery--->==================================== discovery ====================================
discovery---> cls: [(1, 2), (1, 3), (2, 3)]
discovery--->=============================================================================
==================================== link detector ====================================

----------------------------
src    dst :    delay
1 <---> 2 : 2.122640609741211
1 <---> 3 : 2.277374267578125
2 <---> 1 : 2.2170543670654297
2 <---> 3 : 2.2885799407958984
3 <---> 2 : 2.9342174530029297
3 <---> 1 : 2.1979808807373047
==================================== link detector ====================================

----------------------------
src    dst :    delay
1 <---> 2 : 2.0875930786132812
1 <---> 3 : 2.1653175354003906
2 <---> 1 : 2.1893978118896484
2 <---> 3 : 2.9802322387695312
3 <---> 2 : 2.08282470703125
3 <---> 1 : 2.763032913208008
datapath         port     rx-pkts  rx-bytes rx-error tx-pkts  tx-bytes tx-error
---------------- -------- -------- -------- -------- -------- -------- --------
0000000000000002        1       10      756        0      423    33150        0
0000000000000002        2      446    29371        0      446    29371        0
0000000000000002        3      445    29235        0      444    29175        0
datapath         in-port  eth-dst           out-port packets  bytes
---------------- -------- ----------------- -------- -------- --------
0000000000000002        1       192.168.0.1        2        4      392
0000000000000002        1       192.168.0.2        3        2      196
0000000000000002        2       192.168.0.3        1        4      392
0000000000000002        3       192.168.0.3        1        2      196
datapath         port     rx-pkts  rx-bytes rx-error tx-pkts  tx-bytes tx-error
---------------- -------- -------- -------- -------- -------- -------- --------
0000000000000001        1       10      868        0      427    33484        0
0000000000000001        2      447    29431        0      446    29371        0
0000000000000001        3      446    29371        0      446    29371        0
datapath         in-port  eth-dst           out-port packets  bytes
---------------- -------- ----------------- -------- -------- --------
0000000000000001        1       192.168.0.2        2        3      294
0000000000000001        1       192.168.0.3        3        3      294
0000000000000001        2       192.168.0.1        1        4      392
0000000000000001        3       192.168.0.1        1        4      392
datapath         port     rx-pkts  rx-bytes rx-error tx-pkts  tx-bytes tx-error
---------------- -------- -------- -------- -------- -------- -------- --------
0000000000000003        1       11      798        0      423    33150        0
0000000000000003        2      446    29371        0      447    29431        0
0000000000000003        3      444    29175        0      445    29235        0
datapath         in-port  eth-dst           out-port packets  bytes
---------------- -------- ----------------- -------- -------- --------
0000000000000003        1       192.168.0.1        2        4      392
0000000000000003        1       192.168.0.3        3        1       98
0000000000000003        2       192.168.0.2        1        4      392
0000000000000003        3       192.168.0.2        1        2      196
discovery--->==================================== discovery ====================================
discovery---> cls: [(1, 2), (1, 3), (2, 3)]
discovery--->=============================================================================
==================================== link detector ====================================

----------------------------
src    dst :    delay
1 <---> 2 : 3.483295440673828
1 <---> 3 : 3.4723281860351562
2 <---> 1 : 3.426074981689453
2 <---> 3 : 3.572702407836914
3 <---> 2 : 2.943277359008789
3 <---> 1 : 4.094600677490234
datapath         port     rx-pkts  rx-bytes rx-error tx-pkts  tx-bytes tx-error
---------------- -------- -------- -------- -------- -------- -------- --------
0000000000000002        1       10      756        0      428    33540        0
0000000000000002        2      451    29671        0      452    29731        0
0000000000000002        3      451    29595        0      449    29475        0
datapath         in-port  eth-dst           out-port packets  bytes
---------------- -------- ----------------- -------- -------- --------
0000000000000002        1       192.168.0.1        2        4      392
0000000000000002        1       192.168.0.2        3        2      196
0000000000000002        2       192.168.0.3        1        4      392
0000000000000002        3       192.168.0.3        1        2      196
datapath         port     rx-pkts  rx-bytes rx-error tx-pkts  tx-bytes tx-error
---------------- -------- -------- -------- -------- -------- -------- --------
0000000000000003        1       11      798        0      428    33540        0
0000000000000003        2      451    29671        0      452    29731        0
0000000000000003        3      449    29475        0      451    29595        0
datapath         in-port  eth-dst           out-port packets  bytes
---------------- -------- ----------------- -------- -------- --------
0000000000000003        1       192.168.0.1        2        4      392
0000000000000003        1       192.168.0.3        3        1       98
0000000000000003        2       192.168.0.2        1        4      392
0000000000000003        3       192.168.0.2        1        2      196
datapath         port     rx-pkts  rx-bytes rx-error tx-pkts  tx-bytes tx-error
---------------- -------- -------- -------- -------- -------- -------- --------
0000000000000001        1       10      868        0      432    33874        0
0000000000000001        2      452    29731        0      451    29671        0
0000000000000001        3      452    29731        0      451    29671        0
datapath         in-port  eth-dst           out-port packets  bytes
---------------- -------- ----------------- -------- -------- --------
0000000000000001        1       192.168.0.2        2        3      294
0000000000000001        1       192.168.0.3        3        3      294
0000000000000001        2       192.168.0.1        1        4      392
0000000000000001        3       192.168.0.1        1        4      392
discovery--->==================================== discovery ====================================
discovery---> cls: [(1, 2), (1, 3), (2, 3)]
discovery--->=============================================================================
==================================== link detector ====================================

----------------------------
src    dst :    delay
1 <---> 2 : 4.094123840332031
1 <---> 3 : 2.6836395263671875
2 <---> 1 : 4.055976867675781
2 <---> 3 : 4.16111946105957
3 <---> 2 : 4.064798355102539
3 <---> 1 : 2.6476383209228516
==================================== link detector ====================================

----------------------------
src    dst :    delay
1 <---> 2 : 3.8094520568847656
1 <---> 3 : 3.106832504272461
2 <---> 1 : 2.6276111602783203
2 <---> 3 : 3.4852027893066406
3 <---> 2 : 2.4614334106445312
3 <---> 1 : 2.3882389068603516
datapath         port     rx-pkts  rx-bytes rx-error tx-pkts  tx-bytes tx-error
---------------- -------- -------- -------- -------- -------- -------- --------
0000000000000002        1       10      756        0      434    34008        0
0000000000000002        2      457    30031        0      458    30091        0
0000000000000002        3      457    29955        0      455    29835        0
datapath         in-port  eth-dst           out-port packets  bytes
---------------- -------- ----------------- -------- -------- --------
0000000000000002        1       192.168.0.1        2        4      392
0000000000000002        1       192.168.0.2        3        2      196
0000000000000002        2       192.168.0.3        1        4      392
0000000000000002        3       192.168.0.3        1        2      196
datapath         port     rx-pkts  rx-bytes rx-error tx-pkts  tx-bytes tx-error
---------------- -------- -------- -------- -------- -------- -------- --------
0000000000000001        1       10      868        0      438    34342        0
0000000000000001        2      458    30091        0      457    30031        0
0000000000000001        3      458    30091        0      457    30031        0
datapath         in-port  eth-dst           out-port packets  bytes
---------------- -------- ----------------- -------- -------- --------
0000000000000001        1       192.168.0.2        2        3      294
0000000000000001        1       192.168.0.3        3        3      294
0000000000000001        2       192.168.0.1        1        4      392
0000000000000001        3       192.168.0.1        1        4      392
datapath         port     rx-pkts  rx-bytes rx-error tx-pkts  tx-bytes tx-error
---------------- -------- -------- -------- -------- -------- -------- --------
0000000000000003        1       11      798        0      434    34008        0
0000000000000003        2      457    30031        0      458    30091        0
0000000000000003        3      455    29835        0      457    29955        0
datapath         in-port  eth-dst           out-port packets  bytes
---------------- -------- ----------------- -------- -------- --------
0000000000000003        1       192.168.0.1        2        4      392
0000000000000003        1       192.168.0.3        3        1       98
0000000000000003        2       192.168.0.2        1        4      392
0000000000000003        3       192.168.0.2        1        2      196
discovery--->==================================== discovery ====================================
discovery---> cls: [(1, 2), (1, 3), (2, 3)]
discovery--->=============================================================================
==================================== link detector ====================================

----------------------------
src    dst :    delay
1 <---> 2 : 2.5103092193603516
1 <---> 3 : 2.334117889404297
2 <---> 1 : 2.1240711212158203
2 <---> 3 : 3.035306930541992
3 <---> 2 : 2.6421546936035156
3 <---> 1 : 2.2056102752685547
==================================== link detector ====================================

----------------------------
src    dst :    delay
1 <---> 2 : 3.0443668365478516
1 <---> 3 : 2.1440982818603516
2 <---> 1 : 2.2857189178466797
2 <---> 3 : 3.1380653381347656
3 <---> 2 : 2.3169517517089844
3 <---> 1 : 2.303600311279297
datapath         port     rx-pkts  rx-bytes rx-error tx-pkts  tx-bytes tx-error
---------------- -------- -------- -------- -------- -------- -------- --------
0000000000000002        1       10      756        0      439    34398        0
0000000000000002        2      463    30391        0      463    30391        0
0000000000000002        3      462    30255        0      460    30135        0
datapath         in-port  eth-dst           out-port packets  bytes
---------------- -------- ----------------- -------- -------- --------
0000000000000002        1       192.168.0.1        2        4      392
0000000000000002        1       192.168.0.2        3        2      196
0000000000000002        2       192.168.0.3        1        4      392
0000000000000002        3       192.168.0.3        1        2      196
datapath         port     rx-pkts  rx-bytes rx-error tx-pkts  tx-bytes tx-error
---------------- -------- -------- -------- -------- -------- -------- --------
0000000000000001        1       10      868        0      443    34732        0
0000000000000001        2      463    30391        0      462    30331        0
0000000000000001        3      463    30391        0      463    30391        0
datapath         in-port  eth-dst           out-port packets  bytes
---------------- -------- ----------------- -------- -------- --------
0000000000000001        1       192.168.0.2        2        3      294
0000000000000001        1       192.168.0.3        3        3      294
0000000000000001        2       192.168.0.1        1        4      392
0000000000000001        3       192.168.0.1        1        4      392
datapath         port     rx-pkts  rx-bytes rx-error tx-pkts  tx-bytes tx-error
---------------- -------- -------- -------- -------- -------- -------- --------
0000000000000003        1       11      798        0      439    34398        0
0000000000000003        2      462    30331        0      463    30391        0
0000000000000003        3      460    30135        0      462    30255        0
datapath         in-port  eth-dst           out-port packets  bytes
---------------- -------- ----------------- -------- -------- --------
0000000000000003        1       192.168.0.1        2        4      392
0000000000000003        1       192.168.0.3        3        1       98
0000000000000003        2       192.168.0.2        1        4      392
0000000000000003        3       192.168.0.2        1        2      196
discovery--->==================================== discovery ====================================
discovery---> cls: [(1, 2), (1, 3), (2, 3)]
discovery--->=============================================================================
==================================== link detector ====================================

----------------------------
src    dst :    delay
1 <---> 2 : 2.1872520446777344
1 <---> 3 : 2.293109893798828
2 <---> 1 : 3.088235855102539
2 <---> 3 : 2.358675003051758
3 <---> 2 : 2.8083324432373047
3 <---> 1 : 3.8039684295654297
datapath         port     rx-pkts  rx-bytes rx-error tx-pkts  tx-bytes tx-error
---------------- -------- -------- -------- -------- -------- -------- --------
0000000000000002        1       10      756        0      445    34866        0
0000000000000002        2      468    30691        0      469    30751        0
0000000000000002        3      468    30615        0      466    30495        0
datapath         in-port  eth-dst           out-port packets  bytes
---------------- -------- ----------------- -------- -------- --------
0000000000000002        1       192.168.0.1        2        4      392
0000000000000002        1       192.168.0.2        3        2      196
0000000000000002        2       192.168.0.3        1        4      392
0000000000000002        3       192.168.0.3        1        2      196
datapath         port     rx-pkts  rx-bytes rx-error tx-pkts  tx-bytes tx-error
---------------- -------- -------- -------- -------- -------- -------- --------
0000000000000003        1       11      798        0      445    34866        0
0000000000000003        2      468    30691        0      469    30751        0
0000000000000003        3      466    30495        0      468    30615        0
datapath         in-port  eth-dst           out-port packets  bytes
---------------- -------- ----------------- -------- -------- --------
0000000000000003        1       192.168.0.1        2        4      392
0000000000000003        1       192.168.0.3        3        1       98
0000000000000003        2       192.168.0.2        1        4      392
0000000000000003        3       192.168.0.2        1        2      196
datapath         port     rx-pkts  rx-bytes rx-error tx-pkts  tx-bytes tx-error
---------------- -------- -------- -------- -------- -------- -------- --------
0000000000000001        1       10      868        0      449    35200        0
0000000000000001        2      469    30751        0      468    30691        0
0000000000000001        3      469    30751        0      468    30691        0
datapath         in-port  eth-dst           out-port packets  bytes
---------------- -------- ----------------- -------- -------- --------
0000000000000001        1       192.168.0.2        2        3      294
0000000000000001        1       192.168.0.3        3        3      294
0000000000000001        2       192.168.0.1        1        4      392
0000000000000001        3       192.168.0.1        1        4      392
discovery--->==================================== discovery ====================================
discovery---> cls: [(1, 2), (1, 3), (2, 3)]
discovery--->=============================================================================
==================================== link detector ====================================

----------------------------
src    dst :    delay
1 <---> 2 : 3.515481948852539
1 <---> 3 : 3.4689903259277344
2 <---> 1 : 3.4644603729248047
2 <---> 3 : 3.1921863555908203
3 <---> 2 : 3.8118362426757812
3 <---> 1 : 3.2770633697509766
==================================== link detector ====================================

----------------------------
src    dst :    delay
1 <---> 2 : 4.306554794311523
1 <---> 3 : 3.1731128692626953
2 <---> 1 : 3.0183792114257812
2 <---> 3 : 3.2629966735839844
3 <---> 2 : 3.7534236907958984
3 <---> 1 : 2.9659271240234375
datapath         port     rx-pkts  rx-bytes rx-error tx-pkts  tx-bytes tx-error
---------------- -------- -------- -------- -------- -------- -------- --------
0000000000000002        1       10      756        0      450    35256        0
0000000000000002        2      474    31051        0      474    31051        0
0000000000000002        3      473    30915        0      471    30795        0
datapath         in-port  eth-dst           out-port packets  bytes
---------------- -------- ----------------- -------- -------- --------
0000000000000002        1       192.168.0.1        2        4      392
0000000000000002        1       192.168.0.2        3        2      196
0000000000000002        2       192.168.0.3        1        4      392
0000000000000002        3       192.168.0.3        1        2      196
datapath         port     rx-pkts  rx-bytes rx-error tx-pkts  tx-bytes tx-error
---------------- -------- -------- -------- -------- -------- -------- --------
0000000000000003        1       11      798        0      450    35256        0
0000000000000003        2      474    31051        0      474    31051        0
0000000000000003        3      471    30795        0      473    30915        0
datapath         in-port  eth-dst           out-port packets  bytes
---------------- -------- ----------------- -------- -------- --------
0000000000000003        1       192.168.0.1        2        4      392
0000000000000003        1       192.168.0.3        3        1       98
0000000000000003        2       192.168.0.2        1        4      392
0000000000000003        3       192.168.0.2        1        2      196
datapath         port     rx-pkts  rx-bytes rx-error tx-pkts  tx-bytes tx-error
---------------- -------- -------- -------- -------- -------- -------- --------
0000000000000001        1       10      868        0      455    35668        0
0000000000000001        2      474    31051        0      474    31051        0
0000000000000001        3      474    31051        0      474    31051        0
datapath         in-port  eth-dst           out-port packets  bytes
---------------- -------- ----------------- -------- -------- --------
0000000000000001        1       192.168.0.2        2        3      294
0000000000000001        1       192.168.0.3        3        3      294
0000000000000001        2       192.168.0.1        1        4      392
0000000000000001        3       192.168.0.1        1        4      392
discovery--->==================================== discovery ====================================
discovery---> cls: [(1, 2), (1, 3), (2, 3)]
discovery--->=============================================================================
==================================== link detector ====================================

----------------------------
src    dst :    delay
1 <---> 2 : 2.9449462890625
1 <---> 3 : 3.5092830657958984
2 <---> 1 : 2.8083324432373047
2 <---> 3 : 3.3876895904541016
3 <---> 2 : 2.9299259185791016
3 <---> 1 : 3.0837059020996094
datapath         port     rx-pkts  rx-bytes rx-error tx-pkts  tx-bytes tx-error
---------------- -------- -------- -------- -------- -------- -------- --------
0000000000000002        1       10      756        0      456    35724        0
0000000000000002        2      479    31351        0      480    31411        0
0000000000000002        3      479    31275        0      477    31155        0
datapath         in-port  eth-dst           out-port packets  bytes
---------------- -------- ----------------- -------- -------- --------
0000000000000002        1       192.168.0.1        2        4      392
0000000000000002        1       192.168.0.2        3        2      196
0000000000000002        2       192.168.0.3        1        4      392
0000000000000002        3       192.168.0.3        1        2      196
datapath         port     rx-pkts  rx-bytes rx-error tx-pkts  tx-bytes tx-error
---------------- -------- -------- -------- -------- -------- -------- --------
0000000000000001        1       10      868        0      460    36058        0
0000000000000001        2      480    31411        0      479    31351        0
0000000000000001        3      480    31411        0      479    31351        0
datapath         in-port  eth-dst           out-port packets  bytes
---------------- -------- ----------------- -------- -------- --------
0000000000000001        1       192.168.0.2        2        3      294
0000000000000001        1       192.168.0.3        3        3      294
0000000000000001        2       192.168.0.1        1        4      392
0000000000000001        3       192.168.0.1        1        4      392
datapath         port     rx-pkts  rx-bytes rx-error tx-pkts  tx-bytes tx-error
---------------- -------- -------- -------- -------- -------- -------- --------
0000000000000003        1       11      798        0      456    35724        0
0000000000000003        2      479    31351        0      480    31411        0
0000000000000003        3      477    31155        0      479    31275        0
datapath         in-port  eth-dst           out-port packets  bytes
---------------- -------- ----------------- -------- -------- --------
0000000000000003        1       192.168.0.1        2        4      392
0000000000000003        1       192.168.0.3        3        1       98
0000000000000003        2       192.168.0.2        1        4      392
0000000000000003        3       192.168.0.2        1        2      196
discovery--->==================================== discovery ====================================
discovery---> cls: [(1, 2), (1, 3), (2, 3)]
discovery--->=============================================================================
==================================== link detector ====================================

----------------------------
src    dst :    delay
1 <---> 2 : 4.068851470947266
1 <---> 3 : 2.6597976684570312
2 <---> 1 : 3.4933090209960938
2 <---> 3 : 3.586292266845703
3 <---> 2 : 3.480672836303711
3 <---> 1 : 3.4224987030029297
==================================== link detector ====================================

----------------------------
src    dst :    delay
1 <---> 2 : 3.020763397216797
1 <---> 3 : 3.066539764404297
2 <---> 1 : 2.657651901245117
2 <---> 3 : 3.500223159790039
3 <---> 2 : 2.607107162475586
3 <---> 1 : 2.5556087493896484
datapath         port     rx-pkts  rx-bytes rx-error tx-pkts  tx-bytes tx-error
---------------- -------- -------- -------- -------- -------- -------- --------
0000000000000002        1       10      756        0      461    36114        0
0000000000000002        2      485    31711        0      485    31711        0
0000000000000002        3      484    31575        0      483    31515        0
datapath         in-port  eth-dst           out-port packets  bytes
---------------- -------- ----------------- -------- -------- --------
0000000000000002        1       192.168.0.1        2        4      392
0000000000000002        1       192.168.0.2        3        2      196
0000000000000002        2       192.168.0.3        1        4      392
0000000000000002        3       192.168.0.3        1        2      196
datapath         port     rx-pkts  rx-bytes rx-error tx-pkts  tx-bytes tx-error
---------------- -------- -------- -------- -------- -------- -------- --------
0000000000000001        1       10      868        0      466    36526        0
0000000000000001        2      485    31711        0      485    31711        0
0000000000000001        3      485    31711        0      485    31711        0
datapath         in-port  eth-dst           out-port packets  bytes
---------------- -------- ----------------- -------- -------- --------
0000000000000001        1       192.168.0.2        2        3      294
0000000000000001        1       192.168.0.3        3        3      294
0000000000000001        2       192.168.0.1        1        4      392
0000000000000001        3       192.168.0.1        1        4      392
datapath         port     rx-pkts  rx-bytes rx-error tx-pkts  tx-bytes tx-error
---------------- -------- -------- -------- -------- -------- -------- --------
0000000000000003        1       11      798        0      461    36114        0
0000000000000003        2      485    31711        0      485    31711        0
0000000000000003        3      483    31515        0      484    31575        0
datapath         in-port  eth-dst           out-port packets  bytes
---------------- -------- ----------------- -------- -------- --------
0000000000000003        1       192.168.0.1        2        4      392
0000000000000003        1       192.168.0.3        3        1       98
0000000000000003        2       192.168.0.2        1        4      392
0000000000000003        3       192.168.0.2        1        2      196
discovery--->==================================== discovery ====================================
discovery---> cls: [(1, 2), (1, 3), (2, 3)]
discovery--->=============================================================================
==================================== link detector ====================================

----------------------------
src    dst :    delay
1 <---> 2 : 4.592418670654297
1 <---> 3 : 2.6390552520751953
2 <---> 1 : 3.2711029052734375
2 <---> 3 : 2.679586410522461
3 <---> 2 : 3.510713577270508
3 <---> 1 : 3.094911575317383
==================================== link detector ====================================

----------------------------
src    dst :    delay
1 <---> 2 : 3.0486583709716797
1 <---> 3 : 3.6635398864746094
2 <---> 1 : 3.0019283294677734
2 <---> 3 : 3.1697750091552734
3 <---> 2 : 2.9973983764648438
3 <---> 1 : 3.9603710174560547
datapath         port     rx-pkts  rx-bytes rx-error tx-pkts  tx-bytes tx-error
---------------- -------- -------- -------- -------- -------- -------- --------
0000000000000002        1       10      756        0      467    36582        0
0000000000000002        2      490    32011        0      491    32071        0
0000000000000002        3      490    31935        0      488    31815        0
datapath         in-port  eth-dst           out-port packets  bytes
---------------- -------- ----------------- -------- -------- --------
0000000000000002        1       192.168.0.1        2        4      392
0000000000000002        1       192.168.0.2        3        2      196
0000000000000002        2       192.168.0.3        1        4      392
0000000000000002        3       192.168.0.3        1        2      196
datapath         port     rx-pkts  rx-bytes rx-error tx-pkts  tx-bytes tx-error
---------------- -------- -------- -------- -------- -------- -------- --------
0000000000000003        1       11      798        0      467    36582        0
0000000000000003        2      490    32011        0      491    32071        0
0000000000000003        3      488    31815        0      490    31935        0
datapath         in-port  eth-dst           out-port packets  bytes
---------------- -------- ----------------- -------- -------- --------
0000000000000003        1       192.168.0.1        2        4      392
0000000000000003        1       192.168.0.3        3        1       98
0000000000000003        2       192.168.0.2        1        4      392
0000000000000003        3       192.168.0.2        1        2      196
datapath         port     rx-pkts  rx-bytes rx-error tx-pkts  tx-bytes tx-error
---------------- -------- -------- -------- -------- -------- -------- --------
0000000000000001        1       10      868        0      471    36916        0
0000000000000001        2      491    32071        0      490    32011        0
0000000000000001        3      491    32071        0      490    32011        0
datapath         in-port  eth-dst           out-port packets  bytes
---------------- -------- ----------------- -------- -------- --------
0000000000000001        1       192.168.0.2        2        3      294
0000000000000001        1       192.168.0.3        3        3      294
0000000000000001        2       192.168.0.1        1        4      392
0000000000000001        3       192.168.0.1        1        4      392
discovery--->==================================== discovery ====================================
discovery---> cls: [(1, 2), (1, 3), (2, 3)]
discovery--->=============================================================================
==================================== link detector ====================================

----------------------------
src    dst :    delay
1 <---> 2 : 4.147529602050781
1 <---> 3 : 4.008769989013672
2 <---> 1 : 4.00090217590332
2 <---> 3 : 3.053903579711914
3 <---> 2 : 3.0846595764160156
3 <---> 1 : 3.3960342407226562
datapath         port     rx-pkts  rx-bytes rx-error tx-pkts  tx-bytes tx-error
---------------- -------- -------- -------- -------- -------- -------- --------
0000000000000002        1       10      756        0      473    37050        0
0000000000000002        2      496    32371        0      496    32371        0
0000000000000002        3      495    32235        0      494    32175        0
datapath         in-port  eth-dst           out-port packets  bytes
---------------- -------- ----------------- -------- -------- --------
0000000000000002        1       192.168.0.1        2        4      392
0000000000000002        1       192.168.0.2        3        2      196
0000000000000002        2       192.168.0.3        1        4      392
0000000000000002        3       192.168.0.3        1        2      196
datapath         port     rx-pkts  rx-bytes rx-error tx-pkts  tx-bytes tx-error
---------------- -------- -------- -------- -------- -------- -------- --------
0000000000000001        1       10      868        0      477    37384        0
0000000000000001        2      496    32371        0      496    32371        0
0000000000000001        3      496    32371        0      496    32371        0
datapath         in-port  eth-dst           out-port packets  bytes
---------------- -------- ----------------- -------- -------- --------
0000000000000001        1       192.168.0.2        2        3      294
0000000000000001        1       192.168.0.3        3        3      294
0000000000000001        2       192.168.0.1        1        4      392
0000000000000001        3       192.168.0.1        1        4      392
datapath         port     rx-pkts  rx-bytes rx-error tx-pkts  tx-bytes tx-error
---------------- -------- -------- -------- -------- -------- -------- --------
0000000000000003        1       11      798        0      473    37050        0
0000000000000003        2      496    32371        0      496    32371        0
0000000000000003        3      494    32175        0      495    32235        0
datapath         in-port  eth-dst           out-port packets  bytes
---------------- -------- ----------------- -------- -------- --------
0000000000000003        1       192.168.0.1        2        4      392
0000000000000003        1       192.168.0.3        3        1       98
0000000000000003        2       192.168.0.2        1        4      392
0000000000000003        3       192.168.0.2        1        2      196
discovery--->==================================== discovery ====================================
discovery---> cls: [(1, 2), (1, 3), (2, 3)]
discovery--->=============================================================================
==================================== link detector ====================================

----------------------------
src    dst :    delay
1 <---> 2 : 3.509044647216797
1 <---> 3 : 3.487825393676758
2 <---> 1 : 2.9745101928710938
2 <---> 3 : 3.0422210693359375
3 <---> 2 : 2.8533935546875
3 <---> 1 : 2.8569698333740234
==================================== link detector ====================================

----------------------------
src    dst :    delay
1 <---> 2 : 2.4521350860595703
1 <---> 3 : 4.020452499389648
2 <---> 1 : 3.683805465698242
2 <---> 3 : 3.1867027282714844
3 <---> 2 : 3.5147666931152344
3 <---> 1 : 2.8939247131347656
datapath         port     rx-pkts  rx-bytes rx-error tx-pkts  tx-bytes tx-error
---------------- -------- -------- -------- -------- -------- -------- --------
0000000000000002        1       10      756        0      478    37440        0
0000000000000002        2      501    32671        0      502    32731        0
0000000000000002        3      501    32595        0      499    32475        0
datapath         in-port  eth-dst           out-port packets  bytes
---------------- -------- ----------------- -------- -------- --------
0000000000000002        1       192.168.0.1        2        4      392
0000000000000002        1       192.168.0.2        3        2      196
0000000000000002        2       192.168.0.3        1        4      392
0000000000000002        3       192.168.0.3        1        2      196
datapath         port     rx-pkts  rx-bytes rx-error tx-pkts  tx-bytes tx-error
---------------- -------- -------- -------- -------- -------- -------- --------
0000000000000003        1       11      798        0      478    37440        0
0000000000000003        2      501    32671        0      502    32731        0
0000000000000003        3      499    32475        0      501    32595        0
datapath         in-port  eth-dst           out-port packets  bytes
---------------- -------- ----------------- -------- -------- --------
0000000000000003        1       192.168.0.1        2        4      392
0000000000000003        1       192.168.0.3        3        1       98
0000000000000003        2       192.168.0.2        1        4      392
0000000000000003        3       192.168.0.2        1        2      196
datapath         port     rx-pkts  rx-bytes rx-error tx-pkts  tx-bytes tx-error
---------------- -------- -------- -------- -------- -------- -------- --------
0000000000000001        1       10      868        0      482    37774        0
0000000000000001        2      502    32731        0      501    32671        0
0000000000000001        3      502    32731        0      501    32671        0
datapath         in-port  eth-dst           out-port packets  bytes
---------------- -------- ----------------- -------- -------- --------
0000000000000001        1       192.168.0.2        2        3      294
0000000000000001        1       192.168.0.3        3        3      294
0000000000000001        2       192.168.0.1        1        4      392
0000000000000001        3       192.168.0.1        1        4      392
discovery--->==================================== discovery ====================================
discovery---> cls: [(1, 2), (1, 3), (2, 3)]
discovery--->=============================================================================
==================================== link detector ====================================

----------------------------
src    dst :    delay
1 <---> 2 : 3.1805038452148438
1 <---> 3 : 2.6526451110839844
2 <---> 1 : 4.111289978027344
2 <---> 3 : 3.984689712524414
3 <---> 2 : 3.573894500732422
3 <---> 1 : 2.437591552734375
datapath         port     rx-pkts  rx-bytes rx-error tx-pkts  tx-bytes tx-error
---------------- -------- -------- -------- -------- -------- -------- --------
0000000000000002        1       10      756        0      484    37908        0
0000000000000002        2      507    33031        0      508    33091        0
0000000000000002        3      506    32895        0      505    32835        0
datapath         in-port  eth-dst           out-port packets  bytes
---------------- -------- ----------------- -------- -------- --------
0000000000000002        1       192.168.0.1        2        4      392
0000000000000002        1       192.168.0.2        3        2      196
0000000000000002        2       192.168.0.3        1        4      392
0000000000000002        3       192.168.0.3        1        2      196
datapath         port     rx-pkts  rx-bytes rx-error tx-pkts  tx-bytes tx-error
---------------- -------- -------- -------- -------- -------- -------- --------
0000000000000003        1       11      798        0      484    37908        0
0000000000000003        2      507    33031        0      508    33091        0
0000000000000003        3      505    32835        0      506    32895        0
datapath         in-port  eth-dst           out-port packets  bytes
---------------- -------- ----------------- -------- -------- --------
0000000000000003        1       192.168.0.1        2        4      392
0000000000000003        1       192.168.0.3        3        1       98
0000000000000003        2       192.168.0.2        1        4      392
0000000000000003        3       192.168.0.2        1        2      196
datapath         port     rx-pkts  rx-bytes rx-error tx-pkts  tx-bytes tx-error
---------------- -------- -------- -------- -------- -------- -------- --------
0000000000000001        1       10      868        0      488    38242        0
0000000000000001        2      508    33091        0      507    33031        0
0000000000000001        3      508    33091        0      507    33031        0
datapath         in-port  eth-dst           out-port packets  bytes
---------------- -------- ----------------- -------- -------- --------
0000000000000001        1       192.168.0.2        2        3      294
0000000000000001        1       192.168.0.3        3        3      294
0000000000000001        2       192.168.0.1        1        4      392
0000000000000001        3       192.168.0.1        1        4      392
discovery--->==================================== discovery ====================================
discovery---> cls: [(1, 2), (1, 3), (2, 3)]
discovery--->=============================================================================
==================================== link detector ====================================

----------------------------
src    dst :    delay
1 <---> 2 : 3.381967544555664
1 <---> 3 : 3.3063888549804688
2 <---> 1 : 3.1211376190185547
2 <---> 3 : 3.596067428588867
3 <---> 2 : 3.2112598419189453
3 <---> 1 : 3.4596920013427734
==================================== link detector ====================================

----------------------------
src    dst :    delay
1 <---> 2 : 3.2062530517578125
1 <---> 3 : 3.1850337982177734
2 <---> 1 : 3.1239986419677734
2 <---> 3 : 3.1862258911132812
3 <---> 2 : 3.1435489654541016
3 <---> 1 : 3.2825469970703125
datapath         port     rx-pkts  rx-bytes rx-error tx-pkts  tx-bytes tx-error
---------------- -------- -------- -------- -------- -------- -------- --------
0000000000000002        1       10      756        0      489    38298        0
0000000000000002        2      512    33331        0      513    33391        0
0000000000000002        3      512    33255        0      510    33135        0
datapath         in-port  eth-dst           out-port packets  bytes
---------------- -------- ----------------- -------- -------- --------
0000000000000002        1       192.168.0.1        2        4      392
0000000000000002        1       192.168.0.2        3        2      196
0000000000000002        2       192.168.0.3        1        4      392
0000000000000002        3       192.168.0.3        1        2      196
datapath         port     rx-pkts  rx-bytes rx-error tx-pkts  tx-bytes tx-error
---------------- -------- -------- -------- -------- -------- -------- --------
0000000000000001        1       10      868        0      493    38632        0
0000000000000001        2      513    33391        0      512    33331        0
0000000000000001        3      513    33391        0      512    33331        0
datapath         in-port  eth-dst           out-port packets  bytes
---------------- -------- ----------------- -------- -------- --------
0000000000000001        1       192.168.0.2        2        3      294
0000000000000001        1       192.168.0.3        3        3      294
0000000000000001        2       192.168.0.1        1        4      392
0000000000000001        3       192.168.0.1        1        4      392
datapath         port     rx-pkts  rx-bytes rx-error tx-pkts  tx-bytes tx-error
---------------- -------- -------- -------- -------- -------- -------- --------
0000000000000003        1       11      798        0      489    38298        0
0000000000000003        2      512    33331        0      513    33391        0
0000000000000003        3      510    33135        0      512    33255        0
datapath         in-port  eth-dst           out-port packets  bytes
---------------- -------- ----------------- -------- -------- --------
0000000000000003        1       192.168.0.1        2        4      392
0000000000000003        1       192.168.0.3        3        1       98
0000000000000003        2       192.168.0.2        1        4      392
0000000000000003        3       192.168.0.2        1        2      196
discovery--->==================================== discovery ====================================
discovery---> cls: [(1, 2), (1, 3), (2, 3)]
discovery--->=============================================================================
==================================== link detector ====================================

----------------------------
src    dst :    delay
1 <---> 2 : 3.4074783325195312
1 <---> 3 : 3.4546852111816406
2 <---> 1 : 3.4332275390625
2 <---> 3 : 2.8238296508789062
3 <---> 2 : 4.049777984619141
3 <---> 1 : 3.4558773040771484
datapath         port     rx-pkts  rx-bytes rx-error tx-pkts  tx-bytes tx-error
---------------- -------- -------- -------- -------- -------- -------- --------
0000000000000002        1       10      756        0      495    38766        0
0000000000000002        2      518    33691        0      519    33751        0
0000000000000002        3      518    33615        0      516    33495        0
datapath         in-port  eth-dst           out-port packets  bytes
---------------- -------- ----------------- -------- -------- --------
0000000000000002        1       192.168.0.1        2        4      392
0000000000000002        1       192.168.0.2        3        2      196
0000000000000002        2       192.168.0.3        1        4      392
0000000000000002        3       192.168.0.3        1        2      196
datapath         port     rx-pkts  rx-bytes rx-error tx-pkts  tx-bytes tx-error
---------------- -------- -------- -------- -------- -------- -------- --------
0000000000000003        1       11      798        0      495    38766        0
0000000000000003        2      518    33691        0      519    33751        0
0000000000000003        3      516    33495        0      518    33615        0
datapath         in-port  eth-dst           out-port packets  bytes
---------------- -------- ----------------- -------- -------- --------
0000000000000003        1       192.168.0.1        2        4      392
0000000000000003        1       192.168.0.3        3        1       98
0000000000000003        2       192.168.0.2        1        4      392
0000000000000003        3       192.168.0.2        1        2      196
datapath         port     rx-pkts  rx-bytes rx-error tx-pkts  tx-bytes tx-error
---------------- -------- -------- -------- -------- -------- -------- --------
0000000000000001        1       10      868        0      499    39100        0
0000000000000001        2      519    33751        0      518    33691        0
0000000000000001        3      519    33751        0      518    33691        0
datapath         in-port  eth-dst           out-port packets  bytes
---------------- -------- ----------------- -------- -------- --------
0000000000000001        1       192.168.0.2        2        3      294
0000000000000001        1       192.168.0.3        3        3      294
0000000000000001        2       192.168.0.1        1        4      392
0000000000000001        3       192.168.0.1        1        4      392
discovery--->==================================== discovery ====================================
discovery---> cls: [(1, 2), (1, 3), (2, 3)]
discovery--->=============================================================================
==================================== link detector ====================================

----------------------------
src    dst :    delay
1 <---> 2 : 2.716541290283203
1 <---> 3 : 2.374410629272461
2 <---> 1 : 2.3386478424072266
2 <---> 3 : 2.4034976959228516
3 <---> 2 : 6.841421127319336
3 <---> 1 : 2.456188201904297
==================================== link detector ====================================

----------------------------
src    dst :    delay
1 <---> 2 : 3.986358642578125
1 <---> 3 : 3.573179244995117
2 <---> 1 : 3.3130645751953125
2 <---> 3 : 3.2482147216796875
3 <---> 2 : 3.8039684295654297
3 <---> 1 : 2.167224884033203
datapath         port     rx-pkts  rx-bytes rx-error tx-pkts  tx-bytes tx-error
---------------- -------- -------- -------- -------- -------- -------- --------
0000000000000002        1       10      756        0      500    39156        0
0000000000000002        2      524    34051        0      524    34051        0
0000000000000002        3      523    33915        0      521    33795        0
datapath         in-port  eth-dst           out-port packets  bytes
---------------- -------- ----------------- -------- -------- --------
0000000000000002        1       192.168.0.1        2        4      392
0000000000000002        1       192.168.0.2        3        2      196
0000000000000002        2       192.168.0.3        1        4      392
0000000000000002        3       192.168.0.3        1        2      196
datapath         port     rx-pkts  rx-bytes rx-error tx-pkts  tx-bytes tx-error
---------------- -------- -------- -------- -------- -------- -------- --------
0000000000000001        1       10      868        0      504    39490        0
0000000000000001        2      524    34051        0      524    34051        0
0000000000000001        3      524    34051        0      524    34051        0
datapath         in-port  eth-dst           out-port packets  bytes
---------------- -------- ----------------- -------- -------- --------
0000000000000001        1       192.168.0.2        2        3      294
0000000000000001        1       192.168.0.3        3        3      294
0000000000000001        2       192.168.0.1        1        4      392
0000000000000001        3       192.168.0.1        1        4      392
datapath         port     rx-pkts  rx-bytes rx-error tx-pkts  tx-bytes tx-error
---------------- -------- -------- -------- -------- -------- -------- --------
0000000000000003        1       11      798        0      500    39156        0
0000000000000003        2      524    34051        0      524    34051        0
0000000000000003        3      521    33795        0      523    33915        0
datapath         in-port  eth-dst           out-port packets  bytes
---------------- -------- ----------------- -------- -------- --------
0000000000000003        1       192.168.0.1        2        4      392
0000000000000003        1       192.168.0.3        3        1       98
0000000000000003        2       192.168.0.2        1        4      392
0000000000000003        3       192.168.0.2        1        2      196
discovery--->==================================== discovery ====================================
discovery---> cls: [(1, 2), (1, 3), (2, 3)]
discovery--->=============================================================================
==================================== link detector ====================================

----------------------------
src    dst :    delay
1 <---> 2 : 4.058837890625
1 <---> 3 : 2.499818801879883
2 <---> 1 : 3.219127655029297
2 <---> 3 : 2.999544143676758
3 <---> 2 : 3.876209259033203
3 <---> 1 : 3.098726272583008
==================================== link detector ====================================

----------------------------
src    dst :    delay
1 <---> 2 : 2.63214111328125
1 <---> 3 : 2.595663070678711
2 <---> 1 : 3.730297088623047
2 <---> 3 : 3.213167190551758
3 <---> 2 : 2.6090145111083984
3 <---> 1 : 3.8797855377197266
datapath         port     rx-pkts  rx-bytes rx-error tx-pkts  tx-bytes tx-error
---------------- -------- -------- -------- -------- -------- -------- --------
0000000000000002        1       10      756        0      506    39624        0
0000000000000002        2      529    34351        0      530    34411        0
0000000000000002        3      529    34275        0      527    34155        0
datapath         in-port  eth-dst           out-port packets  bytes
---------------- -------- ----------------- -------- -------- --------
0000000000000002        1       192.168.0.1        2        4      392
0000000000000002        1       192.168.0.2        3        2      196
0000000000000002        2       192.168.0.3        1        4      392
0000000000000002        3       192.168.0.3        1        2      196
datapath         port     rx-pkts  rx-bytes rx-error tx-pkts  tx-bytes tx-error
---------------- -------- -------- -------- -------- -------- -------- --------
0000000000000001        1       10      868        0      510    39958        0
0000000000000001        2      530    34411        0      529    34351        0
0000000000000001        3      530    34411        0      529    34351        0
datapath         in-port  eth-dst           out-port packets  bytes
---------------- -------- ----------------- -------- -------- --------
0000000000000001        1       192.168.0.2        2        3      294
0000000000000001        1       192.168.0.3        3        3      294
0000000000000001        2       192.168.0.1        1        4      392
0000000000000001        3       192.168.0.1        1        4      392
datapath         port     rx-pkts  rx-bytes rx-error tx-pkts  tx-bytes tx-error
---------------- -------- -------- -------- -------- -------- -------- --------
0000000000000003        1       11      798        0      506    39624        0
0000000000000003        2      529    34351        0      530    34411        0
0000000000000003        3      527    34155        0      529    34275        0
datapath         in-port  eth-dst           out-port packets  bytes
---------------- -------- ----------------- -------- -------- --------
0000000000000003        1       192.168.0.1        2        4      392
0000000000000003        1       192.168.0.3        3        1       98
0000000000000003        2       192.168.0.2        1        4      392
0000000000000003        3       192.168.0.2        1        2      196
discovery--->==================================== discovery ====================================
discovery---> cls: [(1, 2), (1, 3), (2, 3)]
discovery--->=============================================================================
==================================== link detector ====================================

----------------------------
src    dst :    delay
1 <---> 2 : 3.88336181640625
1 <---> 3 : 4.016876220703125
2 <---> 1 : 4.249334335327148
2 <---> 3 : 4.138708114624023
3 <---> 2 : 3.2219886779785156
3 <---> 1 : 5.067110061645508
datapath         port     rx-pkts  rx-bytes rx-error tx-pkts  tx-bytes tx-error
---------------- -------- -------- -------- -------- -------- -------- --------
0000000000000001        1       10      868        0      516    40426        0
0000000000000001        2      535    34711        0      535    34711        0
0000000000000001        3      535    34711        0      535    34711        0
datapath         in-port  eth-dst           out-port packets  bytes
---------------- -------- ----------------- -------- -------- --------
0000000000000001        1       192.168.0.2        2        3      294
0000000000000001        1       192.168.0.3        3        3      294
0000000000000001        2       192.168.0.1        1        4      392
0000000000000001        3       192.168.0.1        1        4      392
datapath         port     rx-pkts  rx-bytes rx-error tx-pkts  tx-bytes tx-error
---------------- -------- -------- -------- -------- -------- -------- --------
0000000000000002        1       10      756        0      511    40014        0
0000000000000002        2      535    34711        0      535    34711        0
0000000000000002        3      534    34575        0      533    34515        0
datapath         in-port  eth-dst           out-port packets  bytes
---------------- -------- ----------------- -------- -------- --------
0000000000000002        1       192.168.0.1        2        4      392
0000000000000002        1       192.168.0.2        3        2      196
0000000000000002        2       192.168.0.3        1        4      392
0000000000000002        3       192.168.0.3        1        2      196
datapath         port     rx-pkts  rx-bytes rx-error tx-pkts  tx-bytes tx-error
---------------- -------- -------- -------- -------- -------- -------- --------
0000000000000003        1       11      798        0      511    40014        0
0000000000000003        2      535    34711        0      535    34711        0
0000000000000003        3      533    34515        0      534    34575        0
datapath         in-port  eth-dst           out-port packets  bytes
---------------- -------- ----------------- -------- -------- --------
0000000000000003        1       192.168.0.1        2        4      392
0000000000000003        1       192.168.0.3        3        1       98
0000000000000003        2       192.168.0.2        1        4      392
0000000000000003        3       192.168.0.2        1        2      196
discovery--->==================================== discovery ====================================
discovery---> cls: [(1, 2), (1, 3), (2, 3)]
discovery--->=============================================================================
==================================== link detector ====================================

----------------------------
src    dst :    delay
1 <---> 2 : 2.198457717895508
1 <---> 3 : 2.2628307342529297
2 <---> 1 : 2.9633045196533203
2 <---> 3 : 4.022359848022461
3 <---> 2 : 2.4323463439941406
3 <---> 1 : 2.799510955810547
==================================== link detector ====================================

----------------------------
src    dst :    delay
1 <---> 2 : 3.679037094116211
1 <---> 3 : 2.624034881591797
2 <---> 1 : 3.267526626586914
2 <---> 3 : 3.237485885620117
3 <---> 2 : 3.7136077880859375
3 <---> 1 : 2.9582977294921875
datapath         port     rx-pkts  rx-bytes rx-error tx-pkts  tx-bytes tx-error
---------------- -------- -------- -------- -------- -------- -------- --------
0000000000000002        1       10      756        0      517    40482        0
0000000000000002        2      540    35011        0      541    35071        0
0000000000000002        3      540    34935        0      538    34815        0
datapath         in-port  eth-dst           out-port packets  bytes
---------------- -------- ----------------- -------- -------- --------
0000000000000002        1       192.168.0.1        2        4      392
0000000000000002        1       192.168.0.2        3        2      196
0000000000000002        2       192.168.0.3        1        4      392
0000000000000002        3       192.168.0.3        1        2      196
datapath         port     rx-pkts  rx-bytes rx-error tx-pkts  tx-bytes tx-error
---------------- -------- -------- -------- -------- -------- -------- --------
0000000000000001        1       10      868        0      521    40816        0
0000000000000001        2      541    35071        0      540    35011        0
0000000000000001        3      541    35071        0      540    35011        0
datapath         in-port  eth-dst           out-port packets  bytes
---------------- -------- ----------------- -------- -------- --------
0000000000000001        1       192.168.0.2        2        3      294
0000000000000001        1       192.168.0.3        3        3      294
0000000000000001        2       192.168.0.1        1        4      392
0000000000000001        3       192.168.0.1        1        4      392
datapath         port     rx-pkts  rx-bytes rx-error tx-pkts  tx-bytes tx-error
---------------- -------- -------- -------- -------- -------- -------- --------
0000000000000003        1       11      798        0      517    40482        0
0000000000000003        2      540    35011        0      541    35071        0
0000000000000003        3      538    34815        0      540    34935        0
datapath         in-port  eth-dst           out-port packets  bytes
---------------- -------- ----------------- -------- -------- --------
0000000000000003        1       192.168.0.1        2        4      392
0000000000000003        1       192.168.0.3        3        1       98
0000000000000003        2       192.168.0.2        1        4      392
0000000000000003        3       192.168.0.2        1        2      196
discovery--->==================================== discovery ====================================
discovery---> cls: [(1, 2), (1, 3), (2, 3)]
discovery--->=============================================================================
==================================== link detector ====================================

----------------------------
src    dst :    delay
1 <---> 2 : 2.6803016662597656
1 <---> 3 : 3.527402877807617
2 <---> 1 : 4.635334014892578
2 <---> 3 : 3.556489944458008
3 <---> 2 : 3.3774375915527344
3 <---> 1 : 4.0874481201171875
datapath         port     rx-pkts  rx-bytes rx-error tx-pkts  tx-bytes tx-error
---------------- -------- -------- -------- -------- -------- -------- --------
0000000000000002        1       10      756        0      523    40950        0
0000000000000002        2      546    35371        0      546    35371        0
0000000000000002        3      545    35235        0      544    35175        0
datapath         in-port  eth-dst           out-port packets  bytes
---------------- -------- ----------------- -------- -------- --------
0000000000000002        1       192.168.0.1        2        4      392
0000000000000002        1       192.168.0.2        3        2      196
0000000000000002        2       192.168.0.3        1        4      392
0000000000000002        3       192.168.0.3        1        2      196
datapath         port     rx-pkts  rx-bytes rx-error tx-pkts  tx-bytes tx-error
---------------- -------- -------- -------- -------- -------- -------- --------
0000000000000001        1       10      868        0      527    41284        0
0000000000000001        2      546    35371        0      546    35371        0
0000000000000001        3      546    35371        0      546    35371        0
datapath         in-port  eth-dst           out-port packets  bytes
---------------- -------- ----------------- -------- -------- --------
0000000000000001        1       192.168.0.2        2        3      294
0000000000000001        1       192.168.0.3        3        3      294
0000000000000001        2       192.168.0.1        1        4      392
0000000000000001        3       192.168.0.1        1        4      392
datapath         port     rx-pkts  rx-bytes rx-error tx-pkts  tx-bytes tx-error
---------------- -------- -------- -------- -------- -------- -------- --------
0000000000000003        1       11      798        0      523    40950        0
0000000000000003        2      546    35371        0      546    35371        0
0000000000000003        3      544    35175        0      545    35235        0
datapath         in-port  eth-dst           out-port packets  bytes
---------------- -------- ----------------- -------- -------- --------
0000000000000003        1       192.168.0.1        2        4      392
0000000000000003        1       192.168.0.3        3        1       98
0000000000000003        2       192.168.0.2        1        4      392
0000000000000003        3       192.168.0.2        1        2      196
discovery--->==================================== discovery ====================================
discovery---> cls: [(1, 2), (1, 3), (2, 3)]
discovery--->=============================================================================
==================================== link detector ====================================

----------------------------
src    dst :    delay
1 <---> 2 : 2.6397705078125
1 <---> 3 : 2.073049545288086
2 <---> 1 : 2.9828548431396484
2 <---> 3 : 4.173994064331055
3 <---> 2 : 3.1032562255859375
3 <---> 1 : 2.940654754638672
==================================== link detector ====================================

----------------------------
src    dst :    delay
1 <---> 2 : 3.316640853881836
1 <---> 3 : 3.3388137817382812
2 <---> 1 : 2.344846725463867
2 <---> 3 : 3.309488296508789
3 <---> 2 : 4.5528411865234375
3 <---> 1 : 2.1333694458007812
datapath         port     rx-pkts  rx-bytes rx-error tx-pkts  tx-bytes tx-error
---------------- -------- -------- -------- -------- -------- -------- --------
0000000000000001        1       10      868        0      532    41674        0
0000000000000001        2      552    35731        0      552    35741        0
0000000000000001        3      552    35731        0      551    35671        0
datapath         in-port  eth-dst           out-port packets  bytes
---------------- -------- ----------------- -------- -------- --------
0000000000000001        1       192.168.0.2        2        3      294
0000000000000001        1       192.168.0.3        3        3      294
0000000000000001        2       192.168.0.1        1        4      392
0000000000000001        3       192.168.0.1        1        4      392
datapath         port     rx-pkts  rx-bytes rx-error tx-pkts  tx-bytes tx-error
---------------- -------- -------- -------- -------- -------- -------- --------
0000000000000003        1       11      798        0      528    41340        0
0000000000000003        2      552    35741        0      552    35731        0
0000000000000003        3      549    35475        0      551    35595        0
datapath         in-port  eth-dst           out-port packets  bytes
---------------- -------- ----------------- -------- -------- --------
0000000000000003        1       192.168.0.1        2        4      392
0000000000000003        1       192.168.0.3        3        1       98
0000000000000003        2       192.168.0.2        1        4      392
0000000000000003        3       192.168.0.2        1        2      196
datapath         port     rx-pkts  rx-bytes rx-error tx-pkts  tx-bytes tx-error
---------------- -------- -------- -------- -------- -------- -------- --------
0000000000000002        1       10      756        0      528    41340        0
0000000000000002        2      551    35671        0      552    35731        0
0000000000000002        3      551    35595        0      549    35475        0
datapath         in-port  eth-dst           out-port packets  bytes
---------------- -------- ----------------- -------- -------- --------
0000000000000002        1       192.168.0.1        2        4      392
0000000000000002        1       192.168.0.2        3        2      196
0000000000000002        2       192.168.0.3        1        4      392
0000000000000002        3       192.168.0.3        1        2      196
discovery--->==================================== discovery ====================================
discovery---> cls: [(1, 2), (1, 3), (2, 3)]
discovery--->=============================================================================
==================================== link detector ====================================

----------------------------
src    dst :    delay
1 <---> 2 : 2.6025772094726562
1 <---> 3 : 2.8519630432128906
2 <---> 1 : 2.4683475494384766
2 <---> 3 : 3.337383270263672
3 <---> 2 : 2.2373199462890625
3 <---> 1 : 2.644777297973633
==================================== link detector ====================================

----------------------------
src    dst :    delay
1 <---> 2 : 2.214193344116211
1 <---> 3 : 2.065896987915039
2 <---> 1 : 4.063844680786133
2 <---> 3 : 4.208803176879883
3 <---> 2 : 3.135204315185547
3 <---> 1 : 3.5364627838134766
datapath         port     rx-pkts  rx-bytes rx-error tx-pkts  tx-bytes tx-error
---------------- -------- -------- -------- -------- -------- -------- --------
0000000000000002        1       10      756        0      534    41808        0
0000000000000002        2      557    36031        0      557    36031        0
0000000000000002        3      556    35895        0      555    35835        0
datapath         in-port  eth-dst           out-port packets  bytes
---------------- -------- ----------------- -------- -------- --------
0000000000000002        1       192.168.0.1        2        4      392
0000000000000002        1       192.168.0.2        3        2      196
0000000000000002        2       192.168.0.3        1        4      392
0000000000000002        3       192.168.0.3        1        2      196
datapath         port     rx-pkts  rx-bytes rx-error tx-pkts  tx-bytes tx-error
---------------- -------- -------- -------- -------- -------- -------- --------
0000000000000001        1       10      868        0      538    42142        0
0000000000000001        2      558    36091        0      558    36101        0
0000000000000001        3      557    36031        0      557    36031        0
datapath         in-port  eth-dst           out-port packets  bytes
---------------- -------- ----------------- -------- -------- --------
0000000000000001        1       192.168.0.2        2        3      294
0000000000000001        1       192.168.0.3        3        3      294
0000000000000001        2       192.168.0.1        1        4      392
0000000000000001        3       192.168.0.1        1        4      392
datapath         port     rx-pkts  rx-bytes rx-error tx-pkts  tx-bytes tx-error
---------------- -------- -------- -------- -------- -------- -------- --------
0000000000000003        1       11      798        0      534    41808        0
0000000000000003        2      558    36101        0      558    36091        0
0000000000000003        3      555    35835        0      556    35895        0
datapath         in-port  eth-dst           out-port packets  bytes
---------------- -------- ----------------- -------- -------- --------
0000000000000003        1       192.168.0.1        2        4      392
0000000000000003        1       192.168.0.3        3        1       98
0000000000000003        2       192.168.0.2        1        4      392
0000000000000003        3       192.168.0.2        1        2      196
discovery--->==================================== discovery ====================================
discovery---> cls: [(1, 2), (1, 3), (2, 3)]
discovery--->=============================================================================
==================================== link detector ====================================

----------------------------
src    dst :    delay
1 <---> 2 : 3.7860870361328125
1 <---> 3 : 2.4406909942626953
2 <---> 1 : 3.3113956451416016
2 <---> 3 : 2.7434825897216797
3 <---> 2 : 2.7456283569335938
3 <---> 1 : 3.1881332397460938
datapath         port     rx-pkts  rx-bytes rx-error tx-pkts  tx-bytes tx-error
---------------- -------- -------- -------- -------- -------- -------- --------
0000000000000001        1       10      868        0      543    42532        0
0000000000000001        2      563    36391        0      563    36401        0
0000000000000001        3      563    36391        0      562    36331        0
datapath         in-port  eth-dst           out-port packets  bytes
---------------- -------- ----------------- -------- -------- --------
0000000000000001        1       192.168.0.2        2        3      294
0000000000000001        1       192.168.0.3        3        3      294
0000000000000001        2       192.168.0.1        1        4      392
0000000000000001        3       192.168.0.1        1        4      392
datapath         port     rx-pkts  rx-bytes rx-error tx-pkts  tx-bytes tx-error
---------------- -------- -------- -------- -------- -------- -------- --------
0000000000000003        1       11      798        0      539    42198        0
0000000000000003        2      563    36401        0      563    36391        0
0000000000000003        3      560    36135        0      562    36255        0
datapath         in-port  eth-dst           out-port packets  bytes
---------------- -------- ----------------- -------- -------- --------
0000000000000003        1       192.168.0.1        2        4      392
0000000000000003        1       192.168.0.3        3        1       98
0000000000000003        2       192.168.0.2        1        4      392
0000000000000003        3       192.168.0.2        1        2      196
datapath         port     rx-pkts  rx-bytes rx-error tx-pkts  tx-bytes tx-error
---------------- -------- -------- -------- -------- -------- -------- --------
0000000000000002        1       10      756        0      539    42198        0
0000000000000002        2      562    36331        0      563    36391        0
0000000000000002        3      562    36255        0      560    36135        0
datapath         in-port  eth-dst           out-port packets  bytes
---------------- -------- ----------------- -------- -------- --------
0000000000000002        1       192.168.0.1        2        4      392
0000000000000002        1       192.168.0.2        3        2      196
0000000000000002        2       192.168.0.3        1        4      392
0000000000000002        3       192.168.0.3        1        2      196
discovery--->==================================== discovery ====================================
discovery---> cls: [(1, 2), (1, 3), (2, 3)]
discovery--->=============================================================================
==================================== link detector ====================================

----------------------------
src    dst :    delay
1 <---> 2 : 2.6068687438964844
1 <---> 3 : 3.3376216888427734
2 <---> 1 : 2.3453235626220703
2 <---> 3 : 2.547740936279297
3 <---> 2 : 2.752542495727539
3 <---> 1 : 2.3374557495117188
==================================== link detector ====================================

----------------------------
src    dst :    delay
1 <---> 2 : 3.2815933227539062
1 <---> 3 : 2.2139549255371094
2 <---> 1 : 3.1290054321289062
2 <---> 3 : 2.7773380279541016
3 <---> 2 : 3.206968307495117
3 <---> 1 : 3.789663314819336
datapath         port     rx-pkts  rx-bytes rx-error tx-pkts  tx-bytes tx-error
---------------- -------- -------- -------- -------- -------- -------- --------
0000000000000002        1       10      756        0      545    42666        0
0000000000000002        2      568    36691        0      569    36751        0
0000000000000002        3      569    36685        0      566    36495        0
datapath         in-port  eth-dst           out-port packets  bytes
---------------- -------- ----------------- -------- -------- --------
0000000000000002        1       192.168.0.1        2        4      392
0000000000000002        1       192.168.0.2        3        2      196
0000000000000002        2       192.168.0.3        1        4      392
0000000000000002        3       192.168.0.3        1        2      196
datapath         port     rx-pkts  rx-bytes rx-error tx-pkts  tx-bytes tx-error
---------------- -------- -------- -------- -------- -------- -------- --------
0000000000000001        1       10      868        0      549    43000        0
0000000000000001        2      569    36751        0      569    36761        0
0000000000000001        3      569    36751        0      568    36691        0
datapath         in-port  eth-dst           out-port packets  bytes
---------------- -------- ----------------- -------- -------- --------
0000000000000001        1       192.168.0.2        2        3      294
0000000000000001        1       192.168.0.3        3        3      294
0000000000000001        2       192.168.0.1        1        4      392
0000000000000001        3       192.168.0.1        1        4      392
datapath         port     rx-pkts  rx-bytes rx-error tx-pkts  tx-bytes tx-error
---------------- -------- -------- -------- -------- -------- -------- --------
0000000000000003        1       11      798        0      545    42666        0
0000000000000003        2      569    36761        0      569    36751        0
0000000000000003        3      566    36495        0      569    36685        0
datapath         in-port  eth-dst           out-port packets  bytes
---------------- -------- ----------------- -------- -------- --------
0000000000000003        1       192.168.0.1        2        4      392
0000000000000003        1       192.168.0.3        3        1       98
0000000000000003        2       192.168.0.2        1        4      392
0000000000000003        3       192.168.0.2        1        2      196
discovery--->==================================== discovery ====================================
discovery---> cls: [(1, 2), (1, 3), (2, 3)]
discovery--->=============================================================================
==================================== link detector ====================================

----------------------------
src    dst :    delay
1 <---> 2 : 2.3577213287353516
1 <---> 3 : 2.767801284790039
2 <---> 1 : 2.4662017822265625
2 <---> 3 : 3.803730010986328
3 <---> 2 : 3.2575130462646484
3 <---> 1 : 3.4322738647460938
datapath         port     rx-pkts  rx-bytes rx-error tx-pkts  tx-bytes tx-error
---------------- -------- -------- -------- -------- -------- -------- --------
0000000000000002        1       10      756        0      550    43056        0
0000000000000002        2      574    37051        0      574    37051        0
0000000000000002        3      574    36985        0      571    36795        0
datapath         in-port  eth-dst           out-port packets  bytes
---------------- -------- ----------------- -------- -------- --------
0000000000000002        1       192.168.0.1        2        4      392
0000000000000002        1       192.168.0.2        3        2      196
0000000000000002        2       192.168.0.3        1        4      392
0000000000000002        3       192.168.0.3        1        2      196
datapath         port     rx-pkts  rx-bytes rx-error tx-pkts  tx-bytes tx-error
---------------- -------- -------- -------- -------- -------- -------- --------
0000000000000001        1       10      868        0      554    43390        0
0000000000000001        2      574    37051        0      575    37121        0
0000000000000001        3      574    37051        0      574    37051        0
datapath         in-port  eth-dst           out-port packets  bytes
---------------- -------- ----------------- -------- -------- --------
0000000000000001        1       192.168.0.2        2        3      294
0000000000000001        1       192.168.0.3        3        3      294
0000000000000001        2       192.168.0.1        1        4      392
0000000000000001        3       192.168.0.1        1        4      392
datapath         port     rx-pkts  rx-bytes rx-error tx-pkts  tx-bytes tx-error
---------------- -------- -------- -------- -------- -------- -------- --------
0000000000000003        1       11      798        0      550    43056        0
0000000000000003        2      575    37121        0      574    37051        0
0000000000000003        3      571    36795        0      574    36985        0
datapath         in-port  eth-dst           out-port packets  bytes
---------------- -------- ----------------- -------- -------- --------
0000000000000003        1       192.168.0.1        2        4      392
0000000000000003        1       192.168.0.3        3        1       98
0000000000000003        2       192.168.0.2        1        4      392
0000000000000003        3       192.168.0.2        1        2      196
discovery--->==================================== discovery ====================================
discovery---> cls: [(1, 2), (1, 3), (2, 3)]
discovery--->=============================================================================
==================================== link detector ====================================

----------------------------
src    dst :    delay
1 <---> 2 : 3.0579566955566406
1 <---> 3 : 3.1239986419677734
2 <---> 1 : 2.6886463165283203
2 <---> 3 : 3.1855106353759766
3 <---> 2 : 3.3833980560302734
3 <---> 1 : 3.6878585815429688
==================================== link detector ====================================

----------------------------
src    dst :    delay
1 <---> 2 : 2.1572113037109375
1 <---> 3 : 2.3338794708251953
2 <---> 1 : 2.6509761810302734
2 <---> 3 : 2.2072792053222656
3 <---> 2 : 2.638101577758789
3 <---> 1 : 2.835512161254883
datapath         port     rx-pkts  rx-bytes rx-error tx-pkts  tx-bytes tx-error
---------------- -------- -------- -------- -------- -------- -------- --------
0000000000000002        1       10      756        0      556    43524        0
0000000000000002        2      579    37351        0      580    37411        0
0000000000000002        3      580    37345        0      577    37155        0
datapath         in-port  eth-dst           out-port packets  bytes
---------------- -------- ----------------- -------- -------- --------
0000000000000002        1       192.168.0.1        2        4      392
0000000000000002        1       192.168.0.2        3        2      196
0000000000000002        2       192.168.0.3        1        4      392
0000000000000002        3       192.168.0.3        1        2      196
datapath         port     rx-pkts  rx-bytes rx-error tx-pkts  tx-bytes tx-error
---------------- -------- -------- -------- -------- -------- -------- --------
0000000000000001        1       10      868        0      560    43858        0
0000000000000001        2      580    37411        0      580    37421        0
0000000000000001        3      580    37411        0      579    37351        0
datapath         in-port  eth-dst           out-port packets  bytes
---------------- -------- ----------------- -------- -------- --------
0000000000000001        1       192.168.0.2        2        3      294
0000000000000001        1       192.168.0.3        3        3      294
0000000000000001        2       192.168.0.1        1        4      392
0000000000000001        3       192.168.0.1        1        4      392
datapath         port     rx-pkts  rx-bytes rx-error tx-pkts  tx-bytes tx-error
---------------- -------- -------- -------- -------- -------- -------- --------
0000000000000003        1       11      798        0      556    43524        0
0000000000000003        2      580    37421        0      580    37411        0
0000000000000003        3      577    37155        0      580    37345        0
datapath         in-port  eth-dst           out-port packets  bytes
---------------- -------- ----------------- -------- -------- --------
0000000000000003        1       192.168.0.1        2        4      392
0000000000000003        1       192.168.0.3        3        1       98
0000000000000003        2       192.168.0.2        1        4      392
0000000000000003        3       192.168.0.2        1        2      196
discovery--->==================================== discovery ====================================
discovery---> cls: [(1, 2), (1, 3), (2, 3)]
discovery--->=============================================================================
==================================== link detector ====================================

----------------------------
src    dst :    delay
1 <---> 2 : 4.187345504760742
1 <---> 3 : 4.071235656738281
2 <---> 1 : 4.11224365234375
2 <---> 3 : 2.667665481567383
3 <---> 2 : 2.721071243286133
3 <---> 1 : 2.86102294921875
datapath         port     rx-pkts  rx-bytes rx-error tx-pkts  tx-bytes tx-error
---------------- -------- -------- -------- -------- -------- -------- --------
0000000000000002        1       10      756        0      561    43914        0
0000000000000002        2      585    37711        0      585    37711        0
0000000000000002        3      585    37645        0      582    37455        0
datapath         in-port  eth-dst           out-port packets  bytes
---------------- -------- ----------------- -------- -------- --------
0000000000000002        1       192.168.0.1        2        4      392
0000000000000002        1       192.168.0.2        3        2      196
0000000000000002        2       192.168.0.3        1        4      392
0000000000000002        3       192.168.0.3        1        2      196
datapath         port     rx-pkts  rx-bytes rx-error tx-pkts  tx-bytes tx-error
---------------- -------- -------- -------- -------- -------- -------- --------
0000000000000003        1       11      798        0      561    43914        0
0000000000000003        2      586    37781        0      585    37711        0
0000000000000003        3      582    37455        0      585    37645        0
datapath         in-port  eth-dst           out-port packets  bytes
---------------- -------- ----------------- -------- -------- --------
0000000000000003        1       192.168.0.1        2        4      392
0000000000000003        1       192.168.0.3        3        1       98
0000000000000003        2       192.168.0.2        1        4      392
0000000000000003        3       192.168.0.2        1        2      196
datapath         port     rx-pkts  rx-bytes rx-error tx-pkts  tx-bytes tx-error
---------------- -------- -------- -------- -------- -------- -------- --------
0000000000000001        1       10      868        0      566    44326        0
0000000000000001        2      585    37711        0      586    37781        0
0000000000000001        3      585    37711        0      585    37711        0
datapath         in-port  eth-dst           out-port packets  bytes
---------------- -------- ----------------- -------- -------- --------
0000000000000001        1       192.168.0.2        2        3      294
0000000000000001        1       192.168.0.3        3        3      294
0000000000000001        2       192.168.0.1        1        4      392
0000000000000001        3       192.168.0.1        1        4      392
discovery--->==================================== discovery ====================================
discovery---> cls: [(1, 2), (1, 3), (2, 3)]
discovery--->=============================================================================
==================================== link detector ====================================

----------------------------
src    dst :    delay
1 <---> 2 : 2.3772716522216797
1 <---> 3 : 2.138853073120117
2 <---> 1 : 3.0889511108398438
2 <---> 3 : 3.0395984649658203
3 <---> 2 : 3.712892532348633
3 <---> 1 : 3.2312870025634766
==================================== link detector ====================================

----------------------------
src    dst :    delay
1 <---> 2 : 3.7539005279541016
1 <---> 3 : 3.8840770721435547
2 <---> 1 : 3.74603271484375
2 <---> 3 : 2.450227737426758
3 <---> 2 : 2.6192665100097656
3 <---> 1 : 4.003047943115234
datapath         port     rx-pkts  rx-bytes rx-error tx-pkts  tx-bytes tx-error
---------------- -------- -------- -------- -------- -------- -------- --------
0000000000000002        1       10      756        0      567    44382        0
0000000000000002        2      590    38011        0      592    38141        0
0000000000000002        3      591    38005        0      588    37815        0
datapath         in-port  eth-dst           out-port packets  bytes
---------------- -------- ----------------- -------- -------- --------
0000000000000002        1       192.168.0.1        2        4      392
0000000000000002        1       192.168.0.2        3        2      196
0000000000000002        2       192.168.0.3        1        4      392
0000000000000002        3       192.168.0.3        1        2      196
datapath         port     rx-pkts  rx-bytes rx-error tx-pkts  tx-bytes tx-error
---------------- -------- -------- -------- -------- -------- -------- --------
0000000000000003        1       11      798        0      567    44382        0
0000000000000003        2      591    38081        0      591    38071        0
0000000000000003        3      588    37815        0      591    38005        0
datapath         in-port  eth-dst           out-port packets  bytes
---------------- -------- ----------------- -------- -------- --------
0000000000000003        1       192.168.0.1        2        4      392
0000000000000003        1       192.168.0.3        3        1       98
0000000000000003        2       192.168.0.2        1        4      392
0000000000000003        3       192.168.0.2        1        2      196
datapath         port     rx-pkts  rx-bytes rx-error tx-pkts  tx-bytes tx-error
---------------- -------- -------- -------- -------- -------- -------- --------
0000000000000001        1       10      868        0      571    44716        0
0000000000000001        2      591    38071        0      591    38081        0
0000000000000001        3      592    38141        0      590    38011        0
datapath         in-port  eth-dst           out-port packets  bytes
---------------- -------- ----------------- -------- -------- --------
0000000000000001        1       192.168.0.2        2        3      294
0000000000000001        1       192.168.0.3        3        3      294
0000000000000001        2       192.168.0.1        1        4      392
0000000000000001        3       192.168.0.1        1        4      392
discovery--->==================================== discovery ====================================
discovery---> cls: [(1, 2), (1, 3), (2, 3)]
discovery--->=============================================================================
==================================== link detector ====================================

----------------------------
src    dst :    delay
1 <---> 2 : 2.989530563354492
1 <---> 3 : 3.2722949981689453
2 <---> 1 : 3.2088756561279297
2 <---> 3 : 3.1833648681640625
3 <---> 2 : 3.3578872680664062
3 <---> 1 : 3.16619873046875
==================================== link detector ====================================

----------------------------
src    dst :    delay
1 <---> 2 : 2.9821395874023438
1 <---> 3 : 4.31513786315918
2 <---> 1 : 3.229856491088867
2 <---> 3 : 4.301309585571289
3 <---> 2 : 3.195047378540039
3 <---> 1 : 4.031658172607422
datapath         port     rx-pkts  rx-bytes rx-error tx-pkts  tx-bytes tx-error
---------------- -------- -------- -------- -------- -------- -------- --------
0000000000000002        1       10      756        0      573    44850        0
0000000000000002        2      596    38371        0      597    38441        0
0000000000000002        3      596    38305        0      594    38175        0
datapath         in-port  eth-dst           out-port packets  bytes
---------------- -------- ----------------- -------- -------- --------
0000000000000002        1       192.168.0.1        2        4      392
0000000000000002        1       192.168.0.2        3        2      196
0000000000000002        2       192.168.0.3        1        4      392
0000000000000002        3       192.168.0.3        1        2      196
datapath         port     rx-pkts  rx-bytes rx-error tx-pkts  tx-bytes tx-error
---------------- -------- -------- -------- -------- -------- -------- --------
0000000000000003        1       11      798        0      572    44772        0
0000000000000003        2      597    38441        0      596    38371        0
0000000000000003        3      594    38175        0      596    38305        0
datapath         in-port  eth-dst           out-port packets  bytes
---------------- -------- ----------------- -------- -------- --------
0000000000000003        1       192.168.0.1        2        4      392
0000000000000003        1       192.168.0.3        3        1       98
0000000000000003        2       192.168.0.2        1        4      392
0000000000000003        3       192.168.0.2        1        2      196
datapath         port     rx-pkts  rx-bytes rx-error tx-pkts  tx-bytes tx-error
---------------- -------- -------- -------- -------- -------- -------- --------
0000000000000001        1       10      868        0      577    45184        0
0000000000000001        2      596    38371        0      597    38441        0
0000000000000001        3      597    38441        0      596    38371        0
datapath         in-port  eth-dst           out-port packets  bytes
---------------- -------- ----------------- -------- -------- --------
0000000000000001        1       192.168.0.2        2        3      294
0000000000000001        1       192.168.0.3        3        3      294
0000000000000001        2       192.168.0.1        1        4      392
0000000000000001        3       192.168.0.1        1        4      392
discovery--->==================================== discovery ====================================
discovery---> cls: [(1, 2), (1, 3), (2, 3)]
discovery--->=============================================================================
==================================== link detector ====================================

----------------------------
src    dst :    delay
1 <---> 2 : 2.9630661010742188
1 <---> 3 : 4.0569305419921875
2 <---> 1 : 2.434253692626953
2 <---> 3 : 4.492998123168945
3 <---> 2 : 4.134654998779297
3 <---> 1 : 4.506349563598633
datapath         port     rx-pkts  rx-bytes rx-error tx-pkts  tx-bytes tx-error
---------------- -------- -------- -------- -------- -------- -------- --------
0000000000000001        1       10      868        0      582    45574        0
0000000000000001        2      603    38934        0      603    38944        0
0000000000000001        3      604    39004        0      602    38874        0
datapath         in-port  eth-dst           out-port packets  bytes
---------------- -------- ----------------- -------- -------- --------
0000000000000001        1       192.168.0.2        2        3      294
0000000000000001        1       192.168.0.3        3        3      294
0000000000000001        2       192.168.0.1        1        4      392
0000000000000001        3       192.168.0.1        1        4      392
datapath         port     rx-pkts  rx-bytes rx-error tx-pkts  tx-bytes tx-error
---------------- -------- -------- -------- -------- -------- -------- --------
0000000000000003        1       11      798        0      578    45240        0
0000000000000003        2      603    38944        0      603    38934        0
0000000000000003        3      600    38678        0      603    38868        0
datapath         in-port  eth-dst           out-port packets  bytes
---------------- -------- ----------------- -------- -------- --------
0000000000000003        1       192.168.0.1        2        4      392
0000000000000003        1       192.168.0.3        3        1       98
0000000000000003        2       192.168.0.2        1        4      392
0000000000000003        3       192.168.0.2        1        2      196
datapath         port     rx-pkts  rx-bytes rx-error tx-pkts  tx-bytes tx-error
---------------- -------- -------- -------- -------- -------- -------- --------
0000000000000002        1       10      756        0      578    45240        0
0000000000000002        2      602    38874        0      604    39004        0
0000000000000002        3      603    38868        0      600    38678        0
datapath         in-port  eth-dst           out-port packets  bytes
---------------- -------- ----------------- -------- -------- --------
0000000000000002        1       192.168.0.1        2        4      392
0000000000000002        1       192.168.0.2        3        2      196
0000000000000002        2       192.168.0.3        1        4      392
0000000000000002        3       192.168.0.3        1        2      196
discovery--->==================================== discovery ====================================
discovery---> cls: [(1, 2), (1, 3), (2, 3)]
discovery--->=============================================================================
==================================== link detector ====================================

----------------------------
src    dst :    delay
1 <---> 2 : 3.589630126953125
1 <---> 3 : 3.1197071075439453
2 <---> 1 : 3.21197509765625
2 <---> 3 : 3.057241439819336
3 <---> 2 : 3.264188766479492
3 <---> 1 : 3.075838088989258
==================================== link detector ====================================

----------------------------
src    dst :    delay
1 <---> 2 : 3.093719482421875
1 <---> 3 : 4.18853759765625
2 <---> 1 : 3.1862258911132812
2 <---> 3 : 3.4792423248291016
3 <---> 2 : 3.606081008911133
3 <---> 1 : 3.220796585083008
datapath         port     rx-pkts  rx-bytes rx-error tx-pkts  tx-bytes tx-error
---------------- -------- -------- -------- -------- -------- -------- --------
0000000000000002        1       10      756        0      584    45708        0
0000000000000002        2      608    39234        0      609    39304        0
0000000000000002        3      608    39168        0      606    39038        0
datapath         in-port  eth-dst           out-port packets  bytes
---------------- -------- ----------------- -------- -------- --------
0000000000000002        1       192.168.0.1        2        4      392
0000000000000002        1       192.168.0.2        3        2      196
0000000000000002        2       192.168.0.3        1        4      392
0000000000000002        3       192.168.0.3        1        2      196
datapath         port     rx-pkts  rx-bytes rx-error tx-pkts  tx-bytes tx-error
---------------- -------- -------- -------- -------- -------- -------- --------
0000000000000001        1       10      868        0      588    46042        0
0000000000000001        2      609    39294        0      609    39304        0
0000000000000001        3      609    39304        0      608    39234        0
datapath         in-port  eth-dst           out-port packets  bytes
---------------- -------- ----------------- -------- -------- --------
0000000000000001        1       192.168.0.2        2        3      294
0000000000000001        1       192.168.0.3        3        3      294
0000000000000001        2       192.168.0.1        1        4      392
0000000000000001        3       192.168.0.1        1        4      392
datapath         port     rx-pkts  rx-bytes rx-error tx-pkts  tx-bytes tx-error
---------------- -------- -------- -------- -------- -------- -------- --------
0000000000000003        1       11      798        0      584    45708        0
0000000000000003        2      609    39304        0      609    39294        0
0000000000000003        3      606    39038        0      608    39168        0
datapath         in-port  eth-dst           out-port packets  bytes
---------------- -------- ----------------- -------- -------- --------
0000000000000003        1       192.168.0.1        2        4      392
0000000000000003        1       192.168.0.3        3        1       98
0000000000000003        2       192.168.0.2        1        4      392
0000000000000003        3       192.168.0.2        1        2      196
discovery--->==================================== discovery ====================================
discovery---> cls: [(1, 2), (1, 3), (2, 3)]
discovery--->=============================================================================
==================================== link detector ====================================

----------------------------
src    dst :    delay
1 <---> 2 : 3.107309341430664
1 <---> 3 : 2.6552677154541016
2 <---> 1 : 3.152608871459961
2 <---> 3 : 2.2318363189697266
3 <---> 2 : 2.733945846557617
3 <---> 1 : 4.120349884033203
datapath         port     rx-pkts  rx-bytes rx-error tx-pkts  tx-bytes tx-error
---------------- -------- -------- -------- -------- -------- -------- --------
0000000000000002        1       10      756        0      589    46098        0
0000000000000002        2      613    39534        0      615    39664        0
0000000000000002        3      614    39528        0      611    39338        0
datapath         in-port  eth-dst           out-port packets  bytes
---------------- -------- ----------------- -------- -------- --------
0000000000000002        1       192.168.0.1        2        4      392
0000000000000002        1       192.168.0.2        3        2      196
0000000000000002        2       192.168.0.3        1        4      392
0000000000000002        3       192.168.0.3        1        2      196
datapath         port     rx-pkts  rx-bytes rx-error tx-pkts  tx-bytes tx-error
---------------- -------- -------- -------- -------- -------- -------- --------
0000000000000001        1       10      868        0      593    46432        0
0000000000000001        2      614    39594        0      614    39604        0
0000000000000001        3      615    39664        0      613    39534        0
datapath         in-port  eth-dst           out-port packets  bytes
---------------- -------- ----------------- -------- -------- --------
0000000000000001        1       192.168.0.2        2        3      294
0000000000000001        1       192.168.0.3        3        3      294
0000000000000001        2       192.168.0.1        1        4      392
0000000000000001        3       192.168.0.1        1        4      392
datapath         port     rx-pkts  rx-bytes rx-error tx-pkts  tx-bytes tx-error
---------------- -------- -------- -------- -------- -------- -------- --------
0000000000000003        1       11      798        0      589    46098        0
0000000000000003        2      614    39604        0      614    39594        0
0000000000000003        3      611    39338        0      614    39528        0
datapath         in-port  eth-dst           out-port packets  bytes
---------------- -------- ----------------- -------- -------- --------
0000000000000003        1       192.168.0.1        2        4      392
0000000000000003        1       192.168.0.3        3        1       98
0000000000000003        2       192.168.0.2        1        4      392
0000000000000003        3       192.168.0.2        1        2      196
discovery--->==================================== discovery ====================================
discovery---> cls: [(1, 2), (1, 3), (2, 3)]
discovery--->=============================================================================
==================================== link detector ====================================

----------------------------
src    dst :    delay
1 <---> 2 : 3.452777862548828
1 <---> 3 : 2.5212764739990234
2 <---> 1 : 2.7379989624023438
2 <---> 3 : 3.9038658142089844
3 <---> 2 : 3.0639171600341797
3 <---> 1 : 3.9627552032470703
==================================== link detector ====================================

----------------------------
src    dst :    delay
1 <---> 2 : 4.168987274169922
1 <---> 3 : 3.7469863891601562
2 <---> 1 : 2.858877182006836
2 <---> 3 : 2.9163360595703125
3 <---> 2 : 3.376007080078125
3 <---> 1 : 2.8994083404541016
datapath         port     rx-pkts  rx-bytes rx-error tx-pkts  tx-bytes tx-error
---------------- -------- -------- -------- -------- -------- -------- --------
0000000000000003        1       11      798        0      595    46566        0
0000000000000003        2      620    39964        0      620    39954        0
0000000000000003        3      617    39698        0      620    39888        0
datapath         in-port  eth-dst           out-port packets  bytes
---------------- -------- ----------------- -------- -------- --------
0000000000000003        1       192.168.0.1        2        4      392
0000000000000003        1       192.168.0.3        3        1       98
0000000000000003        2       192.168.0.2        1        4      392
0000000000000003        3       192.168.0.2        1        2      196
datapath         port     rx-pkts  rx-bytes rx-error tx-pkts  tx-bytes tx-error
---------------- -------- -------- -------- -------- -------- -------- --------
0000000000000002        1       10      756        0      595    46566        0
0000000000000002        2      619    39894        0      621    40024        0
0000000000000002        3      620    39888        0      617    39698        0
datapath         in-port  eth-dst           out-port packets  bytes
---------------- -------- ----------------- -------- -------- --------
0000000000000002        1       192.168.0.1        2        4      392
0000000000000002        1       192.168.0.2        3        2      196
0000000000000002        2       192.168.0.3        1        4      392
0000000000000002        3       192.168.0.3        1        2      196
datapath         port     rx-pkts  rx-bytes rx-error tx-pkts  tx-bytes tx-error
---------------- -------- -------- -------- -------- -------- -------- --------
0000000000000001        1       10      868        0      599    46900        0
0000000000000001        2      620    39954        0      620    39964        0
0000000000000001        3      621    40024        0      619    39894        0
datapath         in-port  eth-dst           out-port packets  bytes
---------------- -------- ----------------- -------- -------- --------
0000000000000001        1       192.168.0.2        2        3      294
0000000000000001        1       192.168.0.3        3        3      294
0000000000000001        2       192.168.0.1        1        4      392
0000000000000001        3       192.168.0.1        1        4      392
discovery--->==================================== discovery ====================================
discovery---> cls: [(1, 2), (1, 3), (2, 3)]
discovery--->=============================================================================
==================================== link detector ====================================

----------------------------
src    dst :    delay
1 <---> 2 : 3.096342086791992
1 <---> 3 : 3.332853317260742
2 <---> 1 : 3.7391185760498047
2 <---> 3 : 3.788471221923828
3 <---> 2 : 3.0069351196289062
3 <---> 1 : 3.01361083984375
==================================== link detector ====================================

----------------------------
src    dst :    delay
1 <---> 2 : 2.882242202758789
1 <---> 3 : 2.846956253051758
2 <---> 1 : 2.721548080444336
2 <---> 3 : 4.101037979125977
3 <---> 2 : 4.185676574707031
3 <---> 1 : 3.1843185424804688
datapath         port     rx-pkts  rx-bytes rx-error tx-pkts  tx-bytes tx-error
---------------- -------- -------- -------- -------- -------- -------- --------
0000000000000001        1       10      868        0      604    47290        0
0000000000000001        2      625    40254        0      625    40264        0
0000000000000001        3      626    40324        0      626    40324        0
datapath         in-port  eth-dst           out-port packets  bytes
---------------- -------- ----------------- -------- -------- --------
0000000000000001        1       192.168.0.2        2        3      294
0000000000000001        1       192.168.0.3        3        3      294
0000000000000001        2       192.168.0.1        1        4      392
0000000000000001        3       192.168.0.1        1        4      392
datapath         port     rx-pkts  rx-bytes rx-error tx-pkts  tx-bytes tx-error
---------------- -------- -------- -------- -------- -------- -------- --------
0000000000000003        1       11      798        0      600    46956        0
0000000000000003        2      625    40264        0      625    40254        0
0000000000000003        3      622    39998        0      625    40188        0
datapath         in-port  eth-dst           out-port packets  bytes
---------------- -------- ----------------- -------- -------- --------
0000000000000003        1       192.168.0.1        2        4      392
0000000000000003        1       192.168.0.3        3        1       98
0000000000000003        2       192.168.0.2        1        4      392
0000000000000003        3       192.168.0.2        1        2      196
datapath         port     rx-pkts  rx-bytes rx-error tx-pkts  tx-bytes tx-error
---------------- -------- -------- -------- -------- -------- -------- --------
0000000000000002        1       10      756        0      600    46956        0
0000000000000002        2      626    40324        0      626    40324        0
0000000000000002        3      625    40188        0      622    39998        0
datapath         in-port  eth-dst           out-port packets  bytes
---------------- -------- ----------------- -------- -------- --------
0000000000000002        1       192.168.0.1        2        4      392
0000000000000002        1       192.168.0.2        3        2      196
0000000000000002        2       192.168.0.3        1        4      392
0000000000000002        3       192.168.0.3        1        2      196
discovery--->==================================== discovery ====================================
discovery---> cls: [(1, 2), (1, 3), (2, 3)]
discovery--->=============================================================================
==================================== link detector ====================================

----------------------------
src    dst :    delay
1 <---> 2 : 2.6488304138183594
1 <---> 3 : 2.8944015502929688
2 <---> 1 : 4.266262054443359
2 <---> 3 : 3.3423900604248047
3 <---> 2 : 2.7964115142822266
3 <---> 1 : 3.233194351196289
datapath         port     rx-pkts  rx-bytes rx-error tx-pkts  tx-bytes tx-error
---------------- -------- -------- -------- -------- -------- -------- --------
0000000000000002        1       10      756        0      606    47424        0
0000000000000002        2      631    40624        0      632    40684        0
0000000000000002        3      631    40548        0      628    40358        0
datapath         in-port  eth-dst           out-port packets  bytes
---------------- -------- ----------------- -------- -------- --------
0000000000000002        1       192.168.0.1        2        4      392
0000000000000002        1       192.168.0.2        3        2      196
0000000000000002        2       192.168.0.3        1        4      392
0000000000000002        3       192.168.0.3        1        2      196
datapath         port     rx-pkts  rx-bytes rx-error tx-pkts  tx-bytes tx-error
---------------- -------- -------- -------- -------- -------- -------- --------
0000000000000001        1       10      868        0      610    47758        0
0000000000000001        2      631    40614        0      631    40624        0
0000000000000001        3      632    40684        0      631    40624        0
datapath         in-port  eth-dst           out-port packets  bytes
---------------- -------- ----------------- -------- -------- --------
0000000000000001        1       192.168.0.2        2        3      294
0000000000000001        1       192.168.0.3        3        3      294
0000000000000001        2       192.168.0.1        1        4      392
0000000000000001        3       192.168.0.1        1        4      392
datapath         port     rx-pkts  rx-bytes rx-error tx-pkts  tx-bytes tx-error
---------------- -------- -------- -------- -------- -------- -------- --------
0000000000000003        1       11      798        0      606    47424        0
0000000000000003        2      631    40624        0      631    40614        0
0000000000000003        3      628    40358        0      631    40548        0
datapath         in-port  eth-dst           out-port packets  bytes
---------------- -------- ----------------- -------- -------- --------
0000000000000003        1       192.168.0.1        2        4      392
0000000000000003        1       192.168.0.3        3        1       98
0000000000000003        2       192.168.0.2        1        4      392
0000000000000003        3       192.168.0.2        1        2      196
discovery--->==================================== discovery ====================================
discovery---> cls: [(1, 2), (1, 3), (2, 3)]
discovery--->=============================================================================
==================================== link detector ====================================

----------------------------
src    dst :    delay
1 <---> 2 : 2.8922557830810547
1 <---> 3 : 3.1058788299560547
2 <---> 1 : 3.2041072845458984
2 <---> 3 : 4.04667854309082
3 <---> 2 : 3.114938735961914
3 <---> 1 : 2.8235912322998047
==================================== link detector ====================================

----------------------------
src    dst :    delay
1 <---> 2 : 2.1610260009765625
1 <---> 3 : 3.475189208984375
2 <---> 1 : 2.2804737091064453
2 <---> 3 : 2.5124549865722656
3 <---> 2 : 2.231597900390625
3 <---> 1 : 2.8069019317626953
datapath         port     rx-pkts  rx-bytes rx-error tx-pkts  tx-bytes tx-error
---------------- -------- -------- -------- -------- -------- -------- --------
0000000000000002        1       10      756        0      611    47814        0
0000000000000002        2      637    40984        0      637    40984        0
0000000000000002        3      636    40848        0      633    40658        0
datapath         in-port  eth-dst           out-port packets  bytes
---------------- -------- ----------------- -------- -------- --------
0000000000000002        1       192.168.0.1        2        4      392
0000000000000002        1       192.168.0.2        3        2      196
0000000000000002        2       192.168.0.3        1        4      392
0000000000000002        3       192.168.0.3        1        2      196
datapath         port     rx-pkts  rx-bytes rx-error tx-pkts  tx-bytes tx-error
---------------- -------- -------- -------- -------- -------- -------- --------
0000000000000001        1       10      868        0      616    48226        0
0000000000000001        2      636    40914        0      637    40984        0
0000000000000001        3      637    40984        0      637    40984        0
datapath         in-port  eth-dst           out-port packets  bytes
---------------- -------- ----------------- -------- -------- --------
0000000000000001        1       192.168.0.2        2        3      294
0000000000000001        1       192.168.0.3        3        3      294
0000000000000001        2       192.168.0.1        1        4      392
0000000000000001        3       192.168.0.1        1        4      392
datapath         port     rx-pkts  rx-bytes rx-error tx-pkts  tx-bytes tx-error
---------------- -------- -------- -------- -------- -------- -------- --------
0000000000000003        1       11      798        0      611    47814        0
0000000000000003        2      637    40984        0      636    40914        0
0000000000000003        3      633    40658        0      636    40848        0
datapath         in-port  eth-dst           out-port packets  bytes
---------------- -------- ----------------- -------- -------- --------
0000000000000003        1       192.168.0.1        2        4      392
0000000000000003        1       192.168.0.3        3        1       98
0000000000000003        2       192.168.0.2        1        4      392
0000000000000003        3       192.168.0.2        1        2      196
discovery--->==================================== discovery ====================================
discovery---> cls: [(1, 2), (1, 3), (2, 3)]
discovery--->=============================================================================
==================================== link detector ====================================

----------------------------
src    dst :    delay
1 <---> 2 : 3.208160400390625
1 <---> 3 : 3.4759044647216797
2 <---> 1 : 4.013299942016602
2 <---> 3 : 3.477811813354492
3 <---> 2 : 3.0612945556640625
3 <---> 1 : 3.6067962646484375
datapath         port     rx-pkts  rx-bytes rx-error tx-pkts  tx-bytes tx-error
---------------- -------- -------- -------- -------- -------- -------- --------
0000000000000002        1       10      756        0      617    48282        0
0000000000000002        2      642    41284        0      643    41344        0
0000000000000002        3      642    41208        0      639    41018        0
datapath         in-port  eth-dst           out-port packets  bytes
---------------- -------- ----------------- -------- -------- --------
0000000000000002        1       192.168.0.1        2        4      392
0000000000000002        1       192.168.0.2        3        2      196
0000000000000002        2       192.168.0.3        1        4      392
0000000000000002        3       192.168.0.3        1        2      196
datapath         port     rx-pkts  rx-bytes rx-error tx-pkts  tx-bytes tx-error
---------------- -------- -------- -------- -------- -------- -------- --------
0000000000000001        1       10      868        0      621    48616        0
0000000000000001        2      642    41274        0      642    41284        0
0000000000000001        3      643    41344        0      642    41284        0
datapath         in-port  eth-dst           out-port packets  bytes
---------------- -------- ----------------- -------- -------- --------
0000000000000001        1       192.168.0.2        2        3      294
0000000000000001        1       192.168.0.3        3        3      294
0000000000000001        2       192.168.0.1        1        4      392
0000000000000001        3       192.168.0.1        1        4      392
datapath         port     rx-pkts  rx-bytes rx-error tx-pkts  tx-bytes tx-error
---------------- -------- -------- -------- -------- -------- -------- --------
0000000000000003        1       11      798        0      617    48282        0
0000000000000003        2      642    41284        0      642    41274        0
0000000000000003        3      639    41018        0      642    41208        0
datapath         in-port  eth-dst           out-port packets  bytes
---------------- -------- ----------------- -------- -------- --------
0000000000000003        1       192.168.0.1        2        4      392
0000000000000003        1       192.168.0.3        3        1       98
0000000000000003        2       192.168.0.2        1        4      392
0000000000000003        3       192.168.0.2        1        2      196
discovery--->==================================== discovery ====================================
discovery---> cls: [(1, 2), (1, 3), (2, 3)]
discovery--->=============================================================================
==================================== link detector ====================================

----------------------------
src    dst :    delay
1 <---> 2 : 3.0128955841064453
1 <---> 3 : 2.904653549194336
2 <---> 1 : 3.4885406494140625
2 <---> 3 : 3.797292709350586
3 <---> 2 : 3.565073013305664
3 <---> 1 : 3.435373306274414
==================================== link detector ====================================

----------------------------
src    dst :    delay
1 <---> 2 : 2.6590824127197266
1 <---> 3 : 2.6595592498779297
2 <---> 1 : 3.401041030883789
2 <---> 3 : 4.123210906982422
3 <---> 2 : 3.2143592834472656
3 <---> 1 : 4.21905517578125
datapath         port     rx-pkts  rx-bytes rx-error tx-pkts  tx-bytes tx-error
---------------- -------- -------- -------- -------- -------- -------- --------
0000000000000002        1       10      756        0      622    48672        0
0000000000000002        2      648    41644        0      648    41644        0
0000000000000002        3      647    41508        0      645    41378        0
datapath         in-port  eth-dst           out-port packets  bytes
---------------- -------- ----------------- -------- -------- --------
0000000000000002        1       192.168.0.1        2        4      392
0000000000000002        1       192.168.0.2        3        2      196
0000000000000002        2       192.168.0.3        1        4      392
0000000000000002        3       192.168.0.3        1        2      196
datapath         port     rx-pkts  rx-bytes rx-error tx-pkts  tx-bytes tx-error
---------------- -------- -------- -------- -------- -------- -------- --------
0000000000000001        1       10      868        0      627    49084        0
0000000000000001        2      647    41574        0      648    41644        0
0000000000000001        3      648    41644        0      648    41644        0
datapath         in-port  eth-dst           out-port packets  bytes
---------------- -------- ----------------- -------- -------- --------
0000000000000001        1       192.168.0.2        2        3      294
0000000000000001        1       192.168.0.3        3        3      294
0000000000000001        2       192.168.0.1        1        4      392
0000000000000001        3       192.168.0.1        1        4      392
datapath         port     rx-pkts  rx-bytes rx-error tx-pkts  tx-bytes tx-error
---------------- -------- -------- -------- -------- -------- -------- --------
0000000000000003        1       11      798        0      622    48672        0
0000000000000003        2      648    41644        0      647    41574        0
0000000000000003        3      645    41378        0      647    41508        0
datapath         in-port  eth-dst           out-port packets  bytes
---------------- -------- ----------------- -------- -------- --------
0000000000000003        1       192.168.0.1        2        4      392
0000000000000003        1       192.168.0.3        3        1       98
0000000000000003        2       192.168.0.2        1        4      392
0000000000000003        3       192.168.0.2        1        2      196
discovery--->==================================== discovery ====================================
discovery---> cls: [(1, 2), (1, 3), (2, 3)]
discovery--->=============================================================================
==================================== link detector ====================================

----------------------------
src    dst :    delay
1 <---> 2 : 3.1867027282714844
1 <---> 3 : 3.5262107849121094
2 <---> 1 : 4.676342010498047
2 <---> 3 : 3.6971569061279297
3 <---> 2 : 3.2799243927001953
3 <---> 1 : 4.066228866577148
datapath         port     rx-pkts  rx-bytes rx-error tx-pkts  tx-bytes tx-error
---------------- -------- -------- -------- -------- -------- -------- --------
0000000000000002        1       10      756        0      628    49140        0
0000000000000002        2      653    41944        0      654    42004        0
0000000000000002        3      653    41868        0      650    41678        0
datapath         in-port  eth-dst           out-port packets  bytes
---------------- -------- ----------------- -------- -------- --------
0000000000000002        1       192.168.0.1        2        4      392
0000000000000002        1       192.168.0.2        3        2      196
0000000000000002        2       192.168.0.3        1        4      392
0000000000000002        3       192.168.0.3        1        2      196
datapath         port     rx-pkts  rx-bytes rx-error tx-pkts  tx-bytes tx-error
---------------- -------- -------- -------- -------- -------- -------- --------
0000000000000001        1       10      868        0      632    49474        0
0000000000000001        2      653    41934        0      653    41944        0
0000000000000001        3      654    42004        0      653    41944        0
datapath         in-port  eth-dst           out-port packets  bytes
---------------- -------- ----------------- -------- -------- --------
0000000000000001        1       192.168.0.2        2        3      294
0000000000000001        1       192.168.0.3        3        3      294
0000000000000001        2       192.168.0.1        1        4      392
0000000000000001        3       192.168.0.1        1        4      392
datapath         port     rx-pkts  rx-bytes rx-error tx-pkts  tx-bytes tx-error
---------------- -------- -------- -------- -------- -------- -------- --------
0000000000000003        1       11      798        0      628    49140        0
0000000000000003        2      653    41944        0      653    41934        0
0000000000000003        3      650    41678        0      653    41868        0
datapath         in-port  eth-dst           out-port packets  bytes
---------------- -------- ----------------- -------- -------- --------
0000000000000003        1       192.168.0.1        2        4      392
0000000000000003        1       192.168.0.3        3        1       98
0000000000000003        2       192.168.0.2        1        4      392
0000000000000003        3       192.168.0.2        1        2      196
discovery--->==================================== discovery ====================================
discovery---> cls: [(1, 2), (1, 3), (2, 3)]
discovery--->=============================================================================
==================================== link detector ====================================

----------------------------
src    dst :    delay
1 <---> 2 : 4.032135009765625
1 <---> 3 : 4.156351089477539
2 <---> 1 : 2.342700958251953
2 <---> 3 : 3.7589073181152344
3 <---> 2 : 3.222227096557617
3 <---> 1 : 2.403736114501953
==================================== link detector ====================================

----------------------------
src    dst :    delay
1 <---> 2 : 3.1516551971435547
1 <---> 3 : 3.6132335662841797
2 <---> 1 : 4.03285026550293
2 <---> 3 : 3.094911575317383
3 <---> 2 : 2.668619155883789
3 <---> 1 : 4.184484481811523
datapath         port     rx-pkts  rx-bytes rx-error tx-pkts  tx-bytes tx-error
---------------- -------- -------- -------- -------- -------- -------- --------
0000000000000002        1       10      756        0      634    49608        0
0000000000000002        2      659    42304        0      659    42304        0
0000000000000002        3      658    42168        0      656    42038        0
datapath         in-port  eth-dst           out-port packets  bytes
---------------- -------- ----------------- -------- -------- --------
0000000000000002        1       192.168.0.1        2        4      392
0000000000000002        1       192.168.0.2        3        2      196
0000000000000002        2       192.168.0.3        1        4      392
0000000000000002        3       192.168.0.3        1        2      196
datapath         port     rx-pkts  rx-bytes rx-error tx-pkts  tx-bytes tx-error
---------------- -------- -------- -------- -------- -------- -------- --------
0000000000000003        1       11      798        0      634    49608        0
0000000000000003        2      659    42304        0      658    42234        0
0000000000000003        3      656    42038        0      658    42168        0
datapath         in-port  eth-dst           out-port packets  bytes
---------------- -------- ----------------- -------- -------- --------
0000000000000003        1       192.168.0.1        2        4      392
0000000000000003        1       192.168.0.3        3        1       98
0000000000000003        2       192.168.0.2        1        4      392
0000000000000003        3       192.168.0.2        1        2      196
datapath         port     rx-pkts  rx-bytes rx-error tx-pkts  tx-bytes tx-error
---------------- -------- -------- -------- -------- -------- -------- --------
0000000000000001        1       10      868        0      638    49942        0
0000000000000001        2      658    42234        0      659    42304        0
0000000000000001        3      659    42304        0      659    42304        0
datapath         in-port  eth-dst           out-port packets  bytes
---------------- -------- ----------------- -------- -------- --------
0000000000000001        1       192.168.0.2        2        3      294
0000000000000001        1       192.168.0.3        3        3      294
0000000000000001        2       192.168.0.1        1        4      392
0000000000000001        3       192.168.0.1        1        4      392
discovery--->==================================== discovery ====================================
discovery---> cls: [(1, 2), (1, 3), (2, 3)]
discovery--->=============================================================================
==================================== link detector ====================================

----------------------------
src    dst :    delay
1 <---> 2 : 3.409862518310547
1 <---> 3 : 3.0775070190429688
2 <---> 1 : 3.125905990600586
2 <---> 3 : 3.229856491088867
3 <---> 2 : 3.6399364471435547
3 <---> 1 : 3.3533573150634766
==================================== link detector ====================================

----------------------------
src    dst :    delay
1 <---> 2 : 4.015922546386719
1 <---> 3 : 4.102468490600586
2 <---> 1 : 3.035306930541992
2 <---> 3 : 3.809213638305664
3 <---> 2 : 3.117084503173828
3 <---> 1 : 3.6652088165283203
datapath         port     rx-pkts  rx-bytes rx-error tx-pkts  tx-bytes tx-error
---------------- -------- -------- -------- -------- -------- -------- --------
0000000000000002        1       10      756        0      639    49998        0
0000000000000002        2      664    42604        0      665    42664        0
0000000000000002        3      664    42528        0      661    42338        0
datapath         in-port  eth-dst           out-port packets  bytes
---------------- -------- ----------------- -------- -------- --------
0000000000000002        1       192.168.0.1        2        4      392
0000000000000002        1       192.168.0.2        3        2      196
0000000000000002        2       192.168.0.3        1        4      392
0000000000000002        3       192.168.0.3        1        2      196
datapath         port     rx-pkts  rx-bytes rx-error tx-pkts  tx-bytes tx-error
---------------- -------- -------- -------- -------- -------- -------- --------
0000000000000001        1       10      868        0      643    50332        0
0000000000000001        2      664    42594        0      664    42604        0
0000000000000001        3      665    42664        0      664    42604        0
datapath         in-port  eth-dst           out-port packets  bytes
---------------- -------- ----------------- -------- -------- --------
0000000000000001        1       192.168.0.2        2        3      294
0000000000000001        1       192.168.0.3        3        3      294
0000000000000001        2       192.168.0.1        1        4      392
0000000000000001        3       192.168.0.1        1        4      392
datapath         port     rx-pkts  rx-bytes rx-error tx-pkts  tx-bytes tx-error
---------------- -------- -------- -------- -------- -------- -------- --------
0000000000000003        1       11      798        0      639    49998        0
0000000000000003        2      664    42604        0      664    42594        0
0000000000000003        3      661    42338        0      664    42528        0
datapath         in-port  eth-dst           out-port packets  bytes
---------------- -------- ----------------- -------- -------- --------
0000000000000003        1       192.168.0.1        2        4      392
0000000000000003        1       192.168.0.3        3        1       98
0000000000000003        2       192.168.0.2        1        4      392
0000000000000003        3       192.168.0.2        1        2      196
discovery--->==================================== discovery ====================================
discovery---> cls: [(1, 2), (1, 3), (2, 3)]
discovery--->=============================================================================
==================================== link detector ====================================

----------------------------
src    dst :    delay
1 <---> 2 : 2.6323795318603516
1 <---> 3 : 4.10771369934082
2 <---> 1 : 3.6916732788085938
2 <---> 3 : 4.152059555053711
3 <---> 2 : 3.6995410919189453
3 <---> 1 : 3.1843185424804688
datapath         port     rx-pkts  rx-bytes rx-error tx-pkts  tx-bytes tx-error
---------------- -------- -------- -------- -------- -------- -------- --------
0000000000000002        1       10      756        0      645    50466        0
0000000000000002        2      670    42964        0      671    43024        0
0000000000000002        3      669    42828        0      667    42698        0
datapath         in-port  eth-dst           out-port packets  bytes
---------------- -------- ----------------- -------- -------- --------
0000000000000002        1       192.168.0.1        2        4      392
0000000000000002        1       192.168.0.2        3        2      196
0000000000000002        2       192.168.0.3        1        4      392
0000000000000002        3       192.168.0.3        1        2      196
datapath         port     rx-pkts  rx-bytes rx-error tx-pkts  tx-bytes tx-error
---------------- -------- -------- -------- -------- -------- -------- --------
0000000000000003        1       11      798        0      645    50466        0
0000000000000003        2      670    42964        0      670    42954        0
0000000000000003        3      667    42698        0      669    42828        0
datapath         in-port  eth-dst           out-port packets  bytes
---------------- -------- ----------------- -------- -------- --------
0000000000000003        1       192.168.0.1        2        4      392
0000000000000003        1       192.168.0.3        3        1       98
0000000000000003        2       192.168.0.2        1        4      392
0000000000000003        3       192.168.0.2        1        2      196
datapath         port     rx-pkts  rx-bytes rx-error tx-pkts  tx-bytes tx-error
---------------- -------- -------- -------- -------- -------- -------- --------
0000000000000001        1       10      868        0      649    50800        0
0000000000000001        2      670    42954        0      670    42964        0
0000000000000001        3      671    43024        0      670    42964        0
datapath         in-port  eth-dst           out-port packets  bytes
---------------- -------- ----------------- -------- -------- --------
0000000000000001        1       192.168.0.2        2        3      294
0000000000000001        1       192.168.0.3        3        3      294
0000000000000001        2       192.168.0.1        1        4      392
0000000000000001        3       192.168.0.1        1        4      392
discovery--->==================================== discovery ====================================
discovery---> cls: [(1, 2), (1, 3), (2, 3)]
discovery--->=============================================================================
==================================== link detector ====================================

----------------------------
src    dst :    delay
1 <---> 2 : 2.3920536041259766
1 <---> 3 : 2.4690628051757812
2 <---> 1 : 3.509044647216797
2 <---> 3 : 3.0612945556640625
3 <---> 2 : 3.6187171936035156
3 <---> 1 : 3.5791397094726562
==================================== link detector ====================================

----------------------------
src    dst :    delay
1 <---> 2 : 3.102540969848633
1 <---> 3 : 3.337860107421875
2 <---> 1 : 3.1604766845703125
2 <---> 3 : 3.5181045532226562
3 <---> 2 : 3.80706787109375
3 <---> 1 : 3.167390823364258
datapath         port     rx-pkts  rx-bytes rx-error tx-pkts  tx-bytes tx-error
---------------- -------- -------- -------- -------- -------- -------- --------
0000000000000002        1       10      756        0      650    50856        0
0000000000000002        2      676    43324        0      676    43324        0
0000000000000002        3      675    43188        0      672    42998        0
datapath         in-port  eth-dst           out-port packets  bytes
---------------- -------- ----------------- -------- -------- --------
0000000000000002        1       192.168.0.1        2        4      392
0000000000000002        1       192.168.0.2        3        2      196
0000000000000002        2       192.168.0.3        1        4      392
0000000000000002        3       192.168.0.3        1        2      196
datapath         port     rx-pkts  rx-bytes rx-error tx-pkts  tx-bytes tx-error
---------------- -------- -------- -------- -------- -------- -------- --------
0000000000000001        1       10      868        0      654    51190        0
0000000000000001        2      675    43254        0      675    43264        0
0000000000000001        3      676    43324        0      676    43324        0
datapath         in-port  eth-dst           out-port packets  bytes
---------------- -------- ----------------- -------- -------- --------
0000000000000001        1       192.168.0.2        2        3      294
0000000000000001        1       192.168.0.3        3        3      294
0000000000000001        2       192.168.0.1        1        4      392
0000000000000001        3       192.168.0.1        1        4      392
datapath         port     rx-pkts  rx-bytes rx-error tx-pkts  tx-bytes tx-error
---------------- -------- -------- -------- -------- -------- -------- --------
0000000000000003        1       11      798        0      650    50856        0
0000000000000003        2      675    43264        0      675    43254        0
0000000000000003        3      672    42998        0      675    43188        0
datapath         in-port  eth-dst           out-port packets  bytes
---------------- -------- ----------------- -------- -------- --------
0000000000000003        1       192.168.0.1        2        4      392
0000000000000003        1       192.168.0.3        3        1       98
0000000000000003        2       192.168.0.2        1        4      392
0000000000000003        3       192.168.0.2        1        2      196
discovery--->==================================== discovery ====================================
discovery---> cls: [(1, 2), (1, 3), (2, 3)]
discovery--->=============================================================================
==================================== link detector ====================================

----------------------------
src    dst :    delay
1 <---> 2 : 3.263235092163086
1 <---> 3 : 3.1735897064208984
2 <---> 1 : 4.0264129638671875
2 <---> 3 : 4.003763198852539
3 <---> 2 : 3.5724639892578125
3 <---> 1 : 4.055261611938477
datapath         port     rx-pkts  rx-bytes rx-error tx-pkts  tx-bytes tx-error
---------------- -------- -------- -------- -------- -------- -------- --------
0000000000000002        1       10      756        0      656    51324        0
0000000000000002        2      681    43624        0      682    43684        0
0000000000000002        3      681    43548        0      679    43428        0
datapath         in-port  eth-dst           out-port packets  bytes
---------------- -------- ----------------- -------- -------- --------
0000000000000002        1       192.168.0.1        2        4      392
0000000000000002        1       192.168.0.2        3        2      196
0000000000000002        2       192.168.0.3        1        4      392
0000000000000002        3       192.168.0.3        1        2      196
datapath         port     rx-pkts  rx-bytes rx-error tx-pkts  tx-bytes tx-error
---------------- -------- -------- -------- -------- -------- -------- --------
0000000000000003        1       11      798        0      656    51324        0
0000000000000003        2      681    43624        0      682    43684        0
0000000000000003        3      679    43428        0      681    43548        0
datapath         in-port  eth-dst           out-port packets  bytes
---------------- -------- ----------------- -------- -------- --------
0000000000000003        1       192.168.0.1        2        4      392
0000000000000003        1       192.168.0.3        3        1       98
0000000000000003        2       192.168.0.2        1        4      392
0000000000000003        3       192.168.0.2        1        2      196
datapath         port     rx-pkts  rx-bytes rx-error tx-pkts  tx-bytes tx-error
---------------- -------- -------- -------- -------- -------- -------- --------
0000000000000001        1       10      868        0      660    51658        0
0000000000000001        2      682    43684        0      681    43624        0
0000000000000001        3      682    43684        0      681    43624        0
datapath         in-port  eth-dst           out-port packets  bytes
---------------- -------- ----------------- -------- -------- --------
0000000000000001        1       192.168.0.2        2        3      294
0000000000000001        1       192.168.0.3        3        3      294
0000000000000001        2       192.168.0.1        1        4      392
0000000000000001        3       192.168.0.1        1        4      392
discovery--->==================================== discovery ====================================
discovery---> cls: [(1, 2), (1, 3), (2, 3)]
discovery--->=============================================================================
==================================== link detector ====================================

----------------------------
src    dst :    delay
1 <---> 2 : 3.818511962890625
1 <---> 3 : 3.632783889770508
2 <---> 1 : 2.3355484008789062
2 <---> 3 : 3.525972366333008
3 <---> 2 : 4.147529602050781
3 <---> 1 : 2.8259754180908203
==================================== link detector ====================================

----------------------------
src    dst :    delay
1 <---> 2 : 3.9141178131103516
1 <---> 3 : 3.7620067596435547
2 <---> 1 : 3.776073455810547
2 <---> 3 : 2.9807090759277344
3 <---> 2 : 2.586841583251953
3 <---> 1 : 2.846240997314453
datapath         port     rx-pkts  rx-bytes rx-error tx-pkts  tx-bytes tx-error
---------------- -------- -------- -------- -------- -------- -------- --------
0000000000000003        1       11      798        0      661    51714        0
0000000000000003        2      687    43984        0      687    43984        0
0000000000000003        3      684    43728        0      686    43848        0
datapath         in-port  eth-dst           out-port packets  bytes
---------------- -------- ----------------- -------- -------- --------
0000000000000003        1       192.168.0.1        2        4      392
0000000000000003        1       192.168.0.3        3        1       98
0000000000000003        2       192.168.0.2        1        4      392
0000000000000003        3       192.168.0.2        1        2      196
datapath         port     rx-pkts  rx-bytes rx-error tx-pkts  tx-bytes tx-error
---------------- -------- -------- -------- -------- -------- -------- --------
0000000000000002        1       10      756        0      661    51714        0
0000000000000002        2      687    43984        0      687    43984        0
0000000000000002        3      686    43848        0      684    43728        0
datapath         in-port  eth-dst           out-port packets  bytes
---------------- -------- ----------------- -------- -------- --------
0000000000000002        1       192.168.0.1        2        4      392
0000000000000002        1       192.168.0.2        3        2      196
0000000000000002        2       192.168.0.3        1        4      392
0000000000000002        3       192.168.0.3        1        2      196
datapath         port     rx-pkts  rx-bytes rx-error tx-pkts  tx-bytes tx-error
---------------- -------- -------- -------- -------- -------- -------- --------
0000000000000001        1       10      868        0      665    52048        0
0000000000000001        2      687    43984        0      687    43984        0
0000000000000001        3      687    43984        0      687    43984        0
datapath         in-port  eth-dst           out-port packets  bytes
---------------- -------- ----------------- -------- -------- --------
0000000000000001        1       192.168.0.2        2        3      294
0000000000000001        1       192.168.0.3        3        3      294
0000000000000001        2       192.168.0.1        1        4      392
0000000000000001        3       192.168.0.1        1        4      392
discovery--->==================================== discovery ====================================
discovery---> cls: [(1, 2), (1, 3), (2, 3)]
discovery--->=============================================================================
==================================== link detector ====================================

----------------------------
src    dst :    delay
1 <---> 2 : 3.36456298828125
1 <---> 3 : 3.2868385314941406
2 <---> 1 : 3.673076629638672
2 <---> 3 : 2.7916431427001953
3 <---> 2 : 2.521038055419922
3 <---> 1 : 3.5462379455566406
==================================== link detector ====================================

----------------------------
src    dst :    delay
1 <---> 2 : 3.4646987915039062
1 <---> 3 : 3.4973621368408203
2 <---> 1 : 4.114866256713867
2 <---> 3 : 4.091501235961914
3 <---> 2 : 2.640247344970703
3 <---> 1 : 3.4780502319335938
datapath         port     rx-pkts  rx-bytes rx-error tx-pkts  tx-bytes tx-error
---------------- -------- -------- -------- -------- -------- -------- --------
0000000000000002        1       10      756        0      667    52182        0
0000000000000002        2      692    44284        0      693    44344        0
0000000000000002        3      692    44208        0      690    44088        0
datapath         in-port  eth-dst           out-port packets  bytes
---------------- -------- ----------------- -------- -------- --------
0000000000000002        1       192.168.0.1        2        4      392
0000000000000002        1       192.168.0.2        3        2      196
0000000000000002        2       192.168.0.3        1        4      392
0000000000000002        3       192.168.0.3        1        2      196
datapath         port     rx-pkts  rx-bytes rx-error tx-pkts  tx-bytes tx-error
---------------- -------- -------- -------- -------- -------- -------- --------
0000000000000001        1       10      868        0      671    52516        0
0000000000000001        2      693    44344        0      692    44284        0
0000000000000001        3      693    44344        0      692    44284        0
datapath         in-port  eth-dst           out-port packets  bytes
---------------- -------- ----------------- -------- -------- --------
0000000000000001        1       192.168.0.2        2        3      294
0000000000000001        1       192.168.0.3        3        3      294
0000000000000001        2       192.168.0.1        1        4      392
0000000000000001        3       192.168.0.1        1        4      392
datapath         port     rx-pkts  rx-bytes rx-error tx-pkts  tx-bytes tx-error
---------------- -------- -------- -------- -------- -------- -------- --------
0000000000000003        1       11      798        0      667    52182        0
0000000000000003        2      692    44284        0      693    44344        0
0000000000000003        3      690    44088        0      692    44208        0
datapath         in-port  eth-dst           out-port packets  bytes
---------------- -------- ----------------- -------- -------- --------
0000000000000003        1       192.168.0.1        2        4      392
0000000000000003        1       192.168.0.3        3        1       98
0000000000000003        2       192.168.0.2        1        4      392
0000000000000003        3       192.168.0.2        1        2      196
discovery--->==================================== discovery ====================================
discovery---> cls: [(1, 2), (1, 3), (2, 3)]
discovery--->=============================================================================
==================================== link detector ====================================

----------------------------
src    dst :    delay
1 <---> 2 : 3.419160842895508
1 <---> 3 : 3.7736892700195312
2 <---> 1 : 3.108978271484375
2 <---> 3 : 2.7043819427490234
3 <---> 2 : 3.757953643798828
3 <---> 1 : 4.114389419555664
datapath         port     rx-pkts  rx-bytes rx-error tx-pkts  tx-bytes tx-error
---------------- -------- -------- -------- -------- -------- -------- --------
0000000000000002        1       10      756        0      672    52572        0
0000000000000002        2      698    44644        0      698    44644        0
0000000000000002        3      697    44508        0      696    44448        0
datapath         in-port  eth-dst           out-port packets  bytes
---------------- -------- ----------------- -------- -------- --------
0000000000000002        1       192.168.0.1        2        4      392
0000000000000002        1       192.168.0.2        3        2      196
0000000000000002        2       192.168.0.3        1        4      392
0000000000000002        3       192.168.0.3        1        2      196
datapath         port     rx-pkts  rx-bytes rx-error tx-pkts  tx-bytes tx-error
---------------- -------- -------- -------- -------- -------- -------- --------
0000000000000003        1       11      798        0      672    52572        0
0000000000000003        2      698    44644        0      698    44644        0
0000000000000003        3      696    44448        0      697    44508        0
datapath         in-port  eth-dst           out-port packets  bytes
---------------- -------- ----------------- -------- -------- --------
0000000000000003        1       192.168.0.1        2        4      392
0000000000000003        1       192.168.0.3        3        1       98
0000000000000003        2       192.168.0.2        1        4      392
0000000000000003        3       192.168.0.2        1        2      196
datapath         port     rx-pkts  rx-bytes rx-error tx-pkts  tx-bytes tx-error
---------------- -------- -------- -------- -------- -------- -------- --------
0000000000000001        1       10      868        0      677    52984        0
0000000000000001        2      698    44644        0      698    44644        0
0000000000000001        3      698    44644        0      698    44644        0
datapath         in-port  eth-dst           out-port packets  bytes
---------------- -------- ----------------- -------- -------- --------
0000000000000001        1       192.168.0.2        2        3      294
0000000000000001        1       192.168.0.3        3        3      294
0000000000000001        2       192.168.0.1        1        4      392
0000000000000001        3       192.168.0.1        1        4      392
discovery--->==================================== discovery ====================================
discovery---> cls: [(1, 2), (1, 3), (2, 3)]
discovery--->=============================================================================
==================================== link detector ====================================

----------------------------
src    dst :    delay
1 <---> 2 : 3.052234649658203
1 <---> 3 : 3.1304359436035156
2 <---> 1 : 2.4089813232421875
2 <---> 3 : 3.3364295959472656
3 <---> 2 : 2.5081634521484375
3 <---> 1 : 3.9496421813964844
==================================== link detector ====================================

----------------------------
src    dst :    delay
1 <---> 2 : 3.2134056091308594
1 <---> 3 : 3.148794174194336
2 <---> 1 : 3.489971160888672
2 <---> 3 : 3.90625
3 <---> 2 : 3.948688507080078
3 <---> 1 : 2.972126007080078
datapath         port     rx-pkts  rx-bytes rx-error tx-pkts  tx-bytes tx-error
---------------- -------- -------- -------- -------- -------- -------- --------
0000000000000001        1       10      868        0      682    53374        0
0000000000000001        2      704    45004        0      703    44944        0
0000000000000001        3      704    45004        0      703    44944        0
datapath         in-port  eth-dst           out-port packets  bytes
---------------- -------- ----------------- -------- -------- --------
0000000000000001        1       192.168.0.2        2        3      294
0000000000000001        1       192.168.0.3        3        3      294
0000000000000001        2       192.168.0.1        1        4      392
0000000000000001        3       192.168.0.1        1        4      392
datapath         port     rx-pkts  rx-bytes rx-error tx-pkts  tx-bytes tx-error
---------------- -------- -------- -------- -------- -------- -------- --------
0000000000000002        1       10      756        0      678    53040        0
0000000000000002        2      703    44944        0      704    45004        0
0000000000000002        3      703    44868        0      701    44748        0
datapath         in-port  eth-dst           out-port packets  bytes
---------------- -------- ----------------- -------- -------- --------
0000000000000002        1       192.168.0.1        2        4      392
0000000000000002        1       192.168.0.2        3        2      196
0000000000000002        2       192.168.0.3        1        4      392
0000000000000002        3       192.168.0.3        1        2      196
datapath         port     rx-pkts  rx-bytes rx-error tx-pkts  tx-bytes tx-error
---------------- -------- -------- -------- -------- -------- -------- --------
0000000000000003        1       11      798        0      678    53040        0
0000000000000003        2      703    44944        0      704    45004        0
0000000000000003        3      701    44748        0      703    44868        0
datapath         in-port  eth-dst           out-port packets  bytes
---------------- -------- ----------------- -------- -------- --------
0000000000000003        1       192.168.0.1        2        4      392
0000000000000003        1       192.168.0.3        3        1       98
0000000000000003        2       192.168.0.2        1        4      392
0000000000000003        3       192.168.0.2        1        2      196
discovery--->==================================== discovery ====================================
discovery---> cls: [(1, 2), (1, 3), (2, 3)]
discovery--->=============================================================================
==================================== link detector ====================================

----------------------------
src    dst :    delay
1 <---> 2 : 3.795146942138672
1 <---> 3 : 3.730297088623047
2 <---> 1 : 3.1690597534179688
2 <---> 3 : 4.104137420654297
3 <---> 2 : 4.201173782348633
3 <---> 1 : 4.074811935424805
datapath         port     rx-pkts  rx-bytes rx-error tx-pkts  tx-bytes tx-error
---------------- -------- -------- -------- -------- -------- -------- --------
0000000000000002        1       10      756        0      684    53508        0
0000000000000002        2      709    45304        0      709    45304        0
0000000000000002        3      708    45168        0      707    45108        0
datapath         in-port  eth-dst           out-port packets  bytes
---------------- -------- ----------------- -------- -------- --------
0000000000000002        1       192.168.0.1        2        4      392
0000000000000002        1       192.168.0.2        3        2      196
0000000000000002        2       192.168.0.3        1        4      392
0000000000000002        3       192.168.0.3        1        2      196
datapath         port     rx-pkts  rx-bytes rx-error tx-pkts  tx-bytes tx-error
---------------- -------- -------- -------- -------- -------- -------- --------
0000000000000001        1       10      868        0      688    53842        0
0000000000000001        2      709    45304        0      709    45304        0
0000000000000001        3      709    45304        0      709    45304        0
datapath         in-port  eth-dst           out-port packets  bytes
---------------- -------- ----------------- -------- -------- --------
0000000000000001        1       192.168.0.2        2        3      294
0000000000000001        1       192.168.0.3        3        3      294
0000000000000001        2       192.168.0.1        1        4      392
0000000000000001        3       192.168.0.1        1        4      392
datapath         port     rx-pkts  rx-bytes rx-error tx-pkts  tx-bytes tx-error
---------------- -------- -------- -------- -------- -------- -------- --------
0000000000000003        1       11      798        0      683    53430        0
0000000000000003        2      709    45304        0      709    45304        0
0000000000000003        3      707    45108        0      708    45168        0
datapath         in-port  eth-dst           out-port packets  bytes
---------------- -------- ----------------- -------- -------- --------
0000000000000003        1       192.168.0.1        2        4      392
0000000000000003        1       192.168.0.3        3        1       98
0000000000000003        2       192.168.0.2        1        4      392
0000000000000003        3       192.168.0.2        1        2      196
discovery--->==================================== discovery ====================================
discovery---> cls: [(1, 2), (1, 3), (2, 3)]
discovery--->=============================================================================
==================================== link detector ====================================

----------------------------
src    dst :    delay
1 <---> 2 : 4.033327102661133
1 <---> 3 : 4.109621047973633
2 <---> 1 : 3.140687942504883
2 <---> 3 : 2.699136734008789
3 <---> 2 : 2.9456615447998047
3 <---> 1 : 3.342151641845703
==================================== link detector ====================================

----------------------------
src    dst :    delay
1 <---> 2 : 3.5915374755859375
1 <---> 3 : 3.8628578186035156
2 <---> 1 : 3.407716751098633
2 <---> 3 : 4.066705703735352
3 <---> 2 : 3.5097599029541016
3 <---> 1 : 4.153251647949219
datapath         port     rx-pkts  rx-bytes rx-error tx-pkts  tx-bytes tx-error
---------------- -------- -------- -------- -------- -------- -------- --------
0000000000000002        1       10      756        0      689    53898        0
0000000000000002        2      714    45604        0      715    45664        0
0000000000000002        3      714    45528        0      712    45408        0
datapath         in-port  eth-dst           out-port packets  bytes
---------------- -------- ----------------- -------- -------- --------
0000000000000002        1       192.168.0.1        2        4      392
0000000000000002        1       192.168.0.2        3        2      196
0000000000000002        2       192.168.0.3        1        4      392
0000000000000002        3       192.168.0.3        1        2      196
datapath         port     rx-pkts  rx-bytes rx-error tx-pkts  tx-bytes tx-error
---------------- -------- -------- -------- -------- -------- -------- --------
0000000000000003        1       11      798        0      689    53898        0
0000000000000003        2      714    45604        0      715    45664        0
0000000000000003        3      712    45408        0      714    45528        0
datapath         in-port  eth-dst           out-port packets  bytes
---------------- -------- ----------------- -------- -------- --------
0000000000000003        1       192.168.0.1        2        4      392
0000000000000003        1       192.168.0.3        3        1       98
0000000000000003        2       192.168.0.2        1        4      392
0000000000000003        3       192.168.0.2        1        2      196
datapath         port     rx-pkts  rx-bytes rx-error tx-pkts  tx-bytes tx-error
---------------- -------- -------- -------- -------- -------- -------- --------
0000000000000001        1       10      868        0      693    54232        0
0000000000000001        2      715    45664        0      714    45604        0
0000000000000001        3      715    45664        0      714    45604        0
datapath         in-port  eth-dst           out-port packets  bytes
---------------- -------- ----------------- -------- -------- --------
0000000000000001        1       192.168.0.2        2        3      294
0000000000000001        1       192.168.0.3        3        3      294
0000000000000001        2       192.168.0.1        1        4      392
0000000000000001        3       192.168.0.1        1        4      392
discovery--->==================================== discovery ====================================
discovery---> cls: [(1, 2), (1, 3), (2, 3)]
discovery--->=============================================================================
==================================== link detector ====================================

----------------------------
src    dst :    delay
1 <---> 2 : 2.6133060455322266
1 <---> 3 : 4.070043563842773
2 <---> 1 : 3.155231475830078
2 <---> 3 : 3.2112598419189453
3 <---> 2 : 3.82232666015625
3 <---> 1 : 3.985881805419922
==================================== link detector ====================================

----------------------------
src    dst :    delay
1 <---> 2 : 4.045009613037109
1 <---> 3 : 4.213094711303711
2 <---> 1 : 3.943204879760742
2 <---> 3 : 3.7038326263427734
3 <---> 2 : 2.7456283569335938
3 <---> 1 : 3.9288997650146484
datapath         port     rx-pkts  rx-bytes rx-error tx-pkts  tx-bytes tx-error
---------------- -------- -------- -------- -------- -------- -------- --------
0000000000000002        1       10      756        0      695    54366        0
0000000000000002        2      720    45964        0      720    45964        0
0000000000000002        3      719    45828        0      718    45768        0
datapath         in-port  eth-dst           out-port packets  bytes
---------------- -------- ----------------- -------- -------- --------
0000000000000002        1       192.168.0.1        2        4      392
0000000000000002        1       192.168.0.2        3        2      196
0000000000000002        2       192.168.0.3        1        4      392
0000000000000002        3       192.168.0.3        1        2      196
datapath         port     rx-pkts  rx-bytes rx-error tx-pkts  tx-bytes tx-error
---------------- -------- -------- -------- -------- -------- -------- --------
0000000000000001        1       10      868        0      699    54700        0
0000000000000001        2      721    46024        0      720    45964        0
0000000000000001        3      720    45964        0      720    45964        0
datapath         in-port  eth-dst           out-port packets  bytes
---------------- -------- ----------------- -------- -------- --------
0000000000000001        1       192.168.0.2        2        3      294
0000000000000001        1       192.168.0.3        3        3      294
0000000000000001        2       192.168.0.1        1        4      392
0000000000000001        3       192.168.0.1        1        4      392
datapath         port     rx-pkts  rx-bytes rx-error tx-pkts  tx-bytes tx-error
---------------- -------- -------- -------- -------- -------- -------- --------
0000000000000003        1       11      798        0      695    54366        0
0000000000000003        2      720    45964        0      721    46024        0
0000000000000003        3      718    45768        0      719    45828        0
datapath         in-port  eth-dst           out-port packets  bytes
---------------- -------- ----------------- -------- -------- --------
0000000000000003        1       192.168.0.1        2        4      392
0000000000000003        1       192.168.0.3        3        1       98
0000000000000003        2       192.168.0.2        1        4      392
0000000000000003        3       192.168.0.2        1        2      196
discovery--->==================================== discovery ====================================
discovery---> cls: [(1, 2), (1, 3), (2, 3)]
discovery--->=============================================================================
==================================== link detector ====================================

----------------------------
src    dst :    delay
1 <---> 2 : 3.223896026611328
1 <---> 3 : 4.09388542175293
2 <---> 1 : 2.2628307342529297
2 <---> 3 : 2.281665802001953
3 <---> 2 : 2.320528030395508
3 <---> 1 : 2.2308826446533203
datapath         port     rx-pkts  rx-bytes rx-error tx-pkts  tx-bytes tx-error
---------------- -------- -------- -------- -------- -------- -------- --------
0000000000000002        1       10      756        0      700    54756        0
0000000000000002        2      725    46264        0      726    46324        0
0000000000000002        3      725    46188        0      723    46068        0
datapath         in-port  eth-dst           out-port packets  bytes
---------------- -------- ----------------- -------- -------- --------
0000000000000002        1       192.168.0.1        2        4      392
0000000000000002        1       192.168.0.2        3        2      196
0000000000000002        2       192.168.0.3        1        4      392
0000000000000002        3       192.168.0.3        1        2      196
datapath         port     rx-pkts  rx-bytes rx-error tx-pkts  tx-bytes tx-error
---------------- -------- -------- -------- -------- -------- -------- --------
0000000000000003        1       11      798        0      700    54756        0
0000000000000003        2      725    46264        0      726    46324        0
0000000000000003        3      723    46068        0      725    46188        0
datapath         in-port  eth-dst           out-port packets  bytes
---------------- -------- ----------------- -------- -------- --------
0000000000000003        1       192.168.0.1        2        4      392
0000000000000003        1       192.168.0.3        3        1       98
0000000000000003        2       192.168.0.2        1        4      392
0000000000000003        3       192.168.0.2        1        2      196
datapath         port     rx-pkts  rx-bytes rx-error tx-pkts  tx-bytes tx-error
---------------- -------- -------- -------- -------- -------- -------- --------
0000000000000001        1       10      868        0      704    55090        0
0000000000000001        2      726    46324        0      725    46264        0
0000000000000001        3      726    46324        0      725    46264        0
datapath         in-port  eth-dst           out-port packets  bytes
---------------- -------- ----------------- -------- -------- --------
0000000000000001        1       192.168.0.2        2        3      294
0000000000000001        1       192.168.0.3        3        3      294
0000000000000001        2       192.168.0.1        1        4      392
0000000000000001        3       192.168.0.1        1        4      392
discovery--->==================================== discovery ====================================
discovery---> cls: [(1, 2), (1, 3), (2, 3)]
discovery--->=============================================================================
==================================== link detector ====================================

----------------------------
src    dst :    delay
1 <---> 2 : 3.780364990234375
1 <---> 3 : 3.1104087829589844
2 <---> 1 : 2.380847930908203
2 <---> 3 : 3.7419795989990234
3 <---> 2 : 4.0416717529296875
3 <---> 1 : 4.064321517944336
==================================== link detector ====================================

----------------------------
src    dst :    delay
1 <---> 2 : 4.044294357299805
1 <---> 3 : 4.039764404296875
2 <---> 1 : 4.086494445800781
2 <---> 3 : 3.8318634033203125
3 <---> 2 : 4.1351318359375
3 <---> 1 : 2.6187896728515625
datapath         port     rx-pkts  rx-bytes rx-error tx-pkts  tx-bytes tx-error
---------------- -------- -------- -------- -------- -------- -------- --------
0000000000000002        1       10      756        0      706    55224        0
0000000000000002        2      731    46624        0      732    46684        0
0000000000000002        3      731    46548        0      729    46428        0
datapath         in-port  eth-dst           out-port packets  bytes
---------------- -------- ----------------- -------- -------- --------
0000000000000002        1       192.168.0.1        2        4      392
0000000000000002        1       192.168.0.2        3        2      196
0000000000000002        2       192.168.0.3        1        4      392
0000000000000002        3       192.168.0.3        1        2      196
datapath         port     rx-pkts  rx-bytes rx-error tx-pkts  tx-bytes tx-error
---------------- -------- -------- -------- -------- -------- -------- --------
0000000000000003        1       11      798        0      706    55224        0
0000000000000003        2      731    46624        0      732    46684        0
0000000000000003        3      729    46428        0      731    46548        0
datapath         in-port  eth-dst           out-port packets  bytes
---------------- -------- ----------------- -------- -------- --------
0000000000000003        1       192.168.0.1        2        4      392
0000000000000003        1       192.168.0.3        3        1       98
0000000000000003        2       192.168.0.2        1        4      392
0000000000000003        3       192.168.0.2        1        2      196
datapath         port     rx-pkts  rx-bytes rx-error tx-pkts  tx-bytes tx-error
---------------- -------- -------- -------- -------- -------- -------- --------
0000000000000001        1       10      868        0      710    55558        0
0000000000000001        2      732    46684        0      731    46624        0
0000000000000001        3      732    46684        0      731    46624        0
datapath         in-port  eth-dst           out-port packets  bytes
---------------- -------- ----------------- -------- -------- --------
0000000000000001        1       192.168.0.2        2        3      294
0000000000000001        1       192.168.0.3        3        3      294
0000000000000001        2       192.168.0.1        1        4      392
0000000000000001        3       192.168.0.1        1        4      392
discovery--->==================================== discovery ====================================
discovery---> cls: [(1, 2), (1, 3), (2, 3)]
discovery--->=============================================================================
==================================== link detector ====================================

----------------------------
src    dst :    delay
1 <---> 2 : 3.7789344787597656
1 <---> 3 : 2.9990673065185547
2 <---> 1 : 4.0435791015625
2 <---> 3 : 4.288196563720703
3 <---> 2 : 2.9942989349365234
3 <---> 1 : 3.9811134338378906
datapath         port     rx-pkts  rx-bytes rx-error tx-pkts  tx-bytes tx-error
---------------- -------- -------- -------- -------- -------- -------- --------
0000000000000002        1       10      756        0      711    55614        0
0000000000000002        2      737    46984        0      737    46984        0
0000000000000002        3      736    46848        0      734    46728        0
datapath         in-port  eth-dst           out-port packets  bytes
---------------- -------- ----------------- -------- -------- --------
0000000000000002        1       192.168.0.1        2        4      392
0000000000000002        1       192.168.0.2        3        2      196
0000000000000002        2       192.168.0.3        1        4      392
0000000000000002        3       192.168.0.3        1        2      196
datapath         port     rx-pkts  rx-bytes rx-error tx-pkts  tx-bytes tx-error
---------------- -------- -------- -------- -------- -------- -------- --------
0000000000000003        1       11      798        0      711    55614        0
0000000000000003        2      737    46984        0      737    46984        0
0000000000000003        3      734    46728        0      736    46848        0
datapath         in-port  eth-dst           out-port packets  bytes
---------------- -------- ----------------- -------- -------- --------
0000000000000003        1       192.168.0.1        2        4      392
0000000000000003        1       192.168.0.3        3        1       98
0000000000000003        2       192.168.0.2        1        4      392
0000000000000003        3       192.168.0.2        1        2      196
datapath         port     rx-pkts  rx-bytes rx-error tx-pkts  tx-bytes tx-error
---------------- -------- -------- -------- -------- -------- -------- --------
0000000000000001        1       10      868        0      715    55948        0
0000000000000001        2      737    46984        0      737    46984        0
0000000000000001        3      737    46984        0      737    46984        0
datapath         in-port  eth-dst           out-port packets  bytes
---------------- -------- ----------------- -------- -------- --------
0000000000000001        1       192.168.0.2        2        3      294
0000000000000001        1       192.168.0.3        3        3      294
0000000000000001        2       192.168.0.1        1        4      392
0000000000000001        3       192.168.0.1        1        4      392
discovery--->==================================== discovery ====================================
discovery---> cls: [(1, 2), (1, 3), (2, 3)]
discovery--->=============================================================================
==================================== link detector ====================================

----------------------------
src    dst :    delay
1 <---> 2 : 4.108190536499023
1 <---> 3 : 2.5916099548339844
2 <---> 1 : 3.092050552368164
2 <---> 3 : 2.933025360107422
3 <---> 2 : 3.8356781005859375
3 <---> 1 : 4.034996032714844
==================================== link detector ====================================

----------------------------
src    dst :    delay
1 <---> 2 : 3.7119388580322266
1 <---> 3 : 2.8886795043945312
2 <---> 1 : 3.527402877807617
2 <---> 3 : 4.1141510009765625
3 <---> 2 : 2.627134323120117
3 <---> 1 : 3.9038658142089844
datapath         port     rx-pkts  rx-bytes rx-error tx-pkts  tx-bytes tx-error
---------------- -------- -------- -------- -------- -------- -------- --------
0000000000000002        1       10      756        0      717    56082        0
0000000000000002        2      742    47284        0      743    47344        0
0000000000000002        3      742    47208        0      740    47088        0
datapath         in-port  eth-dst           out-port packets  bytes
---------------- -------- ----------------- -------- -------- --------
0000000000000002        1       192.168.0.1        2        4      392
0000000000000002        1       192.168.0.2        3        2      196
0000000000000002        2       192.168.0.3        1        4      392
0000000000000002        3       192.168.0.3        1        2      196
datapath         port     rx-pkts  rx-bytes rx-error tx-pkts  tx-bytes tx-error
---------------- -------- -------- -------- -------- -------- -------- --------
0000000000000003        1       11      798        0      717    56082        0
0000000000000003        2      742    47284        0      743    47344        0
0000000000000003        3      740    47088        0      742    47208        0
datapath         in-port  eth-dst           out-port packets  bytes
---------------- -------- ----------------- -------- -------- --------
0000000000000003        1       192.168.0.1        2        4      392
0000000000000003        1       192.168.0.3        3        1       98
0000000000000003        2       192.168.0.2        1        4      392
0000000000000003        3       192.168.0.2        1        2      196
datapath         port     rx-pkts  rx-bytes rx-error tx-pkts  tx-bytes tx-error
---------------- -------- -------- -------- -------- -------- -------- --------
0000000000000001        1       10      868        0      721    56416        0
0000000000000001        2      743    47344        0      742    47284        0
0000000000000001        3      743    47344        0      742    47284        0
datapath         in-port  eth-dst           out-port packets  bytes
---------------- -------- ----------------- -------- -------- --------
0000000000000001        1       192.168.0.2        2        3      294
0000000000000001        1       192.168.0.3        3        3      294
0000000000000001        2       192.168.0.1        1        4      392
0000000000000001        3       192.168.0.1        1        4      392
discovery--->==================================== discovery ====================================
discovery---> cls: [(1, 2), (1, 3), (2, 3)]
discovery--->=============================================================================
==================================== link detector ====================================

----------------------------
src    dst :    delay
1 <---> 2 : 4.215717315673828
1 <---> 3 : 4.065036773681641
2 <---> 1 : 4.123210906982422
2 <---> 3 : 3.027200698852539
3 <---> 2 : 3.011465072631836
3 <---> 1 : 3.195524215698242
datapath         port     rx-pkts  rx-bytes rx-error tx-pkts  tx-bytes tx-error
---------------- -------- -------- -------- -------- -------- -------- --------
0000000000000002        1       10      756        0      722    56472        0
0000000000000002        2      748    47644        0      748    47644        0
0000000000000002        3      747    47508        0      745    47388        0
datapath         in-port  eth-dst           out-port packets  bytes
---------------- -------- ----------------- -------- -------- --------
0000000000000002        1       192.168.0.1        2        4      392
0000000000000002        1       192.168.0.2        3        2      196
0000000000000002        2       192.168.0.3        1        4      392
0000000000000002        3       192.168.0.3        1        2      196
datapath         port     rx-pkts  rx-bytes rx-error tx-pkts  tx-bytes tx-error
---------------- -------- -------- -------- -------- -------- -------- --------
0000000000000003        1       11      798        0      722    56472        0
0000000000000003        2      748    47644        0      748    47644        0
0000000000000003        3      745    47388        0      747    47508        0
datapath         port     rx-pkts  rx-bytes rx-error tx-pkts  tx-bytes tx-error
---------------- -------- -------- -------- -------- -------- -------- --------
0000000000000001        1       10      868        0      727    56884        0
0000000000000001        2      748    47644        0      748    47644        0
0000000000000001        3      748    47644        0      748    47644        0
datapath         in-port  eth-dst           out-port packets  bytes
---------------- -------- ----------------- -------- -------- --------
0000000000000001        1       192.168.0.2        2        3      294
0000000000000001        1       192.168.0.3        3        3      294
0000000000000001        2       192.168.0.1        1        4      392
0000000000000001        3       192.168.0.1        1        4      392
datapath         in-port  eth-dst           out-port packets  bytes
---------------- -------- ----------------- -------- -------- --------
0000000000000003        1       192.168.0.1        2        4      392
0000000000000003        1       192.168.0.3        3        1       98
0000000000000003        2       192.168.0.2        1        4      392
0000000000000003        3       192.168.0.2        1        2      196
discovery--->==================================== discovery ====================================
discovery---> cls: [(1, 2), (1, 3), (2, 3)]
discovery--->=============================================================================
==================================== link detector ====================================

----------------------------
src    dst :    delay
1 <---> 2 : 4.21452522277832
1 <---> 3 : 3.9305686950683594
2 <---> 1 : 2.8200149536132812
2 <---> 3 : 11.067628860473633
3 <---> 2 : 4.83250617980957
3 <---> 1 : 4.104137420654297
==================================== link detector ====================================

----------------------------
src    dst :    delay
1 <---> 2 : 2.179384231567383
1 <---> 3 : 2.263307571411133
2 <---> 1 : 2.2521018981933594
2 <---> 3 : 2.299070358276367
3 <---> 2 : 2.1758079528808594
3 <---> 1 : 2.3043155670166016
datapath         port     rx-pkts  rx-bytes rx-error tx-pkts  tx-bytes tx-error
---------------- -------- -------- -------- -------- -------- -------- --------
0000000000000002        1       10      756        0      728    56940        0
0000000000000002        2      753    47944        0      754    48004        0
0000000000000002        3      753    47868        0      751    47748        0
datapath         in-port  eth-dst           out-port packets  bytes
---------------- -------- ----------------- -------- -------- --------
0000000000000002        1       192.168.0.1        2        4      392
0000000000000002        1       192.168.0.2        3        2      196
0000000000000002        2       192.168.0.3        1        4      392
0000000000000002        3       192.168.0.3        1        2      196
datapath         port     rx-pkts  rx-bytes rx-error tx-pkts  tx-bytes tx-error
---------------- -------- -------- -------- -------- -------- -------- --------
0000000000000001        1       10      868        0      732    57274        0
0000000000000001        2      754    48004        0      753    47944        0
0000000000000001        3      754    48004        0      753    47944        0
datapath         in-port  eth-dst           out-port packets  bytes
---------------- -------- ----------------- -------- -------- --------
0000000000000001        1       192.168.0.2        2        3      294
0000000000000001        1       192.168.0.3        3        3      294
0000000000000001        2       192.168.0.1        1        4      392
0000000000000001        3       192.168.0.1        1        4      392
datapath         port     rx-pkts  rx-bytes rx-error tx-pkts  tx-bytes tx-error
---------------- -------- -------- -------- -------- -------- -------- --------
0000000000000003        1       11      798        0      728    56940        0
0000000000000003        2      753    47944        0      754    48004        0
0000000000000003        3      751    47748        0      753    47868        0
datapath         in-port  eth-dst           out-port packets  bytes
---------------- -------- ----------------- -------- -------- --------
0000000000000003        1       192.168.0.1        2        4      392
0000000000000003        1       192.168.0.3        3        1       98
0000000000000003        2       192.168.0.2        1        4      392
0000000000000003        3       192.168.0.2        1        2      196
discovery--->==================================== discovery ====================================
discovery---> cls: [(1, 2), (1, 3), (2, 3)]
discovery--->=============================================================================
==================================== link detector ====================================

----------------------------
src    dst :    delay
1 <---> 2 : 3.1206607818603516
1 <---> 3 : 3.2613277435302734
2 <---> 1 : 4.088878631591797
2 <---> 3 : 2.663135528564453
3 <---> 2 : 2.9196739196777344
3 <---> 1 : 4.773855209350586
==================================== link detector ====================================

----------------------------
src    dst :    delay
1 <---> 2 : 3.2644271850585938
1 <---> 3 : 3.763437271118164
2 <---> 1 : 3.4427642822265625
2 <---> 3 : 3.597736358642578
3 <---> 2 : 4.371404647827148
3 <---> 1 : 3.528118133544922
datapath         port     rx-pkts  rx-bytes rx-error tx-pkts  tx-bytes tx-error
---------------- -------- -------- -------- -------- -------- -------- --------
0000000000000002        1       10      756        0      734    57408        0
0000000000000002        2      759    48304        0      759    48304        0
0000000000000002        3      758    48168        0      757    48108        0
datapath         in-port  eth-dst           out-port packets  bytes
---------------- -------- ----------------- -------- -------- --------
0000000000000002        1       192.168.0.1        2        4      392
0000000000000002        1       192.168.0.2        3        2      196
0000000000000002        2       192.168.0.3        1        4      392
0000000000000002        3       192.168.0.3        1        2      196
datapath         port     rx-pkts  rx-bytes rx-error tx-pkts  tx-bytes tx-error
---------------- -------- -------- -------- -------- -------- -------- --------
0000000000000003        1       11      798        0      733    57330        0
0000000000000003        2      759    48304        0      759    48304        0
0000000000000003        3      757    48108        0      758    48168        0
datapath         in-port  eth-dst           out-port packets  bytes
---------------- -------- ----------------- -------- -------- --------
0000000000000003        1       192.168.0.1        2        4      392
0000000000000003        1       192.168.0.3        3        1       98
0000000000000003        2       192.168.0.2        1        4      392
0000000000000003        3       192.168.0.2        1        2      196
datapath         port     rx-pkts  rx-bytes rx-error tx-pkts  tx-bytes tx-error
---------------- -------- -------- -------- -------- -------- -------- --------
0000000000000001        1       10      868        0      738    57742        0
0000000000000001        2      759    48304        0      759    48304        0
0000000000000001        3      759    48304        0      759    48304        0
datapath         in-port  eth-dst           out-port packets  bytes
---------------- -------- ----------------- -------- -------- --------
0000000000000001        1       192.168.0.2        2        3      294
0000000000000001        1       192.168.0.3        3        3      294
0000000000000001        2       192.168.0.1        1        4      392
0000000000000001        3       192.168.0.1        1        4      392
discovery--->==================================== discovery ====================================
discovery---> cls: [(1, 2), (1, 3), (2, 3)]
discovery--->=============================================================================
==================================== link detector ====================================

----------------------------
src    dst :    delay
1 <---> 2 : 3.798961639404297
1 <---> 3 : 3.6954879760742188
2 <---> 1 : 2.7778148651123047
2 <---> 3 : 2.9680728912353516
3 <---> 2 : 3.4551620483398438
3 <---> 1 : 2.846956253051758
datapath         port     rx-pkts  rx-bytes rx-error tx-pkts  tx-bytes tx-error
---------------- -------- -------- -------- -------- -------- -------- --------
0000000000000002        1       10      756        0      739    57798        0
0000000000000002        2      764    48604        0      765    48664        0
0000000000000002        3      764    48528        0      762    48408        0
datapath         in-port  eth-dst           out-port packets  bytes
---------------- -------- ----------------- -------- -------- --------
0000000000000002        1       192.168.0.1        2        4      392
0000000000000002        1       192.168.0.2        3        2      196
0000000000000002        2       192.168.0.3        1        4      392
0000000000000002        3       192.168.0.3        1        2      196
datapath         port     rx-pkts  rx-bytes rx-error tx-pkts  tx-bytes tx-error
---------------- -------- -------- -------- -------- -------- -------- --------
0000000000000001        1       10      868        0      743    58132        0
0000000000000001        2      765    48664        0      764    48604        0
0000000000000001        3      765    48664        0      764    48604        0
datapath         in-port  eth-dst           out-port packets  bytes
---------------- -------- ----------------- -------- -------- --------
0000000000000001        1       192.168.0.2        2        3      294
0000000000000001        1       192.168.0.3        3        3      294
0000000000000001        2       192.168.0.1        1        4      392
0000000000000001        3       192.168.0.1        1        4      392
datapath         port     rx-pkts  rx-bytes rx-error tx-pkts  tx-bytes tx-error
---------------- -------- -------- -------- -------- -------- -------- --------
0000000000000003        1       11      798        0      739    57798        0
0000000000000003        2      764    48604        0      765    48664        0
0000000000000003        3      762    48408        0      764    48528        0
datapath         in-port  eth-dst           out-port packets  bytes
---------------- -------- ----------------- -------- -------- --------
0000000000000003        1       192.168.0.1        2        4      392
0000000000000003        1       192.168.0.3        3        1       98
0000000000000003        2       192.168.0.2        1        4      392
0000000000000003        3       192.168.0.2        1        2      196
discovery--->==================================== discovery ====================================
discovery---> cls: [(1, 2), (1, 3), (2, 3)]
discovery--->=============================================================================
==================================== link detector ====================================

----------------------------
src    dst :    delay
1 <---> 2 : 2.309560775756836
1 <---> 3 : 2.2242069244384766
2 <---> 1 : 2.254009246826172
2 <---> 3 : 2.3725032806396484
3 <---> 2 : 2.294778823852539
3 <---> 1 : 2.407073974609375
==================================== link detector ====================================

----------------------------
src    dst :    delay
1 <---> 2 : 3.938436508178711
1 <---> 3 : 2.771615982055664
2 <---> 1 : 3.6025047302246094
2 <---> 3 : 3.556966781616211
3 <---> 2 : 2.315044403076172
3 <---> 1 : 3.4546852111816406
datapath         port     rx-pkts  rx-bytes rx-error tx-pkts  tx-bytes tx-error
---------------- -------- -------- -------- -------- -------- -------- --------
0000000000000002        1       10      756        0      745    58266        0
0000000000000002        2      770    48964        0      770    48964        0
0000000000000002        3      769    48828        0      768    48768        0
datapath         in-port  eth-dst           out-port packets  bytes
---------------- -------- ----------------- -------- -------- --------
0000000000000002        1       192.168.0.1        2        4      392
0000000000000002        1       192.168.0.2        3        2      196
0000000000000002        2       192.168.0.3        1        4      392
0000000000000002        3       192.168.0.3        1        2      196
datapath         port     rx-pkts  rx-bytes rx-error tx-pkts  tx-bytes tx-error
---------------- -------- -------- -------- -------- -------- -------- --------
0000000000000001        1       10      868        0      749    58600        0
0000000000000001        2      771    49024        0      770    48964        0
0000000000000001        3      770    48964        0      770    48964        0
datapath         in-port  eth-dst           out-port packets  bytes
---------------- -------- ----------------- -------- -------- --------
0000000000000001        1       192.168.0.2        2        3      294
0000000000000001        1       192.168.0.3        3        3      294
0000000000000001        2       192.168.0.1        1        4      392
0000000000000001        3       192.168.0.1        1        4      392
datapath         port     rx-pkts  rx-bytes rx-error tx-pkts  tx-bytes tx-error
---------------- -------- -------- -------- -------- -------- -------- --------
0000000000000003        1       11      798        0      745    58266        0
0000000000000003        2      770    48964        0      771    49024        0
0000000000000003        3      768    48768        0      769    48828        0
datapath         in-port  eth-dst           out-port packets  bytes
---------------- -------- ----------------- -------- -------- --------
0000000000000003        1       192.168.0.1        2        4      392
0000000000000003        1       192.168.0.3        3        1       98
0000000000000003        2       192.168.0.2        1        4      392
0000000000000003        3       192.168.0.2        1        2      196
discovery--->==================================== discovery ====================================
discovery---> cls: [(1, 2), (1, 3), (2, 3)]
discovery--->=============================================================================
==================================== link detector ====================================

----------------------------
src    dst :    delay
1 <---> 2 : 3.475189208984375
1 <---> 3 : 2.7246475219726562
2 <---> 1 : 3.433704376220703
2 <---> 3 : 3.3769607543945312
3 <---> 2 : 3.6025047302246094
3 <---> 1 : 3.5614967346191406
datapath         port     rx-pkts  rx-bytes rx-error tx-pkts  tx-bytes tx-error
---------------- -------- -------- -------- -------- -------- -------- --------
0000000000000002        1       10      756        0      750    58656        0
0000000000000002        2      775    49264        0      776    49324        0
0000000000000002        3      775    49188        0      773    49068        0
datapath         in-port  eth-dst           out-port packets  bytes
---------------- -------- ----------------- -------- -------- --------
0000000000000002        1       192.168.0.1        2        4      392
0000000000000002        1       192.168.0.2        3        2      196
0000000000000002        2       192.168.0.3        1        4      392
0000000000000002        3       192.168.0.3        1        2      196
datapath         port     rx-pkts  rx-bytes rx-error tx-pkts  tx-bytes tx-error
---------------- -------- -------- -------- -------- -------- -------- --------
0000000000000003        1       11      798        0      750    58656        0
0000000000000003        2      775    49264        0      776    49324        0
0000000000000003        3      773    49068        0      775    49188        0
datapath         in-port  eth-dst           out-port packets  bytes
---------------- -------- ----------------- -------- -------- --------
0000000000000003        1       192.168.0.1        2        4      392
0000000000000003        1       192.168.0.3        3        1       98
0000000000000003        2       192.168.0.2        1        4      392
0000000000000003        3       192.168.0.2        1        2      196
datapath         port     rx-pkts  rx-bytes rx-error tx-pkts  tx-bytes tx-error
---------------- -------- -------- -------- -------- -------- -------- --------
0000000000000001        1       10      868        0      754    58990        0
0000000000000001        2      776    49324        0      775    49264        0
0000000000000001        3      776    49324        0      775    49264        0
datapath         in-port  eth-dst           out-port packets  bytes
---------------- -------- ----------------- -------- -------- --------
0000000000000001        1       192.168.0.2        2        3      294
0000000000000001        1       192.168.0.3        3        3      294
0000000000000001        2       192.168.0.1        1        4      392
0000000000000001        3       192.168.0.1        1        4      392
discovery--->==================================== discovery ====================================
discovery---> cls: [(1, 2), (1, 3), (2, 3)]
discovery--->=============================================================================
==================================== link detector ====================================

----------------------------
src    dst :    delay
1 <---> 2 : 3.7908554077148438
1 <---> 3 : 2.656221389770508
2 <---> 1 : 3.3676624298095703
2 <---> 3 : 3.5915374755859375
3 <---> 2 : 3.0994415283203125
3 <---> 1 : 3.6666393280029297
==================================== link detector ====================================

----------------------------
src    dst :    delay
1 <---> 2 : 3.1266212463378906
1 <---> 3 : 3.127574920654297
2 <---> 1 : 3.1058788299560547
2 <---> 3 : 3.206491470336914
3 <---> 2 : 4.060983657836914
3 <---> 1 : 3.2050609588623047
datapath         port     rx-pkts  rx-bytes rx-error tx-pkts  tx-bytes tx-error
---------------- -------- -------- -------- -------- -------- -------- --------
0000000000000001        1       10      868        0      760    59458        0
0000000000000001        2      782    49684        0      781    49624        0
0000000000000001        3      782    49684        0      781    49624        0
datapath         in-port  eth-dst           out-port packets  bytes
---------------- -------- ----------------- -------- -------- --------
0000000000000001        1       192.168.0.2        2        3      294
0000000000000001        1       192.168.0.3        3        3      294
0000000000000001        2       192.168.0.1        1        4      392
0000000000000001        3       192.168.0.1        1        4      392
datapath         port     rx-pkts  rx-bytes rx-error tx-pkts  tx-bytes tx-error
---------------- -------- -------- -------- -------- -------- -------- --------
0000000000000003        1       11      798        0      756    59124        0
0000000000000003        2      781    49624        0      782    49684        0
0000000000000003        3      779    49428        0      781    49548        0
datapath         in-port  eth-dst           out-port packets  bytes
---------------- -------- ----------------- -------- -------- --------
0000000000000003        1       192.168.0.1        2        4      392
0000000000000003        1       192.168.0.3        3        1       98
0000000000000003        2       192.168.0.2        1        4      392
0000000000000003        3       192.168.0.2        1        2      196
datapath         port     rx-pkts  rx-bytes rx-error tx-pkts  tx-bytes tx-error
---------------- -------- -------- -------- -------- -------- -------- --------
0000000000000002        1       10      756        0      756    59124        0
0000000000000002        2      781    49624        0      782    49684        0
0000000000000002        3      781    49548        0      779    49428        0
datapath         in-port  eth-dst           out-port packets  bytes
---------------- -------- ----------------- -------- -------- --------
0000000000000002        1       192.168.0.1        2        4      392
0000000000000002        1       192.168.0.2        3        2      196
0000000000000002        2       192.168.0.3        1        4      392
0000000000000002        3       192.168.0.3        1        2      196
discovery--->==================================== discovery ====================================
discovery---> cls: [(1, 2), (1, 3), (2, 3)]
discovery--->=============================================================================
==================================== link detector ====================================

----------------------------
src    dst :    delay
1 <---> 2 : 3.121614456176758
1 <---> 3 : 4.147768020629883
2 <---> 1 : 3.131389617919922
2 <---> 3 : 4.154682159423828
3 <---> 2 : 3.2732486724853516
3 <---> 1 : 3.7353038787841797
==================================== link detector ====================================

----------------------------
src    dst :    delay
1 <---> 2 : 2.8645992279052734
1 <---> 3 : 4.247188568115234
2 <---> 1 : 2.628803253173828
2 <---> 3 : 3.1206607818603516
3 <---> 2 : 2.9630661010742188
3 <---> 1 : 4.351139068603516
datapath         port     rx-pkts  rx-bytes rx-error tx-pkts  tx-bytes tx-error
---------------- -------- -------- -------- -------- -------- -------- --------
0000000000000002        1       10      756        0      761    59514        0
0000000000000002        2      787    49984        0      787    49984        0
0000000000000002        3      786    49848        0      784    49728        0
datapath         in-port  eth-dst           out-port packets  bytes
---------------- -------- ----------------- -------- -------- --------
0000000000000002        1       192.168.0.1        2        4      392
0000000000000002        1       192.168.0.2        3        2      196
0000000000000002        2       192.168.0.3        1        4      392
0000000000000002        3       192.168.0.3        1        2      196
datapath         port     rx-pkts  rx-bytes rx-error tx-pkts  tx-bytes tx-error
---------------- -------- -------- -------- -------- -------- -------- --------
0000000000000001        1       10      868        0      765    59848        0
0000000000000001        2      787    49984        0      786    49924        0
0000000000000001        3      787    49984        0      787    49984        0
datapath         in-port  eth-dst           out-port packets  bytes
---------------- -------- ----------------- -------- -------- --------
0000000000000001        1       192.168.0.2        2        3      294
0000000000000001        1       192.168.0.3        3        3      294
0000000000000001        2       192.168.0.1        1        4      392
0000000000000001        3       192.168.0.1        1        4      392
datapath         port     rx-pkts  rx-bytes rx-error tx-pkts  tx-bytes tx-error
---------------- -------- -------- -------- -------- -------- -------- --------
0000000000000003        1       11      798        0      761    59514        0
0000000000000003        2      786    49924        0      787    49984        0
0000000000000003        3      784    49728        0      786    49848        0
datapath         in-port  eth-dst           out-port packets  bytes
---------------- -------- ----------------- -------- -------- --------
0000000000000003        1       192.168.0.1        2        4      392
0000000000000003        1       192.168.0.3        3        1       98
0000000000000003        2       192.168.0.2        1        4      392
0000000000000003        3       192.168.0.2        1        2      196
discovery--->==================================== discovery ====================================
discovery---> cls: [(1, 2), (1, 3), (2, 3)]
discovery--->=============================================================================
==================================== link detector ====================================

----------------------------
src    dst :    delay
1 <---> 2 : 2.1419525146484375
1 <---> 3 : 2.2559165954589844
2 <---> 1 : 2.4878978729248047
2 <---> 3 : 2.253293991088867
3 <---> 2 : 3.2501220703125
3 <---> 1 : 2.0780563354492188
datapath         port     rx-pkts  rx-bytes rx-error tx-pkts  tx-bytes tx-error
---------------- -------- -------- -------- -------- -------- -------- --------
0000000000000001        1       10      868        0      771    60316        0
0000000000000001        2      793    50344        0      792    50284        0
0000000000000001        3      793    50344        0      792    50284        0
datapath         in-port  eth-dst           out-port packets  bytes
---------------- -------- ----------------- -------- -------- --------
0000000000000001        1       192.168.0.2        2        3      294
0000000000000001        1       192.168.0.3        3        3      294
0000000000000001        2       192.168.0.1        1        4      392
0000000000000001        3       192.168.0.1        1        4      392
datapath         port     rx-pkts  rx-bytes rx-error tx-pkts  tx-bytes tx-error
---------------- -------- -------- -------- -------- -------- -------- --------
0000000000000002        1       10      756        0      767    59982        0
0000000000000002        2      792    50284        0      793    50344        0
0000000000000002        3      792    50208        0      790    50088        0
datapath         in-port  eth-dst           out-port packets  bytes
---------------- -------- ----------------- -------- -------- --------
0000000000000002        1       192.168.0.1        2        4      392
0000000000000002        1       192.168.0.2        3        2      196
0000000000000002        2       192.168.0.3        1        4      392
0000000000000002        3       192.168.0.3        1        2      196
datapath         port     rx-pkts  rx-bytes rx-error tx-pkts  tx-bytes tx-error
---------------- -------- -------- -------- -------- -------- -------- --------
0000000000000003        1       11      798        0      767    59982        0
0000000000000003        2      792    50284        0      793    50344        0
0000000000000003        3      790    50088        0      792    50208        0
datapath         in-port  eth-dst           out-port packets  bytes
---------------- -------- ----------------- -------- -------- --------
0000000000000003        1       192.168.0.1        2        4      392
0000000000000003        1       192.168.0.3        3        1       98
0000000000000003        2       192.168.0.2        1        4      392
0000000000000003        3       192.168.0.2        1        2      196
discovery--->==================================== discovery ====================================
discovery---> cls: [(1, 2), (1, 3), (2, 3)]
discovery--->=============================================================================
==================================== link detector ====================================

----------------------------
src    dst :    delay
1 <---> 2 : 4.150629043579102
1 <---> 3 : 3.216266632080078
2 <---> 1 : 3.648996353149414
2 <---> 3 : 3.101825714111328
3 <---> 2 : 3.6957263946533203
3 <---> 1 : 3.198385238647461
==================================== link detector ====================================

----------------------------
src    dst :    delay
1 <---> 2 : 2.994060516357422
1 <---> 3 : 4.156589508056641
2 <---> 1 : 2.7589797973632812
2 <---> 3 : 2.6667118072509766
3 <---> 2 : 2.8421878814697266
3 <---> 1 : 4.1961669921875
datapath         port     rx-pkts  rx-bytes rx-error tx-pkts  tx-bytes tx-error
---------------- -------- -------- -------- -------- -------- -------- --------
0000000000000002        1       10      756        0      772    60372        0
0000000000000002        2      798    50644        0      798    50644        0
0000000000000002        3      797    50508        0      795    50388        0
datapath         in-port  eth-dst           out-port packets  bytes
---------------- -------- ----------------- -------- -------- --------
0000000000000002        1       192.168.0.1        2        4      392
0000000000000002        1       192.168.0.2        3        2      196
0000000000000002        2       192.168.0.3        1        4      392
0000000000000002        3       192.168.0.3        1        2      196
datapath         port     rx-pkts  rx-bytes rx-error tx-pkts  tx-bytes tx-error
---------------- -------- -------- -------- -------- -------- -------- --------
0000000000000003        1       11      798        0      772    60372        0
0000000000000003        2      798    50644        0      798    50644        0
0000000000000003        3      795    50388        0      797    50508        0
datapath         in-port  eth-dst           out-port packets  bytes
---------------- -------- ----------------- -------- -------- --------
0000000000000003        1       192.168.0.1        2        4      392
0000000000000003        1       192.168.0.3        3        1       98
0000000000000003        2       192.168.0.2        1        4      392
0000000000000003        3       192.168.0.2        1        2      196
datapath         port     rx-pkts  rx-bytes rx-error tx-pkts  tx-bytes tx-error
---------------- -------- -------- -------- -------- -------- -------- --------
0000000000000001        1       10      868        0      777    60784        0
0000000000000001        2      798    50644        0      798    50644        0
0000000000000001        3      798    50644        0      798    50644        0
datapath         in-port  eth-dst           out-port packets  bytes
---------------- -------- ----------------- -------- -------- --------
0000000000000001        1       192.168.0.2        2        3      294
0000000000000001        1       192.168.0.3        3        3      294
0000000000000001        2       192.168.0.1        1        4      392
0000000000000001        3       192.168.0.1        1        4      392
discovery--->==================================== discovery ====================================
discovery---> cls: [(1, 2), (1, 3), (2, 3)]
discovery--->=============================================================================
==================================== link detector ====================================

----------------------------
src    dst :    delay
1 <---> 2 : 4.2972564697265625
1 <---> 3 : 3.2813549041748047
2 <---> 1 : 2.8815269470214844
2 <---> 3 : 3.62396240234375
3 <---> 2 : 3.123760223388672
3 <---> 1 : 3.6492347717285156
datapath         port     rx-pkts  rx-bytes rx-error tx-pkts  tx-bytes tx-error
---------------- -------- -------- -------- -------- -------- -------- --------
0000000000000002        1       10      756        0      778    60840        0
0000000000000002        2      803    50944        0      804    51004        0
0000000000000002        3      803    50868        0      801    50748        0
datapath         in-port  eth-dst           out-port packets  bytes
---------------- -------- ----------------- -------- -------- --------
0000000000000002        1       192.168.0.1        2        4      392
0000000000000002        1       192.168.0.2        3        2      196
0000000000000002        2       192.168.0.3        1        4      392
0000000000000002        3       192.168.0.3        1        2      196
datapath         port     rx-pkts  rx-bytes rx-error tx-pkts  tx-bytes tx-error
---------------- -------- -------- -------- -------- -------- -------- --------
0000000000000003        1       11      798        0      778    60840        0
0000000000000003        2      803    50944        0      804    51004        0
0000000000000003        3      801    50748        0      803    50868        0
datapath         in-port  eth-dst           out-port packets  bytes
---------------- -------- ----------------- -------- -------- --------
0000000000000003        1       192.168.0.1        2        4      392
0000000000000003        1       192.168.0.3        3        1       98
0000000000000003        2       192.168.0.2        1        4      392
0000000000000003        3       192.168.0.2        1        2      196
datapath         port     rx-pkts  rx-bytes rx-error tx-pkts  tx-bytes tx-error
---------------- -------- -------- -------- -------- -------- -------- --------
0000000000000001        1       10      868        0      782    61174        0
0000000000000001        2      804    51004        0      803    50944        0
0000000000000001        3      804    51004        0      803    50944        0
datapath         in-port  eth-dst           out-port packets  bytes
---------------- -------- ----------------- -------- -------- --------
0000000000000001        1       192.168.0.2        2        3      294
0000000000000001        1       192.168.0.3        3        3      294
0000000000000001        2       192.168.0.1        1        4      392
0000000000000001        3       192.168.0.1        1        4      392
discovery--->==================================== discovery ====================================
discovery---> cls: [(1, 2), (1, 3), (2, 3)]
discovery--->=============================================================================
==================================== link detector ====================================

----------------------------
src    dst :    delay
1 <---> 2 : 3.2956600189208984
1 <---> 3 : 3.3156871795654297
2 <---> 1 : 2.264738082885742
2 <---> 3 : 3.324270248413086
3 <---> 2 : 3.189563751220703
3 <---> 1 : 3.320455551147461
==================================== link detector ====================================

----------------------------
src    dst :    delay
1 <---> 2 : 4.104852676391602
1 <---> 3 : 2.992391586303711
2 <---> 1 : 3.983020782470703
2 <---> 3 : 2.606630325317383
3 <---> 2 : 3.7658214569091797
3 <---> 1 : 2.4619102478027344
datapath         port     rx-pkts  rx-bytes rx-error tx-pkts  tx-bytes tx-error
---------------- -------- -------- -------- -------- -------- -------- --------
0000000000000002        1       10      756        0      784    61308        0
0000000000000002        2      809    51304        0      809    51304        0
0000000000000002        3      808    51168        0      807    51108        0
datapath         in-port  eth-dst           out-port packets  bytes
---------------- -------- ----------------- -------- -------- --------
0000000000000002        1       192.168.0.1        2        4      392
0000000000000002        1       192.168.0.2        3        2      196
0000000000000002        2       192.168.0.3        1        4      392
0000000000000002        3       192.168.0.3        1        2      196
datapath         port     rx-pkts  rx-bytes rx-error tx-pkts  tx-bytes tx-error
---------------- -------- -------- -------- -------- -------- -------- --------
0000000000000001        1       10      868        0      788    61642        0
0000000000000001        2      809    51304        0      809    51304        0
0000000000000001        3      809    51304        0      809    51304        0
datapath         in-port  eth-dst           out-port packets  bytes
---------------- -------- ----------------- -------- -------- --------
0000000000000001        1       192.168.0.2        2        3      294
0000000000000001        1       192.168.0.3        3        3      294
0000000000000001        2       192.168.0.1        1        4      392
0000000000000001        3       192.168.0.1        1        4      392
datapath         port     rx-pkts  rx-bytes rx-error tx-pkts  tx-bytes tx-error
---------------- -------- -------- -------- -------- -------- -------- --------
0000000000000003        1       11      798        0      783    61230        0
0000000000000003        2      809    51304        0      809    51304        0
0000000000000003        3      807    51108        0      808    51168        0
datapath         in-port  eth-dst           out-port packets  bytes
---------------- -------- ----------------- -------- -------- --------
0000000000000003        1       192.168.0.1        2        4      392
0000000000000003        1       192.168.0.3        3        1       98
0000000000000003        2       192.168.0.2        1        4      392
0000000000000003        3       192.168.0.2        1        2      196
discovery--->==================================== discovery ====================================
discovery---> cls: [(1, 2), (1, 3), (2, 3)]
discovery--->=============================================================================
==================================== link detector ====================================

----------------------------
src    dst :    delay
1 <---> 2 : 3.889799118041992
1 <---> 3 : 3.5278797149658203
2 <---> 1 : 4.091024398803711
2 <---> 3 : 4.164934158325195
3 <---> 2 : 4.6596527099609375
3 <---> 1 : 4.00233268737793
datapath         port     rx-pkts  rx-bytes rx-error tx-pkts  tx-bytes tx-error
---------------- -------- -------- -------- -------- -------- -------- --------
0000000000000002        1       10      756        0      789    61698        0
0000000000000002        2      814    51604        0      815    51664        0
0000000000000002        3      814    51528        0      812    51408        0
datapath         in-port  eth-dst           out-port packets  bytes
---------------- -------- ----------------- -------- -------- --------
0000000000000002        1       192.168.0.1        2        4      392
0000000000000002        1       192.168.0.2        3        2      196
0000000000000002        2       192.168.0.3        1        4      392
0000000000000002        3       192.168.0.3        1        2      196
datapath         port     rx-pkts  rx-bytes rx-error tx-pkts  tx-bytes tx-error
---------------- -------- -------- -------- -------- -------- -------- --------
0000000000000003        1       11      798        0      789    61698        0
0000000000000003        2      814    51604        0      815    51664        0
0000000000000003        3      812    51408        0      814    51528        0
datapath         in-port  eth-dst           out-port packets  bytes
---------------- -------- ----------------- -------- -------- --------
0000000000000003        1       192.168.0.1        2        4      392
0000000000000003        1       192.168.0.3        3        1       98
0000000000000003        2       192.168.0.2        1        4      392
0000000000000003        3       192.168.0.2        1        2      196
datapath         port     rx-pkts  rx-bytes rx-error tx-pkts  tx-bytes tx-error
---------------- -------- -------- -------- -------- -------- -------- --------
0000000000000001        1       10      868        0      793    62032        0
0000000000000001        2      815    51664        0      814    51604        0
0000000000000001        3      815    51664        0      814    51604        0
datapath         in-port  eth-dst           out-port packets  bytes
---------------- -------- ----------------- -------- -------- --------
0000000000000001        1       192.168.0.2        2        3      294
0000000000000001        1       192.168.0.3        3        3      294
0000000000000001        2       192.168.0.1        1        4      392
0000000000000001        3       192.168.0.1        1        4      392
discovery--->==================================== discovery ====================================
discovery---> cls: [(1, 2), (1, 3), (2, 3)]
discovery--->=============================================================================
==================================== link detector ====================================

----------------------------
src    dst :    delay
1 <---> 2 : 2.629995346069336
1 <---> 3 : 4.284858703613281
2 <---> 1 : 4.092216491699219
2 <---> 3 : 2.8061866760253906
3 <---> 2 : 3.214120864868164
3 <---> 1 : 4.1904449462890625
==================================== link detector ====================================

----------------------------
src    dst :    delay
1 <---> 2 : 4.271507263183594
1 <---> 3 : 3.0438899993896484
2 <---> 1 : 3.0012130737304688
2 <---> 3 : 2.864837646484375
3 <---> 2 : 4.139900207519531
3 <---> 1 : 3.1957626342773438
datapath         port     rx-pkts  rx-bytes rx-error tx-pkts  tx-bytes tx-error
---------------- -------- -------- -------- -------- -------- -------- --------
0000000000000001        1       10      868        0      799    62500        0
0000000000000001        2      820    51964        0      820    51964        0
0000000000000001        3      820    51964        0      820    51964        0
datapath         in-port  eth-dst           out-port packets  bytes
---------------- -------- ----------------- -------- -------- --------
0000000000000001        1       192.168.0.2        2        3      294
0000000000000001        1       192.168.0.3        3        3      294
0000000000000001        2       192.168.0.1        1        4      392
0000000000000001        3       192.168.0.1        1        4      392
datapath         port     rx-pkts  rx-bytes rx-error tx-pkts  tx-bytes tx-error
---------------- -------- -------- -------- -------- -------- -------- --------
0000000000000003        1       11      798        0      795    62166        0
0000000000000003        2      820    51964        0      820    51964        0
0000000000000003        3      818    51768        0      819    51828        0
datapath         in-port  eth-dst           out-port packets  bytes
---------------- -------- ----------------- -------- -------- --------
0000000000000003        1       192.168.0.1        2        4      392
0000000000000003        1       192.168.0.3        3        1       98
0000000000000003        2       192.168.0.2        1        4      392
0000000000000003        3       192.168.0.2        1        2      196
datapath         port     rx-pkts  rx-bytes rx-error tx-pkts  tx-bytes tx-error
---------------- -------- -------- -------- -------- -------- -------- --------
0000000000000002        1       10      756        0      795    62166        0
0000000000000002        2      820    51964        0      820    51964        0
0000000000000002        3      819    51828        0      818    51768        0
datapath         in-port  eth-dst           out-port packets  bytes
---------------- -------- ----------------- -------- -------- --------
0000000000000002        1       192.168.0.1        2        4      392
0000000000000002        1       192.168.0.2        3        2      196
0000000000000002        2       192.168.0.3        1        4      392
0000000000000002        3       192.168.0.3        1        2      196
discovery--->==================================== discovery ====================================
discovery---> cls: [(1, 2), (1, 3), (2, 3)]
discovery--->=============================================================================
==================================== link detector ====================================

----------------------------
src    dst :    delay
1 <---> 2 : 4.730463027954102
1 <---> 3 : 3.2470226287841797
2 <---> 1 : 3.5681724548339844
2 <---> 3 : 3.1642913818359375
3 <---> 2 : 3.5240650177001953
3 <---> 1 : 3.1876564025878906
==================================== link detector ====================================

----------------------------
src    dst :    delay
1 <---> 2 : 2.721548080444336
1 <---> 3 : 4.124641418457031
2 <---> 1 : 2.788543701171875
2 <---> 3 : 2.452850341796875
3 <---> 2 : 3.1065940856933594
3 <---> 1 : 4.100799560546875
datapath         port     rx-pkts  rx-bytes rx-error tx-pkts  tx-bytes tx-error
---------------- -------- -------- -------- -------- -------- -------- --------
0000000000000002        1       10      756        0      800    62556        0
0000000000000002        2      825    52264        0      826    52324        0
0000000000000002        3      825    52188        0      823    52068        0
datapath         in-port  eth-dst           out-port packets  bytes
---------------- -------- ----------------- -------- -------- --------
0000000000000002        1       192.168.0.1        2        4      392
0000000000000002        1       192.168.0.2        3        2      196
0000000000000002        2       192.168.0.3        1        4      392
0000000000000002        3       192.168.0.3        1        2      196
datapath         port     rx-pkts  rx-bytes rx-error tx-pkts  tx-bytes tx-error
---------------- -------- -------- -------- -------- -------- -------- --------
0000000000000003        1       11      798        0      800    62556        0
0000000000000003        2      825    52264        0      826    52324        0
0000000000000003        3      823    52068        0      825    52188        0
datapath         in-port  eth-dst           out-port packets  bytes
---------------- -------- ----------------- -------- -------- --------
0000000000000003        1       192.168.0.1        2        4      392
0000000000000003        1       192.168.0.3        3        1       98
0000000000000003        2       192.168.0.2        1        4      392
0000000000000003        3       192.168.0.2        1        2      196
datapath         port     rx-pkts  rx-bytes rx-error tx-pkts  tx-bytes tx-error
---------------- -------- -------- -------- -------- -------- -------- --------
0000000000000001        1       10      868        0      804    62890        0
0000000000000001        2      826    52324        0      825    52264        0
0000000000000001        3      826    52324        0      825    52264        0
datapath         in-port  eth-dst           out-port packets  bytes
---------------- -------- ----------------- -------- -------- --------
0000000000000001        1       192.168.0.2        2        3      294
0000000000000001        1       192.168.0.3        3        3      294
0000000000000001        2       192.168.0.1        1        4      392
0000000000000001        3       192.168.0.1        1        4      392
discovery--->==================================== discovery ====================================
discovery---> cls: [(1, 2), (1, 3), (2, 3)]
discovery--->=============================================================================
==================================== link detector ====================================

----------------------------
src    dst :    delay
1 <---> 2 : 2.9268264770507812
1 <---> 3 : 3.8750171661376953
2 <---> 1 : 2.403736114501953
2 <---> 3 : 4.5261383056640625
3 <---> 2 : 4.174470901489258
3 <---> 1 : 4.13203239440918
datapath         port     rx-pkts  rx-bytes rx-error tx-pkts  tx-bytes tx-error
---------------- -------- -------- -------- -------- -------- -------- --------
0000000000000002        1       10      756        0      806    63024        0
0000000000000002        2      831    52624        0      832    52684        0
0000000000000002        3      830    52488        0      829    52428        0
datapath         in-port  eth-dst           out-port packets  bytes
---------------- -------- ----------------- -------- -------- --------
0000000000000002        1       192.168.0.1        2        4      392
0000000000000002        1       192.168.0.2        3        2      196
0000000000000002        2       192.168.0.3        1        4      392
0000000000000002        3       192.168.0.3        1        2      196
datapath         port     rx-pkts  rx-bytes rx-error tx-pkts  tx-bytes tx-error
---------------- -------- -------- -------- -------- -------- -------- --------
0000000000000001        1       10      868        0      810    63358        0
0000000000000001        2      832    52684        0      831    52624        0
0000000000000001        3      832    52684        0      831    52624        0
datapath         in-port  eth-dst           out-port packets  bytes
---------------- -------- ----------------- -------- -------- --------
0000000000000001        1       192.168.0.2        2        3      294
0000000000000001        1       192.168.0.3        3        3      294
0000000000000001        2       192.168.0.1        1        4      392
0000000000000001        3       192.168.0.1        1        4      392
datapath         port     rx-pkts  rx-bytes rx-error tx-pkts  tx-bytes tx-error
---------------- -------- -------- -------- -------- -------- -------- --------
0000000000000003        1       11      798        0      806    63024        0
0000000000000003        2      831    52624        0      832    52684        0
0000000000000003        3      829    52428        0      830    52488        0
datapath         in-port  eth-dst           out-port packets  bytes
---------------- -------- ----------------- -------- -------- --------
0000000000000003        1       192.168.0.1        2        4      392
0000000000000003        1       192.168.0.3        3        1       98
0000000000000003        2       192.168.0.2        1        4      392
0000000000000003        3       192.168.0.2        1        2      196
discovery--->==================================== discovery ====================================
discovery---> cls: [(1, 2), (1, 3), (2, 3)]
discovery--->=============================================================================
==================================== link detector ====================================

----------------------------
src    dst :    delay
1 <---> 2 : 3.9114952087402344
1 <---> 3 : 3.8099288940429688
2 <---> 1 : 3.792285919189453
2 <---> 3 : 4.077672958374023
3 <---> 2 : 2.850770950317383
3 <---> 1 : 3.62396240234375
==================================== link detector ====================================

----------------------------
src    dst :    delay
1 <---> 2 : 3.444194793701172
1 <---> 3 : 3.564119338989258
2 <---> 1 : 4.013776779174805
2 <---> 3 : 3.0748844146728516
3 <---> 2 : 4.167795181274414
3 <---> 1 : 4.02379035949707
datapath         port     rx-pkts  rx-bytes rx-error tx-pkts  tx-bytes tx-error
---------------- -------- -------- -------- -------- -------- -------- --------
0000000000000002        1       10      756        0      811    63414        0
0000000000000002        2      837    52984        0      837    52984        0
0000000000000002        3      836    52848        0      834    52728        0
datapath         in-port  eth-dst           out-port packets  bytes
---------------- -------- ----------------- -------- -------- --------
0000000000000002        1       192.168.0.1        2        4      392
0000000000000002        1       192.168.0.2        3        2      196
0000000000000002        2       192.168.0.3        1        4      392
0000000000000002        3       192.168.0.3        1        2      196
datapath         port     rx-pkts  rx-bytes rx-error tx-pkts  tx-bytes tx-error
---------------- -------- -------- -------- -------- -------- -------- --------
0000000000000003        1       11      798        0      811    63414        0
0000000000000003        2      836    52924        0      837    52984        0
0000000000000003        3      834    52728        0      836    52848        0
datapath         in-port  eth-dst           out-port packets  bytes
---------------- -------- ----------------- -------- -------- --------
0000000000000003        1       192.168.0.1        2        4      392
0000000000000003        1       192.168.0.3        3        1       98
0000000000000003        2       192.168.0.2        1        4      392
0000000000000003        3       192.168.0.2        1        2      196
datapath         port     rx-pkts  rx-bytes rx-error tx-pkts  tx-bytes tx-error
---------------- -------- -------- -------- -------- -------- -------- --------
0000000000000001        1       10      868        0      815    63748        0
0000000000000001        2      837    52984        0      836    52924        0
0000000000000001        3      837    52984        0      837    52984        0
datapath         in-port  eth-dst           out-port packets  bytes
---------------- -------- ----------------- -------- -------- --------
0000000000000001        1       192.168.0.2        2        3      294
0000000000000001        1       192.168.0.3        3        3      294
0000000000000001        2       192.168.0.1        1        4      392
0000000000000001        3       192.168.0.1        1        4      392
discovery--->==================================== discovery ====================================
discovery---> cls: [(1, 2), (1, 3), (2, 3)]
discovery--->=============================================================================
==================================== link detector ====================================

----------------------------
src    dst :    delay
1 <---> 2 : 4.095315933227539
1 <---> 3 : 3.226757049560547
2 <---> 1 : 4.000186920166016
2 <---> 3 : 4.042387008666992
3 <---> 2 : 4.128456115722656
3 <---> 1 : 4.293203353881836
datapath         port     rx-pkts  rx-bytes rx-error tx-pkts  tx-bytes tx-error
---------------- -------- -------- -------- -------- -------- -------- --------
0000000000000002        1       10      756        0      817    63882        0
0000000000000002        2      842    53284        0      843    53344        0
0000000000000002        3      842    53208        0      840    53088        0
datapath         in-port  eth-dst           out-port packets  bytes
---------------- -------- ----------------- -------- -------- --------
0000000000000002        1       192.168.0.1        2        4      392
0000000000000002        1       192.168.0.2        3        2      196
0000000000000002        2       192.168.0.3        1        4      392
0000000000000002        3       192.168.0.3        1        2      196
datapath         port     rx-pkts  rx-bytes rx-error tx-pkts  tx-bytes tx-error
---------------- -------- -------- -------- -------- -------- -------- --------
0000000000000003        1       11      798        0      817    63882        0
0000000000000003        2      842    53284        0      843    53344        0
0000000000000003        3      840    53088        0      842    53208        0
datapath         in-port  eth-dst           out-port packets  bytes
---------------- -------- ----------------- -------- -------- --------
0000000000000003        1       192.168.0.1        2        4      392
0000000000000003        1       192.168.0.3        3        1       98
0000000000000003        2       192.168.0.2        1        4      392
0000000000000003        3       192.168.0.2        1        2      196
datapath         port     rx-pkts  rx-bytes rx-error tx-pkts  tx-bytes tx-error
---------------- -------- -------- -------- -------- -------- -------- --------
0000000000000001        1       10      868        0      821    64216        0
0000000000000001        2      843    53344        0      842    53284        0
0000000000000001        3      843    53344        0      842    53284        0
datapath         in-port  eth-dst           out-port packets  bytes
---------------- -------- ----------------- -------- -------- --------
0000000000000001        1       192.168.0.2        2        3      294
0000000000000001        1       192.168.0.3        3        3      294
0000000000000001        2       192.168.0.1        1        4      392
0000000000000001        3       192.168.0.1        1        4      392
discovery--->==================================== discovery ====================================
discovery---> cls: [(1, 2), (1, 3), (2, 3)]
discovery--->=============================================================================
==================================== link detector ====================================

----------------------------
src    dst :    delay
1 <---> 2 : 2.7723312377929688
1 <---> 3 : 3.5834312438964844
2 <---> 1 : 2.924680709838867
2 <---> 3 : 4.691123962402344
3 <---> 2 : 2.9799938201904297
3 <---> 1 : 3.8330554962158203
==================================== link detector ====================================

----------------------------
src    dst :    delay
1 <---> 2 : 3.638744354248047
1 <---> 3 : 3.711700439453125
2 <---> 1 : 2.7112960815429688
2 <---> 3 : 3.3118724822998047
3 <---> 2 : 4.102230072021484
3 <---> 1 : 2.7370452880859375
datapath         port     rx-pkts  rx-bytes rx-error tx-pkts  tx-bytes tx-error
---------------- -------- -------- -------- -------- -------- -------- --------
0000000000000002        1       10      756        0      822    64272        0
0000000000000002        2      848    53644        0      848    53644        0
0000000000000002        3      847    53508        0      845    53388        0
datapath         in-port  eth-dst           out-port packets  bytes
---------------- -------- ----------------- -------- -------- --------
0000000000000002        1       192.168.0.1        2        4      392
0000000000000002        1       192.168.0.2        3        2      196
0000000000000002        2       192.168.0.3        1        4      392
0000000000000002        3       192.168.0.3        1        2      196
datapath         port     rx-pkts  rx-bytes rx-error tx-pkts  tx-bytes tx-error
---------------- -------- -------- -------- -------- -------- -------- --------
0000000000000001        1       10      868        0      827    64684        0
0000000000000001        2      848    53644        0      848    53644        0
0000000000000001        3      848    53644        0      848    53644        0
datapath         in-port  eth-dst           out-port packets  bytes
---------------- -------- ----------------- -------- -------- --------
0000000000000001        1       192.168.0.2        2        3      294
0000000000000001        1       192.168.0.3        3        3      294
0000000000000001        2       192.168.0.1        1        4      392
0000000000000001        3       192.168.0.1        1        4      392
datapath         port     rx-pkts  rx-bytes rx-error tx-pkts  tx-bytes tx-error
---------------- -------- -------- -------- -------- -------- -------- --------
0000000000000003        1       11      798        0      822    64272        0
0000000000000003        2      848    53644        0      848    53644        0
0000000000000003        3      845    53388        0      847    53508        0
datapath         in-port  eth-dst           out-port packets  bytes
---------------- -------- ----------------- -------- -------- --------
0000000000000003        1       192.168.0.1        2        4      392
0000000000000003        1       192.168.0.3        3        1       98
0000000000000003        2       192.168.0.2        1        4      392
0000000000000003        3       192.168.0.2        1        2      196
discovery--->==================================== discovery ====================================
discovery---> cls: [(1, 2), (1, 3), (2, 3)]
discovery--->=============================================================================
==================================== link detector ====================================

----------------------------
src    dst :    delay
1 <---> 2 : 2.7132034301757812
1 <---> 3 : 3.821849822998047
2 <---> 1 : 3.042936325073242
2 <---> 3 : 2.6445388793945312
3 <---> 2 : 4.180669784545898
3 <---> 1 : 2.767324447631836
==================================== link detector ====================================

----------------------------
src    dst :    delay
1 <---> 2 : 3.1609535217285156
1 <---> 3 : 3.130674362182617
2 <---> 1 : 3.032207489013672
2 <---> 3 : 4.732370376586914
3 <---> 2 : 4.231691360473633
3 <---> 1 : 3.6945343017578125
datapath         port     rx-pkts  rx-bytes rx-error tx-pkts  tx-bytes tx-error
---------------- -------- -------- -------- -------- -------- -------- --------
0000000000000002        1       10      756        0      828    64740        0
0000000000000002        2      853    53944        0      854    54004        0
0000000000000002        3      853    53868        0      851    53748        0
datapath         in-port  eth-dst           out-port packets  bytes
---------------- -------- ----------------- -------- -------- --------
0000000000000002        1       192.168.0.1        2        4      392
0000000000000002        1       192.168.0.2        3        2      196
0000000000000002        2       192.168.0.3        1        4      392
0000000000000002        3       192.168.0.3        1        2      196
datapath         port     rx-pkts  rx-bytes rx-error tx-pkts  tx-bytes tx-error
---------------- -------- -------- -------- -------- -------- -------- --------
0000000000000001        1       10      868        0      832    65074        0
0000000000000001        2      854    54004        0      853    53944        0
0000000000000001        3      854    54004        0      853    53944        0
datapath         in-port  eth-dst           out-port packets  bytes
---------------- -------- ----------------- -------- -------- --------
0000000000000001        1       192.168.0.2        2        3      294
0000000000000001        1       192.168.0.3        3        3      294
0000000000000001        2       192.168.0.1        1        4      392
0000000000000001        3       192.168.0.1        1        4      392
datapath         port     rx-pkts  rx-bytes rx-error tx-pkts  tx-bytes tx-error
---------------- -------- -------- -------- -------- -------- -------- --------
0000000000000003        1       11      798        0      828    64740        0
0000000000000003        2      853    53944        0      854    54004        0
0000000000000003        3      851    53748        0      853    53868        0
datapath         in-port  eth-dst           out-port packets  bytes
---------------- -------- ----------------- -------- -------- --------
0000000000000003        1       192.168.0.1        2        4      392
0000000000000003        1       192.168.0.3        3        1       98
0000000000000003        2       192.168.0.2        1        4      392
0000000000000003        3       192.168.0.2        1        2      196
discovery--->==================================== discovery ====================================
discovery---> cls: [(1, 2), (1, 3), (2, 3)]
discovery--->=============================================================================
==================================== link detector ====================================

----------------------------
src    dst :    delay
1 <---> 2 : 3.267049789428711
1 <---> 3 : 3.2739639282226562
2 <---> 1 : 3.2393932342529297
2 <---> 3 : 3.3991336822509766
3 <---> 2 : 3.429412841796875
3 <---> 1 : 3.251314163208008
datapath         port     rx-pkts  rx-bytes rx-error tx-pkts  tx-bytes tx-error
---------------- -------- -------- -------- -------- -------- -------- --------
0000000000000002        1       10      756        0      833    65130        0
0000000000000002        2      859    54304        0      859    54304        0
0000000000000002        3      858    54168        0      857    54108        0
datapath         in-port  eth-dst           out-port packets  bytes
---------------- -------- ----------------- -------- -------- --------
0000000000000002        1       192.168.0.1        2        4      392
0000000000000002        1       192.168.0.2        3        2      196
0000000000000002        2       192.168.0.3        1        4      392
0000000000000002        3       192.168.0.3        1        2      196
datapath         port     rx-pkts  rx-bytes rx-error tx-pkts  tx-bytes tx-error
---------------- -------- -------- -------- -------- -------- -------- --------
0000000000000003        1       11      798        0      833    65130        0
0000000000000003        2      859    54304        0      859    54304        0
0000000000000003        3      857    54108        0      858    54168        0
datapath         in-port  eth-dst           out-port packets  bytes
---------------- -------- ----------------- -------- -------- --------
0000000000000003        1       192.168.0.1        2        4      392
0000000000000003        1       192.168.0.3        3        1       98
0000000000000003        2       192.168.0.2        1        4      392
0000000000000003        3       192.168.0.2        1        2      196
datapath         port     rx-pkts  rx-bytes rx-error tx-pkts  tx-bytes tx-error
---------------- -------- -------- -------- -------- -------- -------- --------
0000000000000001        1       10      868        0      838    65542        0
0000000000000001        2      859    54304        0      859    54304        0
0000000000000001        3      859    54304        0      859    54304        0
datapath         in-port  eth-dst           out-port packets  bytes
---------------- -------- ----------------- -------- -------- --------
0000000000000001        1       192.168.0.2        2        3      294
0000000000000001        1       192.168.0.3        3        3      294
0000000000000001        2       192.168.0.1        1        4      392
0000000000000001        3       192.168.0.1        1        4      392
discovery--->==================================== discovery ====================================
discovery---> cls: [(1, 2), (1, 3), (2, 3)]
discovery--->=============================================================================
==================================== link detector ====================================

----------------------------
src    dst :    delay
1 <---> 2 : 4.086732864379883
1 <---> 3 : 2.6581287384033203
2 <---> 1 : 2.458810806274414
2 <---> 3 : 2.9010772705078125
3 <---> 2 : 3.4618377685546875
3 <---> 1 : 4.142045974731445
==================================== link detector ====================================

----------------------------
src    dst :    delay
1 <---> 2 : 2.7327537536621094
1 <---> 3 : 4.72712516784668
2 <---> 1 : 2.676248550415039
2 <---> 3 : 2.724170684814453
3 <---> 2 : 3.7293434143066406
3 <---> 1 : 4.271268844604492
datapath         port     rx-pkts  rx-bytes rx-error tx-pkts  tx-bytes tx-error
---------------- -------- -------- -------- -------- -------- -------- --------
0000000000000002        1       10      756        0      839    65598        0
0000000000000002        2      864    54604        0      865    54664        0
0000000000000002        3      864    54528        0      862    54408        0
datapath         in-port  eth-dst           out-port packets  bytes
---------------- -------- ----------------- -------- -------- --------
0000000000000002        1       192.168.0.1        2        4      392
0000000000000002        1       192.168.0.2        3        2      196
0000000000000002        2       192.168.0.3        1        4      392
0000000000000002        3       192.168.0.3        1        2      196
datapath         port     rx-pkts  rx-bytes rx-error tx-pkts  tx-bytes tx-error
---------------- -------- -------- -------- -------- -------- -------- --------
0000000000000003        1       11      798        0      839    65598        0
0000000000000003        2      864    54604        0      865    54664        0
0000000000000003        3      862    54408        0      864    54528        0
datapath         in-port  eth-dst           out-port packets  bytes
---------------- -------- ----------------- -------- -------- --------
0000000000000003        1       192.168.0.1        2        4      392
0000000000000003        1       192.168.0.3        3        1       98
0000000000000003        2       192.168.0.2        1        4      392
0000000000000003        3       192.168.0.2        1        2      196
datapath         port     rx-pkts  rx-bytes rx-error tx-pkts  tx-bytes tx-error
---------------- -------- -------- -------- -------- -------- -------- --------
0000000000000001        1       10      868        0      843    65932        0
0000000000000001        2      865    54664        0      864    54604        0
0000000000000001        3      865    54664        0      864    54604        0
datapath         in-port  eth-dst           out-port packets  bytes
---------------- -------- ----------------- -------- -------- --------
0000000000000001        1       192.168.0.2        2        3      294
0000000000000001        1       192.168.0.3        3        3      294
0000000000000001        2       192.168.0.1        1        4      392
0000000000000001        3       192.168.0.1        1        4      392
discovery--->==================================== discovery ====================================
discovery---> cls: [(1, 2), (1, 3), (2, 3)]
discovery--->=============================================================================
==================================== link detector ====================================

----------------------------
src    dst :    delay
1 <---> 2 : 3.112316131591797
1 <---> 3 : 3.6191940307617188
2 <---> 1 : 3.2377243041992188
2 <---> 3 : 2.2253990173339844
3 <---> 2 : 3.1931400299072266
3 <---> 1 : 2.3081302642822266
datapath         port     rx-pkts  rx-bytes rx-error tx-pkts  tx-bytes tx-error
---------------- -------- -------- -------- -------- -------- -------- --------
0000000000000001        1       10      868        0      849    66400        0
0000000000000001        2      870    54964        0      870    54964        0
0000000000000001        3      870    54964        0      870    54964        0
datapath         in-port  eth-dst           out-port packets  bytes
---------------- -------- ----------------- -------- -------- --------
0000000000000001        1       192.168.0.2        2        3      294
0000000000000001        1       192.168.0.3        3        3      294
0000000000000001        2       192.168.0.1        1        4      392
0000000000000001        3       192.168.0.1        1        4      392
datapath         port     rx-pkts  rx-bytes rx-error tx-pkts  tx-bytes tx-error
---------------- -------- -------- -------- -------- -------- -------- --------
0000000000000002        1       10      756        0      845    66066        0
0000000000000002        2      870    54964        0      870    54964        0
0000000000000002        3      869    54828        0      868    54768        0
datapath         in-port  eth-dst           out-port packets  bytes
---------------- -------- ----------------- -------- -------- --------
0000000000000002        1       192.168.0.1        2        4      392
0000000000000002        1       192.168.0.2        3        2      196
0000000000000002        2       192.168.0.3        1        4      392
0000000000000002        3       192.168.0.3        1        2      196
datapath         port     rx-pkts  rx-bytes rx-error tx-pkts  tx-bytes tx-error
---------------- -------- -------- -------- -------- -------- -------- --------
0000000000000003        1       11      798        0      845    66066        0
0000000000000003        2      870    54964        0      870    54964        0
0000000000000003        3      868    54768        0      869    54828        0
datapath         in-port  eth-dst           out-port packets  bytes
---------------- -------- ----------------- -------- -------- --------
0000000000000003        1       192.168.0.1        2        4      392
0000000000000003        1       192.168.0.3        3        1       98
0000000000000003        2       192.168.0.2        1        4      392
0000000000000003        3       192.168.0.2        1        2      196
discovery--->==================================== discovery ====================================
discovery---> cls: [(1, 2), (1, 3), (2, 3)]
discovery--->=============================================================================
==================================== link detector ====================================

----------------------------
src    dst :    delay
1 <---> 2 : 4.923105239868164
1 <---> 3 : 3.1731128692626953
2 <---> 1 : 2.591848373413086
2 <---> 3 : 2.7899742126464844
3 <---> 2 : 2.6397705078125
3 <---> 1 : 2.7120113372802734
==================================== link detector ====================================

----------------------------
src    dst :    delay
1 <---> 2 : 2.427339553833008
1 <---> 3 : 2.904653549194336
2 <---> 1 : 2.952098846435547
2 <---> 3 : 2.678394317626953
3 <---> 2 : 4.388093948364258
3 <---> 1 : 2.72369384765625
datapath         port     rx-pkts  rx-bytes rx-error tx-pkts  tx-bytes tx-error
---------------- -------- -------- -------- -------- -------- -------- --------
0000000000000002        1       10      756        0      850    66456        0
0000000000000002        2      875    55264        0      876    55324        0
0000000000000002        3      875    55188        0      873    55068        0
datapath         in-port  eth-dst           out-port packets  bytes
---------------- -------- ----------------- -------- -------- --------
0000000000000002        1       192.168.0.1        2        4      392
0000000000000002        1       192.168.0.2        3        2      196
0000000000000002        2       192.168.0.3        1        4      392
0000000000000002        3       192.168.0.3        1        2      196
datapath         port     rx-pkts  rx-bytes rx-error tx-pkts  tx-bytes tx-error
---------------- -------- -------- -------- -------- -------- -------- --------
0000000000000001        1       10      868        0      854    66790        0
0000000000000001        2      876    55324        0      875    55264        0
0000000000000001        3      876    55324        0      875    55264        0
datapath         in-port  eth-dst           out-port packets  bytes
---------------- -------- ----------------- -------- -------- --------
0000000000000001        1       192.168.0.2        2        3      294
0000000000000001        1       192.168.0.3        3        3      294
0000000000000001        2       192.168.0.1        1        4      392
0000000000000001        3       192.168.0.1        1        4      392
datapath         port     rx-pkts  rx-bytes rx-error tx-pkts  tx-bytes tx-error
---------------- -------- -------- -------- -------- -------- -------- --------
0000000000000003        1       11      798        0      850    66456        0
0000000000000003        2      875    55264        0      876    55324        0
0000000000000003        3      873    55068        0      875    55188        0
datapath         in-port  eth-dst           out-port packets  bytes
---------------- -------- ----------------- -------- -------- --------
0000000000000003        1       192.168.0.1        2        4      392
0000000000000003        1       192.168.0.3        3        1       98
0000000000000003        2       192.168.0.2        1        4      392
0000000000000003        3       192.168.0.2        1        2      196
discovery--->==================================== discovery ====================================
discovery---> cls: [(1, 2), (1, 3), (2, 3)]
discovery--->=============================================================================
==================================== link detector ====================================

----------------------------
src    dst :    delay
1 <---> 2 : 2.4271011352539062
1 <---> 3 : 3.132343292236328
2 <---> 1 : 2.293109893798828
2 <---> 3 : 2.4459362030029297
3 <---> 2 : 2.778768539428711
3 <---> 1 : 2.234935760498047
datapath         port     rx-pkts  rx-bytes rx-error tx-pkts  tx-bytes tx-error
---------------- -------- -------- -------- -------- -------- -------- --------
0000000000000002        1       10      756        0      856    66924        0
0000000000000002        2      881    55624        0      881    55624        0
0000000000000002        3      880    55488        0      879    55428        0
datapath         in-port  eth-dst           out-port packets  bytes
---------------- -------- ----------------- -------- -------- --------
0000000000000002        1       192.168.0.1        2        4      392
0000000000000002        1       192.168.0.2        3        2      196
0000000000000002        2       192.168.0.3        1        4      392
0000000000000002        3       192.168.0.3        1        2      196
datapath         port     rx-pkts  rx-bytes rx-error tx-pkts  tx-bytes tx-error
---------------- -------- -------- -------- -------- -------- -------- --------
0000000000000003        1       11      798        0      856    66924        0
0000000000000003        2      881    55624        0      882    55684        0
0000000000000003        3      879    55428        0      880    55488        0
datapath         in-port  eth-dst           out-port packets  bytes
---------------- -------- ----------------- -------- -------- --------
0000000000000003        1       192.168.0.1        2        4      392
0000000000000003        1       192.168.0.3        3        1       98
0000000000000003        2       192.168.0.2        1        4      392
0000000000000003        3       192.168.0.2        1        2      196
datapath         port     rx-pkts  rx-bytes rx-error tx-pkts  tx-bytes tx-error
---------------- -------- -------- -------- -------- -------- -------- --------
0000000000000001        1       10      868        0      860    67258        0
0000000000000001        2      882    55684        0      881    55624        0
0000000000000001        3      881    55624        0      881    55624        0
datapath         in-port  eth-dst           out-port packets  bytes
---------------- -------- ----------------- -------- -------- --------
0000000000000001        1       192.168.0.2        2        3      294
0000000000000001        1       192.168.0.3        3        3      294
0000000000000001        2       192.168.0.1        1        4      392
0000000000000001        3       192.168.0.1        1        4      392
==================================== link detector ====================================

----------------------------
src    dst :    delay
1 <---> 2 : 3.3490657806396484
1 <---> 3 : 2.332448959350586
2 <---> 1 : 8.438825607299805
2 <---> 3 : 4.300832748413086
3 <---> 2 : 3.0503273010253906
3 <---> 1 : 3.1919479370117188
discovery--->==================================== discovery ====================================
discovery---> cls: [(1, 2), (1, 3), (2, 3)]
discovery--->=============================================================================
==================================== link detector ====================================

----------------------------
src    dst :    delay
1 <---> 2 : 2.3207664489746094
1 <---> 3 : 2.4580955505371094
2 <---> 1 : 2.946615219116211
2 <---> 3 : 2.962350845336914
3 <---> 2 : 3.289461135864258
3 <---> 1 : 3.523588180541992
datapath         port     rx-pkts  rx-bytes rx-error tx-pkts  tx-bytes tx-error
---------------- -------- -------- -------- -------- -------- -------- --------
0000000000000002        1       10      756        0      861    67314        0
0000000000000002        2      886    55924        0      887    55984        0
0000000000000002        3      886    55848        0      884    55728        0
datapath         in-port  eth-dst           out-port packets  bytes
---------------- -------- ----------------- -------- -------- --------
0000000000000002        1       192.168.0.1        2        4      392
0000000000000002        1       192.168.0.2        3        2      196
0000000000000002        2       192.168.0.3        1        4      392
0000000000000002        3       192.168.0.3        1        2      196
datapath         port     rx-pkts  rx-bytes rx-error tx-pkts  tx-bytes tx-error
---------------- -------- -------- -------- -------- -------- -------- --------
0000000000000003        1       11      798        0      861    67314        0
0000000000000003        2      886    55924        0      887    55984        0
0000000000000003        3      884    55728        0      886    55848        0
datapath         in-port  eth-dst           out-port packets  bytes
---------------- -------- ----------------- -------- -------- --------
0000000000000003        1       192.168.0.1        2        4      392
0000000000000003        1       192.168.0.3        3        1       98
0000000000000003        2       192.168.0.2        1        4      392
0000000000000003        3       192.168.0.2        1        2      196
datapath         port     rx-pkts  rx-bytes rx-error tx-pkts  tx-bytes tx-error
---------------- -------- -------- -------- -------- -------- -------- --------
0000000000000001        1       10      868        0      865    67648        0
0000000000000001        2      887    55984        0      886    55924        0
0000000000000001        3      887    55984        0      886    55924        0
datapath         in-port  eth-dst           out-port packets  bytes
---------------- -------- ----------------- -------- -------- --------
0000000000000001        1       192.168.0.2        2        3      294
0000000000000001        1       192.168.0.3        3        3      294
0000000000000001        2       192.168.0.1        1        4      392
0000000000000001        3       192.168.0.1        1        4      392
discovery--->==================================== discovery ====================================
discovery---> cls: [(1, 2), (1, 3), (2, 3)]
discovery--->=============================================================================
==================================== link detector ====================================

----------------------------
src    dst :    delay
1 <---> 2 : 2.4645328521728516
1 <---> 3 : 4.301309585571289
2 <---> 1 : 2.663850784301758
2 <---> 3 : 2.608776092529297
3 <---> 2 : 3.2701492309570312
3 <---> 1 : 2.750396728515625
==================================== link detector ====================================

----------------------------
src    dst :    delay
1 <---> 2 : 2.396821975708008
1 <---> 3 : 3.0035972595214844
2 <---> 1 : 3.6656856536865234
2 <---> 3 : 2.282857894897461
3 <---> 2 : 2.4924278259277344
3 <---> 1 : 2.259969711303711
datapath         port     rx-pkts  rx-bytes rx-error tx-pkts  tx-bytes tx-error
---------------- -------- -------- -------- -------- -------- -------- --------
0000000000000002        1       10      756        0      867    67782        0
0000000000000002        2      892    56284        0      893    56344        0
0000000000000002        3      892    56208        0      890    56088        0
datapath         in-port  eth-dst           out-port packets  bytes
---------------- -------- ----------------- -------- -------- --------
0000000000000002        1       192.168.0.1        2        4      392
0000000000000002        1       192.168.0.2        3        2      196
0000000000000002        2       192.168.0.3        1        4      392
0000000000000002        3       192.168.0.3        1        2      196
datapath         port     rx-pkts  rx-bytes rx-error tx-pkts  tx-bytes tx-error
---------------- -------- -------- -------- -------- -------- -------- --------
0000000000000003        1       11      798        0      867    67782        0
0000000000000003        2      892    56284        0      893    56344        0
0000000000000003        3      890    56088        0      892    56208        0
datapath         in-port  eth-dst           out-port packets  bytes
---------------- -------- ----------------- -------- -------- --------
0000000000000003        1       192.168.0.1        2        4      392
0000000000000003        1       192.168.0.3        3        1       98
0000000000000003        2       192.168.0.2        1        4      392
0000000000000003        3       192.168.0.2        1        2      196
datapath         port     rx-pkts  rx-bytes rx-error tx-pkts  tx-bytes tx-error
---------------- -------- -------- -------- -------- -------- -------- --------
0000000000000001        1       10      868        0      871    68116        0
0000000000000001        2      893    56344        0      892    56284        0
0000000000000001        3      893    56344        0      892    56284        0
datapath         in-port  eth-dst           out-port packets  bytes
---------------- -------- ----------------- -------- -------- --------
0000000000000001        1       192.168.0.2        2        3      294
0000000000000001        1       192.168.0.3        3        3      294
0000000000000001        2       192.168.0.1        1        4      392
0000000000000001        3       192.168.0.1        1        4      392
discovery--->==================================== discovery ====================================
discovery---> cls: [(1, 2), (1, 3), (2, 3)]
discovery--->=============================================================================
==================================== link detector ====================================

----------------------------
src    dst :    delay
1 <---> 2 : 4.059553146362305
1 <---> 3 : 4.22215461730957
2 <---> 1 : 3.4608840942382812
2 <---> 3 : 4.08625602722168
3 <---> 2 : 3.531932830810547
3 <---> 1 : 3.426074981689453
datapath         port     rx-pkts  rx-bytes rx-error tx-pkts  tx-bytes tx-error
---------------- -------- -------- -------- -------- -------- -------- --------
0000000000000001        1       10      868        0      876    68506        0
0000000000000001        2      898    56644        0      898    56644        0
0000000000000001        3      898    56644        0      898    56644        0
datapath         in-port  eth-dst           out-port packets  bytes
---------------- -------- ----------------- -------- -------- --------
0000000000000001        1       192.168.0.2        2        3      294
0000000000000001        1       192.168.0.3        3        3      294
0000000000000001        2       192.168.0.1        1        4      392
0000000000000001        3       192.168.0.1        1        4      392
datapath         port     rx-pkts  rx-bytes rx-error tx-pkts  tx-bytes tx-error
---------------- -------- -------- -------- -------- -------- -------- --------
0000000000000003        1       11      798        0      872    68172        0
0000000000000003        2      898    56644        0      898    56644        0
0000000000000003        3      895    56388        0      897    56508        0
datapath         in-port  eth-dst           out-port packets  bytes
---------------- -------- ----------------- -------- -------- --------
0000000000000003        1       192.168.0.1        2        4      392
0000000000000003        1       192.168.0.3        3        1       98
0000000000000003        2       192.168.0.2        1        4      392
0000000000000003        3       192.168.0.2        1        2      196
datapath         port     rx-pkts  rx-bytes rx-error tx-pkts  tx-bytes tx-error
---------------- -------- -------- -------- -------- -------- -------- --------
0000000000000002        1       10      756        0      872    68172        0
0000000000000002        2      898    56644        0      898    56644        0
0000000000000002        3      897    56508        0      895    56388        0
datapath         in-port  eth-dst           out-port packets  bytes
---------------- -------- ----------------- -------- -------- --------
0000000000000002        1       192.168.0.1        2        4      392
0000000000000002        1       192.168.0.2        3        2      196
0000000000000002        2       192.168.0.3        1        4      392
0000000000000002        3       192.168.0.3        1        2      196
discovery--->==================================== discovery ====================================
discovery---> cls: [(1, 2), (1, 3), (2, 3)]
discovery--->=============================================================================
==================================== link detector ====================================

----------------------------
src    dst :    delay
1 <---> 2 : 3.214120864868164
1 <---> 3 : 2.774953842163086
2 <---> 1 : 3.708362579345703
2 <---> 3 : 4.134654998779297
3 <---> 2 : 2.3336410522460938
3 <---> 1 : 3.2520294189453125
==================================== link detector ====================================

----------------------------
src    dst :    delay
1 <---> 2 : 4.82177734375
1 <---> 3 : 2.7036666870117188
2 <---> 1 : 3.935098648071289
2 <---> 3 : 2.405405044555664
3 <---> 2 : 2.729654312133789
3 <---> 1 : 4.215240478515625
datapath         port     rx-pkts  rx-bytes rx-error tx-pkts  tx-bytes tx-error
---------------- -------- -------- -------- -------- -------- -------- --------
0000000000000002        1       10      756        0      878    68640        0
0000000000000002        2      903    56944        0      904    57004        0
0000000000000002        3      903    56868        0      901    56748        0
datapath         in-port  eth-dst           out-port packets  bytes
---------------- -------- ----------------- -------- -------- --------
0000000000000002        1       192.168.0.1        2        4      392
0000000000000002        1       192.168.0.2        3        2      196
0000000000000002        2       192.168.0.3        1        4      392
0000000000000002        3       192.168.0.3        1        2      196
datapath         port     rx-pkts  rx-bytes rx-error tx-pkts  tx-bytes tx-error
---------------- -------- -------- -------- -------- -------- -------- --------
0000000000000003        1       11      798        0      878    68640        0
0000000000000003        2      903    56944        0      904    57004        0
0000000000000003        3      901    56748        0      903    56868        0
datapath         in-port  eth-dst           out-port packets  bytes
---------------- -------- ----------------- -------- -------- --------
0000000000000003        1       192.168.0.1        2        4      392
0000000000000003        1       192.168.0.3        3        1       98
0000000000000003        2       192.168.0.2        1        4      392
0000000000000003        3       192.168.0.2        1        2      196
datapath         port     rx-pkts  rx-bytes rx-error tx-pkts  tx-bytes tx-error
---------------- -------- -------- -------- -------- -------- -------- --------
0000000000000001        1       10      868        0      882    68974        0
0000000000000001        2      904    57004        0      903    56944        0
0000000000000001        3      904    57004        0      903    56944        0
datapath         in-port  eth-dst           out-port packets  bytes
---------------- -------- ----------------- -------- -------- --------
0000000000000001        1       192.168.0.2        2        3      294
0000000000000001        1       192.168.0.3        3        3      294
0000000000000001        2       192.168.0.1        1        4      392
0000000000000001        3       192.168.0.1        1        4      392
discovery--->==================================== discovery ====================================
discovery---> cls: [(1, 2), (1, 3), (2, 3)]
discovery--->=============================================================================
==================================== link detector ====================================

----------------------------
src    dst :    delay
1 <---> 2 : 4.030704498291016
1 <---> 3 : 4.060029983520508
2 <---> 1 : 4.155874252319336
2 <---> 3 : 3.210783004760742
3 <---> 2 : 3.9784908294677734
3 <---> 1 : 2.682209014892578
datapath         port     rx-pkts  rx-bytes rx-error tx-pkts  tx-bytes tx-error
---------------- -------- -------- -------- -------- -------- -------- --------
0000000000000002        1       10      756        0      883    69030        0
0000000000000002        2      909    57304        0      909    57304        0
0000000000000002        3      908    57168        0      907    57108        0
datapath         in-port  eth-dst           out-port packets  bytes
---------------- -------- ----------------- -------- -------- --------
0000000000000002        1       192.168.0.1        2        4      392
0000000000000002        1       192.168.0.2        3        2      196
0000000000000002        2       192.168.0.3        1        4      392
0000000000000002        3       192.168.0.3        1        2      196
datapath         port     rx-pkts  rx-bytes rx-error tx-pkts  tx-bytes tx-error
---------------- -------- -------- -------- -------- -------- -------- --------
0000000000000003        1       11      798        0      883    69030        0
0000000000000003        2      909    57304        0      909    57304        0
0000000000000003        3      907    57108        0      908    57168        0
datapath         in-port  eth-dst           out-port packets  bytes
---------------- -------- ----------------- -------- -------- --------
0000000000000003        1       192.168.0.1        2        4      392
0000000000000003        1       192.168.0.3        3        1       98
0000000000000003        2       192.168.0.2        1        4      392
0000000000000003        3       192.168.0.2        1        2      196
datapath         port     rx-pkts  rx-bytes rx-error tx-pkts  tx-bytes tx-error
---------------- -------- -------- -------- -------- -------- -------- --------
0000000000000001        1       10      868        0      888    69442        0
0000000000000001        2      909    57304        0      909    57304        0
0000000000000001        3      909    57304        0      909    57304        0
datapath         in-port  eth-dst           out-port packets  bytes
---------------- -------- ----------------- -------- -------- --------
0000000000000001        1       192.168.0.2        2        3      294
0000000000000001        1       192.168.0.3        3        3      294
0000000000000001        2       192.168.0.1        1        4      392
0000000000000001        3       192.168.0.1        1        4      392
discovery--->==================================== discovery ====================================
discovery---> cls: [(1, 2), (1, 3), (2, 3)]
discovery--->=============================================================================
==================================== link detector ====================================

----------------------------
src    dst :    delay
1 <---> 2 : 4.171848297119141
1 <---> 3 : 4.027605056762695
2 <---> 1 : 2.6061534881591797
2 <---> 3 : 4.919290542602539
3 <---> 2 : 4.103183746337891
3 <---> 1 : 4.182577133178711
==================================== link detector ====================================

----------------------------
src    dst :    delay
1 <---> 2 : 3.1125545501708984
1 <---> 3 : 4.0607452392578125
2 <---> 1 : 3.849029541015625
2 <---> 3 : 3.9169788360595703
3 <---> 2 : 3.7975311279296875
3 <---> 1 : 3.988027572631836
datapath         port     rx-pkts  rx-bytes rx-error tx-pkts  tx-bytes tx-error
---------------- -------- -------- -------- -------- -------- -------- --------
0000000000000001        1       10      868        0      893    69832        0
0000000000000001        2      915    57664        0      914    57604        0
0000000000000001        3      915    57664        0      914    57604        0
datapath         in-port  eth-dst           out-port packets  bytes
---------------- -------- ----------------- -------- -------- --------
0000000000000001        1       192.168.0.2        2        3      294
0000000000000001        1       192.168.0.3        3        3      294
0000000000000001        2       192.168.0.1        1        4      392
0000000000000001        3       192.168.0.1        1        4      392
datapath         port     rx-pkts  rx-bytes rx-error tx-pkts  tx-bytes tx-error
---------------- -------- -------- -------- -------- -------- -------- --------
0000000000000003        1       11      798        0      889    69498        0
0000000000000003        2      914    57604        0      915    57664        0
0000000000000003        3      912    57408        0      914    57528        0
datapath         in-port  eth-dst           out-port packets  bytes
---------------- -------- ----------------- -------- -------- --------
0000000000000003        1       192.168.0.1        2        4      392
0000000000000003        1       192.168.0.3        3        1       98
0000000000000003        2       192.168.0.2        1        4      392
0000000000000003        3       192.168.0.2        1        2      196
datapath         port     rx-pkts  rx-bytes rx-error tx-pkts  tx-bytes tx-error
---------------- -------- -------- -------- -------- -------- -------- --------
0000000000000002        1       10      756        0      889    69498        0
0000000000000002        2      914    57604        0      915    57664        0
0000000000000002        3      914    57528        0      912    57408        0
datapath         in-port  eth-dst           out-port packets  bytes
---------------- -------- ----------------- -------- -------- --------
0000000000000002        1       192.168.0.1        2        4      392
0000000000000002        1       192.168.0.2        3        2      196
0000000000000002        2       192.168.0.3        1        4      392
0000000000000002        3       192.168.0.3        1        2      196
discovery--->==================================== discovery ====================================
discovery---> cls: [(1, 2), (1, 3), (2, 3)]
discovery--->=============================================================================
==================================== link detector ====================================

----------------------------
src    dst :    delay
1 <---> 2 : 3.1588077545166016
1 <---> 3 : 5.886077880859375
2 <---> 1 : 2.623319625854492
2 <---> 3 : 4.218101501464844
3 <---> 2 : 3.041982650756836
3 <---> 1 : 4.050016403198242
==================================== link detector ====================================

----------------------------
src    dst :    delay
1 <---> 2 : 4.01616096496582
1 <---> 3 : 3.4835338592529297
2 <---> 1 : 2.6803016662597656
2 <---> 3 : 2.6543140411376953
3 <---> 2 : 4.164695739746094
3 <---> 1 : 3.1042098999023438
datapath         port     rx-pkts  rx-bytes rx-error tx-pkts  tx-bytes tx-error
---------------- -------- -------- -------- -------- -------- -------- --------
0000000000000002        1       10      756        0      895    69966        0
0000000000000002        2      920    57964        0      920    57964        0
0000000000000002        3      919    57828        0      918    57768        0
datapath         in-port  eth-dst           out-port packets  bytes
---------------- -------- ----------------- -------- -------- --------
0000000000000002        1       192.168.0.1        2        4      392
0000000000000002        1       192.168.0.2        3        2      196
0000000000000002        2       192.168.0.3        1        4      392
0000000000000002        3       192.168.0.3        1        2      196
datapath         port     rx-pkts  rx-bytes rx-error tx-pkts  tx-bytes tx-error
---------------- -------- -------- -------- -------- -------- -------- --------
0000000000000003        1       11      798        0      894    69888        0
0000000000000003        2      920    57964        0      920    57964        0
0000000000000003        3      918    57768        0      919    57828        0
datapath         in-port  eth-dst           out-port packets  bytes
---------------- -------- ----------------- -------- -------- --------
0000000000000003        1       192.168.0.1        2        4      392
0000000000000003        1       192.168.0.3        3        1       98
0000000000000003        2       192.168.0.2        1        4      392
0000000000000003        3       192.168.0.2        1        2      196
datapath         port     rx-pkts  rx-bytes rx-error tx-pkts  tx-bytes tx-error
---------------- -------- -------- -------- -------- -------- -------- --------
0000000000000001        1       10      868        0      899    70300        0
0000000000000001        2      920    57964        0      920    57964        0
0000000000000001        3      920    57964        0      920    57964        0
datapath         in-port  eth-dst           out-port packets  bytes
---------------- -------- ----------------- -------- -------- --------
0000000000000001        1       192.168.0.2        2        3      294
0000000000000001        1       192.168.0.3        3        3      294
0000000000000001        2       192.168.0.1        1        4      392
0000000000000001        3       192.168.0.1        1        4      392
discovery--->==================================== discovery ====================================
discovery---> cls: [(1, 2), (1, 3), (2, 3)]
discovery--->=============================================================================
==================================== link detector ====================================

----------------------------
src    dst :    delay
1 <---> 2 : 2.1181106567382812
1 <---> 3 : 2.229928970336914
2 <---> 1 : 2.1462440490722656
2 <---> 3 : 2.2678375244140625
3 <---> 2 : 2.2759437561035156
3 <---> 1 : 2.3202896118164062
datapath         port     rx-pkts  rx-bytes rx-error tx-pkts  tx-bytes tx-error
---------------- -------- -------- -------- -------- -------- -------- --------
0000000000000002        1       10      756        0      900    70356        0
0000000000000002        2      925    58264        0      926    58324        0
0000000000000002        3      925    58188        0      923    58068        0
datapath         in-port  eth-dst           out-port packets  bytes
---------------- -------- ----------------- -------- -------- --------
0000000000000002        1       192.168.0.1        2        4      392
0000000000000002        1       192.168.0.2        3        2      196
0000000000000002        2       192.168.0.3        1        4      392
0000000000000002        3       192.168.0.3        1        2      196
datapath         port     rx-pkts  rx-bytes rx-error tx-pkts  tx-bytes tx-error
---------------- -------- -------- -------- -------- -------- -------- --------
0000000000000003        1       11      798        0      900    70356        0
0000000000000003        2      925    58264        0      926    58324        0
0000000000000003        3      923    58068        0      925    58188        0
datapath         in-port  eth-dst           out-port packets  bytes
---------------- -------- ----------------- -------- -------- --------
0000000000000003        1       192.168.0.1        2        4      392
0000000000000003        1       192.168.0.3        3        1       98
0000000000000003        2       192.168.0.2        1        4      392
0000000000000003        3       192.168.0.2        1        2      196
datapath         port     rx-pkts  rx-bytes rx-error tx-pkts  tx-bytes tx-error
---------------- -------- -------- -------- -------- -------- -------- --------
0000000000000001        1       10      868        0      904    70690        0
0000000000000001        2      926    58324        0      925    58264        0
0000000000000001        3      926    58324        0      925    58264        0
datapath         in-port  eth-dst           out-port packets  bytes
---------------- -------- ----------------- -------- -------- --------
0000000000000001        1       192.168.0.2        2        3      294
0000000000000001        1       192.168.0.3        3        3      294
0000000000000001        2       192.168.0.1        1        4      392
0000000000000001        3       192.168.0.1        1        4      392
discovery--->==================================== discovery ====================================
discovery---> cls: [(1, 2), (1, 3), (2, 3)]
discovery--->=============================================================================
==================================== link detector ====================================

----------------------------
src    dst :    delay
1 <---> 2 : 3.2393932342529297
1 <---> 3 : 4.134178161621094
2 <---> 1 : 3.688812255859375
2 <---> 3 : 3.2286643981933594
3 <---> 2 : 3.119230270385742
3 <---> 1 : 3.6966800689697266
==================================== link detector ====================================

----------------------------
src    dst :    delay
1 <---> 2 : 3.925800323486328
1 <---> 3 : 4.160642623901367
2 <---> 1 : 2.692699432373047
2 <---> 3 : 3.304719924926758
3 <---> 2 : 4.175662994384766
3 <---> 1 : 4.228353500366211
datapath         port     rx-pkts  rx-bytes rx-error tx-pkts  tx-bytes tx-error
---------------- -------- -------- -------- -------- -------- -------- --------
0000000000000001        1       10      868        0      910    71158        0
0000000000000001        2      932    58684        0      931    58624        0
0000000000000001        3      931    58624        0      931    58624        0
datapath         in-port  eth-dst           out-port packets  bytes
---------------- -------- ----------------- -------- -------- --------
0000000000000001        1       192.168.0.2        2        3      294
0000000000000001        1       192.168.0.3        3        3      294
0000000000000001        2       192.168.0.1        1        4      392
0000000000000001        3       192.168.0.1        1        4      392
datapath         port     rx-pkts  rx-bytes rx-error tx-pkts  tx-bytes tx-error
---------------- -------- -------- -------- -------- -------- -------- --------
0000000000000002        1       10      756        0      906    70824        0
0000000000000002        2      931    58624        0      931    58624        0
0000000000000002        3      930    58488        0      929    58428        0
datapath         in-port  eth-dst           out-port packets  bytes
---------------- -------- ----------------- -------- -------- --------
0000000000000002        1       192.168.0.1        2        4      392
0000000000000002        1       192.168.0.2        3        2      196
0000000000000002        2       192.168.0.3        1        4      392
0000000000000002        3       192.168.0.3        1        2      196
datapath         port     rx-pkts  rx-bytes rx-error tx-pkts  tx-bytes tx-error
---------------- -------- -------- -------- -------- -------- -------- --------
0000000000000003        1       11      798        0      906    70824        0
0000000000000003        2      931    58624        0      932    58684        0
0000000000000003        3      929    58428        0      930    58488        0
datapath         in-port  eth-dst           out-port packets  bytes
---------------- -------- ----------------- -------- -------- --------
0000000000000003        1       192.168.0.1        2        4      392
0000000000000003        1       192.168.0.3        3        1       98
0000000000000003        2       192.168.0.2        1        4      392
0000000000000003        3       192.168.0.2        1        2      196
discovery--->==================================== discovery ====================================
discovery---> cls: [(1, 2), (1, 3), (2, 3)]
discovery--->=============================================================================
==================================== link detector ====================================

----------------------------
src    dst :    delay
1 <---> 2 : 3.0879974365234375
1 <---> 3 : 3.201723098754883
2 <---> 1 : 2.9494762420654297
2 <---> 3 : 3.1151771545410156
3 <---> 2 : 3.9854049682617188
3 <---> 1 : 3.9005279541015625
datapath         port     rx-pkts  rx-bytes rx-error tx-pkts  tx-bytes tx-error
---------------- -------- -------- -------- -------- -------- -------- --------
0000000000000002        1       10      756        0      911    71214        0
0000000000000002        2      936    58924        0      937    58984        0
0000000000000002        3      936    58848        0      934    58728        0
datapath         in-port  eth-dst           out-port packets  bytes
---------------- -------- ----------------- -------- -------- --------
0000000000000002        1       192.168.0.1        2        4      392
0000000000000002        1       192.168.0.2        3        2      196
0000000000000002        2       192.168.0.3        1        4      392
0000000000000002        3       192.168.0.3        1        2      196
datapath         port     rx-pkts  rx-bytes rx-error tx-pkts  tx-bytes tx-error
---------------- -------- -------- -------- -------- -------- -------- --------
0000000000000001        1       10      868        0      915    71548        0
0000000000000001        2      937    58984        0      936    58924        0
0000000000000001        3      937    58984        0      936    58924        0
datapath         in-port  eth-dst           out-port packets  bytes
---------------- -------- ----------------- -------- -------- --------
0000000000000001        1       192.168.0.2        2        3      294
0000000000000001        1       192.168.0.3        3        3      294
0000000000000001        2       192.168.0.1        1        4      392
0000000000000001        3       192.168.0.1        1        4      392
datapath         port     rx-pkts  rx-bytes rx-error tx-pkts  tx-bytes tx-error
---------------- -------- -------- -------- -------- -------- -------- --------
0000000000000003        1       11      798        0      911    71214        0
0000000000000003        2      936    58924        0      937    58984        0
0000000000000003        3      934    58728        0      936    58848        0
datapath         in-port  eth-dst           out-port packets  bytes
---------------- -------- ----------------- -------- -------- --------
0000000000000003        1       192.168.0.1        2        4      392
0000000000000003        1       192.168.0.3        3        1       98
0000000000000003        2       192.168.0.2        1        4      392
0000000000000003        3       192.168.0.2        1        2      196
discovery--->==================================== discovery ====================================
discovery---> cls: [(1, 2), (1, 3), (2, 3)]
discovery--->=============================================================================
==================================== link detector ====================================

----------------------------
src    dst :    delay
1 <---> 2 : 2.2759437561035156
1 <---> 3 : 2.349853515625
2 <---> 1 : 2.1195411682128906
2 <---> 3 : 2.259492874145508
3 <---> 2 : 2.292633056640625
3 <---> 1 : 2.2284984588623047
==================================== link detector ====================================

----------------------------
src    dst :    delay
1 <---> 2 : 2.2923946380615234
1 <---> 3 : 2.8481483459472656
2 <---> 1 : 2.493143081665039
2 <---> 3 : 3.335237503051758
3 <---> 2 : 2.1157264709472656
3 <---> 1 : 2.905607223510742
datapath         port     rx-pkts  rx-bytes rx-error tx-pkts  tx-bytes tx-error
---------------- -------- -------- -------- -------- -------- -------- --------
0000000000000002        1       10      756        0      917    71682        0
0000000000000002        2      942    59284        0      943    59344        0
0000000000000002        3      942    59208        0      940    59088        0
datapath         in-port  eth-dst           out-port packets  bytes
---------------- -------- ----------------- -------- -------- --------
0000000000000002        1       192.168.0.1        2        4      392
0000000000000002        1       192.168.0.2        3        2      196
0000000000000002        2       192.168.0.3        1        4      392
0000000000000002        3       192.168.0.3        1        2      196
datapath         port     rx-pkts  rx-bytes rx-error tx-pkts  tx-bytes tx-error
---------------- -------- -------- -------- -------- -------- -------- --------
0000000000000003        1       11      798        0      917    71682        0
0000000000000003        2      942    59284        0      943    59344        0
0000000000000003        3      940    59088        0      942    59208        0
datapath         in-port  eth-dst           out-port packets  bytes
---------------- -------- ----------------- -------- -------- --------
0000000000000003        1       192.168.0.1        2        4      392
0000000000000003        1       192.168.0.3        3        1       98
0000000000000003        2       192.168.0.2        1        4      392
0000000000000003        3       192.168.0.2        1        2      196
datapath         port     rx-pkts  rx-bytes rx-error tx-pkts  tx-bytes tx-error
---------------- -------- -------- -------- -------- -------- -------- --------
0000000000000001        1       10      868        0      921    72016        0
0000000000000001        2      943    59344        0      942    59284        0
0000000000000001        3      943    59344        0      942    59284        0
datapath         in-port  eth-dst           out-port packets  bytes
---------------- -------- ----------------- -------- -------- --------
0000000000000001        1       192.168.0.2        2        3      294
0000000000000001        1       192.168.0.3        3        3      294
0000000000000001        2       192.168.0.1        1        4      392
0000000000000001        3       192.168.0.1        1        4      392
discovery--->==================================== discovery ====================================
discovery---> cls: [(1, 2), (1, 3), (2, 3)]
discovery--->=============================================================================
==================================== link detector ====================================

----------------------------
src    dst :    delay
1 <---> 2 : 3.0846595764160156
1 <---> 3 : 4.28009033203125
2 <---> 1 : 3.6101341247558594
2 <---> 3 : 4.215240478515625
3 <---> 2 : 2.9027462005615234
3 <---> 1 : 3.4127235412597656
==================================== link detector ====================================

----------------------------
src    dst :    delay
1 <---> 2 : 3.990650177001953
1 <---> 3 : 2.6166439056396484
2 <---> 1 : 3.679037094116211
2 <---> 3 : 3.6993026733398438
3 <---> 2 : 3.7343502044677734
3 <---> 1 : 3.034353256225586
datapath         port     rx-pkts  rx-bytes rx-error tx-pkts  tx-bytes tx-error
---------------- -------- -------- -------- -------- -------- -------- --------
0000000000000002        1       10      756        0      922    72072        0
0000000000000002        2      948    59644        0      948    59644        0
0000000000000002        3      947    59508        0      945    59388        0
datapath         in-port  eth-dst           out-port packets  bytes
---------------- -------- ----------------- -------- -------- --------
0000000000000002        1       192.168.0.1        2        4      392
0000000000000002        1       192.168.0.2        3        2      196
0000000000000002        2       192.168.0.3        1        4      392
0000000000000002        3       192.168.0.3        1        2      196
datapath         port     rx-pkts  rx-bytes rx-error tx-pkts  tx-bytes tx-error
---------------- -------- -------- -------- -------- -------- -------- --------
0000000000000001        1       10      868        0      926    72406        0
0000000000000001        2      948    59644        0      948    59644        0
0000000000000001        3      948    59644        0      948    59644        0
datapath         in-port  eth-dst           out-port packets  bytes
---------------- -------- ----------------- -------- -------- --------
0000000000000001        1       192.168.0.2        2        3      294
0000000000000001        1       192.168.0.3        3        3      294
0000000000000001        2       192.168.0.1        1        4      392
0000000000000001        3       192.168.0.1        1        4      392
datapath         port     rx-pkts  rx-bytes rx-error tx-pkts  tx-bytes tx-error
---------------- -------- -------- -------- -------- -------- -------- --------
0000000000000003        1       11      798        0      922    72072        0
0000000000000003        2      948    59644        0      948    59644        0
0000000000000003        3      945    59388        0      947    59508        0
datapath         in-port  eth-dst           out-port packets  bytes
---------------- -------- ----------------- -------- -------- --------
0000000000000003        1       192.168.0.1        2        4      392
0000000000000003        1       192.168.0.3        3        1       98
0000000000000003        2       192.168.0.2        1        4      392
0000000000000003        3       192.168.0.2        1        2      196
discovery--->==================================== discovery ====================================
discovery---> cls: [(1, 2), (1, 3), (2, 3)]
discovery--->=============================================================================
==================================== link detector ====================================

----------------------------
src    dst :    delay
1 <---> 2 : 3.942728042602539
1 <---> 3 : 4.313468933105469
2 <---> 1 : 4.151105880737305
2 <---> 3 : 3.330707550048828
3 <---> 2 : 4.043340682983398
3 <---> 1 : 3.0128955841064453
datapath         port     rx-pkts  rx-bytes rx-error tx-pkts  tx-bytes tx-error
---------------- -------- -------- -------- -------- -------- -------- --------
0000000000000002        1       10      756        0      928    72540        0
0000000000000002        2      953    59944        0      954    60004        0
0000000000000002        3      953    59868        0      951    59748        0
datapath         in-port  eth-dst           out-port packets  bytes
---------------- -------- ----------------- -------- -------- --------
0000000000000002        1       192.168.0.1        2        4      392
0000000000000002        1       192.168.0.2        3        2      196
0000000000000002        2       192.168.0.3        1        4      392
0000000000000002        3       192.168.0.3        1        2      196
datapath         port     rx-pkts  rx-bytes rx-error tx-pkts  tx-bytes tx-error
---------------- -------- -------- -------- -------- -------- -------- --------
0000000000000001        1       10      868        0      932    72874        0
0000000000000001        2      954    60004        0      953    59944        0
0000000000000001        3      954    60004        0      953    59944        0
datapath         in-port  eth-dst           out-port packets  bytes
---------------- -------- ----------------- -------- -------- --------
0000000000000001        1       192.168.0.2        2        3      294
0000000000000001        1       192.168.0.3        3        3      294
0000000000000001        2       192.168.0.1        1        4      392
0000000000000001        3       192.168.0.1        1        4      392
datapath         port     rx-pkts  rx-bytes rx-error tx-pkts  tx-bytes tx-error
---------------- -------- -------- -------- -------- -------- -------- --------
0000000000000003        1       11      798        0      928    72540        0
0000000000000003        2      953    59944        0      954    60004        0
0000000000000003        3      951    59748        0      953    59868        0
datapath         in-port  eth-dst           out-port packets  bytes
---------------- -------- ----------------- -------- -------- --------
0000000000000003        1       192.168.0.1        2        4      392
0000000000000003        1       192.168.0.3        3        1       98
0000000000000003        2       192.168.0.2        1        4      392
0000000000000003        3       192.168.0.2        1        2      196
discovery--->==================================== discovery ====================================
discovery---> cls: [(1, 2), (1, 3), (2, 3)]
discovery--->=============================================================================
==================================== link detector ====================================

----------------------------
src    dst :    delay
1 <---> 2 : 2.907276153564453
1 <---> 3 : 3.5202503204345703
2 <---> 1 : 2.463817596435547
2 <---> 3 : 3.031015396118164
3 <---> 2 : 4.036188125610352
3 <---> 1 : 4.302501678466797
==================================== link detector ====================================

----------------------------
src    dst :    delay
1 <---> 2 : 3.226757049560547
1 <---> 3 : 3.7899017333984375
2 <---> 1 : 2.199411392211914
2 <---> 3 : 3.5698413848876953
3 <---> 2 : 4.264354705810547
3 <---> 1 : 2.164602279663086
datapath         port     rx-pkts  rx-bytes rx-error tx-pkts  tx-bytes tx-error
---------------- -------- -------- -------- -------- -------- -------- --------
0000000000000002        1       10      756        0      933    72930        0
0000000000000002        2      959    60304        0      959    60304        0
0000000000000002        3      958    60168        0      956    60048        0
datapath         in-port  eth-dst           out-port packets  bytes
---------------- -------- ----------------- -------- -------- --------
0000000000000002        1       192.168.0.1        2        4      392
0000000000000002        1       192.168.0.2        3        2      196
0000000000000002        2       192.168.0.3        1        4      392
0000000000000002        3       192.168.0.3        1        2      196
datapath         port     rx-pkts  rx-bytes rx-error tx-pkts  tx-bytes tx-error
---------------- -------- -------- -------- -------- -------- -------- --------
0000000000000003        1       11      798        0      933    72930        0
0000000000000003        2      959    60304        0      959    60304        0
0000000000000003        3      956    60048        0      958    60168        0
datapath         in-port  eth-dst           out-port packets  bytes
---------------- -------- ----------------- -------- -------- --------
0000000000000003        1       192.168.0.1        2        4      392
0000000000000003        1       192.168.0.3        3        1       98
0000000000000003        2       192.168.0.2        1        4      392
0000000000000003        3       192.168.0.2        1        2      196
datapath         port     rx-pkts  rx-bytes rx-error tx-pkts  tx-bytes tx-error
---------------- -------- -------- -------- -------- -------- -------- --------
0000000000000001        1       10      868        0      938    73342        0
0000000000000001        2      959    60304        0      959    60304        0
0000000000000001        3      959    60304        0      959    60304        0
datapath         in-port  eth-dst           out-port packets  bytes
---------------- -------- ----------------- -------- -------- --------
0000000000000001        1       192.168.0.2        2        3      294
0000000000000001        1       192.168.0.3        3        3      294
0000000000000001        2       192.168.0.1        1        4      392
0000000000000001        3       192.168.0.1        1        4      392
discovery--->==================================== discovery ====================================
discovery---> cls: [(1, 2), (1, 3), (2, 3)]
discovery--->=============================================================================
==================================== link detector ====================================

----------------------------
src    dst :    delay
1 <---> 2 : 3.71551513671875
1 <---> 3 : 2.2864341735839844
2 <---> 1 : 2.3109912872314453
2 <---> 3 : 2.343893051147461
3 <---> 2 : 2.1948814392089844
3 <---> 1 : 2.1131038665771484
datapath         port     rx-pkts  rx-bytes rx-error tx-pkts  tx-bytes tx-error
---------------- -------- -------- -------- -------- -------- -------- --------
0000000000000002        1       10      756        0      939    73398        0
0000000000000002        2      964    60604        0      965    60664        0
0000000000000002        3      964    60528        0      962    60408        0
datapath         in-port  eth-dst           out-port packets  bytes
---------------- -------- ----------------- -------- -------- --------
0000000000000002        1       192.168.0.1        2        4      392
0000000000000002        1       192.168.0.2        3        2      196
0000000000000002        2       192.168.0.3        1        4      392
0000000000000002        3       192.168.0.3        1        2      196
datapath         port     rx-pkts  rx-bytes rx-error tx-pkts  tx-bytes tx-error
---------------- -------- -------- -------- -------- -------- -------- --------
0000000000000003        1       11      798        0      939    73398        0
0000000000000003        2      964    60604        0      965    60664        0
0000000000000003        3      962    60408        0      964    60528        0
datapath         in-port  eth-dst           out-port packets  bytes
---------------- -------- ----------------- -------- -------- --------
0000000000000003        1       192.168.0.1        2        4      392
0000000000000003        1       192.168.0.3        3        1       98
0000000000000003        2       192.168.0.2        1        4      392
0000000000000003        3       192.168.0.2        1        2      196
datapath         port     rx-pkts  rx-bytes rx-error tx-pkts  tx-bytes tx-error
---------------- -------- -------- -------- -------- -------- -------- --------
0000000000000001        1       10      868        0      943    73732        0
0000000000000001        2      965    60664        0      964    60604        0
0000000000000001        3      965    60664        0      964    60604        0
datapath         in-port  eth-dst           out-port packets  bytes
---------------- -------- ----------------- -------- -------- --------
0000000000000001        1       192.168.0.2        2        3      294
0000000000000001        1       192.168.0.3        3        3      294
0000000000000001        2       192.168.0.1        1        4      392
0000000000000001        3       192.168.0.1        1        4      392
discovery--->==================================== discovery ====================================
discovery---> cls: [(1, 2), (1, 3), (2, 3)]
discovery--->=============================================================================
==================================== link detector ====================================

----------------------------
src    dst :    delay
1 <---> 2 : 3.2923221588134766
1 <---> 3 : 3.7288665771484375
2 <---> 1 : 3.009319305419922
2 <---> 3 : 3.2508373260498047
3 <---> 2 : 2.9370784759521484
3 <---> 1 : 3.8039684295654297
==================================== link detector ====================================

----------------------------
src    dst :    delay
1 <---> 2 : 2.924680709838867
1 <---> 3 : 2.4483203887939453
2 <---> 1 : 2.589702606201172
2 <---> 3 : 2.562284469604492
3 <---> 2 : 4.143714904785156
3 <---> 1 : 4.120826721191406
datapath         port     rx-pkts  rx-bytes rx-error tx-pkts  tx-bytes tx-error
---------------- -------- -------- -------- -------- -------- -------- --------
0000000000000002        1       10      756        0      945    73866        0
0000000000000002        2      970    60964        0      970    60964        0
0000000000000002        3      969    60828        0      968    60768        0
datapath         in-port  eth-dst           out-port packets  bytes
---------------- -------- ----------------- -------- -------- --------
0000000000000002        1       192.168.0.1        2        4      392
0000000000000002        1       192.168.0.2        3        2      196
0000000000000002        2       192.168.0.3        1        4      392
0000000000000002        3       192.168.0.3        1        2      196
datapath         port     rx-pkts  rx-bytes rx-error tx-pkts  tx-bytes tx-error
---------------- -------- -------- -------- -------- -------- -------- --------
0000000000000003        1       11      798        0      944    73788        0
0000000000000003        2      970    60964        0      970    60964        0
0000000000000003        3      968    60768        0      969    60828        0
datapath         in-port  eth-dst           out-port packets  bytes
---------------- -------- ----------------- -------- -------- --------
0000000000000003        1       192.168.0.1        2        4      392
0000000000000003        1       192.168.0.3        3        1       98
0000000000000003        2       192.168.0.2        1        4      392
0000000000000003        3       192.168.0.2        1        2      196
datapath         port     rx-pkts  rx-bytes rx-error tx-pkts  tx-bytes tx-error
---------------- -------- -------- -------- -------- -------- -------- --------
0000000000000001        1       10      868        0      949    74200        0
0000000000000001        2      970    60964        0      970    60964        0
0000000000000001        3      970    60964        0      970    60964        0
datapath         in-port  eth-dst           out-port packets  bytes
---------------- -------- ----------------- -------- -------- --------
0000000000000001        1       192.168.0.2        2        3      294
0000000000000001        1       192.168.0.3        3        3      294
0000000000000001        2       192.168.0.1        1        4      392
0000000000000001        3       192.168.0.1        1        4      392
discovery--->==================================== discovery ====================================
discovery---> cls: [(1, 2), (1, 3), (2, 3)]
discovery--->=============================================================================
==================================== link detector ====================================

----------------------------
src    dst :    delay
1 <---> 2 : 2.643585205078125
1 <---> 3 : 3.000020980834961
2 <---> 1 : 4.044294357299805
2 <---> 3 : 3.2672882080078125
3 <---> 2 : 3.415346145629883
3 <---> 1 : 4.020214080810547
datapath         port     rx-pkts  rx-bytes rx-error tx-pkts  tx-bytes tx-error
---------------- -------- -------- -------- -------- -------- -------- --------
0000000000000002        1       10      756        0      950    74256        0
0000000000000002        2      975    61264        0      976    61324        0
0000000000000002        3      975    61188        0      973    61068        0
datapath         in-port  eth-dst           out-port packets  bytes
---------------- -------- ----------------- -------- -------- --------
0000000000000002        1       192.168.0.1        2        4      392
0000000000000002        1       192.168.0.2        3        2      196
0000000000000002        2       192.168.0.3        1        4      392
0000000000000002        3       192.168.0.3        1        2      196
datapath         port     rx-pkts  rx-bytes rx-error tx-pkts  tx-bytes tx-error
---------------- -------- -------- -------- -------- -------- -------- --------
0000000000000001        1       10      868        0      954    74590        0
0000000000000001        2      976    61324        0      975    61264        0
0000000000000001        3      976    61324        0      975    61264        0
datapath         in-port  eth-dst           out-port packets  bytes
---------------- -------- ----------------- -------- -------- --------
0000000000000001        1       192.168.0.2        2        3      294
0000000000000001        1       192.168.0.3        3        3      294
0000000000000001        2       192.168.0.1        1        4      392
0000000000000001        3       192.168.0.1        1        4      392
datapath         port     rx-pkts  rx-bytes rx-error tx-pkts  tx-bytes tx-error
---------------- -------- -------- -------- -------- -------- -------- --------
0000000000000003        1       11      798        0      950    74256        0
0000000000000003        2      975    61264        0      976    61324        0
0000000000000003        3      973    61068        0      975    61188        0
datapath         in-port  eth-dst           out-port packets  bytes
---------------- -------- ----------------- -------- -------- --------
0000000000000003        1       192.168.0.1        2        4      392
0000000000000003        1       192.168.0.3        3        1       98
0000000000000003        2       192.168.0.2        1        4      392
0000000000000003        3       192.168.0.2        1        2      196
discovery--->==================================== discovery ====================================
discovery---> cls: [(1, 2), (1, 3), (2, 3)]
discovery--->=============================================================================
==================================== link detector ====================================

----------------------------
src    dst :    delay
1 <---> 2 : 3.01361083984375
1 <---> 3 : 4.073619842529297
2 <---> 1 : 4.044294357299805
2 <---> 3 : 4.113197326660156
3 <---> 2 : 2.244234085083008
3 <---> 1 : 4.137516021728516
==================================== link detector ====================================

----------------------------
src    dst :    delay
1 <---> 2 : 2.2928714752197266
1 <---> 3 : 2.8917789459228516
2 <---> 1 : 2.449512481689453
2 <---> 3 : 4.178762435913086
3 <---> 2 : 3.3409595489501953
3 <---> 1 : 4.050970077514648
datapath         port     rx-pkts  rx-bytes rx-error tx-pkts  tx-bytes tx-error
---------------- -------- -------- -------- -------- -------- -------- --------
0000000000000001        1       10      868        0      960    75058        0
0000000000000001        2      981    61624        0      981    61624        0
0000000000000001        3      981    61624        0      981    61624        0
datapath         in-port  eth-dst           out-port packets  bytes
---------------- -------- ----------------- -------- -------- --------
0000000000000001        1       192.168.0.2        2        3      294
0000000000000001        1       192.168.0.3        3        3      294
0000000000000001        2       192.168.0.1        1        4      392
0000000000000001        3       192.168.0.1        1        4      392
datapath         port     rx-pkts  rx-bytes rx-error tx-pkts  tx-bytes tx-error
---------------- -------- -------- -------- -------- -------- -------- --------
0000000000000002        1       10      756        0      956    74724        0
0000000000000002        2      981    61624        0      981    61624        0
0000000000000002        3      980    61488        0      979    61428        0
datapath         in-port  eth-dst           out-port packets  bytes
---------------- -------- ----------------- -------- -------- --------
0000000000000002        1       192.168.0.1        2        4      392
0000000000000002        1       192.168.0.2        3        2      196
0000000000000002        2       192.168.0.3        1        4      392
0000000000000002        3       192.168.0.3        1        2      196
datapath         port     rx-pkts  rx-bytes rx-error tx-pkts  tx-bytes tx-error
---------------- -------- -------- -------- -------- -------- -------- --------
0000000000000003        1       11      798        0      956    74724        0
0000000000000003        2      981    61624        0      981    61624        0
0000000000000003        3      979    61428        0      980    61488        0
datapath         in-port  eth-dst           out-port packets  bytes
---------------- -------- ----------------- -------- -------- --------
0000000000000003        1       192.168.0.1        2        4      392
0000000000000003        1       192.168.0.3        3        1       98
0000000000000003        2       192.168.0.2        1        4      392
0000000000000003        3       192.168.0.2        1        2      196
discovery--->==================================== discovery ====================================
discovery---> cls: [(1, 2), (1, 3), (2, 3)]
discovery--->=============================================================================
==================================== link detector ====================================

----------------------------
src    dst :    delay
1 <---> 2 : 3.0858516693115234
1 <---> 3 : 4.044771194458008
2 <---> 1 : 3.8750171661376953
2 <---> 3 : 4.113435745239258
3 <---> 2 : 2.7666091918945312
3 <---> 1 : 3.982067108154297
